Query Name,Sample Seed,Conditions,Plan Hashes
10a,209053258454656,estimated | true,1718403736 | -1532910689
10a,209053258454657,estimated | true,1718403736 | -1532910689
10a,209053258454658,estimated | true,1718403736 | -1532910689
10a,209053258454659,estimated | true,1718403736 | -1532910689
10a,209053258454660,estimated | true,1718403736 | -1532910689
10a,209053258454662,estimated | true,1718403736 | -1532910689
10a,209053258454663,estimated | true,1718403736 | -1532910689
10a,209053258454696,estimated | true,1718403736 | -1532910689
10a,209053258454697,estimated | true,1718403736 | -1532910689
10a,209053258454699,estimated | true,1718403736 | -1532910689
10a,209053258454700,estimated | true,1718403736 | -1532910689
10a,209053258454701,estimated | true,1718403736 | -1532910689
10a,209053258454702,estimated | true,1718403736 | -1532910689
10a,209053258454703,estimated | true,1718403736 | -1532910689
10a,209053258454704,estimated | true,1718403736 | -1532910689
10a,209053258454705,estimated | true,1718403736 | -1532910689
10a,209053258454706,estimated | true,1718403736 | -1532910689
10a,209053258454707,estimated | true,1718403736 | -1532910689
10a,209053258454708,estimated | true,1718403736 | -1532910689
10a,209053258454709,estimated | true,1718403736 | -1532910689
10a,209053258454710,estimated | true,1718403736 | -1532910689
10a,209053258454711,estimated | true,1718403736 | -1532910689
10a,209053258454712,estimated | true,1718403736 | -1532910689
10a,209053258454713,estimated | true,1718403736 | -1532910689
10a,209053258454714,estimated | true,1718403736 | -1532910689
10a,209053258454715,estimated | true,1718403736 | -1532910689
10a,209053258454716,estimated | true,1718403736 | -1532910689
10a,209053258454717,estimated | true,1718403736 | -1532910689
10a,209053258454718,estimated | true,1718403736 | -1532910689
10a,209053258454719,estimated | true,1718403736 | -1532910689
10b,209057553421952,estimated | true,1718403736 | -1532910689
10b,209057553421953,estimated | true,1718403736 | -1532910689
10b,209057553421954,estimated | true,1718403736 | -1532910689
10b,209057553421955,estimated | true,1718403736 | -1532910689
10b,209057553421957,estimated | true,1718403736 | -1532910689
10b,209057553421958,estimated | true,1718403736 | -1532910689
10b,209057553421959,estimated | true,1718403736 | -1532910689
10b,209057553421992,estimated | true,1718403736 | -1532910689
10b,209057553421993,estimated | true,1718403736 | -1532910689
10b,209057553421994,estimated | true,1718403736 | -1532910689
10b,209057553421996,estimated | true,1718403736 | -1532910689
10b,209057553421997,estimated | true,1718403736 | -1532910689
10b,209057553421998,estimated | true,1718403736 | -1532910689
10b,209057553421999,estimated | true,1718403736 | -1532910689
10b,209057553422000,estimated | true,1718403736 | -1532910689
10b,209057553422001,estimated | true,1718403736 | -1532910689
10b,209057553422002,estimated | true,1718403736 | -1532910689
10b,209057553422003,estimated | true,1718403736 | -1532910689
10b,209057553422004,estimated | true,1718403736 | -1532910689
10b,209057553422005,estimated | true,1718403736 | -1532910689
10b,209057553422006,estimated | true,1718403736 | -1532910689
10b,209057553422007,estimated | true,1718403736 | -1532910689
10b,209057553422008,estimated | true,1718403736 | -1532910689
10b,209057553422009,estimated | true,1718403736 | -1532910689
10b,209057553422010,estimated | true,1718403736 | -1532910689
10b,209057553422011,estimated | true,1718403736 | -1532910689
10b,209057553422012,estimated | true,1718403736 | -1532910689
10b,209057553422013,estimated | true,1718403736 | -1532910689
10b,209057553422014,estimated | true,1718403736 | -1532910689
10b,209057553422015,estimated | true,1718403736 | -1532910689
10c,209061848389248,estimated | true,1698543765 | -818686801
10c,209061848389249,estimated | true,1698543765 | -818686801
10c,209061848389250,estimated | true,1698543765 | -818686801
10c,209061848389252,estimated | true,1698543765 | -818686801
10c,209061848389253,estimated | true,1698543765 | -818686801
10c,209061848389254,estimated | true,1698543765 | -818686801
10c,209061848389255,estimated | true,1698543765 | -818686801
10c,209061848389288,estimated | true,1698543765 | -818686801
10c,209061848389289,estimated | true,1698543765 | -818686801
10c,209061848389290,estimated | true,1698543765 | -818686801
10c,209061848389291,estimated | true,1698543765 | -818686801
10c,209061848389293,estimated | true,1698543765 | -818686801
10c,209061848389294,estimated | true,1698543765 | -818686801
10c,209061848389295,estimated | true,1698543765 | -818686801
10c,209061848389296,estimated | true,1698543765 | -818686801
10c,209061848389297,estimated | true,1698543765 | -818686801
10c,209061848389298,estimated | true,1698543765 | -818686801
10c,209061848389299,estimated | true,1698543765 | -818686801
10c,209061848389300,estimated | true,1698543765 | -818686801
10c,209061848389301,estimated | true,1698543765 | -818686801
10c,209061848389302,estimated | true,1698543765 | -818686801
10c,209061848389303,estimated | true,1698543765 | -818686801
10c,209061848389304,estimated | true,1698543765 | -818686801
10c,209061848389305,estimated | true,1698543765 | -818686801
10c,209061848389306,estimated | true,1698543765 | -818686801
10c,209061848389307,estimated | true,1698543765 | -818686801
10c,209061848389308,estimated | true,1698543765 | -818686801
10c,209061848389309,estimated | true,1698543765 | -818686801
10c,209061848389310,estimated | true,1698543765 | -818686801
10c,209061848389311,estimated | true,1698543765 | -818686801
11a,209186402440904,estimated | true,-1055439248 | 589123663
11a,209186402440906,estimated | true,-1055439248 | 589123663
11a,209186402440907,estimated | true,-1055439248 | 589123663
11a,209186402440908,estimated | true,-1055439248 | 589123663
11a,209186402440909,estimated | true,-1055439248 | 589123663
11a,209186402440910,estimated | true,-1055439248 | 589123663
11a,209186402440911,estimated | true,-1055439248 | 589123663
11a,209186402440912,estimated | true,-1055439248 | 589123663
11a,209186402440913,estimated | true,-1055439248 | 589123663
11a,209186402440914,estimated | true,-1055439248 | 589123663
11a,209186402440915,estimated | true,-1055439248 | 589123663
11a,209186402440916,estimated | true,-1055439248 | 589123663
11a,209186402440917,estimated | true,-1055439248 | 589123663
11a,209186402440918,estimated | true,-1055439248 | 589123663
11a,209186402440919,estimated | true,-1055439248 | 589123663
11a,209186402440920,estimated | true,-1055439248 | 589123663
11a,209186402440921,estimated | true,-1055439248 | 589123663
11a,209186402440922,estimated | true,-1055439248 | 589123663
11a,209186402440923,estimated | true,-1055439248 | 589123663
11a,209186402440924,estimated | true,-1055439248 | 589123663
11a,209186402440925,estimated | true,-1055439248 | 589123663
11a,209186402440926,estimated | true,-1055439248 | 589123663
11a,209186402440927,estimated | true,-1055439248 | 589123663
11a,209186402440928,estimated | true,-1055439248 | 589123663
11a,209186402440929,estimated | true,-1055439248 | 589123663
11a,209186402440930,estimated | true,-1055439248 | 589123663
11a,209186402440931,estimated | true,-1055439248 | 589123663
11a,209186402440932,estimated | true,-1055439248 | 589123663
11a,209186402440933,estimated | true,-1055439248 | 589123663
11a,209186402440935,estimated | true,-1055439248 | 589123663
11b,209190697408200,estimated | true,898037380 | -1153490287
11b,209190697408201,estimated | true,898037380 | -1153490287
11b,209190697408203,estimated | true,898037380 | -1153490287
11b,209190697408204,estimated | true,898037380 | -1153490287
11b,209190697408205,estimated | true,898037380 | -1153490287
11b,209190697408206,estimated | true,898037380 | -1153490287
11b,209190697408207,estimated | true,898037380 | -1153490287
11b,209190697408208,estimated | true,898037380 | -1153490287
11b,209190697408209,estimated | true,898037380 | -1153490287
11b,209190697408210,estimated | true,898037380 | -1153490287
11b,209190697408211,estimated | true,898037380 | -1153490287
11b,209190697408212,estimated | true,898037380 | -1153490287
11b,209190697408213,estimated | true,898037380 | -1153490287
11b,209190697408214,estimated | true,898037380 | -1153490287
11b,209190697408215,estimated | true,898037380 | -1153490287
11b,209190697408216,estimated | true,898037380 | -1153490287
11b,209190697408217,estimated | true,898037380 | -1153490287
11b,209190697408218,estimated | true,898037380 | -1153490287
11b,209190697408219,estimated | true,898037380 | -1153490287
11b,209190697408220,estimated | true,898037380 | -1153490287
11b,209190697408221,estimated | true,898037380 | -1153490287
11b,209190697408222,estimated | true,898037380 | -1153490287
11b,209190697408223,estimated | true,898037380 | -1153490287
11b,209190697408224,estimated | true,898037380 | -1153490287
11b,209190697408225,estimated | true,898037380 | -1153490287
11b,209190697408226,estimated | true,898037380 | -1153490287
11b,209190697408227,estimated | true,898037380 | -1153490287
11b,209190697408228,estimated | true,898037380 | -1153490287
11b,209190697408230,estimated | true,898037380 | -1153490287
11b,209190697408231,estimated | true,898037380 | -1153490287
11c,209194992375496,estimated | true,-358111285 | -275166782
11c,209194992375497,estimated | true,-358111285 | -275166782
11c,209194992375498,estimated | true,-358111285 | -275166782
11c,209194992375500,estimated | true,-358111285 | -275166782
11c,209194992375501,estimated | true,-358111285 | -275166782
11c,209194992375502,estimated | true,-358111285 | -275166782
11c,209194992375503,estimated | true,212006990 | -275166782
11c,209194992375504,estimated | true,-358111285 | -275166782
11c,209194992375505,estimated | true,212006990 | -275166782
11c,209194992375506,estimated | true,-358111285 | -275166782
11c,209194992375507,estimated | true,-358111285 | -275166782
11c,209194992375508,estimated | true,-358111285 | -275166782
11c,209194992375509,estimated | true,-358111285 | -275166782
11c,209194992375510,estimated | true,212006990 | -275166782
11c,209194992375511,estimated | true,-358111285 | -275166782
11c,209194992375512,estimated | true,212006990 | -275166782
11c,209194992375513,estimated | true,-358111285 | -275166782
11c,209194992375514,estimated | true,-358111285 | -275166782
11c,209194992375515,estimated | true,212006990 | -275166782
11c,209194992375516,estimated | true,212006990 | -275166782
11c,209194992375517,estimated | true,-358111285 | -275166782
11c,209194992375518,estimated | true,212006990 | -275166782
11c,209194992375519,estimated | true,-358111285 | -275166782
11c,209194992375520,estimated | true,-358111285 | -275166782
11c,209194992375521,estimated | true,-358111285 | -275166782
11c,209194992375522,estimated | true,-358111285 | -275166782
11c,209194992375523,estimated | true,-358111285 | -275166782
11c,209194992375525,estimated | true,212006990 | -275166782
11c,209194992375526,estimated | true,212006990 | -275166782
11c,209194992375527,estimated | true,212006990 | -275166782
11d,209199287342792,estimated | true,588364050 | -964165196
11d,209199287342793,estimated | true,588364050 | -964165196
11d,209199287342794,estimated | true,588364050 | -964165196
11d,209199287342795,estimated | true,588364050 | -964165196
11d,209199287342797,estimated | true,588364050 | -964165196
11d,209199287342798,estimated | true,588364050 | -964165196
11d,209199287342799,estimated | true,588364050 | -964165196
11d,209199287342800,estimated | true,588364050 | -964165196
11d,209199287342801,estimated | true,588364050 | -964165196
11d,209199287342802,estimated | true,588364050 | -964165196
11d,209199287342803,estimated | true,588364050 | -964165196
11d,209199287342804,estimated | true,588364050 | -964165196
11d,209199287342805,estimated | true,588364050 | -964165196
11d,209199287342806,estimated | true,588364050 | -964165196
11d,209199287342807,estimated | true,588364050 | -964165196
11d,209199287342808,estimated | true,588364050 | -964165196
11d,209199287342809,estimated | true,588364050 | -964165196
11d,209199287342810,estimated | true,588364050 | -964165196
11d,209199287342811,estimated | true,588364050 | -964165196
11d,209199287342812,estimated | true,588364050 | -964165196
11d,209199287342813,estimated | true,588364050 | -964165196
11d,209199287342814,estimated | true,588364050 | -964165196
11d,209199287342815,estimated | true,588364050 | -964165196
11d,209199287342816,estimated | true,588364050 | -964165196
11d,209199287342817,estimated | true,588364050 | -964165196
11d,209199287342818,estimated | true,588364050 | -964165196
11d,209199287342820,estimated | true,588364050 | -964165196
11d,209199287342821,estimated | true,588364050 | -964165196
11d,209199287342822,estimated | true,588364050 | -964165196
11d,209199287342823,estimated | true,588364050 | -964165196
12a,209319546427072,estimated | true,1128872642 | 102748313
12a,209319546427073,estimated | true,1128872642 | 102748313
12a,209319546427074,estimated | true,1128872642 | 102748313
12a,209319546427075,estimated | true,1128872642 | 102748313
12a,209319546427076,estimated | true,1128872642 | 102748313
12a,209319546427077,estimated | true,1128872642 | 102748313
12a,209319546427078,estimated | true,1128872642 | 102748313
12a,209319546427113,estimated | true,1128872642 | 102748313
12a,209319546427114,estimated | true,1128872642 | 102748313
12a,209319546427115,estimated | true,1128872642 | 102748313
12a,209319546427116,estimated | true,1128872642 | 102748313
12a,209319546427117,estimated | true,1128872642 | 102748313
12a,209319546427118,estimated | true,1128872642 | 102748313
12a,209319546427119,estimated | true,1128872642 | 102748313
12a,209319546427120,estimated | true,1128872642 | 102748313
12a,209319546427121,estimated | true,1128872642 | 102748313
12a,209319546427122,estimated | true,1128872642 | 102748313
12a,209319546427123,estimated | true,1128872642 | 102748313
12a,209319546427124,estimated | true,1128872642 | 102748313
12a,209319546427125,estimated | true,1128872642 | 102748313
12a,209319546427126,estimated | true,1128872642 | 102748313
12a,209319546427127,estimated | true,1128872642 | 102748313
12a,209319546427128,estimated | true,1128872642 | 102748313
12a,209319546427129,estimated | true,1128872642 | 102748313
12a,209319546427130,estimated | true,1128872642 | 102748313
12a,209319546427131,estimated | true,1128872642 | 102748313
12a,209319546427132,estimated | true,1128872642 | 102748313
12a,209319546427133,estimated | true,1128872642 | 102748313
12a,209319546427134,estimated | true,1128872642 | 102748313
12a,209319546427135,estimated | true,1128872642 | 102748313
12b,209323841394368,estimated | true,466548996 | 1378496250
12b,209323841394369,estimated | true,466548996 | 1378496250
12b,209323841394370,estimated | true,-1300552445 | 1378496250
12b,209323841394371,estimated | true,466548996 | 1378496250
12b,209323841394372,estimated | true,466548996 | 1378496250
12b,209323841394373,estimated | true,466548996 | 1378496250
12b,209323841394375,estimated | true,466548996 | 1378496250
12b,209323841394408,estimated | true,466548996 | 1378496250
12b,209323841394410,estimated | true,466548996 | 1378496250
12b,209323841394411,estimated | true,466548996 | 1378496250
12b,209323841394412,estimated | true,466548996 | 1378496250
12b,209323841394413,estimated | true,466548996 | 1378496250
12b,209323841394414,estimated | true,466548996 | 1378496250
12b,209323841394415,estimated | true,-1300552445 | 1378496250
12b,209323841394416,estimated | true,466548996 | 1378496250
12b,209323841394417,estimated | true,1435336516 | 1378496250
12b,209323841394418,estimated | true,-1300552445 | 1378496250
12b,209323841394419,estimated | true,466548996 | 1378496250
12b,209323841394420,estimated | true,466548996 | 1378496250
12b,209323841394421,estimated | true,466548996 | 1378496250
12b,209323841394422,estimated | true,-1300552445 | 1378496250
12b,209323841394423,estimated | true,466548996 | 1378496250
12b,209323841394424,estimated | true,-1300552445 | 1378496250
12b,209323841394425,estimated | true,466548996 | 1378496250
12b,209323841394426,estimated | true,466548996 | 1378496250
12b,209323841394427,estimated | true,466548996 | 1378496250
12b,209323841394428,estimated | true,466548996 | 1378496250
12b,209323841394429,estimated | true,466548996 | 1378496250
12b,209323841394430,estimated | true,466548996 | 1378496250
12b,209323841394431,estimated | true,466548996 | 1378496250
12c,209328136361664,estimated | true,-1953493739 | 827585474
12c,209328136361665,estimated | true,-1953493739 | 827585474
12c,209328136361666,estimated | true,-1953493739 | 827585474
12c,209328136361667,estimated | true,-1953493739 | 827585474
12c,209328136361668,estimated | true,-1953493739 | 827585474
12c,209328136361670,estimated | true,-1953493739 | 827585474
12c,209328136361671,estimated | true,-1953493739 | 827585474
12c,209328136361704,estimated | true,-1953493739 | 827585474
12c,209328136361705,estimated | true,-1953493739 | 827585474
12c,209328136361707,estimated | true,-1953493739 | 827585474
12c,209328136361708,estimated | true,-1953493739 | 827585474
12c,209328136361709,estimated | true,-1953493739 | 827585474
12c,209328136361710,estimated | true,-1953493739 | 827585474
12c,209328136361711,estimated | true,-1953493739 | 827585474
12c,209328136361712,estimated | true,-1953493739 | 827585474
12c,209328136361713,estimated | true,-1953493739 | 827585474
12c,209328136361714,estimated | true,-1953493739 | 827585474
12c,209328136361715,estimated | true,-1953493739 | 827585474
12c,209328136361716,estimated | true,-1953493739 | 827585474
12c,209328136361717,estimated | true,-1953493739 | 827585474
12c,209328136361718,estimated | true,-1953493739 | 827585474
12c,209328136361719,estimated | true,-1953493739 | 827585474
12c,209328136361720,estimated | true,-1953493739 | 827585474
12c,209328136361721,estimated | true,-1953493739 | 827585474
12c,209328136361722,estimated | true,-1953493739 | 827585474
12c,209328136361723,estimated | true,-1953493739 | 827585474
12c,209328136361724,estimated | true,-1953493739 | 827585474
12c,209328136361725,estimated | true,-1953493739 | 827585474
12c,209328136361726,estimated | true,-1953493739 | 827585474
12c,209328136361727,estimated | true,-1953493739 | 827585474
13a,209452690413273,estimated | true,-1937147173 | 1865180828
13a,209452690413274,estimated | true,-1937147173 | 1865180828
13a,209452690413275,estimated | true,-1937147173 | 1865180828
13a,209452690413276,estimated | true,-1937147173 | 1865180828
13a,209452690413277,estimated | true,-1937147173 | 1865180828
13a,209452690413278,estimated | true,-1937147173 | 1865180828
13a,209452690413279,estimated | true,-1937147173 | 1865180828
13a,209452690413280,estimated | true,-1937147173 | 1865180828
13a,209452690413281,estimated | true,-1937147173 | 1865180828
13a,209452690413282,estimated | true,-1937147173 | 1865180828
13a,209452690413283,estimated | true,-1937147173 | 1865180828
13a,209452690413284,estimated | true,-1937147173 | 1865180828
13a,209452690413285,estimated | true,-1937147173 | 1865180828
13a,209452690413286,estimated | true,-1937147173 | 1865180828
13a,209452690413287,estimated | true,-1937147173 | 1865180828
13a,209452690413288,estimated | true,-1937147173 | 1865180828
13a,209452690413289,estimated | true,-1937147173 | 1865180828
13a,209452690413290,estimated | true,-1937147173 | 1865180828
13a,209452690413291,estimated | true,-1937147173 | 1865180828
13a,209452690413292,estimated | true,-1937147173 | 1865180828
13a,209452690413293,estimated | true,-1937147173 | 1865180828
13a,209452690413294,estimated | true,-1937147173 | 1865180828
13a,209452690413295,estimated | true,-1937147173 | 1865180828
13a,209452690413296,estimated | true,-1937147173 | 1865180828
13a,209452690413297,estimated | true,-1937147173 | 1865180828
13a,209452690413298,estimated | true,-1937147173 | 1865180828
13a,209452690413299,estimated | true,-1937147173 | 1865180828
13a,209452690413300,estimated | true,-1937147173 | 1865180828
13a,209452690413301,estimated | true,-1937147173 | 1865180828
13a,209452690413302,estimated | true,-1937147173 | 1865180828
13b,209456985380361,estimated | true,1004522218 | 1389684069
13b,209456985380362,estimated | true,1004522218 | 1389684069
13b,209456985380363,estimated | true,1004522218 | 1389684069
13b,209456985380364,estimated | true,1004522218 | 1389684069
13b,209456985380365,estimated | true,1004522218 | 1389684069
13b,209456985380366,estimated | true,1004522218 | 1389684069
13b,209456985380367,estimated | true,1004522218 | 1389684069
13b,209456985380368,estimated | true,1004522218 | 1389684069
13b,209456985380369,estimated | true,1004522218 | 1389684069
13b,209456985380370,estimated | true,1004522218 | 1389684069
13b,209456985380371,estimated | true,1004522218 | 1389684069
13b,209456985380372,estimated | true,1004522218 | 1389684069
13b,209456985380373,estimated | true,1004522218 | 1389684069
13b,209456985380374,estimated | true,1004522218 | 1389684069
13b,209456985380375,estimated | true,1004522218 | 1389684069
13b,209456985380376,estimated | true,1004522218 | 1389684069
13b,209456985380377,estimated | true,1004522218 | 1389684069
13b,209456985380378,estimated | true,1004522218 | 1389684069
13b,209456985380379,estimated | true,1004522218 | 1389684069
13b,209456985380380,estimated | true,1004522218 | 1389684069
13b,209456985380381,estimated | true,1004522218 | 1389684069
13b,209456985380382,estimated | true,1004522218 | 1389684069
13b,209456985380383,estimated | true,1004522218 | 1389684069
13b,209456985380384,estimated | true,1004522218 | 1389684069
13b,209456985380385,estimated | true,1004522218 | 1389684069
13b,209456985380386,estimated | true,1004522218 | 1389684069
13b,209456985380387,estimated | true,1004522218 | 1389684069
13b,209456985380388,estimated | true,1004522218 | 1389684069
13b,209456985380389,estimated | true,1004522218 | 1389684069
13b,209456985380390,estimated | true,1004522218 | 1389684069
13c,209461280347656,estimated | true,1004522218 | 1389684069
13c,209461280347658,estimated | true,1004522218 | 1389684069
13c,209461280347659,estimated | true,1004522218 | 1389684069
13c,209461280347660,estimated | true,1004522218 | 1389684069
13c,209461280347661,estimated | true,1004522218 | 1389684069
13c,209461280347662,estimated | true,1004522218 | 1389684069
13c,209461280347663,estimated | true,1004522218 | 1389684069
13c,209461280347664,estimated | true,1004522218 | 1389684069
13c,209461280347665,estimated | true,-2093323009 | 1389684069
13c,209461280347666,estimated | true,1004522218 | 1389684069
13c,209461280347667,estimated | true,1004522218 | 1389684069
13c,209461280347668,estimated | true,1004522218 | 1389684069
13c,209461280347669,estimated | true,1004522218 | 1389684069
13c,209461280347670,estimated | true,1004522218 | 1389684069
13c,209461280347671,estimated | true,1004522218 | 1389684069
13c,209461280347672,estimated | true,1004522218 | 1389684069
13c,209461280347673,estimated | true,1004522218 | 1389684069
13c,209461280347674,estimated | true,1004522218 | 1389684069
13c,209461280347675,estimated | true,1004522218 | 1389684069
13c,209461280347676,estimated | true,1004522218 | 1389684069
13c,209461280347677,estimated | true,1004522218 | 1389684069
13c,209461280347678,estimated | true,1004522218 | 1389684069
13c,209461280347679,estimated | true,1004522218 | 1389684069
13c,209461280347680,estimated | true,1004522218 | 1389684069
13c,209461280347681,estimated | true,1004522218 | 1389684069
13c,209461280347682,estimated | true,1004522218 | 1389684069
13c,209461280347683,estimated | true,1004522218 | 1389684069
13c,209461280347684,estimated | true,1004522218 | 1389684069
13c,209461280347685,estimated | true,1004522218 | 1389684069
13c,209461280347687,estimated | true,1004522218 | 1389684069
13d,209465575314952,estimated | true,-2119720580 | -1978488157
13d,209465575314953,estimated | true,-2119720580 | -1978488157
13d,209465575314955,estimated | true,-2119720580 | -1978488157
13d,209465575314956,estimated | true,-2119720580 | -1978488157
13d,209465575314957,estimated | true,-2119720580 | -1978488157
13d,209465575314958,estimated | true,-2119720580 | -1978488157
13d,209465575314959,estimated | true,-2119720580 | -1978488157
13d,209465575314960,estimated | true,-2119720580 | -1978488157
13d,209465575314961,estimated | true,-2119720580 | -1978488157
13d,209465575314962,estimated | true,-2119720580 | -1978488157
13d,209465575314963,estimated | true,-2119720580 | -1978488157
13d,209465575314964,estimated | true,-2119720580 | -1978488157
13d,209465575314965,estimated | true,-2119720580 | -1978488157
13d,209465575314966,estimated | true,-2119720580 | -1978488157
13d,209465575314967,estimated | true,-2119720580 | -1978488157
13d,209465575314968,estimated | true,-2119720580 | -1978488157
13d,209465575314969,estimated | true,-2119720580 | -1978488157
13d,209465575314970,estimated | true,-2119720580 | -1978488157
13d,209465575314971,estimated | true,-2119720580 | -1978488157
13d,209465575314972,estimated | true,-2119720580 | -1978488157
13d,209465575314973,estimated | true,-2119720580 | -1978488157
13d,209465575314974,estimated | true,-2119720580 | -1978488157
13d,209465575314975,estimated | true,-2119720580 | -1978488157
13d,209465575314976,estimated | true,-2119720580 | -1978488157
13d,209465575314977,estimated | true,-2119720580 | -1978488157
13d,209465575314978,estimated | true,-2119720580 | -1978488157
13d,209465575314979,estimated | true,-2119720580 | -1978488157
13d,209465575314980,estimated | true,-2119720580 | -1978488157
13d,209465575314982,estimated | true,-2119720580 | -1978488157
13d,209465575314983,estimated | true,-2119720580 | -1978488157
14a,209585834399232,estimated | true,-1633330344 | 1013500442
14a,209585834399233,estimated | true,-1633330344 | 1013500442
14a,209585834399234,estimated | true,-1633330344 | 1013500442
14a,209585834399235,estimated | true,-1633330344 | 1013500442
14a,209585834399236,estimated | true,-1633330344 | 1013500442
14a,209585834399237,estimated | true,-1633330344 | 1013500442
14a,209585834399238,estimated | true,-1633330344 | 1013500442
14a,209585834399239,estimated | true,-1633330344 | 1013500442
14a,209585834399240,estimated | true,-1633330344 | 1013500442
14a,209585834399241,estimated | true,-1633330344 | 1013500442
14a,209585834399242,estimated | true,-1633330344 | 1013500442
14a,209585834399243,estimated | true,-1633330344 | 1013500442
14a,209585834399244,estimated | true,-1633330344 | 1013500442
14a,209585834399245,estimated | true,-1633330344 | 1013500442
14a,209585834399246,estimated | true,-1633330344 | 1013500442
14a,209585834399247,estimated | true,-1633330344 | 1013500442
14a,209585834399248,estimated | true,-1633330344 | 1013500442
14a,209585834399249,estimated | true,-1633330344 | 1013500442
14a,209585834399250,estimated | true,-1633330344 | 1013500442
14a,209585834399251,estimated | true,-1633330344 | 1013500442
14a,209585834399252,estimated | true,-1633330344 | 1013500442
14a,209585834399253,estimated | true,-1633330344 | 1013500442
14a,209585834399255,estimated | true,-1633330344 | 1013500442
14a,209585834399288,estimated | true,-1633330344 | 1013500442
14a,209585834399290,estimated | true,-1633330344 | 1013500442
14a,209585834399291,estimated | true,-1633330344 | 1013500442
14a,209585834399292,estimated | true,-1633330344 | 1013500442
14a,209585834399293,estimated | true,-1633330344 | 1013500442
14a,209585834399294,estimated | true,-1633330344 | 1013500442
14a,209585834399295,estimated | true,-1633330344 | 1013500442
14b,209590129366528,estimated | true,1313982226 | 2048123685
14b,209590129366529,estimated | true,1313982226 | 2048123685
14b,209590129366530,estimated | true,1313982226 | 2048123685
14b,209590129366531,estimated | true,1313982226 | 2048123685
14b,209590129366532,estimated | true,1313982226 | 2048123685
14b,209590129366533,estimated | true,1313982226 | 2048123685
14b,209590129366534,estimated | true,1313982226 | 2048123685
14b,209590129366535,estimated | true,1313982226 | 2048123685
14b,209590129366536,estimated | true,1313982226 | 2048123685
14b,209590129366537,estimated | true,1313982226 | 2048123685
14b,209590129366538,estimated | true,1313982226 | 2048123685
14b,209590129366539,estimated | true,1313982226 | 2048123685
14b,209590129366540,estimated | true,1313982226 | 2048123685
14b,209590129366541,estimated | true,1313982226 | 2048123685
14b,209590129366542,estimated | true,1313982226 | 2048123685
14b,209590129366543,estimated | true,1313982226 | 2048123685
14b,209590129366544,estimated | true,1313982226 | 2048123685
14b,209590129366545,estimated | true,1313982226 | 2048123685
14b,209590129366546,estimated | true,1313982226 | 2048123685
14b,209590129366547,estimated | true,1313982226 | 2048123685
14b,209590129366548,estimated | true,1313982226 | 2048123685
14b,209590129366549,estimated | true,1313982226 | 2048123685
14b,209590129366550,estimated | true,1313982226 | 2048123685
14b,209590129366585,estimated | true,1313982226 | 2048123685
14b,209590129366586,estimated | true,1313982226 | 2048123685
14b,209590129366587,estimated | true,-181213800 | 2048123685
14b,209590129366588,estimated | true,1313982226 | 2048123685
14b,209590129366589,estimated | true,1313982226 | 2048123685
14b,209590129366590,estimated | true,1313982226 | 2048123685
14b,209590129366591,estimated | true,1313982226 | 2048123685
14c,209594424333824,estimated | true,1171118565 | -327822809
14c,209594424333825,estimated | true,1171118565 | -327822809
14c,209594424333826,estimated | true,1171118565 | -327822809
14c,209594424333827,estimated | true,1171118565 | -327822809
14c,209594424333828,estimated | true,1171118565 | -327822809
14c,209594424333829,estimated | true,1171118565 | -327822809
14c,209594424333830,estimated | true,1171118565 | -327822809
14c,209594424333865,estimated | true,1171118565 | -327822809
14c,209594424333866,estimated | true,1171118565 | -327822809
14c,209594424333867,estimated | true,1171118565 | -327822809
14c,209594424333868,estimated | true,1171118565 | -327822809
14c,209594424333869,estimated | true,1171118565 | -327822809
14c,209594424333870,estimated | true,1171118565 | -327822809
14c,209594424333871,estimated | true,1171118565 | -327822809
14c,209594424333872,estimated | true,1171118565 | -327822809
14c,209594424333873,estimated | true,1171118565 | -327822809
14c,209594424333874,estimated | true,1171118565 | -327822809
14c,209594424333875,estimated | true,1171118565 | -327822809
14c,209594424333876,estimated | true,1171118565 | -327822809
14c,209594424333877,estimated | true,1171118565 | -327822809
14c,209594424333878,estimated | true,1171118565 | -327822809
14c,209594424333879,estimated | true,1171118565 | -327822809
14c,209594424333880,estimated | true,1171118565 | -327822809
14c,209594424333881,estimated | true,1171118565 | -327822809
14c,209594424333882,estimated | true,1171118565 | -327822809
14c,209594424333883,estimated | true,1171118565 | -327822809
14c,209594424333884,estimated | true,1171118565 | -327822809
14c,209594424333885,estimated | true,1171118565 | -327822809
14c,209594424333886,estimated | true,1171118565 | -327822809
14c,209594424333887,estimated | true,1171118565 | -327822809
15a,209718978385432,estimated | true,-69563303 | -1673958121
15a,209718978385433,estimated | true,-69563303 | -1673958121
15a,209718978385435,estimated | true,1706648418 | -1673958121
15a,209718978385436,estimated | true,-69563303 | -1673958121
15a,209718978385437,estimated | true,-69563303 | -1673958121
15a,209718978385438,estimated | true,-69563303 | -1673958121
15a,209718978385439,estimated | true,-69563303 | -1673958121
15a,209718978385440,estimated | true,1706648418 | -1673958121
15a,209718978385441,estimated | true,-69563303 | -1673958121
15a,209718978385442,estimated | true,-69563303 | -1673958121
15a,209718978385443,estimated | true,-69563303 | -1673958121
15a,209718978385444,estimated | true,-69563303 | -1673958121
15a,209718978385445,estimated | true,1706648418 | -1673958121
15a,209718978385446,estimated | true,-69563303 | -1673958121
15a,209718978385447,estimated | true,1706648418 | -1673958121
15a,209718978385448,estimated | true,-69563303 | -1673958121
15a,209718978385449,estimated | true,-69563303 | -1673958121
15a,209718978385450,estimated | true,1706648418 | -1673958121
15a,209718978385451,estimated | true,-69563303 | -1673958121
15a,209718978385452,estimated | true,1706648418 | -1673958121
15a,209718978385453,estimated | true,-69563303 | -1673958121
15a,209718978385454,estimated | true,1706648418 | -1673958121
15a,209718978385455,estimated | true,-69563303 | -1673958121
15a,209718978385456,estimated | true,-69563303 | -1673958121
15a,209718978385457,estimated | true,-69563303 | -1673958121
15a,209718978385458,estimated | true,-69563303 | -1673958121
15a,209718978385459,estimated | true,-69563303 | -1673958121
15a,209718978385460,estimated | true,1927303933 | -1673958121
15a,209718978385462,estimated | true,-69563303 | -1673958121
15a,209718978385463,estimated | true,-69563303 | -1673958121
15b,209723273352728,estimated | true,-1293176700 | 1585385787
15b,209723273352730,estimated | true,-1293176700 | 1585385787
15b,209723273352731,estimated | true,-1293176700 | 1585385787
15b,209723273352732,estimated | true,-1293176700 | 1585385787
15b,209723273352733,estimated | true,-1293176700 | 1585385787
15b,209723273352734,estimated | true,-1293176700 | 1585385787
15b,209723273352735,estimated | true,-1293176700 | 1585385787
15b,209723273352736,estimated | true,-1293176700 | 1585385787
15b,209723273352737,estimated | true,-1293176700 | 1585385787
15b,209723273352738,estimated | true,-1293176700 | 1585385787
15b,209723273352739,estimated | true,-1293176700 | 1585385787
15b,209723273352740,estimated | true,-1293176700 | 1585385787
15b,209723273352741,estimated | true,-1293176700 | 1585385787
15b,209723273352742,estimated | true,-1293176700 | 1585385787
15b,209723273352743,estimated | true,-1293176700 | 1585385787
15b,209723273352744,estimated | true,-1293176700 | 1585385787
15b,209723273352745,estimated | true,-1293176700 | 1585385787
15b,209723273352746,estimated | true,-1293176700 | 1585385787
15b,209723273352747,estimated | true,-1293176700 | 1585385787
15b,209723273352748,estimated | true,-1293176700 | 1585385787
15b,209723273352749,estimated | true,-1293176700 | 1585385787
15b,209723273352750,estimated | true,-1293176700 | 1585385787
15b,209723273352751,estimated | true,-1293176700 | 1585385787
15b,209723273352752,estimated | true,-1293176700 | 1585385787
15b,209723273352753,estimated | true,-1293176700 | 1585385787
15b,209723273352754,estimated | true,-1293176700 | 1585385787
15b,209723273352755,estimated | true,-1293176700 | 1585385787
15b,209723273352756,estimated | true,-1293176700 | 1585385787
15b,209723273352757,estimated | true,-1293176700 | 1585385787
15b,209723273352759,estimated | true,-1293176700 | 1585385787
15c,209727568320025,estimated | true,-420003656 | -1038787839
15c,209727568320026,estimated | true,-1098297468 | -1038787839
15c,209727568320027,estimated | true,-1098297468 | -1038787839
15c,209727568320028,estimated | true,-1098297468 | -1038787839
15c,209727568320029,estimated | true,-1098297468 | -1038787839
15c,209727568320030,estimated | true,-1098297468 | -1038787839
15c,209727568320031,estimated | true,-1098297468 | -1038787839
15c,209727568320032,estimated | true,-1098297468 | -1038787839
15c,209727568320033,estimated | true,-1098297468 | -1038787839
15c,209727568320034,estimated | true,-1098297468 | -1038787839
15c,209727568320035,estimated | true,-1098297468 | -1038787839
15c,209727568320036,estimated | true,-1098297468 | -1038787839
15c,209727568320037,estimated | true,-1098297468 | -1038787839
15c,209727568320038,estimated | true,-1098297468 | -1038787839
15c,209727568320039,estimated | true,-1098297468 | -1038787839
15c,209727568320040,estimated | true,-1098297468 | -1038787839
15c,209727568320041,estimated | true,-1098297468 | -1038787839
15c,209727568320042,estimated | true,-1098297468 | -1038787839
15c,209727568320043,estimated | true,-1098297468 | -1038787839
15c,209727568320044,estimated | true,-1098297468 | -1038787839
15c,209727568320045,estimated | true,-1098297468 | -1038787839
15c,209727568320046,estimated | true,-1098297468 | -1038787839
15c,209727568320047,estimated | true,-1098297468 | -1038787839
15c,209727568320048,estimated | true,-1098297468 | -1038787839
15c,209727568320049,estimated | true,-1098297468 | -1038787839
15c,209727568320050,estimated | true,-1098297468 | -1038787839
15c,209727568320051,estimated | true,-1098297468 | -1038787839
15c,209727568320052,estimated | true,-1098297468 | -1038787839
15c,209727568320053,estimated | true,-1098297468 | -1038787839
15c,209727568320054,estimated | true,-1098297468 | -1038787839
15d,209731863287369,estimated | true,-1409430531 | 1787178132
15d,209731863287370,estimated | true,-1409430531 | 1787178132
15d,209731863287371,estimated | true,-1869365187 | 1787178132
15d,209731863287372,estimated | true,-1869365187 | 1787178132
15d,209731863287373,estimated | true,-1409430531 | 1787178132
15d,209731863287374,estimated | true,16738698 | 1787178132
15d,209731863287375,estimated | true,16738698 | 1787178132
15d,209731863287376,estimated | true,-1409430531 | 1787178132
15d,209731863287377,estimated | true,-1409430531 | 1787178132
15d,209731863287378,estimated | true,-1409430531 | 1787178132
15d,209731863287379,estimated | true,-1409430531 | 1787178132
15d,209731863287380,estimated | true,-1409430531 | 1787178132
15d,209731863287381,estimated | true,-1409430531 | 1787178132
15d,209731863287382,estimated | true,-1869365187 | 1787178132
15d,209731863287383,estimated | true,-1409430531 | 1787178132
15d,209731863287384,estimated | true,-1409430531 | 1787178132
15d,209731863287385,estimated | true,-1409430531 | 1787178132
15d,209731863287386,estimated | true,-1869365187 | 1787178132
15d,209731863287387,estimated | true,-1409430531 | 1787178132
15d,209731863287388,estimated | true,-1409430531 | 1787178132
15d,209731863287389,estimated | true,-1409430531 | 1787178132
15d,209731863287390,estimated | true,-1409430531 | 1787178132
15d,209731863287391,estimated | true,16738698 | 1787178132
15d,209731863287392,estimated | true,-1409430531 | 1787178132
15d,209731863287393,estimated | true,-1409430531 | 1787178132
15d,209731863287394,estimated | true,-1409430531 | 1787178132
15d,209731863287395,estimated | true,-1409430531 | 1787178132
15d,209731863287396,estimated | true,-1409430531 | 1787178132
15d,209731863287397,estimated | true,-1409430531 | 1787178132
15d,209731863287398,estimated | true,-1409430531 | 1787178132
16a,209852122371648,estimated | true,719404660 | 2068018545
16a,209852122371649,estimated | true,719404660 | 2068018545
16a,209852122371650,estimated | true,719404660 | 2068018545
16a,209852122371651,estimated | true,719404660 | 2068018545
16a,209852122371652,estimated | true,719404660 | 2068018545
16a,209852122371653,estimated | true,719404660 | 2068018545
16a,209852122371654,estimated | true,719404660 | 2068018545
16a,209852122371655,estimated | true,719404660 | 2068018545
16a,209852122371656,estimated | true,719404660 | 2068018545
16a,209852122371657,estimated | true,719404660 | 2068018545
16a,209852122371658,estimated | true,719404660 | 2068018545
16a,209852122371659,estimated | true,719404660 | 2068018545
16a,209852122371660,estimated | true,719404660 | 2068018545
16a,209852122371661,estimated | true,719404660 | 2068018545
16a,209852122371662,estimated | true,719404660 | 2068018545
16a,209852122371663,estimated | true,719404660 | 2068018545
16a,209852122371664,estimated | true,719404660 | 2068018545
16a,209852122371665,estimated | true,719404660 | 2068018545
16a,209852122371666,estimated | true,719404660 | 2068018545
16a,209852122371667,estimated | true,719404660 | 2068018545
16a,209852122371669,estimated | true,719404660 | 2068018545
16a,209852122371670,estimated | true,719404660 | 2068018545
16a,209852122371671,estimated | true,719404660 | 2068018545
16a,209852122371704,estimated | true,719404660 | 2068018545
16a,209852122371705,estimated | true,719404660 | 2068018545
16a,209852122371706,estimated | true,719404660 | 2068018545
16a,209852122371708,estimated | true,719404660 | 2068018545
16a,209852122371709,estimated | true,719404660 | 2068018545
16a,209852122371710,estimated | true,719404660 | 2068018545
16a,209852122371711,estimated | true,719404660 | 2068018545
16b,209856417338944,estimated | true,-32917605 | -1309745728
16b,209856417338945,estimated | true,-32917605 | -1309745728
16b,209856417338946,estimated | true,-32917605 | -1309745728
16b,209856417338947,estimated | true,-32917605 | -1309745728
16b,209856417338948,estimated | true,-32917605 | -1309745728
16b,209856417338949,estimated | true,-32917605 | -1309745728
16b,209856417338950,estimated | true,-32917605 | -1309745728
16b,209856417338951,estimated | true,-32917605 | -1309745728
16b,209856417338952,estimated | true,-32917605 | -1309745728
16b,209856417338953,estimated | true,-32917605 | -1309745728
16b,209856417338954,estimated | true,-32917605 | -1309745728
16b,209856417338955,estimated | true,-32917605 | -1309745728
16b,209856417338956,estimated | true,-32917605 | -1309745728
16b,209856417338957,estimated | true,-32917605 | -1309745728
16b,209856417338958,estimated | true,-32917605 | -1309745728
16b,209856417338959,estimated | true,-32917605 | -1309745728
16b,209856417338960,estimated | true,-32917605 | -1309745728
16b,209856417338961,estimated | true,-32917605 | -1309745728
16b,209856417338962,estimated | true,-32917605 | -1309745728
16b,209856417338963,estimated | true,-32917605 | -1309745728
16b,209856417338964,estimated | true,-32917605 | -1309745728
16b,209856417338966,estimated | true,-32917605 | -1309745728
16b,209856417338967,estimated | true,-32917605 | -1309745728
16b,209856417339000,estimated | true,-32917605 | -1309745728
16b,209856417339001,estimated | true,-32917605 | -1309745728
16b,209856417339003,estimated | true,-32917605 | -1309745728
16b,209856417339004,estimated | true,-32917605 | -1309745728
16b,209856417339005,estimated | true,-32917605 | -1309745728
16b,209856417339006,estimated | true,-32917605 | -1309745728
16b,209856417339007,estimated | true,-32917605 | -1309745728
16c,209860712306240,estimated | true,719404660 | -777516866
16c,209860712306241,estimated | true,719404660 | -777516866
16c,209860712306242,estimated | true,719404660 | -777516866
16c,209860712306243,estimated | true,719404660 | -777516866
16c,209860712306244,estimated | true,719404660 | -777516866
16c,209860712306245,estimated | true,719404660 | -777516866
16c,209860712306246,estimated | true,719404660 | -777516866
16c,209860712306247,estimated | true,719404660 | -777516866
16c,209860712306248,estimated | true,719404660 | -777516866
16c,209860712306249,estimated | true,719404660 | -777516866
16c,209860712306250,estimated | true,719404660 | -777516866
16c,209860712306251,estimated | true,719404660 | -777516866
16c,209860712306252,estimated | true,719404660 | -777516866
16c,209860712306253,estimated | true,719404660 | -777516866
16c,209860712306254,estimated | true,719404660 | -777516866
16c,209860712306255,estimated | true,719404660 | -777516866
16c,209860712306256,estimated | true,719404660 | -777516866
16c,209860712306257,estimated | true,719404660 | -777516866
16c,209860712306258,estimated | true,719404660 | -777516866
16c,209860712306259,estimated | true,719404660 | -777516866
16c,209860712306260,estimated | true,719404660 | -777516866
16c,209860712306261,estimated | true,719404660 | -777516866
16c,209860712306263,estimated | true,719404660 | -777516866
16c,209860712306296,estimated | true,719404660 | -777516866
16c,209860712306298,estimated | true,719404660 | -777516866
16c,209860712306299,estimated | true,719404660 | -777516866
16c,209860712306300,estimated | true,719404660 | -777516866
16c,209860712306301,estimated | true,719404660 | -777516866
16c,209860712306302,estimated | true,719404660 | -777516866
16c,209860712306303,estimated | true,719404660 | -777516866
16d,209865007273536,estimated | true,719404660 | -777516866
16d,209865007273537,estimated | true,719404660 | -777516866
16d,209865007273538,estimated | true,719404660 | -777516866
16d,209865007273539,estimated | true,719404660 | -777516866
16d,209865007273540,estimated | true,719404660 | -777516866
16d,209865007273541,estimated | true,719404660 | -777516866
16d,209865007273542,estimated | true,719404660 | -777516866
16d,209865007273543,estimated | true,719404660 | -777516866
16d,209865007273544,estimated | true,719404660 | -777516866
16d,209865007273545,estimated | true,719404660 | -777516866
16d,209865007273546,estimated | true,719404660 | -777516866
16d,209865007273547,estimated | true,719404660 | -777516866
16d,209865007273548,estimated | true,719404660 | -777516866
16d,209865007273549,estimated | true,719404660 | -777516866
16d,209865007273550,estimated | true,719404660 | -777516866
16d,209865007273551,estimated | true,719404660 | -777516866
16d,209865007273552,estimated | true,719404660 | -777516866
16d,209865007273553,estimated | true,719404660 | -777516866
16d,209865007273554,estimated | true,719404660 | -777516866
16d,209865007273555,estimated | true,719404660 | -777516866
16d,209865007273556,estimated | true,719404660 | -777516866
16d,209865007273557,estimated | true,719404660 | -777516866
16d,209865007273558,estimated | true,719404660 | -777516866
16d,209865007273593,estimated | true,719404660 | -777516866
16d,209865007273594,estimated | true,719404660 | -777516866
16d,209865007273595,estimated | true,719404660 | -777516866
16d,209865007273596,estimated | true,719404660 | -777516866
16d,209865007273597,estimated | true,719404660 | -777516866
16d,209865007273598,estimated | true,719404660 | -777516866
16d,209865007273599,estimated | true,719404660 | -777516866
17b,209989561325161,estimated | true,-2143655902 | -138391054
17b,209989561325167,estimated | true,-2143655902 | -138391054
17b,209989561325170,estimated | true,-2143655902 | -138391054
17b,209989561325174,estimated | true,-2143655902 | -138391054
17b,209989561325175,estimated | true,-2143655902 | -138391054
17e,210002446227033,estimated | true,-1125412742 | -1719018648
17e,210002446227034,estimated | true,-1125412742 | -1719018648
17e,210002446227035,estimated | true,-1125412742 | -1719018648
17e,210002446227036,estimated | true,-1125412742 | -1719018648
17e,210002446227037,estimated | true,-1125412742 | -1719018648
17e,210002446227038,estimated | true,-1125412742 | -1719018648
17e,210002446227039,estimated | true,-1125412742 | -1719018648
17e,210002446227040,estimated | true,-1125412742 | -1719018648
17e,210002446227041,estimated | true,-1125412742 | -1719018648
17e,210002446227042,estimated | true,-1125412742 | -1719018648
17e,210002446227043,estimated | true,-1125412742 | -1719018648
17e,210002446227044,estimated | true,-1125412742 | -1719018648
17e,210002446227045,estimated | true,-1125412742 | -1719018648
17e,210002446227046,estimated | true,-1125412742 | -1719018648
17e,210002446227047,estimated | true,-1125412742 | -1719018648
17e,210002446227048,estimated | true,-1125412742 | -1719018648
17e,210002446227049,estimated | true,-1125412742 | -1719018648
17e,210002446227050,estimated | true,-1125412742 | -1719018648
17e,210002446227051,estimated | true,-1125412742 | -1719018648
17e,210002446227052,estimated | true,-1125412742 | -1719018648
17e,210002446227053,estimated | true,-1125412742 | -1719018648
17e,210002446227054,estimated | true,-1125412742 | -1719018648
17e,210002446227055,estimated | true,-1125412742 | -1719018648
17e,210002446227056,estimated | true,-1125412742 | -1719018648
17e,210002446227057,estimated | true,-1125412742 | -1719018648
17e,210002446227058,estimated | true,-1125412742 | -1719018648
17e,210002446227059,estimated | true,-1125412742 | -1719018648
17e,210002446227060,estimated | true,-1125412742 | -1719018648
17e,210002446227061,estimated | true,-1125412742 | -1719018648
17e,210002446227062,estimated | true,-1125412742 | -1719018648
18a,210118410344320,estimated | true,628733719 | 1021373831
18a,210118410344321,estimated | true,1990623328 | 1021373831
18a,210118410344322,estimated | true,-574815707 | 1021373831
18a,210118410344323,estimated | true,-574815707 | 1021373831
18a,210118410344324,estimated | true,-574815707 | 1021373831
18a,210118410344325,estimated | true,1990623328 | 1021373831
18a,210118410344326,estimated | true,1990623328 | 1021373831
18a,210118410344327,estimated | true,-574815707 | 1021373831
18a,210118410344328,estimated | true,-574815707 | 1021373831
18a,210118410344329,estimated | true,-574815707 | 1021373831
18a,210118410344330,estimated | true,-574815707 | 1021373831
18a,210118410344331,estimated | true,1990623328 | 1021373831
18a,210118410344332,estimated | true,-574815707 | 1021373831
18a,210118410344333,estimated | true,-574815707 | 1021373831
18a,210118410344334,estimated | true,-574815707 | 1021373831
18a,210118410344335,estimated | true,-574815707 | 1021373831
18a,210118410344336,estimated | true,-574815707 | 1021373831
18a,210118410344337,estimated | true,1990623328 | 1021373831
18a,210118410344339,estimated | true,-574815707 | 1021373831
18a,210118410344340,estimated | true,-574815707 | 1021373831
18a,210118410344341,estimated | true,-574815707 | 1021373831
18a,210118410344342,estimated | true,1990623328 | 1021373831
18a,210118410344343,estimated | true,628733719 | 1021373831
18a,210118410344376,estimated | true,-574815707 | 1021373831
18a,210118410344377,estimated | true,-574815707 | 1021373831
18a,210118410344378,estimated | true,-574815707 | 1021373831
18a,210118410344379,estimated | true,1990623328 | 1021373831
18a,210118410344380,estimated | true,1990623328 | 1021373831
18a,210118410344382,estimated | true,-574815707 | 1021373831
18a,210118410344383,estimated | true,1990623328 | 1021373831
18b,210122705311616,estimated | true,-633376097 | 380904585
18b,210122705311617,estimated | true,-633376097 | 380904585
18b,210122705311618,estimated | true,-633376097 | 380904585
18b,210122705311619,estimated | true,-633376097 | 380904585
18b,210122705311620,estimated | true,-633376097 | 380904585
18b,210122705311621,estimated | true,-633376097 | 380904585
18b,210122705311622,estimated | true,-633376097 | 380904585
18b,210122705311623,estimated | true,-633376097 | 380904585
18b,210122705311624,estimated | true,-633376097 | 380904585
18b,210122705311625,estimated | true,-633376097 | 380904585
18b,210122705311626,estimated | true,-633376097 | 380904585
18b,210122705311627,estimated | true,-633376097 | 380904585
18b,210122705311628,estimated | true,-633376097 | 380904585
18b,210122705311629,estimated | true,-633376097 | 380904585
18b,210122705311630,estimated | true,-633376097 | 380904585
18b,210122705311631,estimated | true,-633376097 | 380904585
18b,210122705311632,estimated | true,-633376097 | 380904585
18b,210122705311633,estimated | true,-633376097 | 380904585
18b,210122705311634,estimated | true,-633376097 | 380904585
18b,210122705311636,estimated | true,-633376097 | 380904585
18b,210122705311637,estimated | true,-633376097 | 380904585
18b,210122705311638,estimated | true,-633376097 | 380904585
18b,210122705311639,estimated | true,-633376097 | 380904585
18b,210122705311672,estimated | true,-633376097 | 380904585
18b,210122705311673,estimated | true,-633376097 | 380904585
18b,210122705311674,estimated | true,-633376097 | 380904585
18b,210122705311675,estimated | true,-633376097 | 380904585
18b,210122705311677,estimated | true,-633376097 | 380904585
18b,210122705311678,estimated | true,-633376097 | 380904585
18b,210122705311679,estimated | true,-633376097 | 380904585
18c,210127000278912,estimated | true,-852311855 | -269350388
18c,210127000278913,estimated | true,-852311855 | -269350388
18c,210127000278914,estimated | true,-852311855 | -269350388
18c,210127000278915,estimated | true,-852311855 | -269350388
18c,210127000278916,estimated | true,-852311855 | -269350388
18c,210127000278917,estimated | true,-852311855 | -269350388
18c,210127000278918,estimated | true,-852311855 | -269350388
18c,210127000278919,estimated | true,-852311855 | -269350388
18c,210127000278920,estimated | true,-852311855 | -269350388
18c,210127000278921,estimated | true,-852311855 | -269350388
18c,210127000278922,estimated | true,-852311855 | -269350388
18c,210127000278923,estimated | true,-852311855 | -269350388
18c,210127000278924,estimated | true,-852311855 | -269350388
18c,210127000278925,estimated | true,-852311855 | -269350388
18c,210127000278926,estimated | true,-852311855 | -269350388
18c,210127000278927,estimated | true,-852311855 | -269350388
18c,210127000278928,estimated | true,-852311855 | -269350388
18c,210127000278929,estimated | true,-852311855 | -269350388
18c,210127000278930,estimated | true,-852311855 | -269350388
18c,210127000278931,estimated | true,-852311855 | -269350388
18c,210127000278933,estimated | true,-852311855 | -269350388
18c,210127000278934,estimated | true,-852311855 | -269350388
18c,210127000278935,estimated | true,-852311855 | -269350388
18c,210127000278968,estimated | true,-852311855 | -269350388
18c,210127000278969,estimated | true,-852311855 | -269350388
18c,210127000278970,estimated | true,-852311855 | -269350388
18c,210127000278972,estimated | true,-852311855 | -269350388
18c,210127000278973,estimated | true,-852311855 | -269350388
18c,210127000278974,estimated | true,-852311855 | -269350388
18c,210127000278975,estimated | true,-852311855 | -269350388
19a,210251554330520,estimated | true,191832164 | -1706306819
19a,210251554330521,estimated | true,191832164 | -1706306819
19a,210251554330522,estimated | true,191832164 | -1706306819
19a,210251554330523,estimated | true,-390351238 | -1706306819
19a,210251554330524,estimated | true,-390351238 | -1706306819
19a,210251554330525,estimated | true,-390351238 | -1706306819
19a,210251554330527,estimated | true,-509768458 | -1706306819
19a,210251554330528,estimated | true,191832164 | -1706306819
19a,210251554330529,estimated | true,191832164 | -1706306819
19a,210251554330530,estimated | true,-1273925333 | -1706306819
19a,210251554330531,estimated | true,191832164 | -1706306819
19a,210251554330532,estimated | true,-390351238 | -1706306819
19a,210251554330533,estimated | true,-390351238 | -1706306819
19a,210251554330534,estimated | true,191832164 | -1706306819
19a,210251554330535,estimated | true,191832164 | -1706306819
19a,210251554330536,estimated | true,191832164 | -1706306819
19a,210251554330537,estimated | true,-390351238 | -1706306819
19a,210251554330538,estimated | true,-390351238 | -1706306819
19a,210251554330539,estimated | true,624974763 | -1706306819
19a,210251554330540,estimated | true,-390351238 | -1706306819
19a,210251554330541,estimated | true,-390351238 | -1706306819
19a,210251554330542,estimated | true,-390351238 | -1706306819
19a,210251554330543,estimated | true,191832164 | -1706306819
19a,210251554330544,estimated | true,-1273925333 | -1706306819
19a,210251554330546,estimated | true,-390351238 | -1706306819
19a,210251554330547,estimated | true,-390351238 | -1706306819
19a,210251554330548,estimated | true,191832164 | -1706306819
19a,210251554330549,estimated | true,191832164 | -1706306819
19a,210251554330550,estimated | true,-390351238 | -1706306819
19a,210251554330551,estimated | true,-1013248213 | -1706306819
19b,210255849297816,estimated | true,-1695442925 | 736579491
19b,210255849297817,estimated | true,-1695442925 | 736579491
19b,210255849297818,estimated | true,-1695442925 | 736579491
19b,210255849297819,estimated | true,-485862909 | 736579491
19b,210255849297820,estimated | true,-1695442925 | 736579491
19b,210255849297822,estimated | true,1806309024 | 736579491
19b,210255849297823,estimated | true,-1695442925 | 736579491
19b,210255849297824,estimated | true,-485862909 | 736579491
19b,210255849297825,estimated | true,-485862909 | 736579491
19b,210255849297826,estimated | true,-1695442925 | 736579491
19b,210255849297827,estimated | true,-1695442925 | 736579491
19b,210255849297828,estimated | true,-2050555043 | 736579491
19b,210255849297829,estimated | true,-485862909 | 736579491
19b,210255849297830,estimated | true,-485862909 | 736579491
19b,210255849297831,estimated | true,1806309024 | 736579491
19b,210255849297832,estimated | true,-485862909 | 736579491
19b,210255849297833,estimated | true,1806309024 | 736579491
19b,210255849297834,estimated | true,-1695442925 | 736579491
19b,210255849297835,estimated | true,-485862909 | 736579491
19b,210255849297836,estimated | true,-2050555043 | 736579491
19b,210255849297837,estimated | true,-1695442925 | 736579491
19b,210255849297838,estimated | true,-485862909 | 736579491
19b,210255849297839,estimated | true,-485862909 | 736579491
19b,210255849297840,estimated | true,-1695442925 | 736579491
19b,210255849297841,estimated | true,1806309024 | 736579491
19b,210255849297843,estimated | true,-485862909 | 736579491
19b,210255849297844,estimated | true,-2050555043 | 736579491
19b,210255849297845,estimated | true,-485862909 | 736579491
19b,210255849297846,estimated | true,-1695442925 | 736579491
19b,210255849297847,estimated | true,-485862909 | 736579491
19c,210260144265112,estimated | true,1318398543 | -1480794513
19c,210260144265113,estimated | true,1318398543 | -1480794513
19c,210260144265114,estimated | true,1318398543 | -1480794513
19c,210260144265115,estimated | true,1318398543 | -1480794513
19c,210260144265117,estimated | true,1318398543 | -1480794513
19c,210260144265118,estimated | true,1318398543 | -1480794513
19c,210260144265119,estimated | true,1318398543 | -1480794513
19c,210260144265120,estimated | true,1318398543 | -1480794513
19c,210260144265121,estimated | true,1318398543 | -1480794513
19c,210260144265122,estimated | true,1318398543 | -1480794513
19c,210260144265123,estimated | true,1318398543 | -1480794513
19c,210260144265124,estimated | true,1318398543 | -1480794513
19c,210260144265125,estimated | true,1318398543 | -1480794513
19c,210260144265126,estimated | true,1318398543 | -1480794513
19c,210260144265127,estimated | true,1318398543 | -1480794513
19c,210260144265128,estimated | true,1318398543 | -1480794513
19c,210260144265129,estimated | true,1318398543 | -1480794513
19c,210260144265130,estimated | true,1318398543 | -1480794513
19c,210260144265131,estimated | true,204487702 | -1480794513
19c,210260144265132,estimated | true,1318398543 | -1480794513
19c,210260144265133,estimated | true,1318398543 | -1480794513
19c,210260144265134,estimated | true,1318398543 | -1480794513
19c,210260144265135,estimated | true,1318398543 | -1480794513
19c,210260144265136,estimated | true,204487702 | -1480794513
19c,210260144265137,estimated | true,1318398543 | -1480794513
19c,210260144265138,estimated | true,204487702 | -1480794513
19c,210260144265140,estimated | true,204487702 | -1480794513
19c,210260144265141,estimated | true,1318398543 | -1480794513
19c,210260144265142,estimated | true,1318398543 | -1480794513
19c,210260144265143,estimated | true,1318398543 | -1480794513
19d,210264439232408,estimated | true,355516932 | 1993177302
19d,210264439232409,estimated | true,355516932 | 1993177302
19d,210264439232410,estimated | true,355516932 | 1993177302
19d,210264439232412,estimated | true,355516932 | 1993177302
19d,210264439232413,estimated | true,355516932 | 1993177302
19d,210264439232414,estimated | true,355516932 | 1993177302
19d,210264439232415,estimated | true,355516932 | 1993177302
19d,210264439232416,estimated | true,355516932 | 1993177302
19d,210264439232417,estimated | true,355516932 | 1993177302
19d,210264439232418,estimated | true,355516932 | 1993177302
19d,210264439232419,estimated | true,355516932 | 1993177302
19d,210264439232420,estimated | true,355516932 | 1993177302
19d,210264439232421,estimated | true,355516932 | 1993177302
19d,210264439232422,estimated | true,355516932 | 1993177302
19d,210264439232423,estimated | true,355516932 | 1993177302
19d,210264439232424,estimated | true,355516932 | 1993177302
19d,210264439232425,estimated | true,355516932 | 1993177302
19d,210264439232426,estimated | true,355516932 | 1993177302
19d,210264439232427,estimated | true,355516932 | 1993177302
19d,210264439232428,estimated | true,355516932 | 1993177302
19d,210264439232429,estimated | true,355516932 | 1993177302
19d,210264439232430,estimated | true,355516932 | 1993177302
19d,210264439232431,estimated | true,355516932 | 1993177302
19d,210264439232432,estimated | true,355516932 | 1993177302
19d,210264439232433,estimated | true,355516932 | 1993177302
19d,210264439232434,estimated | true,355516932 | 1993177302
19d,210264439232435,estimated | true,355516932 | 1993177302
19d,210264439232437,estimated | true,355516932 | 1993177302
19d,210264439232438,estimated | true,355516932 | 1993177302
19d,210264439232439,estimated | true,195290203 | 1993177302
1a,6940687412928,estimated | true,686382736 | 958676468
1a,6940687412929,estimated | true,686382736 | 958676468
1a,6940687412930,estimated | true,686382736 | 958676468
1a,6940687412931,estimated | true,686382736 | 958676468
1a,6940687412932,estimated | true,686382736 | 958676468
1a,6940687412933,estimated | true,686382736 | 958676468
1a,6940687412934,estimated | true,686382736 | 958676468
1a,6940687412935,estimated | true,686382736 | 958676468
1a,6940687412936,estimated | true,686382736 | 958676468
1a,6940687412937,estimated | true,686382736 | 958676468
1a,6940687412938,estimated | true,686382736 | 958676468
1a,6940687412939,estimated | true,686382736 | 958676468
1a,6940687412940,estimated | true,686382736 | 958676468
1a,6940687412941,estimated | true,686382736 | 958676468
1a,6940687412942,estimated | true,686382736 | 958676468
1a,6940687412943,estimated | true,686382736 | 958676468
1a,6940687412953,estimated | true,686382736 | 958676468
1a,6940687412954,estimated | true,686382736 | 958676468
1a,6940687412955,estimated | true,686382736 | 958676468
1a,6940687412956,estimated | true,686382736 | 958676468
1a,6940687412957,estimated | true,686382736 | 958676468
1a,6940687412958,estimated | true,686382736 | 958676468
1a,6940687412959,estimated | true,686382736 | 958676468
1a,6940687412976,estimated | true,686382736 | 958676468
1a,6940687412977,estimated | true,686382736 | 958676468
1a,6940687412978,estimated | true,686382736 | 958676468
1a,6940687412979,estimated | true,686382736 | 958676468
1a,6940687412980,estimated | true,686382736 | 958676468
1a,6940687412981,estimated | true,686382736 | 958676468
1a,6940687412982,estimated | true,686382736 | 958676468
1b,6944982380224,estimated | true,1003820838 | 1917404445
1b,6944982380225,estimated | true,1003820838 | 1917404445
1b,6944982380226,estimated | true,1003820838 | 1917404445
1b,6944982380227,estimated | true,1003820838 | 1917404445
1b,6944982380228,estimated | true,1003820838 | 1917404445
1b,6944982380229,estimated | true,1003820838 | 1917404445
1b,6944982380230,estimated | true,1003820838 | 1917404445
1b,6944982380231,estimated | true,1003820838 | 1917404445
1b,6944982380232,estimated | true,1003820838 | 1917404445
1b,6944982380233,estimated | true,1003820838 | 1917404445
1b,6944982380234,estimated | true,1003820838 | 1917404445
1b,6944982380235,estimated | true,1003820838 | 1917404445
1b,6944982380236,estimated | true,1003820838 | 1917404445
1b,6944982380237,estimated | true,1003820838 | 1917404445
1b,6944982380238,estimated | true,1003820838 | 1917404445
1b,6944982380239,estimated | true,1003820838 | 1917404445
1b,6944982380248,estimated | true,1003820838 | 1917404445
1b,6944982380250,estimated | true,1003820838 | 1917404445
1b,6944982380251,estimated | true,1003820838 | 1917404445
1b,6944982380252,estimated | true,1003820838 | 1917404445
1b,6944982380253,estimated | true,1003820838 | 1917404445
1b,6944982380254,estimated | true,1003820838 | 1917404445
1b,6944982380255,estimated | true,1003820838 | 1917404445
1b,6944982380272,estimated | true,1003820838 | 1917404445
1b,6944982380273,estimated | true,1003820838 | 1917404445
1b,6944982380274,estimated | true,1003820838 | 1917404445
1b,6944982380275,estimated | true,1003820838 | 1917404445
1b,6944982380276,estimated | true,1003820838 | 1917404445
1b,6944982380277,estimated | true,1003820838 | 1917404445
1b,6944982380279,estimated | true,1003820838 | 1917404445
1c,6949277347520,estimated | true,958676468 | 1500662999
1c,6949277347521,estimated | true,686382736 | 1500662999
1c,6949277347522,estimated | true,958676468 | 1500662999
1c,6949277347523,estimated | true,686382736 | 1500662999
1c,6949277347524,estimated | true,958676468 | 1500662999
1c,6949277347525,estimated | true,958676468 | 1500662999
1c,6949277347526,estimated | true,686382736 | 1500662999
1c,6949277347527,estimated | true,686382736 | 1500662999
1c,6949277347528,estimated | true,686382736 | 1500662999
1c,6949277347529,estimated | true,686382736 | 1500662999
1c,6949277347530,estimated | true,686382736 | 1500662999
1c,6949277347531,estimated | true,958676468 | 1500662999
1c,6949277347532,estimated | true,958676468 | 1500662999
1c,6949277347533,estimated | true,686382736 | 1500662999
1c,6949277347534,estimated | true,686382736 | 1500662999
1c,6949277347535,estimated | true,686382736 | 1500662999
1c,6949277347544,estimated | true,686382736 | 1500662999
1c,6949277347545,estimated | true,958676468 | 1500662999
1c,6949277347547,estimated | true,686382736 | 1500662999
1c,6949277347548,estimated | true,958676468 | 1500662999
1c,6949277347549,estimated | true,958676468 | 1500662999
1c,6949277347550,estimated | true,958676468 | 1500662999
1c,6949277347551,estimated | true,686382736 | 1500662999
1c,6949277347568,estimated | true,686382736 | 1500662999
1c,6949277347569,estimated | true,686382736 | 1500662999
1c,6949277347570,estimated | true,686382736 | 1500662999
1c,6949277347571,estimated | true,958676468 | 1500662999
1c,6949277347572,estimated | true,686382736 | 1500662999
1c,6949277347574,estimated | true,686382736 | 1500662999
1c,6949277347575,estimated | true,686382736 | 1500662999
1d,6953572314816,estimated | true,1003820838 | 1917404445
1d,6953572314817,estimated | true,1003820838 | 1917404445
1d,6953572314818,estimated | true,1003820838 | 1917404445
1d,6953572314819,estimated | true,1003820838 | 1917404445
1d,6953572314820,estimated | true,1003820838 | 1917404445
1d,6953572314821,estimated | true,1003820838 | 1917404445
1d,6953572314822,estimated | true,1003820838 | 1917404445
1d,6953572314823,estimated | true,1003820838 | 1917404445
1d,6953572314824,estimated | true,1003820838 | 1917404445
1d,6953572314825,estimated | true,1003820838 | 1917404445
1d,6953572314826,estimated | true,1003820838 | 1917404445
1d,6953572314827,estimated | true,1003820838 | 1917404445
1d,6953572314828,estimated | true,1003820838 | 1917404445
1d,6953572314829,estimated | true,1003820838 | 1917404445
1d,6953572314830,estimated | true,1003820838 | 1917404445
1d,6953572314831,estimated | true,1003820838 | 1917404445
1d,6953572314840,estimated | true,1003820838 | 1917404445
1d,6953572314841,estimated | true,1003820838 | 1917404445
1d,6953572314842,estimated | true,1003820838 | 1917404445
1d,6953572314844,estimated | true,1003820838 | 1917404445
1d,6953572314845,estimated | true,1003820838 | 1917404445
1d,6953572314846,estimated | true,1003820838 | 1917404445
1d,6953572314847,estimated | true,1003820838 | 1917404445
1d,6953572314864,estimated | true,1003820838 | 1917404445
1d,6953572314865,estimated | true,1003820838 | 1917404445
1d,6953572314866,estimated | true,1003820838 | 1917404445
1d,6953572314867,estimated | true,1003820838 | 1917404445
1d,6953572314869,estimated | true,1003820838 | 1917404445
1d,6953572314870,estimated | true,1003820838 | 1917404445
1d,6953572314871,estimated | true,1003820838 | 1917404445
20a,213180722047296,estimated | true,1851327364 | -1679234965
20a,213180722047297,estimated | true,1851327364 | -1679234965
20a,213180722047298,estimated | true,1851327364 | -1679234965
20a,213180722047299,estimated | true,1851327364 | -1679234965
20a,213180722047301,estimated | true,1851327364 | -1679234965
20a,213180722047302,estimated | true,1851327364 | -1679234965
20a,213180722047303,estimated | true,1851327364 | -1679234965
20a,213180722047336,estimated | true,1851327364 | -1679234965
20a,213180722047337,estimated | true,1851327364 | -1679234965
20a,213180722047338,estimated | true,1851327364 | -1679234965
20a,213180722047340,estimated | true,1851327364 | -1679234965
20a,213180722047341,estimated | true,1851327364 | -1679234965
20a,213180722047342,estimated | true,1851327364 | -1679234965
20a,213180722047343,estimated | true,1851327364 | -1679234965
20a,213180722047344,estimated | true,1851327364 | -1679234965
20a,213180722047345,estimated | true,1851327364 | -1679234965
20a,213180722047346,estimated | true,1851327364 | -1679234965
20a,213180722047347,estimated | true,1851327364 | -1679234965
20a,213180722047348,estimated | true,1851327364 | -1679234965
20a,213180722047349,estimated | true,1851327364 | -1679234965
20a,213180722047350,estimated | true,1851327364 | -1679234965
20a,213180722047351,estimated | true,1851327364 | -1679234965
20a,213180722047352,estimated | true,1851327364 | -1679234965
20a,213180722047353,estimated | true,1851327364 | -1679234965
20a,213180722047354,estimated | true,1851327364 | -1679234965
20a,213180722047355,estimated | true,1851327364 | -1679234965
20a,213180722047356,estimated | true,1851327364 | -1679234965
20a,213180722047357,estimated | true,1851327364 | -1679234965
20a,213180722047358,estimated | true,1851327364 | -1679234965
20a,213180722047359,estimated | true,1851327364 | -1679234965
20b,213185017014592,estimated | true,-928235981 | 299293628
20b,213185017014593,estimated | true,-928235981 | 299293628
20b,213185017014594,estimated | true,-928235981 | 299293628
20b,213185017014596,estimated | true,-928235981 | 299293628
20b,213185017014597,estimated | true,-928235981 | 299293628
20b,213185017014598,estimated | true,-928235981 | 299293628
20b,213185017014599,estimated | true,-928235981 | 299293628
20b,213185017014632,estimated | true,-928235981 | 299293628
20b,213185017014633,estimated | true,-928235981 | 299293628
20b,213185017014634,estimated | true,-928235981 | 299293628
20b,213185017014635,estimated | true,-928235981 | 299293628
20b,213185017014637,estimated | true,-928235981 | 299293628
20b,213185017014638,estimated | true,-928235981 | 299293628
20b,213185017014639,estimated | true,-928235981 | 299293628
20b,213185017014640,estimated | true,-928235981 | 299293628
20b,213185017014641,estimated | true,-928235981 | 299293628
20b,213185017014642,estimated | true,-928235981 | 299293628
20b,213185017014643,estimated | true,-928235981 | 299293628
20b,213185017014644,estimated | true,-928235981 | 299293628
20b,213185017014645,estimated | true,-928235981 | 299293628
20b,213185017014646,estimated | true,-928235981 | 299293628
20b,213185017014647,estimated | true,-928235981 | 299293628
20b,213185017014648,estimated | true,-928235981 | 299293628
20b,213185017014649,estimated | true,-928235981 | 299293628
20b,213185017014650,estimated | true,-928235981 | 299293628
20b,213185017014651,estimated | true,-928235981 | 299293628
20b,213185017014652,estimated | true,-928235981 | 299293628
20b,213185017014653,estimated | true,-928235981 | 299293628
20b,213185017014654,estimated | true,-928235981 | 299293628
20b,213185017014655,estimated | true,-928235981 | 299293628
20c,213189311981888,estimated | true,720639100 | -213504921
20c,213189311981889,estimated | true,1039041853 | -213504921
20c,213189311981891,estimated | true,720639100 | -213504921
20c,213189311981892,estimated | true,720639100 | -213504921
20c,213189311981893,estimated | true,720639100 | -213504921
20c,213189311981894,estimated | true,1039041853 | -213504921
20c,213189311981895,estimated | true,720639100 | -213504921
20c,213189311981928,estimated | true,1039041853 | -213504921
20c,213189311981929,estimated | true,720639100 | -213504921
20c,213189311981930,estimated | true,720639100 | -213504921
20c,213189311981931,estimated | true,720639100 | -213504921
20c,213189311981932,estimated | true,720639100 | -213504921
20c,213189311981934,estimated | true,1039041853 | -213504921
20c,213189311981935,estimated | true,720639100 | -213504921
20c,213189311981936,estimated | true,1039041853 | -213504921
20c,213189311981937,estimated | true,720639100 | -213504921
20c,213189311981938,estimated | true,720639100 | -213504921
20c,213189311981939,estimated | true,1039041853 | -213504921
20c,213189311981940,estimated | true,720639100 | -213504921
20c,213189311981941,estimated | true,720639100 | -213504921
20c,213189311981942,estimated | true,1039041853 | -213504921
20c,213189311981943,estimated | true,720639100 | -213504921
20c,213189311981944,estimated | true,1039041853 | -213504921
20c,213189311981945,estimated | true,1039041853 | -213504921
20c,213189311981946,estimated | true,1039041853 | -213504921
20c,213189311981947,estimated | true,720639100 | -213504921
20c,213189311981948,estimated | true,720639100 | -213504921
20c,213189311981949,estimated | true,720639100 | -213504921
20c,213189311981950,estimated | true,720639100 | -213504921
20c,213189311981951,estimated | true,1039041853 | -213504921
21a,213313866033800,estimated | true,-597700708 | 1908671069
21a,213313866033801,estimated | true,-597700708 | 1908671069
21a,213313866033803,estimated | true,-597700708 | 1908671069
21a,213313866033804,estimated | true,-597700708 | 1908671069
21a,213313866033805,estimated | true,-597700708 | 1908671069
21a,213313866033806,estimated | true,-597700708 | 1908671069
21a,213313866033807,estimated | true,-597700708 | 1908671069
21a,213313866033808,estimated | true,-597700708 | 1908671069
21a,213313866033809,estimated | true,-597700708 | 1908671069
21a,213313866033810,estimated | true,-597700708 | 1908671069
21a,213313866033811,estimated | true,-597700708 | 1908671069
21a,213313866033812,estimated | true,-597700708 | 1908671069
21a,213313866033813,estimated | true,-597700708 | 1908671069
21a,213313866033814,estimated | true,-597700708 | 1908671069
21a,213313866033815,estimated | true,-597700708 | 1908671069
21a,213313866033816,estimated | true,-597700708 | 1908671069
21a,213313866033817,estimated | true,-597700708 | 1908671069
21a,213313866033818,estimated | true,-597700708 | 1908671069
21a,213313866033819,estimated | true,-597700708 | 1908671069
21a,213313866033820,estimated | true,-597700708 | 1908671069
21a,213313866033821,estimated | true,-597700708 | 1908671069
21a,213313866033822,estimated | true,-597700708 | 1908671069
21a,213313866033823,estimated | true,-597700708 | 1908671069
21a,213313866033824,estimated | true,-597700708 | 1908671069
21a,213313866033825,estimated | true,-597700708 | 1908671069
21a,213313866033826,estimated | true,-597700708 | 1908671069
21a,213313866033827,estimated | true,-597700708 | 1908671069
21a,213313866033828,estimated | true,-597700708 | 1908671069
21a,213313866033830,estimated | true,-597700708 | 1908671069
21a,213313866033831,estimated | true,-597700708 | 1908671069
21b,213318161001096,estimated | true,405046416 | -419980310
21b,213318161001097,estimated | true,405046416 | -419980310
21b,213318161001098,estimated | true,405046416 | -419980310
21b,213318161001100,estimated | true,405046416 | -419980310
21b,213318161001101,estimated | true,405046416 | -419980310
21b,213318161001102,estimated | true,405046416 | -419980310
21b,213318161001103,estimated | true,405046416 | -419980310
21b,213318161001104,estimated | true,405046416 | -419980310
21b,213318161001105,estimated | true,405046416 | -419980310
21b,213318161001106,estimated | true,405046416 | -419980310
21b,213318161001107,estimated | true,405046416 | -419980310
21b,213318161001108,estimated | true,405046416 | -419980310
21b,213318161001109,estimated | true,405046416 | -419980310
21b,213318161001110,estimated | true,405046416 | -419980310
21b,213318161001111,estimated | true,405046416 | -419980310
21b,213318161001112,estimated | true,405046416 | -419980310
21b,213318161001113,estimated | true,405046416 | -419980310
21b,213318161001114,estimated | true,405046416 | -419980310
21b,213318161001115,estimated | true,405046416 | -419980310
21b,213318161001116,estimated | true,405046416 | -419980310
21b,213318161001117,estimated | true,405046416 | -419980310
21b,213318161001118,estimated | true,405046416 | -419980310
21b,213318161001119,estimated | true,405046416 | -419980310
21b,213318161001120,estimated | true,405046416 | -419980310
21b,213318161001121,estimated | true,405046416 | -419980310
21b,213318161001122,estimated | true,405046416 | -419980310
21b,213318161001123,estimated | true,405046416 | -419980310
21b,213318161001125,estimated | true,405046416 | -419980310
21b,213318161001126,estimated | true,405046416 | -419980310
21b,213318161001127,estimated | true,405046416 | -419980310
21c,213322455968392,estimated | true,-597700708 | 1908671069
21c,213322455968393,estimated | true,-597700708 | 1908671069
21c,213322455968394,estimated | true,-597700708 | 1908671069
21c,213322455968395,estimated | true,-597700708 | 1908671069
21c,213322455968397,estimated | true,-597700708 | 1908671069
21c,213322455968398,estimated | true,-597700708 | 1908671069
21c,213322455968399,estimated | true,-597700708 | 1908671069
21c,213322455968400,estimated | true,-597700708 | 1908671069
21c,213322455968401,estimated | true,-597700708 | 1908671069
21c,213322455968402,estimated | true,-597700708 | 1908671069
21c,213322455968403,estimated | true,-597700708 | 1908671069
21c,213322455968404,estimated | true,-597700708 | 1908671069
21c,213322455968405,estimated | true,-597700708 | 1908671069
21c,213322455968406,estimated | true,-597700708 | 1908671069
21c,213322455968407,estimated | true,-597700708 | 1908671069
21c,213322455968408,estimated | true,-597700708 | 1908671069
21c,213322455968409,estimated | true,-597700708 | 1908671069
21c,213322455968410,estimated | true,-597700708 | 1908671069
21c,213322455968411,estimated | true,-597700708 | 1908671069
21c,213322455968412,estimated | true,-597700708 | 1908671069
21c,213322455968413,estimated | true,-597700708 | 1908671069
21c,213322455968414,estimated | true,-597700708 | 1908671069
21c,213322455968415,estimated | true,-597700708 | 1908671069
21c,213322455968416,estimated | true,-597700708 | 1908671069
21c,213322455968417,estimated | true,-597700708 | 1908671069
21c,213322455968418,estimated | true,-597700708 | 1908671069
21c,213322455968420,estimated | true,-597700708 | 1908671069
21c,213322455968421,estimated | true,-597700708 | 1908671069
21c,213322455968422,estimated | true,-597700708 | 1908671069
21c,213322455968423,estimated | true,-597700708 | 1908671069
22a,213447010019968,estimated | true,386685412 | 1354511731
22a,213447010019969,estimated | true,386685412 | 1354511731
22a,213447010019970,estimated | true,386685412 | 1354511731
22a,213447010019971,estimated | true,386685412 | 1354511731
22a,213447010019972,estimated | true,386685412 | 1354511731
22a,213447010019973,estimated | true,386685412 | 1354511731
22a,213447010019975,estimated | true,386685412 | 1354511731
22a,213447010020008,estimated | true,386685412 | 1354511731
22a,213447010020010,estimated | true,386685412 | 1354511731
22a,213447010020011,estimated | true,386685412 | 1354511731
22a,213447010020012,estimated | true,386685412 | 1354511731
22a,213447010020013,estimated | true,386685412 | 1354511731
22a,213447010020014,estimated | true,386685412 | 1354511731
22a,213447010020015,estimated | true,386685412 | 1354511731
22a,213447010020016,estimated | true,386685412 | 1354511731
22a,213447010020017,estimated | true,386685412 | 1354511731
22a,213447010020018,estimated | true,386685412 | 1354511731
22a,213447010020019,estimated | true,386685412 | 1354511731
22a,213447010020020,estimated | true,386685412 | 1354511731
22a,213447010020021,estimated | true,386685412 | 1354511731
22a,213447010020022,estimated | true,386685412 | 1354511731
22a,213447010020023,estimated | true,386685412 | 1354511731
22a,213447010020024,estimated | true,386685412 | 1354511731
22a,213447010020025,estimated | true,386685412 | 1354511731
22a,213447010020026,estimated | true,386685412 | 1354511731
22a,213447010020027,estimated | true,386685412 | 1354511731
22a,213447010020028,estimated | true,386685412 | 1354511731
22a,213447010020029,estimated | true,386685412 | 1354511731
22a,213447010020030,estimated | true,386685412 | 1354511731
22a,213447010020031,estimated | true,386685412 | 1354511731
22b,213451304987264,estimated | true,386685412 | -512365311
22b,213451304987265,estimated | true,386685412 | -512365311
22b,213451304987266,estimated | true,386685412 | -512365311
22b,213451304987267,estimated | true,386685412 | -512365311
22b,213451304987268,estimated | true,386685412 | -512365311
22b,213451304987270,estimated | true,386685412 | -512365311
22b,213451304987271,estimated | true,386685412 | -512365311
22b,213451304987304,estimated | true,386685412 | -512365311
22b,213451304987305,estimated | true,386685412 | -512365311
22b,213451304987307,estimated | true,386685412 | -512365311
22b,213451304987308,estimated | true,386685412 | -512365311
22b,213451304987309,estimated | true,386685412 | -512365311
22b,213451304987310,estimated | true,386685412 | -512365311
22b,213451304987311,estimated | true,386685412 | -512365311
22b,213451304987312,estimated | true,386685412 | -512365311
22b,213451304987313,estimated | true,386685412 | -512365311
22b,213451304987314,estimated | true,386685412 | -512365311
22b,213451304987315,estimated | true,386685412 | -512365311
22b,213451304987316,estimated | true,386685412 | -512365311
22b,213451304987317,estimated | true,386685412 | -512365311
22b,213451304987318,estimated | true,386685412 | -512365311
22b,213451304987319,estimated | true,386685412 | -512365311
22b,213451304987320,estimated | true,386685412 | -512365311
22b,213451304987321,estimated | true,386685412 | -512365311
22b,213451304987322,estimated | true,386685412 | -512365311
22b,213451304987323,estimated | true,386685412 | -512365311
22b,213451304987324,estimated | true,386685412 | -512365311
22b,213451304987325,estimated | true,386685412 | -512365311
22b,213451304987326,estimated | true,386685412 | -512365311
22b,213451304987327,estimated | true,386685412 | -512365311
22c,213455599954560,estimated | true,386685412 | -2042873701
22c,213455599954561,estimated | true,386685412 | -2042873701
22c,213455599954562,estimated | true,386685412 | -2042873701
22c,213455599954563,estimated | true,386685412 | -2042873701
22c,213455599954565,estimated | true,386685412 | -2042873701
22c,213455599954566,estimated | true,386685412 | -2042873701
22c,213455599954567,estimated | true,386685412 | -2042873701
22c,213455599954600,estimated | true,386685412 | -2042873701
22c,213455599954601,estimated | true,386685412 | -2042873701
22c,213455599954602,estimated | true,386685412 | -2042873701
22c,213455599954604,estimated | true,386685412 | -2042873701
22c,213455599954605,estimated | true,386685412 | -2042873701
22c,213455599954606,estimated | true,386685412 | -2042873701
22c,213455599954607,estimated | true,386685412 | -2042873701
22c,213455599954608,estimated | true,386685412 | -2042873701
22c,213455599954609,estimated | true,386685412 | -2042873701
22c,213455599954610,estimated | true,386685412 | -2042873701
22c,213455599954611,estimated | true,386685412 | -2042873701
22c,213455599954612,estimated | true,386685412 | -2042873701
22c,213455599954613,estimated | true,386685412 | -2042873701
22c,213455599954614,estimated | true,386685412 | -2042873701
22c,213455599954615,estimated | true,386685412 | -2042873701
22c,213455599954616,estimated | true,386685412 | -2042873701
22c,213455599954617,estimated | true,386685412 | -2042873701
22c,213455599954618,estimated | true,386685412 | -2042873701
22c,213455599954619,estimated | true,386685412 | -2042873701
22c,213455599954620,estimated | true,386685412 | -2042873701
22c,213455599954621,estimated | true,386685412 | -2042873701
22c,213455599954622,estimated | true,386685412 | -2042873701
22c,213455599954623,estimated | true,386685412 | -2042873701
22d,213459894921856,estimated | true,1257118999 | 71389460
22d,213459894921857,estimated | true,1257118999 | 71389460
22d,213459894921858,estimated | true,1257118999 | 71389460
22d,213459894921860,estimated | true,1257118999 | 71389460
22d,213459894921861,estimated | true,1257118999 | 71389460
22d,213459894921862,estimated | true,1257118999 | 71389460
22d,213459894921863,estimated | true,1257118999 | 71389460
22d,213459894921896,estimated | true,1257118999 | 71389460
22d,213459894921897,estimated | true,1257118999 | 71389460
22d,213459894921898,estimated | true,1257118999 | 71389460
22d,213459894921899,estimated | true,1257118999 | 71389460
22d,213459894921901,estimated | true,1257118999 | 71389460
22d,213459894921902,estimated | true,1257118999 | 71389460
22d,213459894921903,estimated | true,1257118999 | 71389460
22d,213459894921904,estimated | true,1257118999 | 71389460
22d,213459894921905,estimated | true,1257118999 | 71389460
22d,213459894921906,estimated | true,1257118999 | 71389460
22d,213459894921907,estimated | true,1257118999 | 71389460
22d,213459894921908,estimated | true,1257118999 | 71389460
22d,213459894921909,estimated | true,1257118999 | 71389460
22d,213459894921910,estimated | true,1257118999 | 71389460
22d,213459894921911,estimated | true,1257118999 | 71389460
22d,213459894921912,estimated | true,1257118999 | 71389460
22d,213459894921913,estimated | true,1257118999 | 71389460
22d,213459894921914,estimated | true,1257118999 | 71389460
22d,213459894921915,estimated | true,1257118999 | 71389460
22d,213459894921916,estimated | true,1257118999 | 71389460
22d,213459894921917,estimated | true,1257118999 | 71389460
22d,213459894921918,estimated | true,1257118999 | 71389460
22d,213459894921919,estimated | true,1257118999 | 71389460
23a,213580154006217,estimated | true,-71625942 | 321713322
23a,213580154006218,estimated | true,-71625942 | 321713322
23a,213580154006219,estimated | true,1835492322 | 321713322
23a,213580154006220,estimated | true,1835492322 | 321713322
23a,213580154006221,estimated | true,-71625942 | 321713322
23a,213580154006222,estimated | true,-71625942 | 321713322
23a,213580154006223,estimated | true,-71625942 | 321713322
23a,213580154006224,estimated | true,-71625942 | 321713322
23a,213580154006225,estimated | true,-71625942 | 321713322
23a,213580154006226,estimated | true,-71625942 | 321713322
23a,213580154006227,estimated | true,-71625942 | 321713322
23a,213580154006228,estimated | true,-71625942 | 321713322
23a,213580154006229,estimated | true,-71625942 | 321713322
23a,213580154006230,estimated | true,-71625942 | 321713322
23a,213580154006231,estimated | true,-71625942 | 321713322
23a,213580154006232,estimated | true,-71625942 | 321713322
23a,213580154006233,estimated | true,-71625942 | 321713322
23a,213580154006234,estimated | true,-71625942 | 321713322
23a,213580154006235,estimated | true,-71625942 | 321713322
23a,213580154006236,estimated | true,-71625942 | 321713322
23a,213580154006237,estimated | true,-71625942 | 321713322
23a,213580154006238,estimated | true,-71625942 | 321713322
23a,213580154006239,estimated | true,-71625942 | 321713322
23a,213580154006240,estimated | true,1835492322 | 321713322
23a,213580154006241,estimated | true,1835492322 | 321713322
23a,213580154006242,estimated | true,-71625942 | 321713322
23a,213580154006243,estimated | true,-71625942 | 321713322
23a,213580154006244,estimated | true,-71625942 | 321713322
23a,213580154006245,estimated | true,-71625942 | 321713322
23a,213580154006246,estimated | true,1835492322 | 321713322
23b,213584448973512,estimated | true,1055741165 | 1195683365
23b,213584448973514,estimated | true,1055741165 | 1195683365
23b,213584448973515,estimated | true,1055741165 | 1195683365
23b,213584448973516,estimated | true,1055741165 | 1195683365
23b,213584448973517,estimated | true,1055741165 | 1195683365
23b,213584448973518,estimated | true,-617936631 | 1195683365
23b,213584448973519,estimated | true,1055741165 | 1195683365
23b,213584448973520,estimated | true,1055741165 | 1195683365
23b,213584448973521,estimated | true,1055741165 | 1195683365
23b,213584448973522,estimated | true,1055741165 | 1195683365
23b,213584448973523,estimated | true,-617936631 | 1195683365
23b,213584448973524,estimated | true,1055741165 | 1195683365
23b,213584448973525,estimated | true,1055741165 | 1195683365
23b,213584448973526,estimated | true,-617936631 | 1195683365
23b,213584448973527,estimated | true,1055741165 | 1195683365
23b,213584448973528,estimated | true,1055741165 | 1195683365
23b,213584448973529,estimated | true,1055741165 | 1195683365
23b,213584448973530,estimated | true,1055741165 | 1195683365
23b,213584448973531,estimated | true,1055741165 | 1195683365
23b,213584448973532,estimated | true,1055741165 | 1195683365
23b,213584448973533,estimated | true,1055741165 | 1195683365
23b,213584448973534,estimated | true,1055741165 | 1195683365
23b,213584448973535,estimated | true,-617936631 | 1195683365
23b,213584448973536,estimated | true,1055741165 | 1195683365
23b,213584448973537,estimated | true,1055741165 | 1195683365
23b,213584448973538,estimated | true,1055741165 | 1195683365
23b,213584448973539,estimated | true,1055741165 | 1195683365
23b,213584448973540,estimated | true,1055741165 | 1195683365
23b,213584448973541,estimated | true,1055741165 | 1195683365
23b,213584448973543,estimated | true,1055741165 | 1195683365
23c,213588743940808,estimated | true,-71625942 | 392613694
23c,213588743940809,estimated | true,-71625942 | 392613694
23c,213588743940811,estimated | true,-71625942 | 392613694
23c,213588743940812,estimated | true,-71625942 | 392613694
23c,213588743940813,estimated | true,-71625942 | 392613694
23c,213588743940814,estimated | true,-71625942 | 392613694
23c,213588743940815,estimated | true,-71625942 | 392613694
23c,213588743940816,estimated | true,-71625942 | 392613694
23c,213588743940817,estimated | true,-71625942 | 392613694
23c,213588743940818,estimated | true,1835492322 | 392613694
23c,213588743940819,estimated | true,-71625942 | 392613694
23c,213588743940820,estimated | true,-71625942 | 392613694
23c,213588743940821,estimated | true,-71625942 | 392613694
23c,213588743940822,estimated | true,-71625942 | 392613694
23c,213588743940823,estimated | true,1835492322 | 392613694
23c,213588743940824,estimated | true,1835492322 | 392613694
23c,213588743940825,estimated | true,-71625942 | 392613694
23c,213588743940826,estimated | true,-71625942 | 392613694
23c,213588743940827,estimated | true,-71625942 | 392613694
23c,213588743940828,estimated | true,-71625942 | 392613694
23c,213588743940829,estimated | true,-71625942 | 392613694
23c,213588743940830,estimated | true,-71625942 | 392613694
23c,213588743940831,estimated | true,-71625942 | 392613694
23c,213588743940832,estimated | true,-71625942 | 392613694
23c,213588743940833,estimated | true,-71625942 | 392613694
23c,213588743940834,estimated | true,-71625942 | 392613694
23c,213588743940835,estimated | true,-71625942 | 392613694
23c,213588743940836,estimated | true,-71625942 | 392613694
23c,213588743940838,estimated | true,-71625942 | 392613694
23c,213588743940839,estimated | true,-71625942 | 392613694
24a,213713297992384,estimated | true,791855537 | 143706046
24a,213713297992385,estimated | true,791855537 | 143706046
24a,213713297992386,estimated | true,791855537 | 143706046
24a,213713297992387,estimated | true,1932148784 | 143706046
24a,213713297992388,estimated | true,791855537 | 143706046
24a,213713297992389,estimated | true,791855537 | 143706046
24a,213713297992390,estimated | true,791855537 | 143706046
24a,213713297992391,estimated | true,1932148784 | 143706046
24a,213713297992392,estimated | true,1932148784 | 143706046
24a,213713297992393,estimated | true,1932148784 | 143706046
24a,213713297992394,estimated | true,791855537 | 143706046
24a,213713297992395,estimated | true,791855537 | 143706046
24a,213713297992396,estimated | true,791855537 | 143706046
24a,213713297992397,estimated | true,791855537 | 143706046
24a,213713297992398,estimated | true,791855537 | 143706046
24a,213713297992399,estimated | true,791855537 | 143706046
24a,213713297992400,estimated | true,791855537 | 143706046
24a,213713297992401,estimated | true,1932148784 | 143706046
24a,213713297992402,estimated | true,1932148784 | 143706046
24a,213713297992403,estimated | true,369835801 | 143706046
24a,213713297992404,estimated | true,791855537 | 143706046
24a,213713297992405,estimated | true,916074739 | 143706046
24a,213713297992406,estimated | true,1932148784 | 143706046
24a,213713297992441,estimated | true,1932148784 | 143706046
24a,213713297992442,estimated | true,791855537 | 143706046
24a,213713297992443,estimated | true,1932148784 | 143706046
24a,213713297992444,estimated | true,791855537 | 143706046
24a,213713297992445,estimated | true,791855537 | 143706046
24a,213713297992446,estimated | true,-395869926 | 143706046
24a,213713297992447,estimated | true,791855537 | 143706046
24b,213717592959680,estimated | true,-40566316 | -1235231742
24b,213717592959681,estimated | true,-40566316 | -1235231742
24b,213717592959682,estimated | true,-40566316 | -1235231742
24b,213717592959683,estimated | true,-40566316 | -1235231742
24b,213717592959684,estimated | true,-40566316 | -1235231742
24b,213717592959685,estimated | true,-40566316 | -1235231742
24b,213717592959686,estimated | true,-40566316 | -1235231742
24b,213717592959721,estimated | true,-40566316 | -1235231742
24b,213717592959722,estimated | true,-40566316 | -1235231742
24b,213717592959723,estimated | true,-40566316 | -1235231742
24b,213717592959724,estimated | true,-40566316 | -1235231742
24b,213717592959725,estimated | true,-40566316 | -1235231742
24b,213717592959726,estimated | true,-40566316 | -1235231742
24b,213717592959727,estimated | true,-40566316 | -1235231742
24b,213717592959728,estimated | true,-40566316 | -1235231742
24b,213717592959729,estimated | true,-40566316 | -1235231742
24b,213717592959730,estimated | true,-40566316 | -1235231742
24b,213717592959731,estimated | true,-40566316 | -1235231742
24b,213717592959732,estimated | true,-40566316 | -1235231742
24b,213717592959733,estimated | true,-40566316 | -1235231742
24b,213717592959734,estimated | true,-40566316 | -1235231742
24b,213717592959735,estimated | true,-40566316 | -1235231742
24b,213717592959736,estimated | true,-40566316 | -1235231742
24b,213717592959737,estimated | true,-40566316 | -1235231742
24b,213717592959738,estimated | true,-40566316 | -1235231742
24b,213717592959739,estimated | true,-40566316 | -1235231742
24b,213717592959740,estimated | true,-40566316 | -1235231742
24b,213717592959741,estimated | true,-40566316 | -1235231742
24b,213717592959742,estimated | true,-40566316 | -1235231742
24b,213717592959743,estimated | true,-40566316 | -1235231742
25a,213846441978584,estimated | true,-1021917547 | 1793769049
25a,213846441978586,estimated | true,-1021917547 | 1793769049
25a,213846441978587,estimated | true,-1021917547 | 1793769049
25a,213846441978588,estimated | true,-1021917547 | 1793769049
25a,213846441978589,estimated | true,-1021917547 | 1793769049
25a,213846441978590,estimated | true,-1021917547 | 1793769049
25a,213846441978591,estimated | true,-1021917547 | 1793769049
25a,213846441978592,estimated | true,-1021917547 | 1793769049
25a,213846441978593,estimated | true,-1021917547 | 1793769049
25a,213846441978594,estimated | true,-1021917547 | 1793769049
25a,213846441978595,estimated | true,-1021917547 | 1793769049
25a,213846441978596,estimated | true,-1021917547 | 1793769049
25a,213846441978597,estimated | true,-1021917547 | 1793769049
25a,213846441978598,estimated | true,-1021917547 | 1793769049
25a,213846441978599,estimated | true,-1021917547 | 1793769049
25a,213846441978600,estimated | true,-1021917547 | 1793769049
25a,213846441978601,estimated | true,-1021917547 | 1793769049
25a,213846441978602,estimated | true,-1021917547 | 1793769049
25a,213846441978603,estimated | true,-1021917547 | 1793769049
25a,213846441978604,estimated | true,-1021917547 | 1793769049
25a,213846441978605,estimated | true,-1021917547 | 1793769049
25a,213846441978606,estimated | true,1586792420 | 1793769049
25a,213846441978607,estimated | true,-1021917547 | 1793769049
25a,213846441978608,estimated | true,-1021917547 | 1793769049
25a,213846441978609,estimated | true,-1021917547 | 1793769049
25a,213846441978610,estimated | true,-1021917547 | 1793769049
25a,213846441978611,estimated | true,-1021917547 | 1793769049
25a,213846441978612,estimated | true,-1021917547 | 1793769049
25a,213846441978613,estimated | true,-1021917547 | 1793769049
25a,213846441978615,estimated | true,-1021917547 | 1793769049
25b,213850736945881,estimated | true,-1701088130 | -1156891684
25b,213850736945882,estimated | true,129277874 | -1156891684
25b,213850736945883,estimated | true,-1701088130 | -1156891684
25b,213850736945884,estimated | true,129277874 | -1156891684
25b,213850736945885,estimated | true,-1701088130 | -1156891684
25b,213850736945886,estimated | true,-1701088130 | -1156891684
25b,213850736945887,estimated | true,-1701088130 | -1156891684
25b,213850736945888,estimated | true,129277874 | -1156891684
25b,213850736945889,estimated | true,129277874 | -1156891684
25b,213850736945890,estimated | true,129277874 | -1156891684
25b,213850736945891,estimated | true,-1701088130 | -1156891684
25b,213850736945892,estimated | true,129277874 | -1156891684
25b,213850736945893,estimated | true,129277874 | -1156891684
25b,213850736945894,estimated | true,-1701088130 | -1156891684
25b,213850736945895,estimated | true,-1701088130 | -1156891684
25b,213850736945896,estimated | true,129277874 | -1156891684
25b,213850736945897,estimated | true,-1701088130 | -1156891684
25b,213850736945898,estimated | true,129277874 | -1156891684
25b,213850736945899,estimated | true,-1701088130 | -1156891684
25b,213850736945900,estimated | true,-1701088130 | -1156891684
25b,213850736945901,estimated | true,129277874 | -1156891684
25b,213850736945902,estimated | true,-1701088130 | -1156891684
25b,213850736945903,estimated | true,-1701088130 | -1156891684
25b,213850736945904,estimated | true,129277874 | -1156891684
25b,213850736945905,estimated | true,129277874 | -1156891684
25b,213850736945906,estimated | true,-1701088130 | -1156891684
25b,213850736945907,estimated | true,-1701088130 | -1156891684
25b,213850736945908,estimated | true,-1701088130 | -1156891684
25b,213850736945909,estimated | true,-1701088130 | -1156891684
25b,213850736945910,estimated | true,-1701088130 | -1156891684
25c,213855031912969,estimated | true,-472157051 | -1927687381
25c,213855031912970,estimated | true,-472157051 | -1927687381
25c,213855031912971,estimated | true,-472157051 | -1927687381
25c,213855031912972,estimated | true,-472157051 | -1927687381
25c,213855031912973,estimated | true,-1608939935 | -1927687381
25c,213855031912974,estimated | true,-472157051 | -1927687381
25c,213855031912975,estimated | true,-472157051 | -1927687381
25c,213855031912976,estimated | true,-472157051 | -1927687381
25c,213855031912977,estimated | true,-472157051 | -1927687381
25c,213855031912978,estimated | true,-472157051 | -1927687381
25c,213855031912979,estimated | true,-472157051 | -1927687381
25c,213855031912980,estimated | true,-472157051 | -1927687381
25c,213855031912981,estimated | true,-472157051 | -1927687381
25c,213855031912982,estimated | true,-472157051 | -1927687381
25c,213855031912983,estimated | true,-472157051 | -1927687381
25c,213855031912984,estimated | true,-472157051 | -1927687381
25c,213855031912985,estimated | true,-472157051 | -1927687381
25c,213855031912986,estimated | true,-472157051 | -1927687381
25c,213855031912987,estimated | true,-472157051 | -1927687381
25c,213855031912988,estimated | true,-472157051 | -1927687381
25c,213855031912989,estimated | true,-472157051 | -1927687381
25c,213855031912990,estimated | true,-472157051 | -1927687381
25c,213855031912991,estimated | true,-472157051 | -1927687381
25c,213855031912992,estimated | true,-472157051 | -1927687381
25c,213855031912993,estimated | true,-472157051 | -1927687381
25c,213855031912994,estimated | true,-472157051 | -1927687381
25c,213855031912995,estimated | true,-472157051 | -1927687381
25c,213855031912996,estimated | true,-472157051 | -1927687381
25c,213855031912997,estimated | true,-472157051 | -1927687381
25c,213855031912998,estimated | true,-1608939935 | -1927687381
26a,213979585964544,estimated | true,371066945 | 1391983554
26a,213979585964545,estimated | true,371066945 | 1391983554
26a,213979585964546,estimated | true,371066945 | 1391983554
26a,213979585964547,estimated | true,371066945 | 1391983554
26a,213979585964548,estimated | true,141312733 | 1391983554
26a,213979585964549,estimated | true,141312733 | 1391983554
26a,213979585964550,estimated | true,85319606 | 1391983554
26a,213979585964551,estimated | true,141312733 | 1391983554
26a,213979585964552,estimated | true,141312733 | 1391983554
26a,213979585964553,estimated | true,85319606 | 1391983554
26a,213979585964554,estimated | true,371066945 | 1391983554
26a,213979585964555,estimated | true,371066945 | 1391983554
26a,213979585964556,estimated | true,371066945 | 1391983554
26a,213979585964557,estimated | true,371066945 | 1391983554
26a,213979585964558,estimated | true,141312733 | 1391983554
26a,213979585964559,estimated | true,85319606 | 1391983554
26a,213979585964560,estimated | true,371066945 | 1391983554
26a,213979585964561,estimated | true,371066945 | 1391983554
26a,213979585964562,estimated | true,371066945 | 1391983554
26a,213979585964563,estimated | true,371066945 | 1391983554
26a,213979585964564,estimated | true,371066945 | 1391983554
26a,213979585964566,estimated | true,85319606 | 1391983554
26a,213979585964567,estimated | true,371066945 | 1391983554
26a,213979585964600,estimated | true,141312733 | 1391983554
26a,213979585964601,estimated | true,141312733 | 1391983554
26a,213979585964603,estimated | true,141312733 | 1391983554
26a,213979585964604,estimated | true,141312733 | 1391983554
26a,213979585964605,estimated | true,371066945 | 1391983554
26a,213979585964606,estimated | true,371066945 | 1391983554
26a,213979585964607,estimated | true,141312733 | 1391983554
26b,213983880931840,estimated | true,-160503600 | -50457279
26b,213983880931841,estimated | true,-1274759566 | -50457279
26b,213983880931842,estimated | true,-1274759566 | -50457279
26b,213983880931843,estimated | true,-160503600 | -50457279
26b,213983880931844,estimated | true,-1274759566 | -50457279
26b,213983880931845,estimated | true,-1274759566 | -50457279
26b,213983880931846,estimated | true,-160503600 | -50457279
26b,213983880931847,estimated | true,-160503600 | -50457279
26b,213983880931848,estimated | true,-160503600 | -50457279
26b,213983880931849,estimated | true,-1274759566 | -50457279
26b,213983880931850,estimated | true,-1274759566 | -50457279
26b,213983880931851,estimated | true,-1274759566 | -50457279
26b,213983880931852,estimated | true,-1274759566 | -50457279
26b,213983880931853,estimated | true,-160503600 | -50457279
26b,213983880931854,estimated | true,-1274759566 | -50457279
26b,213983880931855,estimated | true,-1274759566 | -50457279
26b,213983880931856,estimated | true,-1274759566 | -50457279
26b,213983880931857,estimated | true,-160503600 | -50457279
26b,213983880931858,estimated | true,-160503600 | -50457279
26b,213983880931859,estimated | true,-160503600 | -50457279
26b,213983880931860,estimated | true,-1274759566 | -50457279
26b,213983880931861,estimated | true,-1274759566 | -50457279
26b,213983880931863,estimated | true,-1274759566 | -50457279
26b,213983880931896,estimated | true,-1274759566 | -50457279
26b,213983880931898,estimated | true,-1274759566 | -50457279
26b,213983880931899,estimated | true,-1274759566 | -50457279
26b,213983880931900,estimated | true,-1274759566 | -50457279
26b,213983880931901,estimated | true,-160503600 | -50457279
26b,213983880931902,estimated | true,-160503600 | -50457279
26b,213983880931903,estimated | true,-160503600 | -50457279
26c,213988175899136,estimated | true,1234498459 | 2137147527
26c,213988175899137,estimated | true,-378180131 | 2137147527
26c,213988175899138,estimated | true,-378180131 | 2137147527
26c,213988175899139,estimated | true,-378180131 | 2137147527
26c,213988175899140,estimated | true,1234498459 | 2137147527
26c,213988175899141,estimated | true,-378180131 | 2137147527
26c,213988175899142,estimated | true,1234498459 | 2137147527
26c,213988175899143,estimated | true,1234498459 | 2137147527
26c,213988175899144,estimated | true,1234498459 | 2137147527
26c,213988175899145,estimated | true,1234498459 | 2137147527
26c,213988175899146,estimated | true,1234498459 | 2137147527
26c,213988175899147,estimated | true,1234498459 | 2137147527
26c,213988175899148,estimated | true,1234498459 | 2137147527
26c,213988175899149,estimated | true,-378180131 | 2137147527
26c,213988175899150,estimated | true,-378180131 | 2137147527
26c,213988175899151,estimated | true,1234498459 | 2137147527
26c,213988175899152,estimated | true,-378180131 | 2137147527
26c,213988175899153,estimated | true,1234498459 | 2137147527
26c,213988175899154,estimated | true,1234498459 | 2137147527
26c,213988175899155,estimated | true,-378180131 | 2137147527
26c,213988175899156,estimated | true,-378180131 | 2137147527
26c,213988175899157,estimated | true,-378180131 | 2137147527
26c,213988175899158,estimated | true,1234498459 | 2137147527
26c,213988175899193,estimated | true,1234498459 | 2137147527
26c,213988175899194,estimated | true,-378180131 | 2137147527
26c,213988175899195,estimated | true,-378180131 | 2137147527
26c,213988175899196,estimated | true,-378180131 | 2137147527
26c,213988175899197,estimated | true,-378180131 | 2137147527
26c,213988175899198,estimated | true,-378180131 | 2137147527
26c,213988175899199,estimated | true,1234498459 | 2137147527
27a,214112729950744,estimated | true,1608906155 | -571723967
27a,214112729950745,estimated | true,1608906155 | -571723967
27a,214112729950746,estimated | true,1608906155 | -571723967
27a,214112729950748,estimated | true,1608906155 | -571723967
27a,214112729950749,estimated | true,1608906155 | -571723967
27a,214112729950750,estimated | true,1608906155 | -571723967
27a,214112729950751,estimated | true,1608906155 | -571723967
27a,214112729950752,estimated | true,1608906155 | -571723967
27a,214112729950753,estimated | true,1608906155 | -571723967
27a,214112729950754,estimated | true,1608906155 | -571723967
27a,214112729950755,estimated | true,1608906155 | -571723967
27a,214112729950756,estimated | true,1608906155 | -571723967
27a,214112729950757,estimated | true,1608906155 | -571723967
27a,214112729950758,estimated | true,1608906155 | -571723967
27a,214112729950759,estimated | true,1608906155 | -571723967
27a,214112729950760,estimated | true,1608906155 | -571723967
27a,214112729950761,estimated | true,1608906155 | -571723967
27a,214112729950762,estimated | true,1608906155 | -571723967
27a,214112729950763,estimated | true,1608906155 | -571723967
27a,214112729950764,estimated | true,1608906155 | -571723967
27a,214112729950765,estimated | true,1608906155 | -571723967
27a,214112729950766,estimated | true,1608906155 | -571723967
27a,214112729950767,estimated | true,1608906155 | -571723967
27a,214112729950768,estimated | true,1608906155 | -571723967
27a,214112729950769,estimated | true,1608906155 | -571723967
27a,214112729950770,estimated | true,1608906155 | -571723967
27a,214112729950771,estimated | true,1608906155 | -571723967
27a,214112729950773,estimated | true,1608906155 | -571723967
27a,214112729950774,estimated | true,1608906155 | -571723967
27a,214112729950775,estimated | true,1608906155 | -571723967
27b,214117024918040,estimated | true,1367252878 | 257282746
27b,214117024918041,estimated | true,1367252878 | 257282746
27b,214117024918043,estimated | true,1367252878 | 257282746
27b,214117024918044,estimated | true,1367252878 | 257282746
27b,214117024918045,estimated | true,1367252878 | 257282746
27b,214117024918046,estimated | true,1367252878 | 257282746
27b,214117024918047,estimated | true,1367252878 | 257282746
27b,214117024918048,estimated | true,1367252878 | 257282746
27b,214117024918049,estimated | true,1367252878 | 257282746
27b,214117024918050,estimated | true,1367252878 | 257282746
27b,214117024918051,estimated | true,1367252878 | 257282746
27b,214117024918052,estimated | true,1367252878 | 257282746
27b,214117024918053,estimated | true,1367252878 | 257282746
27b,214117024918054,estimated | true,1367252878 | 257282746
27b,214117024918055,estimated | true,1367252878 | 257282746
27b,214117024918056,estimated | true,1367252878 | 257282746
27b,214117024918057,estimated | true,1367252878 | 257282746
27b,214117024918058,estimated | true,1367252878 | 257282746
27b,214117024918059,estimated | true,1367252878 | 257282746
27b,214117024918060,estimated | true,1367252878 | 257282746
27b,214117024918061,estimated | true,1367252878 | 257282746
27b,214117024918062,estimated | true,1367252878 | 257282746
27b,214117024918063,estimated | true,1367252878 | 257282746
27b,214117024918064,estimated | true,1367252878 | 257282746
27b,214117024918065,estimated | true,1367252878 | 257282746
27b,214117024918066,estimated | true,1367252878 | 257282746
27b,214117024918067,estimated | true,1367252878 | 257282746
27b,214117024918068,estimated | true,1367252878 | 257282746
27b,214117024918070,estimated | true,1367252878 | 257282746
27b,214117024918071,estimated | true,1367252878 | 257282746
27c,214121319885336,estimated | true,598718160 | 172194340
27c,214121319885338,estimated | true,598718160 | 172194340
27c,214121319885339,estimated | true,598718160 | 172194340
27c,214121319885340,estimated | true,598718160 | 172194340
27c,214121319885341,estimated | true,598718160 | 172194340
27c,214121319885342,estimated | true,598718160 | 172194340
27c,214121319885343,estimated | true,598718160 | 172194340
27c,214121319885344,estimated | true,598718160 | 172194340
27c,214121319885345,estimated | true,598718160 | 172194340
27c,214121319885346,estimated | true,598718160 | 172194340
27c,214121319885347,estimated | true,598718160 | 172194340
27c,214121319885348,estimated | true,598718160 | 172194340
27c,214121319885349,estimated | true,598718160 | 172194340
27c,214121319885350,estimated | true,598718160 | 172194340
27c,214121319885351,estimated | true,598718160 | 172194340
27c,214121319885352,estimated | true,598718160 | 172194340
27c,214121319885353,estimated | true,598718160 | 172194340
27c,214121319885354,estimated | true,598718160 | 172194340
27c,214121319885355,estimated | true,598718160 | 172194340
27c,214121319885356,estimated | true,598718160 | 172194340
27c,214121319885357,estimated | true,598718160 | 172194340
27c,214121319885358,estimated | true,598718160 | 172194340
27c,214121319885359,estimated | true,598718160 | 172194340
27c,214121319885360,estimated | true,598718160 | 172194340
27c,214121319885361,estimated | true,598718160 | 172194340
27c,214121319885362,estimated | true,598718160 | 172194340
27c,214121319885363,estimated | true,598718160 | 172194340
27c,214121319885364,estimated | true,598718160 | 172194340
27c,214121319885365,estimated | true,598718160 | 172194340
27c,214121319885367,estimated | true,598718160 | 172194340
28a,214245873936960,estimated | true,184274976 | 2010360947
28a,214245873936961,estimated | true,184274976 | 2010360947
28a,214245873936962,estimated | true,184274976 | 2010360947
28a,214245873936963,estimated | true,184274976 | 2010360947
28a,214245873936964,estimated | true,184274976 | 2010360947
28a,214245873936965,estimated | true,184274976 | 2010360947
28a,214245873936966,estimated | true,184274976 | 2010360947
28a,214245873936967,estimated | true,184274976 | 2010360947
28a,214245873936968,estimated | true,184274976 | 2010360947
28a,214245873936969,estimated | true,184274976 | 2010360947
28a,214245873936970,estimated | true,184274976 | 2010360947
28a,214245873936971,estimated | true,184274976 | 2010360947
28a,214245873936972,estimated | true,184274976 | 2010360947
28a,214245873936973,estimated | true,184274976 | 2010360947
28a,214245873936974,estimated | true,184274976 | 2010360947
28a,214245873936975,estimated | true,184274976 | 2010360947
28a,214245873936976,estimated | true,184274976 | 2010360947
28a,214245873936977,estimated | true,184274976 | 2010360947
28a,214245873936978,estimated | true,184274976 | 2010360947
28a,214245873936980,estimated | true,184274976 | 2010360947
28a,214245873936981,estimated | true,184274976 | 2010360947
28a,214245873936982,estimated | true,184274976 | 2010360947
28a,214245873936983,estimated | true,184274976 | 2010360947
28a,214245873937016,estimated | true,184274976 | 2010360947
28a,214245873937017,estimated | true,184274976 | 2010360947
28a,214245873937018,estimated | true,184274976 | 2010360947
28a,214245873937019,estimated | true,184274976 | 2010360947
28a,214245873937021,estimated | true,184274976 | 2010360947
28a,214245873937022,estimated | true,184274976 | 2010360947
28a,214245873937023,estimated | true,184274976 | 2010360947
28b,214250168904256,estimated | true,184274976 | 656372712
28b,214250168904257,estimated | true,184274976 | 656372712
28b,214250168904258,estimated | true,184274976 | 656372712
28b,214250168904259,estimated | true,184274976 | 656372712
28b,214250168904260,estimated | true,184274976 | 656372712
28b,214250168904261,estimated | true,184274976 | 656372712
28b,214250168904262,estimated | true,184274976 | 656372712
28b,214250168904263,estimated | true,184274976 | 656372712
28b,214250168904264,estimated | true,184274976 | 656372712
28b,214250168904265,estimated | true,184274976 | 656372712
28b,214250168904266,estimated | true,184274976 | 656372712
28b,214250168904267,estimated | true,184274976 | 656372712
28b,214250168904268,estimated | true,184274976 | 656372712
28b,214250168904269,estimated | true,184274976 | 656372712
28b,214250168904270,estimated | true,184274976 | 656372712
28b,214250168904271,estimated | true,184274976 | 656372712
28b,214250168904272,estimated | true,184274976 | 656372712
28b,214250168904273,estimated | true,184274976 | 656372712
28b,214250168904274,estimated | true,184274976 | 656372712
28b,214250168904275,estimated | true,184274976 | 656372712
28b,214250168904277,estimated | true,184274976 | 656372712
28b,214250168904278,estimated | true,184274976 | 656372712
28b,214250168904279,estimated | true,184274976 | 656372712
28b,214250168904312,estimated | true,184274976 | 656372712
28b,214250168904313,estimated | true,184274976 | 656372712
28b,214250168904314,estimated | true,184274976 | 656372712
28b,214250168904316,estimated | true,184274976 | 656372712
28b,214250168904317,estimated | true,184274976 | 656372712
28b,214250168904318,estimated | true,184274976 | 656372712
28b,214250168904319,estimated | true,184274976 | 656372712
28c,214254463871552,estimated | true,-2110840015 | 919469683
28c,214254463871553,estimated | true,-2110840015 | 919469683
28c,214254463871554,estimated | true,-2110840015 | 919469683
28c,214254463871555,estimated | true,-2110840015 | 919469683
28c,214254463871556,estimated | true,-2110840015 | 919469683
28c,214254463871557,estimated | true,-2110840015 | 919469683
28c,214254463871558,estimated | true,-2110840015 | 919469683
28c,214254463871559,estimated | true,-2110840015 | 919469683
28c,214254463871560,estimated | true,-2110840015 | 919469683
28c,214254463871561,estimated | true,-2110840015 | 919469683
28c,214254463871562,estimated | true,-2110840015 | 919469683
28c,214254463871563,estimated | true,-2110840015 | 919469683
28c,214254463871564,estimated | true,-2110840015 | 919469683
28c,214254463871565,estimated | true,-2110840015 | 919469683
28c,214254463871566,estimated | true,-2110840015 | 919469683
28c,214254463871567,estimated | true,-2110840015 | 919469683
28c,214254463871568,estimated | true,-2110840015 | 919469683
28c,214254463871569,estimated | true,-2110840015 | 919469683
28c,214254463871570,estimated | true,-2110840015 | 919469683
28c,214254463871571,estimated | true,-2110840015 | 919469683
28c,214254463871572,estimated | true,-2110840015 | 919469683
28c,214254463871574,estimated | true,-2110840015 | 919469683
28c,214254463871575,estimated | true,-2110840015 | 919469683
28c,214254463871608,estimated | true,-2110840015 | 919469683
28c,214254463871609,estimated | true,-2110840015 | 919469683
28c,214254463871611,estimated | true,-2110840015 | 919469683
28c,214254463871612,estimated | true,-2110840015 | 919469683
28c,214254463871613,estimated | true,-2110840015 | 919469683
28c,214254463871614,estimated | true,-2110840015 | 919469683
28c,214254463871615,estimated | true,-2110840015 | 919469683
29a,214379017923160,estimated | true,-858518681 | -125870803
29a,214379017923161,estimated | true,-858518681 | -125870803
29a,214379017923162,estimated | true,-858518681 | -125870803
29a,214379017923163,estimated | true,-858518681 | -125870803
29a,214379017923164,estimated | true,-858518681 | -125870803
29a,214379017923166,estimated | true,-858518681 | -125870803
29a,214379017923167,estimated | true,-858518681 | -125870803
29a,214379017923168,estimated | true,-858518681 | -125870803
29a,214379017923169,estimated | true,-858518681 | -125870803
29a,214379017923170,estimated | true,-858518681 | -125870803
29a,214379017923171,estimated | true,-858518681 | -125870803
29a,214379017923172,estimated | true,-858518681 | -125870803
29a,214379017923173,estimated | true,-858518681 | -125870803
29a,214379017923174,estimated | true,-858518681 | -125870803
29a,214379017923175,estimated | true,-858518681 | -125870803
29a,214379017923176,estimated | true,-858518681 | -125870803
29a,214379017923177,estimated | true,-858518681 | -125870803
29a,214379017923178,estimated | true,-858518681 | -125870803
29a,214379017923179,estimated | true,-858518681 | -125870803
29a,214379017923180,estimated | true,-858518681 | -125870803
29a,214379017923181,estimated | true,-858518681 | -125870803
29a,214379017923182,estimated | true,-858518681 | -125870803
29a,214379017923183,estimated | true,-858518681 | -125870803
29a,214379017923184,estimated | true,-858518681 | -125870803
29a,214379017923185,estimated | true,-858518681 | -125870803
29a,214379017923187,estimated | true,-858518681 | -125870803
29a,214379017923188,estimated | true,-858518681 | -125870803
29a,214379017923189,estimated | true,-858518681 | -125870803
29a,214379017923190,estimated | true,-858518681 | -125870803
29a,214379017923191,estimated | true,-858518681 | -125870803
29b,214383312890456,estimated | true,-665152500 | -786540833
29b,214383312890457,estimated | true,-665152500 | -786540833
29b,214383312890458,estimated | true,-665152500 | -786540833
29b,214383312890459,estimated | true,-665152500 | -786540833
29b,214383312890461,estimated | true,-665152500 | -786540833
29b,214383312890462,estimated | true,-665152500 | -786540833
29b,214383312890463,estimated | true,-665152500 | -786540833
29b,214383312890464,estimated | true,-665152500 | -786540833
29b,214383312890465,estimated | true,-665152500 | -786540833
29b,214383312890466,estimated | true,-665152500 | -786540833
29b,214383312890467,estimated | true,-665152500 | -786540833
29b,214383312890468,estimated | true,-665152500 | -786540833
29b,214383312890469,estimated | true,-665152500 | -786540833
29b,214383312890470,estimated | true,-665152500 | -786540833
29b,214383312890471,estimated | true,-665152500 | -786540833
29b,214383312890472,estimated | true,-665152500 | -786540833
29b,214383312890473,estimated | true,-665152500 | -786540833
29b,214383312890474,estimated | true,-665152500 | -786540833
29b,214383312890475,estimated | true,-665152500 | -786540833
29b,214383312890476,estimated | true,-665152500 | -786540833
29b,214383312890477,estimated | true,-665152500 | -786540833
29b,214383312890478,estimated | true,-665152500 | -786540833
29b,214383312890479,estimated | true,-665152500 | -786540833
29b,214383312890480,estimated | true,-665152500 | -786540833
29b,214383312890481,estimated | true,-665152500 | -786540833
29b,214383312890482,estimated | true,-665152500 | -786540833
29b,214383312890484,estimated | true,-665152500 | -786540833
29b,214383312890485,estimated | true,-665152500 | -786540833
29b,214383312890486,estimated | true,-665152500 | -786540833
29b,214383312890487,estimated | true,-665152500 | -786540833
29c,214387607857752,estimated | true,-187311233 | -2028689049
29c,214387607857753,estimated | true,-187311233 | -2028689049
29c,214387607857754,estimated | true,-839131028 | -2028689049
29c,214387607857756,estimated | true,-187311233 | -2028689049
29c,214387607857757,estimated | true,-839131028 | -2028689049
29c,214387607857758,estimated | true,-187311233 | -2028689049
29c,214387607857759,estimated | true,-187311233 | -2028689049
29c,214387607857760,estimated | true,-771843734 | -2028689049
29c,214387607857761,estimated | true,-187311233 | -2028689049
29c,214387607857762,estimated | true,-187311233 | -2028689049
29c,214387607857763,estimated | true,-187311233 | -2028689049
29c,214387607857764,estimated | true,-187311233 | -2028689049
29c,214387607857765,estimated | true,-187311233 | -2028689049
29c,214387607857766,estimated | true,-771843734 | -2028689049
29c,214387607857767,estimated | true,-771843734 | -2028689049
29c,214387607857768,estimated | true,-187311233 | -2028689049
29c,214387607857769,estimated | true,-187311233 | -2028689049
29c,214387607857770,estimated | true,-187311233 | -2028689049
29c,214387607857771,estimated | true,-187311233 | -2028689049
29c,214387607857772,estimated | true,-187311233 | -2028689049
29c,214387607857773,estimated | true,-187311233 | -2028689049
29c,214387607857774,estimated | true,-187311233 | -2028689049
29c,214387607857775,estimated | true,-187311233 | -2028689049
29c,214387607857776,estimated | true,-839131028 | -2028689049
29c,214387607857777,estimated | true,-187311233 | -2028689049
29c,214387607857778,estimated | true,-187311233 | -2028689049
29c,214387607857779,estimated | true,-187311233 | -2028689049
29c,214387607857781,estimated | true,-187311233 | -2028689049
29c,214387607857782,estimated | true,-187311233 | -2028689049
29c,214387607857783,estimated | true,-187311233 | -2028689049
2a,7073831399113,estimated | true,321836810 | -1418609852
2a,7073831399114,estimated | true,321836810 | -1418609852
2a,7073831399115,estimated | true,321836810 | -1418609852
2a,7073831399116,estimated | true,321836810 | -1418609852
2a,7073831399117,estimated | true,321836810 | -1418609852
2a,7073831399118,estimated | true,321836810 | -1418609852
2a,7073831399119,estimated | true,321836810 | -1418609852
2a,7073831399136,estimated | true,321836810 | -1418609852
2a,7073831399137,estimated | true,321836810 | -1418609852
2a,7073831399138,estimated | true,321836810 | -1418609852
2a,7073831399139,estimated | true,321836810 | -1418609852
2a,7073831399140,estimated | true,321836810 | -1418609852
2a,7073831399141,estimated | true,321836810 | -1418609852
2a,7073831399142,estimated | true,321836810 | -1418609852
2a,7073831399152,estimated | true,321836810 | -1418609852
2a,7073831399153,estimated | true,321836810 | -1418609852
2a,7073831399154,estimated | true,321836810 | -1418609852
2a,7073831399155,estimated | true,321836810 | -1418609852
2a,7073831399156,estimated | true,321836810 | -1418609852
2a,7073831399157,estimated | true,321836810 | -1418609852
2a,7073831399158,estimated | true,321836810 | -1418609852
2a,7073831399159,estimated | true,321836810 | -1418609852
2a,7073831399160,estimated | true,321836810 | -1418609852
2a,7073831399161,estimated | true,321836810 | -1418609852
2a,7073831399162,estimated | true,321836810 | -1418609852
2a,7073831399163,estimated | true,321836810 | -1418609852
2a,7073831399164,estimated | true,321836810 | -1418609852
2a,7073831399165,estimated | true,321836810 | -1418609852
2a,7073831399166,estimated | true,321836810 | -1418609852
2a,7073831399167,estimated | true,321836810 | -1418609852
2b,7078126366416,estimated | true,321836810 | -1418609852
2b,7078126366417,estimated | true,321836810 | -1418609852
2b,7078126366418,estimated | true,321836810 | -1418609852
2b,7078126366419,estimated | true,321836810 | -1418609852
2b,7078126366420,estimated | true,321836810 | -1418609852
2b,7078126366421,estimated | true,321836810 | -1418609852
2b,7078126366422,estimated | true,321836810 | -1418609852
2b,7078126366432,estimated | true,321836810 | -1418609852
2b,7078126366433,estimated | true,321836810 | -1418609852
2b,7078126366434,estimated | true,321836810 | -1418609852
2b,7078126366435,estimated | true,321836810 | -1418609852
2b,7078126366436,estimated | true,321836810 | -1418609852
2b,7078126366437,estimated | true,321836810 | -1418609852
2b,7078126366438,estimated | true,321836810 | -1418609852
2b,7078126366439,estimated | true,321836810 | -1418609852
2b,7078126366440,estimated | true,321836810 | -1418609852
2b,7078126366441,estimated | true,321836810 | -1418609852
2b,7078126366442,estimated | true,321836810 | -1418609852
2b,7078126366443,estimated | true,321836810 | -1418609852
2b,7078126366444,estimated | true,321836810 | -1418609852
2b,7078126366445,estimated | true,321836810 | -1418609852
2b,7078126366446,estimated | true,321836810 | -1418609852
2b,7078126366447,estimated | true,321836810 | -1418609852
2b,7078126366457,estimated | true,321836810 | -1418609852
2b,7078126366458,estimated | true,321836810 | -1418609852
2b,7078126366459,estimated | true,321836810 | -1418609852
2b,7078126366460,estimated | true,321836810 | -1418609852
2b,7078126366461,estimated | true,321836810 | -1418609852
2b,7078126366462,estimated | true,321836810 | -1418609852
2b,7078126366463,estimated | true,321836810 | -1418609852
2c,7082421333712,estimated | true,-26625759 | 1314424695
2c,7082421333713,estimated | true,-26625759 | 1314424695
2c,7082421333714,estimated | true,-26625759 | 1314424695
2c,7082421333715,estimated | true,-26625759 | 1314424695
2c,7082421333716,estimated | true,-26625759 | 1314424695
2c,7082421333717,estimated | true,-26625759 | 1314424695
2c,7082421333719,estimated | true,-26625759 | 1314424695
2c,7082421333728,estimated | true,-26625759 | 1314424695
2c,7082421333729,estimated | true,-26625759 | 1314424695
2c,7082421333730,estimated | true,-26625759 | 1314424695
2c,7082421333731,estimated | true,-26625759 | 1314424695
2c,7082421333732,estimated | true,-26625759 | 1314424695
2c,7082421333733,estimated | true,-26625759 | 1314424695
2c,7082421333734,estimated | true,-26625759 | 1314424695
2c,7082421333735,estimated | true,-26625759 | 1314424695
2c,7082421333736,estimated | true,-26625759 | 1314424695
2c,7082421333737,estimated | true,-26625759 | 1314424695
2c,7082421333738,estimated | true,-26625759 | 1314424695
2c,7082421333739,estimated | true,-26625759 | 1314424695
2c,7082421333740,estimated | true,-26625759 | 1314424695
2c,7082421333741,estimated | true,-26625759 | 1314424695
2c,7082421333742,estimated | true,-26625759 | 1314424695
2c,7082421333743,estimated | true,-26625759 | 1314424695
2c,7082421333752,estimated | true,-26625759 | 1314424695
2c,7082421333754,estimated | true,-26625759 | 1314424695
2c,7082421333755,estimated | true,-26625759 | 1314424695
2c,7082421333756,estimated | true,-26625759 | 1314424695
2c,7082421333757,estimated | true,-26625759 | 1314424695
2c,7082421333758,estimated | true,-26625759 | 1314424695
2c,7082421333759,estimated | true,-26625759 | 1314424695
2d,7086716301008,estimated | true,321836810 | -471166759
2d,7086716301009,estimated | true,321836810 | -471166759
2d,7086716301010,estimated | true,321836810 | -471166759
2d,7086716301011,estimated | true,321836810 | -471166759
2d,7086716301012,estimated | true,321836810 | -471166759
2d,7086716301014,estimated | true,321836810 | -471166759
2d,7086716301015,estimated | true,321836810 | -471166759
2d,7086716301024,estimated | true,321836810 | -471166759
2d,7086716301025,estimated | true,321836810 | -471166759
2d,7086716301026,estimated | true,321836810 | -471166759
2d,7086716301027,estimated | true,321836810 | -471166759
2d,7086716301028,estimated | true,321836810 | -471166759
2d,7086716301029,estimated | true,321836810 | -471166759
2d,7086716301030,estimated | true,321836810 | -471166759
2d,7086716301031,estimated | true,321836810 | -471166759
2d,7086716301032,estimated | true,321836810 | -471166759
2d,7086716301033,estimated | true,321836810 | -471166759
2d,7086716301034,estimated | true,321836810 | -471166759
2d,7086716301035,estimated | true,321836810 | -471166759
2d,7086716301036,estimated | true,321836810 | -471166759
2d,7086716301037,estimated | true,321836810 | -471166759
2d,7086716301038,estimated | true,321836810 | -471166759
2d,7086716301039,estimated | true,321836810 | -471166759
2d,7086716301048,estimated | true,321836810 | -471166759
2d,7086716301049,estimated | true,321836810 | -471166759
2d,7086716301051,estimated | true,321836810 | -471166759
2d,7086716301052,estimated | true,321836810 | -471166759
2d,7086716301053,estimated | true,321836810 | -471166759
2d,7086716301054,estimated | true,321836810 | -471166759
2d,7086716301055,estimated | true,321836810 | -471166759
30a,217308185619712,estimated | true,204795277 | 1098685381
30a,217308185619713,estimated | true,204795277 | 1098685381
30a,217308185619714,estimated | true,204795277 | 1098685381
30a,217308185619716,estimated | true,204795277 | 1098685381
30a,217308185619717,estimated | true,204795277 | 1098685381
30a,217308185619718,estimated | true,204795277 | 1098685381
30a,217308185619719,estimated | true,204795277 | 1098685381
30a,217308185619752,estimated | true,204795277 | 1098685381
30a,217308185619753,estimated | true,204795277 | 1098685381
30a,217308185619754,estimated | true,204795277 | 1098685381
30a,217308185619755,estimated | true,204795277 | 1098685381
30a,217308185619757,estimated | true,204795277 | 1098685381
30a,217308185619758,estimated | true,204795277 | 1098685381
30a,217308185619759,estimated | true,204795277 | 1098685381
30a,217308185619760,estimated | true,204795277 | 1098685381
30a,217308185619761,estimated | true,204795277 | 1098685381
30a,217308185619762,estimated | true,204795277 | 1098685381
30a,217308185619763,estimated | true,204795277 | 1098685381
30a,217308185619764,estimated | true,204795277 | 1098685381
30a,217308185619765,estimated | true,204795277 | 1098685381
30a,217308185619766,estimated | true,204795277 | 1098685381
30a,217308185619767,estimated | true,204795277 | 1098685381
30a,217308185619768,estimated | true,204795277 | 1098685381
30a,217308185619769,estimated | true,204795277 | 1098685381
30a,217308185619770,estimated | true,204795277 | 1098685381
30a,217308185619771,estimated | true,204795277 | 1098685381
30a,217308185619772,estimated | true,204795277 | 1098685381
30a,217308185619773,estimated | true,204795277 | 1098685381
30a,217308185619774,estimated | true,204795277 | 1098685381
30a,217308185619775,estimated | true,204795277 | 1098685381
30b,217312480587008,estimated | true,1048534400 | -724399707
30b,217312480587009,estimated | true,1048534400 | -724399707
30b,217312480587011,estimated | true,1048534400 | -724399707
30b,217312480587012,estimated | true,781916712 | -724399707
30b,217312480587013,estimated | true,1048534400 | -724399707
30b,217312480587014,estimated | true,1048534400 | -724399707
30b,217312480587015,estimated | true,1048534400 | -724399707
30b,217312480587048,estimated | true,1048534400 | -724399707
30b,217312480587049,estimated | true,1048534400 | -724399707
30b,217312480587050,estimated | true,1048534400 | -724399707
30b,217312480587051,estimated | true,1048534400 | -724399707
30b,217312480587052,estimated | true,1048534400 | -724399707
30b,217312480587054,estimated | true,1048534400 | -724399707
30b,217312480587055,estimated | true,1048534400 | -724399707
30b,217312480587056,estimated | true,1048534400 | -724399707
30b,217312480587057,estimated | true,1048534400 | -724399707
30b,217312480587058,estimated | true,1048534400 | -724399707
30b,217312480587059,estimated | true,1048534400 | -724399707
30b,217312480587060,estimated | true,1048534400 | -724399707
30b,217312480587061,estimated | true,1048534400 | -724399707
30b,217312480587062,estimated | true,1048534400 | -724399707
30b,217312480587063,estimated | true,1048534400 | -724399707
30b,217312480587064,estimated | true,1048534400 | -724399707
30b,217312480587065,estimated | true,1048534400 | -724399707
30b,217312480587066,estimated | true,-1787531024 | -724399707
30b,217312480587067,estimated | true,1048534400 | -724399707
30b,217312480587068,estimated | true,1048534400 | -724399707
30b,217312480587069,estimated | true,1048534400 | -724399707
30b,217312480587070,estimated | true,1048534400 | -724399707
30b,217312480587071,estimated | true,1048534400 | -724399707
30c,217316775554304,estimated | true,-1836733028 | 37360680
30c,217316775554306,estimated | true,-1836733028 | 37360680
30c,217316775554307,estimated | true,-1836733028 | 37360680
30c,217316775554308,estimated | true,-1836733028 | 37360680
30c,217316775554309,estimated | true,-1836733028 | 37360680
30c,217316775554310,estimated | true,-1836733028 | 37360680
30c,217316775554311,estimated | true,-1836733028 | 37360680
30c,217316775554344,estimated | true,-1836733028 | 37360680
30c,217316775554345,estimated | true,-1836733028 | 37360680
30c,217316775554346,estimated | true,-1836733028 | 37360680
30c,217316775554347,estimated | true,-1836733028 | 37360680
30c,217316775554348,estimated | true,-1836733028 | 37360680
30c,217316775554349,estimated | true,-1836733028 | 37360680
30c,217316775554351,estimated | true,-1836733028 | 37360680
30c,217316775554352,estimated | true,-1836733028 | 37360680
30c,217316775554353,estimated | true,-1836733028 | 37360680
30c,217316775554354,estimated | true,-1836733028 | 37360680
30c,217316775554355,estimated | true,-1836733028 | 37360680
30c,217316775554356,estimated | true,-1836733028 | 37360680
30c,217316775554357,estimated | true,-1836733028 | 37360680
30c,217316775554358,estimated | true,-1836733028 | 37360680
30c,217316775554359,estimated | true,-1836733028 | 37360680
30c,217316775554360,estimated | true,-1836733028 | 37360680
30c,217316775554361,estimated | true,-1836733028 | 37360680
30c,217316775554362,estimated | true,-450381402 | 37360680
30c,217316775554363,estimated | true,-1836733028 | 37360680
30c,217316775554364,estimated | true,-1836733028 | 37360680
30c,217316775554365,estimated | true,-1836733028 | 37360680
30c,217316775554366,estimated | true,-1836733028 | 37360680
30c,217316775554367,estimated | true,-1836733028 | 37360680
31a,217441329605960,estimated | true,297458200 | -1354112825
31a,217441329605961,estimated | true,297458200 | -1354112825
31a,217441329605962,estimated | true,297458200 | -1354112825
31a,217441329605964,estimated | true,297458200 | -1354112825
31a,217441329605965,estimated | true,297458200 | -1354112825
31a,217441329605966,estimated | true,297458200 | -1354112825
31a,217441329605967,estimated | true,297458200 | -1354112825
31a,217441329605968,estimated | true,297458200 | -1354112825
31a,217441329605969,estimated | true,297458200 | -1354112825
31a,217441329605970,estimated | true,297458200 | -1354112825
31a,217441329605971,estimated | true,297458200 | -1354112825
31a,217441329605972,estimated | true,297458200 | -1354112825
31a,217441329605973,estimated | true,297458200 | -1354112825
31a,217441329605974,estimated | true,297458200 | -1354112825
31a,217441329605975,estimated | true,297458200 | -1354112825
31a,217441329605976,estimated | true,297458200 | -1354112825
31a,217441329605977,estimated | true,297458200 | -1354112825
31a,217441329605978,estimated | true,297458200 | -1354112825
31a,217441329605979,estimated | true,297458200 | -1354112825
31a,217441329605980,estimated | true,297458200 | -1354112825
31a,217441329605981,estimated | true,297458200 | -1354112825
31a,217441329605982,estimated | true,297458200 | -1354112825
31a,217441329605983,estimated | true,297458200 | -1354112825
31a,217441329605984,estimated | true,297458200 | -1354112825
31a,217441329605985,estimated | true,297458200 | -1354112825
31a,217441329605986,estimated | true,297458200 | -1354112825
31a,217441329605987,estimated | true,297458200 | -1354112825
31a,217441329605989,estimated | true,297458200 | -1354112825
31a,217441329605990,estimated | true,297458200 | -1354112825
31a,217441329605991,estimated | true,297458200 | -1354112825
31b,217445624573256,estimated | true,1428780880 | 255595223
31b,217445624573257,estimated | true,1428780880 | 255595223
31b,217445624573258,estimated | true,1428780880 | 255595223
31b,217445624573259,estimated | true,1428780880 | 255595223
31b,217445624573261,estimated | true,1428780880 | 255595223
31b,217445624573262,estimated | true,1428780880 | 255595223
31b,217445624573263,estimated | true,1428780880 | 255595223
31b,217445624573264,estimated | true,1428780880 | 255595223
31b,217445624573265,estimated | true,1428780880 | 255595223
31b,217445624573266,estimated | true,1428780880 | 255595223
31b,217445624573267,estimated | true,1428780880 | 255595223
31b,217445624573268,estimated | true,1428780880 | 255595223
31b,217445624573269,estimated | true,1428780880 | 255595223
31b,217445624573270,estimated | true,1428780880 | 255595223
31b,217445624573271,estimated | true,1428780880 | 255595223
31b,217445624573272,estimated | true,1428780880 | 255595223
31b,217445624573273,estimated | true,1428780880 | 255595223
31b,217445624573274,estimated | true,1428780880 | 255595223
31b,217445624573275,estimated | true,1428780880 | 255595223
31b,217445624573276,estimated | true,1428780880 | 255595223
31b,217445624573277,estimated | true,1428780880 | 255595223
31b,217445624573278,estimated | true,1428780880 | 255595223
31b,217445624573279,estimated | true,1428780880 | 255595223
31b,217445624573280,estimated | true,1428780880 | 255595223
31b,217445624573281,estimated | true,1428780880 | 255595223
31b,217445624573282,estimated | true,1428780880 | 255595223
31b,217445624573284,estimated | true,1428780880 | 255595223
31b,217445624573285,estimated | true,1428780880 | 255595223
31b,217445624573286,estimated | true,1428780880 | 255595223
31b,217445624573287,estimated | true,1428780880 | 255595223
31c,217449919540552,estimated | true,-435974957 | -1207478503
31c,217449919540553,estimated | true,-435974957 | -1207478503
31c,217449919540554,estimated | true,-435974957 | -1207478503
31c,217449919540555,estimated | true,-435974957 | -1207478503
31c,217449919540556,estimated | true,-435974957 | -1207478503
31c,217449919540558,estimated | true,-435974957 | -1207478503
31c,217449919540559,estimated | true,-435974957 | -1207478503
31c,217449919540560,estimated | true,-435974957 | -1207478503
31c,217449919540561,estimated | true,-435974957 | -1207478503
31c,217449919540562,estimated | true,943937266 | -1207478503
31c,217449919540563,estimated | true,-435974957 | -1207478503
31c,217449919540564,estimated | true,-435974957 | -1207478503
31c,217449919540565,estimated | true,-435974957 | -1207478503
31c,217449919540566,estimated | true,-435974957 | -1207478503
31c,217449919540567,estimated | true,-435974957 | -1207478503
31c,217449919540568,estimated | true,-435974957 | -1207478503
31c,217449919540569,estimated | true,-435974957 | -1207478503
31c,217449919540570,estimated | true,-435974957 | -1207478503
31c,217449919540571,estimated | true,-435974957 | -1207478503
31c,217449919540572,estimated | true,-435974957 | -1207478503
31c,217449919540573,estimated | true,-435974957 | -1207478503
31c,217449919540574,estimated | true,-435974957 | -1207478503
31c,217449919540575,estimated | true,-435974957 | -1207478503
31c,217449919540576,estimated | true,-435974957 | -1207478503
31c,217449919540577,estimated | true,-435974957 | -1207478503
31c,217449919540579,estimated | true,-435974957 | -1207478503
31c,217449919540580,estimated | true,-435974957 | -1207478503
31c,217449919540581,estimated | true,-435974957 | -1207478503
31c,217449919540582,estimated | true,-435974957 | -1207478503
31c,217449919540583,estimated | true,-435974957 | -1207478503
32a,217574473592128,estimated | true,1765267761 | 957982218
32a,217574473592129,estimated | true,1765267761 | 957982218
32a,217574473592130,estimated | true,1765267761 | 957982218
32a,217574473592131,estimated | true,1765267761 | 957982218
32a,217574473592132,estimated | true,1765267761 | 957982218
32a,217574473592134,estimated | true,1765267761 | 957982218
32a,217574473592135,estimated | true,1765267761 | 957982218
32a,217574473592168,estimated | true,1765267761 | 957982218
32a,217574473592169,estimated | true,1765267761 | 957982218
32a,217574473592171,estimated | true,1765267761 | 957982218
32a,217574473592172,estimated | true,1765267761 | 957982218
32a,217574473592173,estimated | true,1765267761 | 957982218
32a,217574473592174,estimated | true,1765267761 | 957982218
32a,217574473592175,estimated | true,1765267761 | 957982218
32a,217574473592176,estimated | true,1765267761 | 957982218
32a,217574473592177,estimated | true,1765267761 | 957982218
32a,217574473592178,estimated | true,1765267761 | 957982218
32a,217574473592179,estimated | true,1765267761 | 957982218
32a,217574473592180,estimated | true,1765267761 | 957982218
32a,217574473592181,estimated | true,1765267761 | 957982218
32a,217574473592182,estimated | true,1765267761 | 957982218
32a,217574473592183,estimated | true,1765267761 | 957982218
32a,217574473592184,estimated | true,1765267761 | 957982218
32a,217574473592185,estimated | true,1765267761 | 957982218
32a,217574473592186,estimated | true,1765267761 | 957982218
32a,217574473592187,estimated | true,1765267761 | 957982218
32a,217574473592188,estimated | true,1765267761 | 957982218
32a,217574473592189,estimated | true,1765267761 | 957982218
32a,217574473592190,estimated | true,1765267761 | 957982218
32a,217574473592191,estimated | true,1765267761 | 957982218
32b,217578768559424,estimated | true,-239234728 | 145399798
32b,217578768559425,estimated | true,-239234728 | 145399798
32b,217578768559426,estimated | true,-239234728 | 145399798
32b,217578768559427,estimated | true,-239234728 | 145399798
32b,217578768559429,estimated | true,-239234728 | 145399798
32b,217578768559430,estimated | true,-239234728 | 145399798
32b,217578768559431,estimated | true,-239234728 | 145399798
32b,217578768559464,estimated | true,-239234728 | 145399798
32b,217578768559465,estimated | true,-239234728 | 145399798
32b,217578768559466,estimated | true,-239234728 | 145399798
32b,217578768559468,estimated | true,-239234728 | 145399798
32b,217578768559469,estimated | true,-239234728 | 145399798
32b,217578768559470,estimated | true,-239234728 | 145399798
32b,217578768559471,estimated | true,-239234728 | 145399798
32b,217578768559472,estimated | true,-239234728 | 145399798
32b,217578768559473,estimated | true,-239234728 | 145399798
32b,217578768559474,estimated | true,-239234728 | 145399798
32b,217578768559475,estimated | true,-239234728 | 145399798
32b,217578768559476,estimated | true,-239234728 | 145399798
32b,217578768559477,estimated | true,-239234728 | 145399798
32b,217578768559478,estimated | true,-239234728 | 145399798
32b,217578768559479,estimated | true,-239234728 | 145399798
32b,217578768559480,estimated | true,-239234728 | 145399798
32b,217578768559481,estimated | true,-239234728 | 145399798
32b,217578768559482,estimated | true,-239234728 | 145399798
32b,217578768559483,estimated | true,-239234728 | 145399798
32b,217578768559484,estimated | true,-239234728 | 145399798
32b,217578768559485,estimated | true,-239234728 | 145399798
32b,217578768559486,estimated | true,-239234728 | 145399798
32b,217578768559487,estimated | true,-239234728 | 145399798
33a,217707617578632,estimated | true,14380942 | -1836369619
33a,217707617578634,estimated | true,14380942 | -1836369619
33a,217707617578635,estimated | true,14380942 | -1836369619
33a,217707617578636,estimated | true,14380942 | -1836369619
33a,217707617578637,estimated | true,14380942 | -1836369619
33a,217707617578638,estimated | true,14380942 | -1836369619
33a,217707617578639,estimated | true,14380942 | -1836369619
33a,217707617578640,estimated | true,14380942 | -1836369619
33a,217707617578641,estimated | true,14380942 | -1836369619
33a,217707617578642,estimated | true,14380942 | -1836369619
33a,217707617578643,estimated | true,14380942 | -1836369619
33a,217707617578644,estimated | true,14380942 | -1836369619
33a,217707617578645,estimated | true,14380942 | -1836369619
33a,217707617578646,estimated | true,14380942 | -1836369619
33a,217707617578647,estimated | true,14380942 | -1836369619
33a,217707617578648,estimated | true,14380942 | -1836369619
33a,217707617578649,estimated | true,14380942 | -1836369619
33a,217707617578650,estimated | true,14380942 | -1836369619
33a,217707617578651,estimated | true,14380942 | -1836369619
33a,217707617578652,estimated | true,14380942 | -1836369619
33a,217707617578653,estimated | true,14380942 | -1836369619
33a,217707617578654,estimated | true,14380942 | -1836369619
33a,217707617578655,estimated | true,14380942 | -1836369619
33a,217707617578656,estimated | true,14380942 | -1836369619
33a,217707617578657,estimated | true,14380942 | -1836369619
33a,217707617578658,estimated | true,14380942 | -1836369619
33a,217707617578659,estimated | true,14380942 | -1836369619
33a,217707617578660,estimated | true,14380942 | -1836369619
33a,217707617578661,estimated | true,14380942 | -1836369619
33a,217707617578663,estimated | true,14380942 | -1836369619
33b,217711912545928,estimated | true,-1215026023 | -573527086
33b,217711912545929,estimated | true,-1215026023 | -573527086
33b,217711912545931,estimated | true,-1215026023 | -573527086
33b,217711912545932,estimated | true,-1215026023 | -573527086
33b,217711912545933,estimated | true,-1215026023 | -573527086
33b,217711912545934,estimated | true,-1215026023 | -573527086
33b,217711912545935,estimated | true,-1215026023 | -573527086
33b,217711912545936,estimated | true,-1215026023 | -573527086
33b,217711912545937,estimated | true,-1215026023 | -573527086
33b,217711912545938,estimated | true,-1215026023 | -573527086
33b,217711912545939,estimated | true,-1215026023 | -573527086
33b,217711912545940,estimated | true,-1215026023 | -573527086
33b,217711912545941,estimated | true,-1215026023 | -573527086
33b,217711912545942,estimated | true,-1215026023 | -573527086
33b,217711912545943,estimated | true,-1215026023 | -573527086
33b,217711912545944,estimated | true,-1215026023 | -573527086
33b,217711912545945,estimated | true,-1215026023 | -573527086
33b,217711912545946,estimated | true,-1215026023 | -573527086
33b,217711912545947,estimated | true,-1215026023 | -573527086
33b,217711912545948,estimated | true,-1215026023 | -573527086
33b,217711912545949,estimated | true,-1215026023 | -573527086
33b,217711912545950,estimated | true,-1215026023 | -573527086
33b,217711912545951,estimated | true,-1215026023 | -573527086
33b,217711912545952,estimated | true,-1215026023 | -573527086
33b,217711912545953,estimated | true,-1215026023 | -573527086
33b,217711912545954,estimated | true,-1215026023 | -573527086
33b,217711912545955,estimated | true,-1215026023 | -573527086
33b,217711912545956,estimated | true,-1215026023 | -573527086
33b,217711912545958,estimated | true,-1215026023 | -573527086
33b,217711912545959,estimated | true,-1215026023 | -573527086
33c,217716207513224,estimated | true,-355058414 | -149141111
33c,217716207513225,estimated | true,-355058414 | -149141111
33c,217716207513226,estimated | true,-355058414 | -149141111
33c,217716207513228,estimated | true,-355058414 | -149141111
33c,217716207513229,estimated | true,-355058414 | -149141111
33c,217716207513230,estimated | true,-355058414 | -149141111
33c,217716207513231,estimated | true,-355058414 | -149141111
33c,217716207513232,estimated | true,-355058414 | -149141111
33c,217716207513233,estimated | true,-355058414 | -149141111
33c,217716207513234,estimated | true,-355058414 | -149141111
33c,217716207513235,estimated | true,-355058414 | -149141111
33c,217716207513236,estimated | true,-355058414 | -149141111
33c,217716207513237,estimated | true,-355058414 | -149141111
33c,217716207513238,estimated | true,-355058414 | -149141111
33c,217716207513239,estimated | true,-355058414 | -149141111
33c,217716207513240,estimated | true,-355058414 | -149141111
33c,217716207513241,estimated | true,-355058414 | -149141111
33c,217716207513242,estimated | true,-355058414 | -149141111
33c,217716207513243,estimated | true,-355058414 | -149141111
33c,217716207513244,estimated | true,-355058414 | -149141111
33c,217716207513245,estimated | true,-355058414 | -149141111
33c,217716207513246,estimated | true,-355058414 | -149141111
33c,217716207513247,estimated | true,-355058414 | -149141111
33c,217716207513248,estimated | true,-355058414 | -149141111
33c,217716207513249,estimated | true,-355058414 | -149141111
33c,217716207513250,estimated | true,-355058414 | -149141111
33c,217716207513251,estimated | true,-355058414 | -149141111
33c,217716207513253,estimated | true,-355058414 | -149141111
33c,217716207513254,estimated | true,-355058414 | -149141111
33c,217716207513255,estimated | true,-355058414 | -149141111
3a,7206975385088,estimated | true,1108209409 | -155477802
3a,7206975385089,estimated | true,1108209409 | -155477802
3a,7206975385090,estimated | true,1108209409 | -155477802
3a,7206975385091,estimated | true,1108209409 | -155477802
3a,7206975385092,estimated | true,1108209409 | -155477802
3a,7206975385093,estimated | true,1108209409 | -155477802
3a,7206975385095,estimated | true,1108209409 | -155477802
3a,7206975385104,estimated | true,1108209409 | -155477802
3a,7206975385105,estimated | true,1108209409 | -155477802
3a,7206975385106,estimated | true,1108209409 | -155477802
3a,7206975385107,estimated | true,1108209409 | -155477802
3a,7206975385108,estimated | true,1108209409 | -155477802
3a,7206975385109,estimated | true,1108209409 | -155477802
3a,7206975385110,estimated | true,1108209409 | -155477802
3a,7206975385111,estimated | true,1108209409 | -155477802
3a,7206975385112,estimated | true,1108209409 | -155477802
3a,7206975385113,estimated | true,1108209409 | -155477802
3a,7206975385114,estimated | true,1108209409 | -155477802
3a,7206975385115,estimated | true,1108209409 | -155477802
3a,7206975385116,estimated | true,1108209409 | -155477802
3a,7206975385117,estimated | true,1108209409 | -155477802
3a,7206975385118,estimated | true,1108209409 | -155477802
3a,7206975385119,estimated | true,1108209409 | -155477802
3a,7206975385128,estimated | true,1108209409 | -155477802
3a,7206975385130,estimated | true,1108209409 | -155477802
3a,7206975385131,estimated | true,1108209409 | -155477802
3a,7206975385132,estimated | true,1108209409 | -155477802
3a,7206975385133,estimated | true,1108209409 | -155477802
3a,7206975385134,estimated | true,1108209409 | -155477802
3a,7206975385135,estimated | true,1108209409 | -155477802
3b,7211270352384,estimated | true,-1714203668 | 129508754
3b,7211270352385,estimated | true,-1714203668 | 129508754
3b,7211270352386,estimated | true,-1714203668 | 129508754
3b,7211270352387,estimated | true,-1714203668 | 129508754
3b,7211270352388,estimated | true,-1714203668 | 129508754
3b,7211270352389,estimated | true,-1714203668 | 129508754
3b,7211270352390,estimated | true,-1714203668 | 129508754
3b,7211270352400,estimated | true,-1714203668 | 129508754
3b,7211270352401,estimated | true,-1714203668 | 129508754
3b,7211270352402,estimated | true,-1714203668 | 129508754
3b,7211270352403,estimated | true,-1714203668 | 129508754
3b,7211270352404,estimated | true,-1714203668 | 129508754
3b,7211270352405,estimated | true,-1714203668 | 129508754
3b,7211270352406,estimated | true,-1714203668 | 129508754
3b,7211270352407,estimated | true,-1714203668 | 129508754
3b,7211270352408,estimated | true,-1714203668 | 129508754
3b,7211270352409,estimated | true,-1714203668 | 129508754
3b,7211270352410,estimated | true,-1714203668 | 129508754
3b,7211270352411,estimated | true,-1714203668 | 129508754
3b,7211270352412,estimated | true,-1714203668 | 129508754
3b,7211270352413,estimated | true,-1714203668 | 129508754
3b,7211270352414,estimated | true,-1714203668 | 129508754
3b,7211270352415,estimated | true,-1714203668 | 129508754
3b,7211270352425,estimated | true,-1714203668 | 129508754
3b,7211270352426,estimated | true,-1714203668 | 129508754
3b,7211270352427,estimated | true,-1714203668 | 129508754
3b,7211270352428,estimated | true,-1714203668 | 129508754
3b,7211270352429,estimated | true,-1714203668 | 129508754
3b,7211270352430,estimated | true,-1714203668 | 129508754
3b,7211270352431,estimated | true,-1714203668 | 129508754
3c,7215565319680,estimated | true,1108209409 | -155477802
3c,7215565319681,estimated | true,1108209409 | -155477802
3c,7215565319682,estimated | true,1108209409 | -155477802
3c,7215565319683,estimated | true,1108209409 | -155477802
3c,7215565319684,estimated | true,1108209409 | -155477802
3c,7215565319685,estimated | true,1108209409 | -155477802
3c,7215565319686,estimated | true,1108209409 | -155477802
3c,7215565319687,estimated | true,1108209409 | -155477802
3c,7215565319688,estimated | true,1108209409 | -155477802
3c,7215565319689,estimated | true,1108209409 | -155477802
3c,7215565319690,estimated | true,1108209409 | -155477802
3c,7215565319691,estimated | true,1108209409 | -155477802
3c,7215565319692,estimated | true,1108209409 | -155477802
3c,7215565319693,estimated | true,1108209409 | -155477802
3c,7215565319694,estimated | true,1108209409 | -155477802
3c,7215565319695,estimated | true,1108209409 | -155477802
3c,7215565319705,estimated | true,1108209409 | -155477802
3c,7215565319706,estimated | true,1108209409 | -155477802
3c,7215565319707,estimated | true,1108209409 | -155477802
3c,7215565319708,estimated | true,1108209409 | -155477802
3c,7215565319709,estimated | true,1108209409 | -155477802
3c,7215565319710,estimated | true,1108209409 | -155477802
3c,7215565319711,estimated | true,1108209409 | -155477802
3c,7215565319728,estimated | true,1108209409 | -155477802
3c,7215565319729,estimated | true,1108209409 | -155477802
3c,7215565319730,estimated | true,1108209409 | -155477802
3c,7215565319731,estimated | true,1108209409 | -155477802
3c,7215565319732,estimated | true,1108209409 | -155477802
3c,7215565319733,estimated | true,1108209409 | -155477802
3c,7215565319734,estimated | true,1108209409 | -155477802
4a,7340119371275,estimated | true,-771427468 | -226412603
4a,7340119371314,estimated | true,-771427468 | -226412603
4a,7340119371316,estimated | true,-395276610 | -226412603
4b,7344414338568,estimated | true,-226412603 | 213137361
4b,7344414338570,estimated | true,-226412603 | 213137361
4b,7344414338571,estimated | true,-226412603 | 213137361
4b,7344414338572,estimated | true,-226412603 | 213137361
4b,7344414338573,estimated | true,-226412603 | 213137361
4b,7344414338574,estimated | true,-226412603 | 213137361
4b,7344414338575,estimated | true,-226412603 | 213137361
4b,7344414338592,estimated | true,-226412603 | 213137361
4b,7344414338593,estimated | true,-226412603 | 213137361
4b,7344414338594,estimated | true,-226412603 | 213137361
4b,7344414338595,estimated | true,-226412603 | 213137361
4b,7344414338596,estimated | true,-226412603 | 213137361
4b,7344414338597,estimated | true,-226412603 | 213137361
4b,7344414338599,estimated | true,-226412603 | 213137361
4b,7344414338608,estimated | true,-226412603 | 213137361
4b,7344414338609,estimated | true,-226412603 | 213137361
4b,7344414338610,estimated | true,-226412603 | 213137361
4b,7344414338611,estimated | true,-226412603 | 213137361
4b,7344414338612,estimated | true,-226412603 | 213137361
4b,7344414338613,estimated | true,-226412603 | 213137361
4b,7344414338614,estimated | true,-226412603 | 213137361
4b,7344414338615,estimated | true,611794456 | 213137361
4b,7344414338616,estimated | true,-226412603 | 213137361
4b,7344414338617,estimated | true,-226412603 | 213137361
4b,7344414338618,estimated | true,611794456 | 213137361
4b,7344414338619,estimated | true,-226412603 | 213137361
4b,7344414338620,estimated | true,-226412603 | 213137361
4b,7344414338621,estimated | true,-226412603 | 213137361
4b,7344414338622,estimated | true,-226412603 | 213137361
4b,7344414338623,estimated | true,-226412603 | 213137361
5a,7473263357504,estimated | true,1502139322 | -6202489
5a,7473263357505,estimated | true,1502139322 | -6202489
5a,7473263357506,estimated | true,1502139322 | -6202489
5a,7473263357507,estimated | true,1502139322 | -6202489
5a,7473263357509,estimated | true,1502139322 | -6202489
5a,7473263357510,estimated | true,1502139322 | -6202489
5a,7473263357511,estimated | true,1502139322 | -6202489
5a,7473263357520,estimated | true,1502139322 | -6202489
5a,7473263357521,estimated | true,1502139322 | -6202489
5a,7473263357522,estimated | true,1502139322 | -6202489
5a,7473263357523,estimated | true,1502139322 | -6202489
5a,7473263357524,estimated | true,1502139322 | -6202489
5a,7473263357525,estimated | true,1502139322 | -6202489
5a,7473263357526,estimated | true,1502139322 | -6202489
5a,7473263357527,estimated | true,1502139322 | -6202489
5a,7473263357528,estimated | true,1502139322 | -6202489
5a,7473263357529,estimated | true,1502139322 | -6202489
5a,7473263357530,estimated | true,1502139322 | -6202489
5a,7473263357531,estimated | true,1502139322 | -6202489
5a,7473263357532,estimated | true,1502139322 | -6202489
5a,7473263357533,estimated | true,1502139322 | -6202489
5a,7473263357534,estimated | true,1502139322 | -6202489
5a,7473263357535,estimated | true,1502139322 | -6202489
5a,7473263357544,estimated | true,1502139322 | -6202489
5a,7473263357545,estimated | true,1502139322 | -6202489
5a,7473263357546,estimated | true,1502139322 | -6202489
5a,7473263357548,estimated | true,1502139322 | -6202489
5a,7473263357549,estimated | true,1502139322 | -6202489
5a,7473263357550,estimated | true,1502139322 | -6202489
5a,7473263357551,estimated | true,1502139322 | -6202489
5b,7477558324800,estimated | true,2137438787 | -6202489
5b,7477558324801,estimated | true,-1512145598 | -6202489
5b,7477558324802,estimated | true,-1512145598 | -6202489
5b,7477558324803,estimated | true,-1512145598 | -6202489
5b,7477558324804,estimated | true,2137438787 | -6202489
5b,7477558324806,estimated | true,-1512145598 | -6202489
5b,7477558324807,estimated | true,2137438787 | -6202489
5b,7477558324816,estimated | true,-1512145598 | -6202489
5b,7477558324817,estimated | true,-1512145598 | -6202489
5b,7477558324818,estimated | true,-1512145598 | -6202489
5b,7477558324819,estimated | true,2137438787 | -6202489
5b,7477558324820,estimated | true,2137438787 | -6202489
5b,7477558324821,estimated | true,-1512145598 | -6202489
5b,7477558324822,estimated | true,2137438787 | -6202489
5b,7477558324823,estimated | true,-1512145598 | -6202489
5b,7477558324824,estimated | true,-1512145598 | -6202489
5b,7477558324825,estimated | true,2137438787 | -6202489
5b,7477558324826,estimated | true,2137438787 | -6202489
5b,7477558324827,estimated | true,-1512145598 | -6202489
5b,7477558324828,estimated | true,2137438787 | -6202489
5b,7477558324829,estimated | true,-1512145598 | -6202489
5b,7477558324830,estimated | true,2137438787 | -6202489
5b,7477558324831,estimated | true,-1512145598 | -6202489
5b,7477558324840,estimated | true,-1512145598 | -6202489
5b,7477558324841,estimated | true,2137438787 | -6202489
5b,7477558324843,estimated | true,-1512145598 | -6202489
5b,7477558324844,estimated | true,2137438787 | -6202489
5b,7477558324845,estimated | true,-1512145598 | -6202489
5b,7477558324846,estimated | true,2137438787 | -6202489
5b,7477558324847,estimated | true,2137438787 | -6202489
5c,7481853292096,estimated | true,-819286915 | -1053373678
5c,7481853292097,estimated | true,-819286915 | -1053373678
5c,7481853292098,estimated | true,-819286915 | -1053373678
5c,7481853292099,estimated | true,-819286915 | -1053373678
5c,7481853292100,estimated | true,-819286915 | -1053373678
5c,7481853292101,estimated | true,-819286915 | -1053373678
5c,7481853292103,estimated | true,-819286915 | -1053373678
5c,7481853292112,estimated | true,-819286915 | -1053373678
5c,7481853292113,estimated | true,-819286915 | -1053373678
5c,7481853292114,estimated | true,-819286915 | -1053373678
5c,7481853292115,estimated | true,-819286915 | -1053373678
5c,7481853292116,estimated | true,-819286915 | -1053373678
5c,7481853292117,estimated | true,-819286915 | -1053373678
5c,7481853292118,estimated | true,-819286915 | -1053373678
5c,7481853292119,estimated | true,-819286915 | -1053373678
5c,7481853292120,estimated | true,-819286915 | -1053373678
5c,7481853292121,estimated | true,-819286915 | -1053373678
5c,7481853292122,estimated | true,-819286915 | -1053373678
5c,7481853292123,estimated | true,-819286915 | -1053373678
5c,7481853292124,estimated | true,-819286915 | -1053373678
5c,7481853292125,estimated | true,-819286915 | -1053373678
5c,7481853292126,estimated | true,-819286915 | -1053373678
5c,7481853292127,estimated | true,-819286915 | -1053373678
5c,7481853292136,estimated | true,-819286915 | -1053373678
5c,7481853292138,estimated | true,-819286915 | -1053373678
5c,7481853292139,estimated | true,-819286915 | -1053373678
5c,7481853292140,estimated | true,-819286915 | -1053373678
5c,7481853292141,estimated | true,-819286915 | -1053373678
5c,7481853292142,estimated | true,-819286915 | -1053373678
5c,7481853292143,estimated | true,-819286915 | -1053373678
6a,7606407343688,estimated | true,-224470636 | -1397154297
6a,7606407343689,estimated | true,-224470636 | -1397154297
6a,7606407343690,estimated | true,-224470636 | -1397154297
6a,7606407343691,estimated | true,-224470636 | -1397154297
6a,7606407343693,estimated | true,-224470636 | -1397154297
6a,7606407343694,estimated | true,-224470636 | -1397154297
6a,7606407343695,estimated | true,-224470636 | -1397154297
6a,7606407343712,estimated | true,-224470636 | -1397154297
6a,7606407343713,estimated | true,-224470636 | -1397154297
6a,7606407343714,estimated | true,-224470636 | -1397154297
6a,7606407343716,estimated | true,-224470636 | -1397154297
6a,7606407343717,estimated | true,-224470636 | -1397154297
6a,7606407343718,estimated | true,-224470636 | -1397154297
6a,7606407343719,estimated | true,-224470636 | -1397154297
6a,7606407343728,estimated | true,-224470636 | -1397154297
6a,7606407343729,estimated | true,-224470636 | -1397154297
6a,7606407343730,estimated | true,-224470636 | -1397154297
6a,7606407343731,estimated | true,-224470636 | -1397154297
6a,7606407343732,estimated | true,-224470636 | -1397154297
6a,7606407343733,estimated | true,-224470636 | -1397154297
6a,7606407343734,estimated | true,-224470636 | -1397154297
6a,7606407343735,estimated | true,-224470636 | -1397154297
6a,7606407343736,estimated | true,-224470636 | -1397154297
6a,7606407343737,estimated | true,-224470636 | -1397154297
6a,7606407343738,estimated | true,-224470636 | -1397154297
6a,7606407343739,estimated | true,-224470636 | -1397154297
6a,7606407343740,estimated | true,-224470636 | -1397154297
6a,7606407343741,estimated | true,-224470636 | -1397154297
6a,7606407343742,estimated | true,-224470636 | -1397154297
6a,7606407343743,estimated | true,-224470636 | -1397154297
6b,7610702310984,estimated | true,1522110233 | 1956036293
6b,7610702310985,estimated | true,1522110233 | 1956036293
6b,7610702310986,estimated | true,1522110233 | 1956036293
6b,7610702310988,estimated | true,1522110233 | 1956036293
6b,7610702310989,estimated | true,1522110233 | 1956036293
6b,7610702310990,estimated | true,1522110233 | 1956036293
6b,7610702310991,estimated | true,1522110233 | 1956036293
6b,7610702311008,estimated | true,1522110233 | 1956036293
6b,7610702311009,estimated | true,1522110233 | 1956036293
6b,7610702311010,estimated | true,1522110233 | 1956036293
6b,7610702311011,estimated | true,1522110233 | 1956036293
6b,7610702311013,estimated | true,1522110233 | 1956036293
6b,7610702311014,estimated | true,1522110233 | 1956036293
6b,7610702311015,estimated | true,1522110233 | 1956036293
6b,7610702311024,estimated | true,1522110233 | 1956036293
6b,7610702311025,estimated | true,1522110233 | 1956036293
6b,7610702311026,estimated | true,1522110233 | 1956036293
6b,7610702311027,estimated | true,1522110233 | 1956036293
6b,7610702311028,estimated | true,1522110233 | 1956036293
6b,7610702311029,estimated | true,1522110233 | 1956036293
6b,7610702311030,estimated | true,1522110233 | 1956036293
6b,7610702311031,estimated | true,1522110233 | 1956036293
6b,7610702311032,estimated | true,1522110233 | 1956036293
6b,7610702311033,estimated | true,1522110233 | 1956036293
6b,7610702311034,estimated | true,1522110233 | 1956036293
6b,7610702311035,estimated | true,1522110233 | 1956036293
6b,7610702311036,estimated | true,1522110233 | 1956036293
6b,7610702311037,estimated | true,1522110233 | 1956036293
6b,7610702311038,estimated | true,1522110233 | 1956036293
6b,7610702311039,estimated | true,1522110233 | 1956036293
6c,7614997278280,estimated | true,-224470636 | -1397154297
6c,7614997278281,estimated | true,-224470636 | -1397154297
6c,7614997278283,estimated | true,-224470636 | -1397154297
6c,7614997278284,estimated | true,-224470636 | -1397154297
6c,7614997278285,estimated | true,-224470636 | -1397154297
6c,7614997278286,estimated | true,-224470636 | -1397154297
6c,7614997278287,estimated | true,-224470636 | -1397154297
6c,7614997278304,estimated | true,-224470636 | -1397154297
6c,7614997278305,estimated | true,-224470636 | -1397154297
6c,7614997278306,estimated | true,-224470636 | -1397154297
6c,7614997278307,estimated | true,-224470636 | -1397154297
6c,7614997278308,estimated | true,-224470636 | -1397154297
6c,7614997278310,estimated | true,-224470636 | -1397154297
6c,7614997278311,estimated | true,-224470636 | -1397154297
6c,7614997278320,estimated | true,-224470636 | -1397154297
6c,7614997278321,estimated | true,-224470636 | -1397154297
6c,7614997278322,estimated | true,-224470636 | -1397154297
6c,7614997278323,estimated | true,-224470636 | -1397154297
6c,7614997278324,estimated | true,-224470636 | -1397154297
6c,7614997278325,estimated | true,-224470636 | -1397154297
6c,7614997278326,estimated | true,-224470636 | -1397154297
6c,7614997278327,estimated | true,-224470636 | -1397154297
6c,7614997278328,estimated | true,-224470636 | -1397154297
6c,7614997278329,estimated | true,-224470636 | -1397154297
6c,7614997278330,estimated | true,-224470636 | -1397154297
6c,7614997278331,estimated | true,-224470636 | -1397154297
6c,7614997278332,estimated | true,-224470636 | -1397154297
6c,7614997278333,estimated | true,-224470636 | -1397154297
6c,7614997278334,estimated | true,-224470636 | -1397154297
6c,7614997278335,estimated | true,-224470636 | -1397154297
6e,7623587212873,estimated | true,-224470636 | -1397154297
6e,7623587212874,estimated | true,-224470636 | -1397154297
6e,7623587212875,estimated | true,-224470636 | -1397154297
6e,7623587212876,estimated | true,-224470636 | -1397154297
6e,7623587212877,estimated | true,-224470636 | -1397154297
6e,7623587212878,estimated | true,-224470636 | -1397154297
6e,7623587212879,estimated | true,-224470636 | -1397154297
6e,7623587212896,estimated | true,-224470636 | -1397154297
6e,7623587212897,estimated | true,-224470636 | -1397154297
6e,7623587212898,estimated | true,-224470636 | -1397154297
6e,7623587212899,estimated | true,-224470636 | -1397154297
6e,7623587212900,estimated | true,-224470636 | -1397154297
6e,7623587212901,estimated | true,-224470636 | -1397154297
6e,7623587212902,estimated | true,-224470636 | -1397154297
6e,7623587212912,estimated | true,-224470636 | -1397154297
6e,7623587212913,estimated | true,-224470636 | -1397154297
6e,7623587212914,estimated | true,-224470636 | -1397154297
6e,7623587212915,estimated | true,-224470636 | -1397154297
6e,7623587212916,estimated | true,-224470636 | -1397154297
6e,7623587212917,estimated | true,-224470636 | -1397154297
6e,7623587212918,estimated | true,-224470636 | -1397154297
6e,7623587212919,estimated | true,-224470636 | -1397154297
6e,7623587212920,estimated | true,-224470636 | -1397154297
6e,7623587212921,estimated | true,-224470636 | -1397154297
6e,7623587212922,estimated | true,-224470636 | -1397154297
6e,7623587212923,estimated | true,-224470636 | -1397154297
6e,7623587212924,estimated | true,-224470636 | -1397154297
6e,7623587212925,estimated | true,-224470636 | -1397154297
6e,7623587212926,estimated | true,-224470636 | -1397154297
6e,7623587212927,estimated | true,-224470636 | -1397154297
6f,7627882180176,estimated | true,1250717231 | -1261445935
6f,7627882180177,estimated | true,1250717231 | -1261445935
6f,7627882180178,estimated | true,1250717231 | -1261445935
6f,7627882180179,estimated | true,1250717231 | -1261445935
6f,7627882180180,estimated | true,1250717231 | -1261445935
6f,7627882180181,estimated | true,1250717231 | -1261445935
6f,7627882180182,estimated | true,1250717231 | -1261445935
6f,7627882180192,estimated | true,1250717231 | -1261445935
6f,7627882180193,estimated | true,1250717231 | -1261445935
6f,7627882180194,estimated | true,1250717231 | -1261445935
6f,7627882180195,estimated | true,1250717231 | -1261445935
6f,7627882180196,estimated | true,1250717231 | -1261445935
6f,7627882180197,estimated | true,1250717231 | -1261445935
6f,7627882180198,estimated | true,1250717231 | -1261445935
6f,7627882180199,estimated | true,1250717231 | -1261445935
6f,7627882180200,estimated | true,1250717231 | -1261445935
6f,7627882180201,estimated | true,1250717231 | -1261445935
6f,7627882180202,estimated | true,1250717231 | -1261445935
6f,7627882180203,estimated | true,1250717231 | -1261445935
6f,7627882180204,estimated | true,1250717231 | -1261445935
6f,7627882180205,estimated | true,1250717231 | -1261445935
6f,7627882180206,estimated | true,1250717231 | -1261445935
6f,7627882180207,estimated | true,1250717231 | -1261445935
6f,7627882180217,estimated | true,1250717231 | -1261445935
6f,7627882180218,estimated | true,1250717231 | -1261445935
6f,7627882180219,estimated | true,1250717231 | -1261445935
6f,7627882180220,estimated | true,1250717231 | -1261445935
6f,7627882180221,estimated | true,1250717231 | -1261445935
6f,7627882180222,estimated | true,1250717231 | -1261445935
6f,7627882180223,estimated | true,1250717231 | -1261445935
7a,7739551330176,estimated | true,-2009290410 | -660358127
7a,7739551330177,estimated | true,-2009290410 | -660358127
7a,7739551330179,estimated | true,-2009290410 | -660358127
7a,7739551330180,estimated | true,-2009290410 | -660358127
7a,7739551330181,estimated | true,-2009290410 | -660358127
7a,7739551330182,estimated | true,-2009290410 | -660358127
7a,7739551330183,estimated | true,-2009290410 | -660358127
7a,7739551330192,estimated | true,-2009290410 | -660358127
7a,7739551330193,estimated | true,-2009290410 | -660358127
7a,7739551330194,estimated | true,-2009290410 | -660358127
7a,7739551330195,estimated | true,-2009290410 | -660358127
7a,7739551330196,estimated | true,-2009290410 | -660358127
7a,7739551330197,estimated | true,-2009290410 | -660358127
7a,7739551330198,estimated | true,-2009290410 | -660358127
7a,7739551330199,estimated | true,-2009290410 | -660358127
7a,7739551330200,estimated | true,-2009290410 | -660358127
7a,7739551330201,estimated | true,-2009290410 | -660358127
7a,7739551330202,estimated | true,-2009290410 | -660358127
7a,7739551330203,estimated | true,-2009290410 | -660358127
7a,7739551330204,estimated | true,-2009290410 | -660358127
7a,7739551330205,estimated | true,-2009290410 | -660358127
7a,7739551330206,estimated | true,-2009290410 | -660358127
7a,7739551330207,estimated | true,-2009290410 | -660358127
7a,7739551330216,estimated | true,-2009290410 | -660358127
7a,7739551330217,estimated | true,-2009290410 | -660358127
7a,7739551330218,estimated | true,-2009290410 | -660358127
7a,7739551330219,estimated | true,-2009290410 | -660358127
7a,7739551330220,estimated | true,-2009290410 | -660358127
7a,7739551330222,estimated | true,-2009290410 | -660358127
7a,7739551330223,estimated | true,-2009290410 | -660358127
7b,7743846297472,estimated | true,-377469187 | -627495314
7b,7743846297473,estimated | true,-377469187 | -627495314
7b,7743846297474,estimated | true,-377469187 | -627495314
7b,7743846297476,estimated | true,-377469187 | -627495314
7b,7743846297477,estimated | true,-377469187 | -627495314
7b,7743846297478,estimated | true,-377469187 | -627495314
7b,7743846297479,estimated | true,-377469187 | -627495314
7b,7743846297488,estimated | true,-377469187 | -627495314
7b,7743846297489,estimated | true,-377469187 | -627495314
7b,7743846297490,estimated | true,-377469187 | -627495314
7b,7743846297491,estimated | true,-377469187 | -627495314
7b,7743846297492,estimated | true,-377469187 | -627495314
7b,7743846297493,estimated | true,-377469187 | -627495314
7b,7743846297494,estimated | true,-377469187 | -627495314
7b,7743846297495,estimated | true,-377469187 | -627495314
7b,7743846297496,estimated | true,-377469187 | -627495314
7b,7743846297497,estimated | true,-377469187 | -627495314
7b,7743846297498,estimated | true,-377469187 | -627495314
7b,7743846297499,estimated | true,-377469187 | -627495314
7b,7743846297500,estimated | true,-377469187 | -627495314
7b,7743846297501,estimated | true,-377469187 | -627495314
7b,7743846297502,estimated | true,-377469187 | -627495314
7b,7743846297503,estimated | true,-377469187 | -627495314
7b,7743846297512,estimated | true,-377469187 | -627495314
7b,7743846297513,estimated | true,-377469187 | -627495314
7b,7743846297514,estimated | true,-377469187 | -627495314
7b,7743846297515,estimated | true,-377469187 | -627495314
7b,7743846297517,estimated | true,-377469187 | -627495314
7b,7743846297518,estimated | true,-377469187 | -627495314
7b,7743846297519,estimated | true,-377469187 | -627495314
7c,7748141264768,estimated | true,-965812792 | -357078278
7c,7748141264769,estimated | true,-965812792 | -357078278
7c,7748141264770,estimated | true,-965812792 | -357078278
7c,7748141264771,estimated | true,-965812792 | -357078278
7c,7748141264773,estimated | true,-965812792 | -357078278
7c,7748141264774,estimated | true,-965812792 | -357078278
7c,7748141264775,estimated | true,-1004347469 | -357078278
7c,7748141264784,estimated | true,-965812792 | -357078278
7c,7748141264785,estimated | true,-965812792 | -357078278
7c,7748141264786,estimated | true,-1004347469 | -357078278
7c,7748141264787,estimated | true,-1004347469 | -357078278
7c,7748141264788,estimated | true,-1004347469 | -357078278
7c,7748141264789,estimated | true,-1004347469 | -357078278
7c,7748141264790,estimated | true,-965812792 | -357078278
7c,7748141264791,estimated | true,-1004347469 | -357078278
7c,7748141264792,estimated | true,-965812792 | -357078278
7c,7748141264793,estimated | true,-965812792 | -357078278
7c,7748141264794,estimated | true,-1004347469 | -357078278
7c,7748141264795,estimated | true,-1004347469 | -357078278
7c,7748141264796,estimated | true,-965812792 | -357078278
7c,7748141264797,estimated | true,-965812792 | -357078278
7c,7748141264798,estimated | true,-965812792 | -357078278
7c,7748141264799,estimated | true,-965812792 | -357078278
7c,7748141264808,estimated | true,-965812792 | -357078278
7c,7748141264809,estimated | true,-965812792 | -357078278
7c,7748141264810,estimated | true,-1004347469 | -357078278
7c,7748141264812,estimated | true,-1004347469 | -357078278
7c,7748141264813,estimated | true,-965812792 | -357078278
7c,7748141264814,estimated | true,-965812792 | -357078278
7c,7748141264815,estimated | true,-965812792 | -357078278
8a,7872695316360,estimated | true,-1907516635 | -1877519160
8a,7872695316361,estimated | true,-1907516635 | -1877519160
8a,7872695316362,estimated | true,-1907516635 | -1877519160
8a,7872695316363,estimated | true,-1907516635 | -1877519160
8a,7872695316364,estimated | true,-1907516635 | -1877519160
8a,7872695316365,estimated | true,-1907516635 | -1877519160
8a,7872695316367,estimated | true,-1907516635 | -1877519160
8a,7872695316384,estimated | true,-1907516635 | -1877519160
8a,7872695316386,estimated | true,-1907516635 | -1877519160
8a,7872695316387,estimated | true,-1907516635 | -1877519160
8a,7872695316388,estimated | true,-1907516635 | -1877519160
8a,7872695316389,estimated | true,-1907516635 | -1877519160
8a,7872695316390,estimated | true,-1907516635 | -1877519160
8a,7872695316391,estimated | true,-1907516635 | -1877519160
8a,7872695316400,estimated | true,-1907516635 | -1877519160
8a,7872695316401,estimated | true,-1907516635 | -1877519160
8a,7872695316402,estimated | true,-1907516635 | -1877519160
8a,7872695316403,estimated | true,-1907516635 | -1877519160
8a,7872695316404,estimated | true,-1907516635 | -1877519160
8a,7872695316405,estimated | true,-1907516635 | -1877519160
8a,7872695316406,estimated | true,-1907516635 | -1877519160
8a,7872695316407,estimated | true,-1907516635 | -1877519160
8a,7872695316408,estimated | true,-1907516635 | -1877519160
8a,7872695316409,estimated | true,-1907516635 | -1877519160
8a,7872695316410,estimated | true,-1907516635 | -1877519160
8a,7872695316411,estimated | true,-1907516635 | -1877519160
8a,7872695316412,estimated | true,-1907516635 | -1877519160
8a,7872695316413,estimated | true,-1907516635 | -1877519160
8a,7872695316414,estimated | true,-1907516635 | -1877519160
8a,7872695316415,estimated | true,-1907516635 | -1877519160
8b,7876990283656,estimated | true,-1195947643 | 1396787001
8b,7876990283657,estimated | true,-1195947643 | 1396787001
8b,7876990283658,estimated | true,-1195947643 | 1396787001
8b,7876990283659,estimated | true,1465295654 | 1396787001
8b,7876990283660,estimated | true,-1195947643 | 1396787001
8b,7876990283662,estimated | true,-1195947643 | 1396787001
8b,7876990283663,estimated | true,-1195947643 | 1396787001
8b,7876990283680,estimated | true,-1195947643 | 1396787001
8b,7876990283681,estimated | true,1465295654 | 1396787001
8b,7876990283683,estimated | true,-1195947643 | 1396787001
8b,7876990283684,estimated | true,-1195947643 | 1396787001
8b,7876990283685,estimated | true,1465295654 | 1396787001
8b,7876990283686,estimated | true,-1195947643 | 1396787001
8b,7876990283687,estimated | true,-1195947643 | 1396787001
8b,7876990283696,estimated | true,-1195947643 | 1396787001
8b,7876990283697,estimated | true,1465295654 | 1396787001
8b,7876990283698,estimated | true,1465295654 | 1396787001
8b,7876990283699,estimated | true,1465295654 | 1396787001
8b,7876990283700,estimated | true,-1195947643 | 1396787001
8b,7876990283701,estimated | true,-1195947643 | 1396787001
8b,7876990283702,estimated | true,-1195947643 | 1396787001
8b,7876990283703,estimated | true,-1195947643 | 1396787001
8b,7876990283704,estimated | true,-1195947643 | 1396787001
8b,7876990283705,estimated | true,-1195947643 | 1396787001
8b,7876990283706,estimated | true,-1195947643 | 1396787001
8b,7876990283707,estimated | true,1465295654 | 1396787001
8b,7876990283708,estimated | true,-1195947643 | 1396787001
8b,7876990283709,estimated | true,1465295654 | 1396787001
8b,7876990283710,estimated | true,-1195947643 | 1396787001
8b,7876990283711,estimated | true,1465295654 | 1396787001
8c,7881285250952,estimated | true,1588336649 | -576063213
8c,7881285250953,estimated | true,1588336649 | -576063213
8c,7881285250954,estimated | true,1588336649 | -576063213
8c,7881285250955,estimated | true,1588336649 | -576063213
8c,7881285250957,estimated | true,1588336649 | -576063213
8c,7881285250958,estimated | true,1588336649 | -576063213
8c,7881285250959,estimated | true,1588336649 | -576063213
8c,7881285250976,estimated | true,1588336649 | -576063213
8c,7881285250977,estimated | true,1588336649 | -576063213
8c,7881285250978,estimated | true,1588336649 | -576063213
8c,7881285250980,estimated | true,1588336649 | -576063213
8c,7881285250981,estimated | true,1588336649 | -576063213
8c,7881285250982,estimated | true,1588336649 | -576063213
8c,7881285250983,estimated | true,1588336649 | -576063213
8c,7881285250992,estimated | true,1588336649 | -576063213
8c,7881285250993,estimated | true,1588336649 | -576063213
8c,7881285250994,estimated | true,1588336649 | -576063213
8c,7881285250995,estimated | true,1588336649 | -576063213
8c,7881285250996,estimated | true,1588336649 | -576063213
8c,7881285250997,estimated | true,1588336649 | -576063213
8c,7881285250998,estimated | true,1588336649 | -576063213
8c,7881285250999,estimated | true,1588336649 | -576063213
8c,7881285251000,estimated | true,1588336649 | -576063213
8c,7881285251001,estimated | true,1588336649 | -576063213
8c,7881285251002,estimated | true,1588336649 | -576063213
8c,7881285251003,estimated | true,1588336649 | -576063213
8c,7881285251004,estimated | true,1588336649 | -576063213
8c,7881285251005,estimated | true,1588336649 | -576063213
8c,7881285251006,estimated | true,1588336649 | -576063213
8c,7881285251007,estimated | true,1588336649 | -576063213
8d,7885580218248,estimated | true,1504554646 | 1907553314
8d,7885580218249,estimated | true,1504554646 | 1907553314
8d,7885580218250,estimated | true,1504554646 | 1907553314
8d,7885580218252,estimated | true,1504554646 | 1907553314
8d,7885580218253,estimated | true,1504554646 | 1907553314
8d,7885580218254,estimated | true,1504554646 | 1907553314
8d,7885580218255,estimated | true,1504554646 | 1907553314
8d,7885580218272,estimated | true,1504554646 | 1907553314
8d,7885580218273,estimated | true,1504554646 | 1907553314
8d,7885580218274,estimated | true,1504554646 | 1907553314
8d,7885580218275,estimated | true,1504554646 | 1907553314
8d,7885580218277,estimated | true,1504554646 | 1907553314
8d,7885580218278,estimated | true,1504554646 | 1907553314
8d,7885580218279,estimated | true,1504554646 | 1907553314
8d,7885580218288,estimated | true,1504554646 | 1907553314
8d,7885580218289,estimated | true,1504554646 | 1907553314
8d,7885580218290,estimated | true,1504554646 | 1907553314
8d,7885580218291,estimated | true,1504554646 | 1907553314
8d,7885580218292,estimated | true,1504554646 | 1907553314
8d,7885580218293,estimated | true,1504554646 | 1907553314
8d,7885580218294,estimated | true,1504554646 | 1907553314
8d,7885580218295,estimated | true,1504554646 | 1907553314
8d,7885580218296,estimated | true,1504554646 | 1907553314
8d,7885580218297,estimated | true,1504554646 | 1907553314
8d,7885580218298,estimated | true,1142152349 | 1907553314
8d,7885580218299,estimated | true,1504554646 | 1907553314
8d,7885580218300,estimated | true,1504554646 | 1907553314
8d,7885580218301,estimated | true,1504554646 | 1907553314
8d,7885580218302,estimated | true,1504554646 | 1907553314
8d,7885580218303,estimated | true,1504554646 | 1907553314
9a,8005839302593,estimated | true,1514154397 | 183995629
9a,8005839302594,estimated | true,-1128143717 | 183995629
9a,8005839302595,estimated | true,1998513224 | 183995629
9a,8005839302596,estimated | true,-1123178810 | 183995629
9a,8005839302597,estimated | true,-1128143717 | 183995629
9a,8005839302598,estimated | true,524144733 | 183995629
9a,8005839302599,estimated | true,-1128143717 | 183995629
9a,8005839302608,estimated | true,1998513224 | 183995629
9a,8005839302609,estimated | true,1998513224 | 183995629
9a,8005839302610,estimated | true,1998513224 | 183995629
9a,8005839302611,estimated | true,-1128143717 | 183995629
9a,8005839302612,estimated | true,524144733 | 183995629
9a,8005839302613,estimated | true,524144733 | 183995629
9a,8005839302614,estimated | true,1514154397 | 183995629
9a,8005839302615,estimated | true,-1123178810 | 183995629
9a,8005839302616,estimated | true,-1128143717 | 183995629
9a,8005839302617,estimated | true,-1128143717 | 183995629
9a,8005839302618,estimated | true,524144733 | 183995629
9a,8005839302619,estimated | true,1998513224 | 183995629
9a,8005839302620,estimated | true,524144733 | 183995629
9a,8005839302621,estimated | true,524144733 | 183995629
9a,8005839302622,estimated | true,1998513224 | 183995629
9a,8005839302623,estimated | true,-439312907 | 183995629
9a,8005839302632,estimated | true,-1128143717 | 183995629
9a,8005839302633,estimated | true,524144733 | 183995629
9a,8005839302634,estimated | true,-1128143717 | 183995629
9a,8005839302635,estimated | true,524144733 | 183995629
9a,8005839302636,estimated | true,1998513224 | 183995629
9a,8005839302637,estimated | true,1705227529 | 183995629
9a,8005839302638,estimated | true,1998513224 | 183995629
9b,8010134269888,estimated | true,-4751552 | -446765826
9b,8010134269890,estimated | true,332015340 | -446765826
9b,8010134269891,estimated | true,332015340 | -446765826
9b,8010134269892,estimated | true,332015340 | -446765826
9b,8010134269893,estimated | true,332015340 | -446765826
9b,8010134269894,estimated | true,332015340 | -446765826
9b,8010134269895,estimated | true,332015340 | -446765826
9b,8010134269904,estimated | true,-4751552 | -446765826
9b,8010134269905,estimated | true,332015340 | -446765826
9b,8010134269906,estimated | true,332015340 | -446765826
9b,8010134269907,estimated | true,332015340 | -446765826
9b,8010134269908,estimated | true,-4751552 | -446765826
9b,8010134269909,estimated | true,-4751552 | -446765826
9b,8010134269910,estimated | true,-4751552 | -446765826
9b,8010134269911,estimated | true,332015340 | -446765826
9b,8010134269912,estimated | true,-4751552 | -446765826
9b,8010134269913,estimated | true,332015340 | -446765826
9b,8010134269914,estimated | true,332015340 | -446765826
9b,8010134269915,estimated | true,332015340 | -446765826
9b,8010134269916,estimated | true,-4751552 | -446765826
9b,8010134269917,estimated | true,332015340 | -446765826
9b,8010134269918,estimated | true,-4751552 | -446765826
9b,8010134269919,estimated | true,332015340 | -446765826
9b,8010134269928,estimated | true,-4751552 | -446765826
9b,8010134269929,estimated | true,-4751552 | -446765826
9b,8010134269930,estimated | true,-4751552 | -446765826
9b,8010134269931,estimated | true,-4751552 | -446765826
9b,8010134269932,estimated | true,-4751552 | -446765826
9b,8010134269933,estimated | true,332015340 | -446765826
9b,8010134269935,estimated | true,332015340 | -446765826
9c,8014429237184,estimated | true,-1026255482 | 1172165327
9c,8014429237185,estimated | true,-1026255482 | 1172165327
9c,8014429237187,estimated | true,-1026255482 | 1172165327
9c,8014429237188,estimated | true,-1026255482 | 1172165327
9c,8014429237189,estimated | true,659609918 | 1172165327
9c,8014429237190,estimated | true,-1026255482 | 1172165327
9c,8014429237191,estimated | true,-1026255482 | 1172165327
9c,8014429237200,estimated | true,-1026255482 | 1172165327
9c,8014429237201,estimated | true,-1026255482 | 1172165327
9c,8014429237202,estimated | true,-1026255482 | 1172165327
9c,8014429237203,estimated | true,-1026255482 | 1172165327
9c,8014429237204,estimated | true,-1026255482 | 1172165327
9c,8014429237205,estimated | true,-1026255482 | 1172165327
9c,8014429237206,estimated | true,-1026255482 | 1172165327
9c,8014429237207,estimated | true,-1026255482 | 1172165327
9c,8014429237208,estimated | true,-1026255482 | 1172165327
9c,8014429237209,estimated | true,-1026255482 | 1172165327
9c,8014429237210,estimated | true,-1026255482 | 1172165327
9c,8014429237211,estimated | true,-1026255482 | 1172165327
9c,8014429237212,estimated | true,-1026255482 | 1172165327
9c,8014429237213,estimated | true,-1026255482 | 1172165327
9c,8014429237214,estimated | true,-1026255482 | 1172165327
9c,8014429237215,estimated | true,659609918 | 1172165327
9c,8014429237224,estimated | true,-1026255482 | 1172165327
9c,8014429237225,estimated | true,-1026255482 | 1172165327
9c,8014429237226,estimated | true,-1026255482 | 1172165327
9c,8014429237227,estimated | true,-1026255482 | 1172165327
9c,8014429237228,estimated | true,-1026255482 | 1172165327
9c,8014429237230,estimated | true,-1026255482 | 1172165327
9c,8014429237231,estimated | true,-1026255482 | 1172165327
9d,8018724204480,estimated | true,-85231018 | 24431216
9d,8018724204481,estimated | true,-85231018 | 24431216
9d,8018724204482,estimated | true,-85231018 | 24431216
9d,8018724204484,estimated | true,-85231018 | 24431216
9d,8018724204485,estimated | true,-85231018 | 24431216
9d,8018724204486,estimated | true,-1149709724 | 24431216
9d,8018724204487,estimated | true,-85231018 | 24431216
9d,8018724204496,estimated | true,-85231018 | 24431216
9d,8018724204497,estimated | true,-85231018 | 24431216
9d,8018724204498,estimated | true,-85231018 | 24431216
9d,8018724204499,estimated | true,-85231018 | 24431216
9d,8018724204500,estimated | true,-85231018 | 24431216
9d,8018724204501,estimated | true,-85231018 | 24431216
9d,8018724204502,estimated | true,-85231018 | 24431216
9d,8018724204503,estimated | true,-85231018 | 24431216
9d,8018724204504,estimated | true,-85231018 | 24431216
9d,8018724204505,estimated | true,-85231018 | 24431216
9d,8018724204506,estimated | true,-85231018 | 24431216
9d,8018724204507,estimated | true,-85231018 | 24431216
9d,8018724204508,estimated | true,-85231018 | 24431216
9d,8018724204509,estimated | true,-85231018 | 24431216
9d,8018724204510,estimated | true,-85231018 | 24431216
9d,8018724204511,estimated | true,-85231018 | 24431216
9d,8018724204520,estimated | true,-85231018 | 24431216
9d,8018724204521,estimated | true,-85231018 | 24431216
9d,8018724204522,estimated | true,-85231018 | 24431216
9d,8018724204523,estimated | true,-85231018 | 24431216
9d,8018724204525,estimated | true,-85231018 | 24431216
9d,8018724204526,estimated | true,-85231018 | 24431216
9d,8018724204527,estimated | true,-85231018 | 24431216
