Query Name,Sample Seed,Conditions,Plan Hashes
10c,209061848389120,production-floor | production-no-floor | raw | shrink,1698543765 | 1850930972 | 1349954031 | 1850930972
10c,209061848389124,production-floor | production-no-floor | raw | shrink,1698543765 | 1850930972 | 1349954031 | 1850930972
10c,209061848389125,production-floor | production-no-floor | raw | shrink,1698543765 | 1850930972 | 1349954031 | 1850930972
10c,209061848389126,production-floor | production-no-floor | raw | shrink,1698543765 | 1850930972 | 1349954031 | 1850930972
10c,209061848389127,production-floor | production-no-floor | raw | shrink,1698543765 | 1850930972 | 1349954031 | 1850930972
10c,209061848389152,production-floor | production-no-floor | raw | shrink,1698543765 | 1850930972 | 1349954031 | 1850930972
10c,209061848389153,production-floor | production-no-floor | raw | shrink,1698543765 | 1850930972 | 1349954031 | 1850930972
10c,209061848389154,production-floor | production-no-floor | raw | shrink,1698543765 | 1850930972 | 1349954031 | 1850930972
10c,209061848389155,production-floor | production-no-floor | raw | shrink,1698543765 | 1850930972 | 1349954031 | 1850930972
10c,209061848389156,production-floor | production-no-floor | raw | shrink,1698543765 | 1850930972 | 1349954031 | 1850930972
10c,209061848389157,production-floor | production-no-floor | raw | shrink,1698543765 | 1850930972 | 1349954031 | 1850930972
10c,209061848389158,production-floor | production-no-floor | raw | shrink,1698543765 | 1850930972 | 1349954031 | 1850930972
10c,209061848389159,production-floor | production-no-floor | raw | shrink,1698543765 | 1850930972 | 1349954031 | 1850930972
10c,209061848389160,production-floor | production-no-floor | raw | shrink,1698543765 | 1850930972 | 1349954031 | 1850930972
10c,209061848389161,production-floor | production-no-floor | raw | shrink,1698543765 | 1850930972 | 1349954031 | 1850930972
10c,209061848389162,production-floor | production-no-floor | raw | shrink,1698543765 | 1850930972 | 1349954031 | 1850930972
10c,209061848389163,production-floor | production-no-floor | raw | shrink,1698543765 | 1850930972 | 1349954031 | 1850930972
10c,209061848389164,production-floor | production-no-floor | raw | shrink,1698543765 | 1850930972 | 1349954031 | 1850930972
10c,209061848389165,production-floor | production-no-floor | raw | shrink,1698543765 | 1850930972 | 1349954031 | 1850930972
10c,209061848389166,production-floor | production-no-floor | raw | shrink,1698543765 | 1850930972 | 1349954031 | 1850930972
10c,209061848389167,production-floor | production-no-floor | raw | shrink,1698543765 | 1850930972 | 1349954031 | 1850930972
10c,209061848389168,production-floor | production-no-floor | raw | shrink,1698543765 | 1850930972 | 1349954031 | 1850930972
10c,209061848389169,production-floor | production-no-floor | raw | shrink,1698543765 | 1850930972 | 1349954031 | 1850930972
10c,209061848389170,production-floor | production-no-floor | raw | shrink,1698543765 | 1850930972 | 1349954031 | 1850930972
10c,209061848389171,production-floor | production-no-floor | raw | shrink,1698543765 | 1850930972 | 1349954031 | 1850930972
10c,209061848389172,production-floor | production-no-floor | raw | shrink,1698543765 | 1850930972 | 1349954031 | 1850930972
10c,209061848389173,production-floor | production-no-floor | raw | shrink,1698543765 | 1850930972 | 1349954031 | 1850930972
10c,209061848389174,production-floor | production-no-floor | raw | shrink,1698543765 | 1349954031 | 1349954031 | 1349954031
10c,209061848389175,production-floor | production-no-floor | raw | shrink,1698543765 | 1850930972 | 1349954031 | 1850930972
10c,209061848389176,production-floor | production-no-floor | raw | shrink,1698543765 | 1850930972 | 1349954031 | 1850930972
10c,209061848389177,production-floor | production-no-floor | raw | shrink,1698543765 | 1850930972 | 1349954031 | 1850930972
10c,209061848389178,production-floor | production-no-floor | raw | shrink,1698543765 | 1850930972 | 1349954031 | 1850930972
10c,209061848389179,production-floor | production-no-floor | raw | shrink,1698543765 | 1850930972 | 1349954031 | 1850930972
10c,209061848389180,production-floor | production-no-floor | raw | shrink,1698543765 | 1850930972 | 1349954031 | 1850930972
10c,209061848389181,production-floor | production-no-floor | raw | shrink,1698543765 | 1850930972 | 1349954031 | 1850930972
10c,209061848389182,production-floor | production-no-floor | raw | shrink,1698543765 | 1850930972 | 1349954031 | 1850930972
10c,209061848389183,production-floor | production-no-floor | raw | shrink,1698543765 | 1850930972 | 1349954031 | 1850930972
10c,209061848390080,production-floor | production-no-floor | raw | shrink,1698543765 | 1850930972 | 1349954031 | 1850930972
10c,209061848390081,production-floor | production-no-floor | raw | shrink,1698543765 | 1850930972 | 1349954031 | 1850930972
10c,209061848390082,production-floor | production-no-floor | raw | shrink,1698543765 | 1349954031 | 1349954031 | 1349954031
10c,209061848390083,production-floor | production-no-floor | raw | shrink,1698543765 | 1850930972 | 1349954031 | 1850930972
10c,209061848390084,production-floor | production-no-floor | raw | shrink,1698543765 | 1349954031 | 1349954031 | 1349954031
10c,209061848390085,production-floor | production-no-floor | raw | shrink,1698543765 | 1850930972 | 1349954031 | 1850930972
10c,209061848390086,production-floor | production-no-floor | raw | shrink,1698543765 | 1850930972 | 1349954031 | 1850930972
10c,209061848390087,production-floor | production-no-floor | raw | shrink,1698543765 | 1850930972 | 1349954031 | 1850930972
10c,209061848390088,production-floor | production-no-floor | raw | shrink,1698543765 | 1850930972 | 1349954031 | 1850930972
10c,209061848390089,production-floor | production-no-floor | raw | shrink,1698543765 | 1850930972 | 1349954031 | 1850930972
10c,209061848390090,production-floor | production-no-floor | raw | shrink,1698543765 | 1850930972 | 1349954031 | 1850930972
10c,209061848390091,production-floor | production-no-floor | raw | shrink,1698543765 | 1850930972 | 1349954031 | 1850930972
10c,209061848390092,production-floor | production-no-floor | raw | shrink,1698543765 | 1850930972 | 1349954031 | 1850930972
10c,209061848390093,production-floor | production-no-floor | raw | shrink,1698543765 | 1850930972 | 1349954031 | 1850930972
10c,209061848390094,production-floor | production-no-floor | raw | shrink,1698543765 | 1349954031 | 1349954031 | 1349954031
10c,209061848390095,production-floor | production-no-floor | raw | shrink,1698543765 | 1850930972 | 1349954031 | 1850930972
10c,209061848390096,production-floor | production-no-floor | raw | shrink,1698543765 | 1850930972 | 1349954031 | 1850930972
10c,209061848390097,production-floor | production-no-floor | raw | shrink,1698543765 | 1850930972 | 1349954031 | 1850930972
10c,209061848390098,production-floor | production-no-floor | raw | shrink,1698543765 | 1850930972 | 1349954031 | 1850930972
10c,209061848390099,production-floor | production-no-floor | raw | shrink,1698543765 | 1850930972 | 1349954031 | 1850930972
10c,209061848390100,production-floor | production-no-floor | raw | shrink,1698543765 | 1850930972 | 1349954031 | 1850930972
10c,209061848390101,production-floor | production-no-floor | raw | shrink,1698543765 | 1850930972 | 1349954031 | 1850930972
10c,209061848390102,production-floor | production-no-floor | raw | shrink,1698543765 | 1850930972 | 1349954031 | 1850930972
10c,209061848390103,production-floor | production-no-floor | raw | shrink,1698543765 | 1850930972 | 1349954031 | 1850930972
10c,209061848390104,production-floor | production-no-floor | raw | shrink,1698543765 | 1850930972 | 1349954031 | 1850930972
10c,209061848390105,production-floor | production-no-floor | raw | shrink,1698543765 | 1850930972 | 1349954031 | 1850930972
10c,209061848390106,production-floor | production-no-floor | raw | shrink,1698543765 | 1850930972 | 1349954031 | 1850930972
10c,209061848390107,production-floor | production-no-floor | raw | shrink,1698543765 | 1850930972 | 1349954031 | 1850930972
10c,209061848390108,production-floor | production-no-floor | raw | shrink,1698543765 | 1850930972 | 1349954031 | 1850930972
10c,209061848390109,production-floor | production-no-floor | raw | shrink,1698543765 | 1850930972 | 1349954031 | 1850930972
10c,209061848390110,production-floor | production-no-floor | raw | shrink,1698543765 | 1850930972 | 1349954031 | 1850930972
10c,209061848390111,production-floor | production-no-floor | raw | shrink,1698543765 | 1850930972 | 1349954031 | 1850930972
10c,209061848390112,production-floor | production-no-floor | raw | shrink,1698543765 | 1850930972 | 1349954031 | 1850930972
10c,209061848390113,production-floor | production-no-floor | raw | shrink,1698543765 | 1850930972 | 1349954031 | 1850930972
10c,209061848390114,production-floor | production-no-floor | raw | shrink,1698543765 | 1850930972 | 1349954031 | 1850930972
10c,209061848390115,production-floor | production-no-floor | raw | shrink,1698543765 | 1850930972 | 1349954031 | 1850930972
10c,209061848390117,production-floor | production-no-floor | raw | shrink,1698543765 | 1850930972 | 1349954031 | 1850930972
10c,209061848390118,production-floor | production-no-floor | raw | shrink,1698543765 | 1850930972 | 1349954031 | 1850930972
10c,209061848390119,production-floor | production-no-floor | raw | shrink,1698543765 | 1850930972 | 1349954031 | 1850930972
10c,209061848390120,production-floor | production-no-floor | raw | shrink,1698543765 | 1850930972 | 1349954031 | 1850930972
10c,209061848390121,production-floor | production-no-floor | raw | shrink,1698543765 | 1850930972 | 1349954031 | 1850930972
10c,209061848390122,production-floor | production-no-floor | raw | shrink,1698543765 | 1850930972 | 1349954031 | 1850930972
10c,209061848390123,production-floor | production-no-floor | raw | shrink,1698543765 | 1850930972 | 1349954031 | 1850930972
10c,209061848390124,production-floor | production-no-floor | raw | shrink,1698543765 | 1850930972 | 1349954031 | 1850930972
10c,209061848390125,production-floor | production-no-floor | raw | shrink,1698543765 | 1850930972 | 1349954031 | 1850930972
10c,209061848390126,production-floor | production-no-floor | raw | shrink,1698543765 | 1850930972 | 1349954031 | 1850930972
10c,209061848390127,production-floor | production-no-floor | raw | shrink,1698543765 | 1850930972 | 1349954031 | 1850930972
10c,209061848390128,production-floor | production-no-floor | raw | shrink,1698543765 | 1850930972 | 1349954031 | 1850930972
10c,209061848390129,production-floor | production-no-floor | raw | shrink,1698543765 | 1850930972 | 1349954031 | 1850930972
10c,209061848390130,production-floor | production-no-floor | raw | shrink,1698543765 | 1850930972 | 1349954031 | 1850930972
10c,209061848390131,production-floor | production-no-floor | raw | shrink,1698543765 | 1850930972 | 1349954031 | 1850930972
10c,209061848390132,production-floor | production-no-floor | raw | shrink,1698543765 | 1850930972 | 1349954031 | 1850930972
10c,209061848390133,production-floor | production-no-floor | raw | shrink,1698543765 | 1850930972 | 1349954031 | 1850930972
10c,209061848390134,production-floor | production-no-floor | raw | shrink,1698543765 | 1349954031 | 1349954031 | 1349954031
10c,209061848390135,production-floor | production-no-floor | raw | shrink,1698543765 | 1850930972 | 1349954031 | 1850930972
10c,209061848390136,production-floor | production-no-floor | raw | shrink,1698543765 | 1850930972 | 1349954031 | 1850930972
10c,209061848390137,production-floor | production-no-floor | raw | shrink,1698543765 | 1850930972 | 1349954031 | 1850930972
10c,209061848390138,production-floor | production-no-floor | raw | shrink,1698543765 | 1850930972 | 1349954031 | 1850930972
10c,209061848390139,production-floor | production-no-floor | raw | shrink,1698543765 | 1850930972 | 1349954031 | 1850930972
10c,209061848390140,production-floor | production-no-floor | raw | shrink,1698543765 | 1850930972 | 1349954031 | 1850930972
10c,209061848390141,production-floor | production-no-floor | raw | shrink,1698543765 | 1850930972 | 1349954031 | 1850930972
10c,209061848390142,production-floor | production-no-floor | raw | shrink,1698543765 | 1850930972 | 1349954031 | 1850930972
10c,209061848390143,production-floor | production-no-floor | raw | shrink,1698543765 | 1850930972 | 1349954031 | 1850930972
11a,209186402440776,production-floor | production-no-floor | raw | shrink,-1055439248 | -1055439248 | 918645316 | -1055439248
11a,209186402441621,production-floor | production-no-floor | raw | shrink,-1055439248 | -1055439248 | 918645316 | -1055439248
11a,209186402441651,production-floor | production-no-floor | raw | shrink,-1055439248 | -1055439248 | 918645316 | -1055439248
11a,209186402441662,production-floor | production-no-floor | raw | shrink,-1055439248 | -1055439248 | 918645316 | -1055439248
11b,209190697408064,production-floor | production-no-floor | raw | shrink,898037380 | 898037380 | -861283655 | 898037380
11b,209190697408065,production-floor | production-no-floor | raw | shrink,898037380 | -1446711126 | -1446711126 | -1446711126
11b,209190697408066,production-floor | production-no-floor | raw | shrink,898037380 | -1446711126 | -1446711126 | -1446711126
11b,209190697408068,production-floor | production-no-floor | raw | shrink,898037380 | -1446711126 | -1446711126 | -1446711126
11b,209190697408069,production-floor | production-no-floor | raw | shrink,898037380 | -1446711126 | -40651920 | -1446711126
11b,209190697408070,production-floor | production-no-floor | raw | shrink,898037380 | 898037380 | -861283655 | 898037380
11b,209190697408071,production-floor | production-no-floor | raw | shrink,898037380 | -1446711126 | -1446711126 | -1446711126
11b,209190697408072,production-floor | production-no-floor | raw | shrink,898037380 | -1446711126 | -1446711126 | -1446711126
11b,209190697408073,production-floor | production-no-floor | raw | shrink,898037380 | -1446711126 | -1446711126 | -1446711126
11b,209190697408074,production-floor | production-no-floor | raw | shrink,898037380 | -1446711126 | -1446711126 | -1446711126
11b,209190697408075,production-floor | production-no-floor | raw | shrink,898037380 | -1446711126 | -1446711126 | -1446711126
11b,209190697408076,production-floor | production-no-floor | raw | shrink,898037380 | -1446711126 | -861283655 | -1446711126
11b,209190697408077,production-floor | production-no-floor | raw | shrink,898037380 | 898037380 | -861283655 | 898037380
11b,209190697408078,production-floor | production-no-floor | raw | shrink,2069975928 | -1446711126 | 2069975928 | -1446711126
11b,209190697408079,production-floor | production-no-floor | raw | shrink,898037380 | -1446711126 | -861283655 | -1446711126
11b,209190697408080,production-floor | production-no-floor | raw | shrink,898037380 | -1446711126 | -1446711126 | -1446711126
11b,209190697408082,production-floor | production-no-floor | raw | shrink,898037380 | -1446711126 | -1446711126 | -1446711126
11b,209190697408083,production-floor | production-no-floor | raw | shrink,898037380 | -1446711126 | -861283655 | -1446711126
11b,209190697408084,production-floor | production-no-floor | raw | shrink,898037380 | 898037380 | -861283655 | 898037380
11b,209190697408085,production-floor | production-no-floor | raw | shrink,898037380 | -1446711126 | -1446711126 | -1446711126
11b,209190697408087,production-floor | production-no-floor | raw | shrink,898037380 | -1446711126 | -861283655 | -1446711126
11b,209190697408088,production-floor | production-no-floor | raw | shrink,898037380 | -1446711126 | -861283655 | -1446711126
11b,209190697408089,production-floor | production-no-floor | raw | shrink,898037380 | -1446711126 | -861283655 | -1446711126
11b,209190697408090,production-floor | production-no-floor | raw | shrink,898037380 | 898037380 | -1446711126 | 898037380
11b,209190697408091,production-floor | production-no-floor | raw | shrink,898037380 | -1446711126 | -1446711126 | -1446711126
11b,209190697408092,production-floor | production-no-floor | raw | shrink,898037380 | 898037380 | -861283655 | 898037380
11b,209190697408093,production-floor | production-no-floor | raw | shrink,898037380 | -1446711126 | 898037380 | -1446711126
11b,209190697408095,production-floor | production-no-floor | raw | shrink,898037380 | -1446711126 | -861283655 | -1446711126
11b,209190697408096,production-floor | production-no-floor | raw | shrink,898037380 | -1446711126 | 898037380 | -1446711126
11b,209190697408097,production-floor | production-no-floor | raw | shrink,898037380 | -1446711126 | -861283655 | -1446711126
11b,209190697408099,production-floor | production-no-floor | raw | shrink,898037380 | -1446711126 | -861283655 | -1446711126
11b,209190697408102,production-floor | production-no-floor | raw | shrink,898037380 | -1446711126 | -1446711126 | -1446711126
11b,209190697408896,production-floor | production-no-floor | raw | shrink,898037380 | 898037380 | -40651920 | 898037380
11b,209190697408897,production-floor | production-no-floor | raw | shrink,898037380 | 898037380 | -861283655 | 898037380
11b,209190697408899,production-floor | production-no-floor | raw | shrink,898037380 | 898037380 | -1446711126 | 898037380
11b,209190697408900,production-floor | production-no-floor | raw | shrink,898037380 | -1446711126 | -1446711126 | -1446711126
11b,209190697408901,production-floor | production-no-floor | raw | shrink,898037380 | -1446711126 | -1446711126 | -1446711126
11b,209190697408902,production-floor | production-no-floor | raw | shrink,898037380 | -1446711126 | -1446711126 | -1446711126
11b,209190697408903,production-floor | production-no-floor | raw | shrink,898037380 | -1446711126 | -861283655 | -1446711126
11b,209190697408904,production-floor | production-no-floor | raw | shrink,898037380 | -1446711126 | -861283655 | -1446711126
11b,209190697408906,production-floor | production-no-floor | raw | shrink,898037380 | -1446711126 | -861283655 | -1446711126
11b,209190697408907,production-floor | production-no-floor | raw | shrink,898037380 | 898037380 | -861283655 | 898037380
11b,209190697408908,production-floor | production-no-floor | raw | shrink,898037380 | -1446711126 | -1446711126 | -1446711126
11b,209190697408909,production-floor | production-no-floor | raw | shrink,898037380 | -1446711126 | -1446711126 | -1446711126
11b,209190697408910,production-floor | production-no-floor | raw | shrink,898037380 | -1446711126 | -1446711126 | -1446711126
11b,209190697408911,production-floor | production-no-floor | raw | shrink,898037380 | -1446711126 | -861283655 | -1446711126
11b,209190697408912,production-floor | production-no-floor | raw | shrink,898037380 | -1446711126 | -1446711126 | -1446711126
11b,209190697408913,production-floor | production-no-floor | raw | shrink,898037380 | 898037380 | -1446711126 | 898037380
11b,209190697408914,production-floor | production-no-floor | raw | shrink,898037380 | -1446711126 | -1446711126 | -1446711126
11b,209190697408915,production-floor | production-no-floor | raw | shrink,898037380 | -1446711126 | -1446711126 | -1446711126
11b,209190697408916,production-floor | production-no-floor | raw | shrink,898037380 | -1446711126 | -1446711126 | -1446711126
11b,209190697408918,production-floor | production-no-floor | raw | shrink,898037380 | -1446711126 | -1446711126 | -1446711126
11b,209190697408919,production-floor | production-no-floor | raw | shrink,898037380 | -1446711126 | 898037380 | -1446711126
11b,209190697408921,production-floor | production-no-floor | raw | shrink,898037380 | -1446711126 | 898037380 | -1446711126
11b,209190697408922,production-floor | production-no-floor | raw | shrink,898037380 | -1446711126 | -861283655 | -1446711126
11b,209190697408923,production-floor | production-no-floor | raw | shrink,898037380 | -1446711126 | -861283655 | -1446711126
11b,209190697408924,production-floor | production-no-floor | raw | shrink,898037380 | -1446711126 | -861283655 | -1446711126
11b,209190697408925,production-floor | production-no-floor | raw | shrink,898037380 | -1446711126 | -1446711126 | -1446711126
11b,209190697408926,production-floor | production-no-floor | raw | shrink,898037380 | -1446711126 | -1446711126 | -1446711126
11b,209190697408927,production-floor | production-no-floor | raw | shrink,898037380 | -1446711126 | -861283655 | -1446711126
11b,209190697408928,production-floor | production-no-floor | raw | shrink,898037380 | 898037380 | -861283655 | 898037380
11b,209190697408929,production-floor | production-no-floor | raw | shrink,898037380 | -1446711126 | -861283655 | -1446711126
11b,209190697408930,production-floor | production-no-floor | raw | shrink,898037380 | -1446711126 | -1446711126 | -1446711126
11b,209190697408931,production-floor | production-no-floor | raw | shrink,898037380 | -1446711126 | -1446711126 | -1446711126
11b,209190697408932,production-floor | production-no-floor | raw | shrink,898037380 | -1446711126 | -1446711126 | -1446711126
11b,209190697408933,production-floor | production-no-floor | raw | shrink,-68285264 | -1446711126 | -68285264 | -1446711126
11b,209190697408934,production-floor | production-no-floor | raw | shrink,898037380 | -1446711126 | -861283655 | -1446711126
11b,209190697408935,production-floor | production-no-floor | raw | shrink,898037380 | -1446711126 | -1446711126 | -1446711126
11b,209190697408939,production-floor | production-no-floor | raw | shrink,898037380 | 898037380 | -1446711126 | 898037380
11b,209190697408940,production-floor | production-no-floor | raw | shrink,898037380 | -1446711126 | -1446711126 | -1446711126
11b,209190697408941,production-floor | production-no-floor | raw | shrink,-68285264 | -1446711126 | -68285264 | -1446711126
11b,209190697408942,production-floor | production-no-floor | raw | shrink,898037380 | 898037380 | -861283655 | 898037380
11b,209190697408943,production-floor | production-no-floor | raw | shrink,898037380 | 898037380 | -861283655 | 898037380
11b,209190697408944,production-floor | production-no-floor | raw | shrink,898037380 | -1446711126 | -1446711126 | -1446711126
11b,209190697408945,production-floor | production-no-floor | raw | shrink,898037380 | -1446711126 | -1446711126 | -1446711126
11b,209190697408946,production-floor | production-no-floor | raw | shrink,898037380 | -1446711126 | -1446711126 | -1446711126
11b,209190697408947,production-floor | production-no-floor | raw | shrink,898037380 | -1446711126 | -1446711126 | -1446711126
11b,209190697408948,production-floor | production-no-floor | raw | shrink,898037380 | -1446711126 | -1446711126 | -1446711126
11b,209190697408949,production-floor | production-no-floor | raw | shrink,898037380 | -1446711126 | -861283655 | -1446711126
11b,209190697408950,production-floor | production-no-floor | raw | shrink,898037380 | -1446711126 | -1446711126 | -1446711126
11b,209190697408951,production-floor | production-no-floor | raw | shrink,898037380 | -1446711126 | -1446711126 | -1446711126
11b,209190697408952,production-floor | production-no-floor | raw | shrink,898037380 | 898037380 | -1446711126 | 898037380
11b,209190697408953,production-floor | production-no-floor | raw | shrink,898037380 | 898037380 | -40651920 | 898037380
11b,209190697408954,production-floor | production-no-floor | raw | shrink,898037380 | -1446711126 | 898037380 | -1446711126
11b,209190697408955,production-floor | production-no-floor | raw | shrink,898037380 | 898037380 | -1446711126 | 898037380
11b,209190697408956,production-floor | production-no-floor | raw | shrink,898037380 | -1446711126 | -1446711126 | -1446711126
11b,209190697408957,production-floor | production-no-floor | raw | shrink,898037380 | -1446711126 | -861283655 | -1446711126
11b,209190697408958,production-floor | production-no-floor | raw | shrink,898037380 | -1446711126 | -1446711126 | -1446711126
11b,209190697408959,production-floor | production-no-floor | raw | shrink,898037380 | -1446711126 | -1446711126 | -1446711126
11c,209194992375360,production-floor | production-no-floor | raw | shrink,-358111285 | 1916526955 | 212006990 | 1916526955
11c,209194992375361,production-floor | production-no-floor | raw | shrink,-358111285 | 212006990 | 869093453 | 212006990
11c,209194992375362,production-floor | production-no-floor | raw | shrink,212006990 | 1916526955 | 212006990 | 1916526955
11c,209194992375363,production-floor | production-no-floor | raw | shrink,212006990 | 212006990 | 869093453 | 212006990
11c,209194992375364,production-floor | production-no-floor | raw | shrink,212006990 | 212006990 | 869093453 | 212006990
11c,209194992375366,production-floor | production-no-floor | raw | shrink,-358111285 | 1916526955 | 212006990 | 1916526955
11c,209194992375367,production-floor | production-no-floor | raw | shrink,-358111285 | 212006990 | 869093453 | 212006990
11c,209194992375368,production-floor | production-no-floor | raw | shrink,212006990 | 1916526955 | 212006990 | 1916526955
11c,209194992375369,production-floor | production-no-floor | raw | shrink,212006990 | 212006990 | 869093453 | 212006990
11c,209194992375370,production-floor | production-no-floor | raw | shrink,-358111285 | 1916526955 | 212006990 | 1916526955
11c,209194992375371,production-floor | production-no-floor | raw | shrink,-358111285 | 1916526955 | 212006990 | 1916526955
11c,209194992375374,production-floor | production-no-floor | raw | shrink,-358111285 | 1916526955 | 212006990 | 1916526955
11c,209194992375375,production-floor | production-no-floor | raw | shrink,-358111285 | 212006990 | 212006990 | 212006990
11c,209194992375376,production-floor | production-no-floor | raw | shrink,-358111285 | 1916526955 | 212006990 | 1916526955
11c,209194992375377,production-floor | production-no-floor | raw | shrink,212006990 | 212006990 | 869093453 | 212006990
11c,209194992375378,production-floor | production-no-floor | raw | shrink,212006990 | 212006990 | 869093453 | 212006990
11c,209194992375379,production-floor | production-no-floor | raw | shrink,212006990 | 1916526955 | 212006990 | 1916526955
11c,209194992375380,production-floor | production-no-floor | raw | shrink,-358111285 | 1916526955 | 212006990 | 1916526955
11c,209194992375381,production-floor | production-no-floor | raw | shrink,-358111285 | 212006990 | 212006990 | 212006990
11c,209194992375382,production-floor | production-no-floor | raw | shrink,-358111285 | 212006990 | 212006990 | 212006990
11c,209194992375383,production-floor | production-no-floor | raw | shrink,-358111285 | 212006990 | 869093453 | 212006990
11c,209194992375384,production-floor | production-no-floor | raw | shrink,-358111285 | 1916526955 | 212006990 | 1916526955
11c,209194992375385,production-floor | production-no-floor | raw | shrink,212006990 | 212006990 | 869093453 | 212006990
11c,209194992375386,production-floor | production-no-floor | raw | shrink,-358111285 | 1916526955 | 212006990 | 1916526955
11c,209194992375387,production-floor | production-no-floor | raw | shrink,-358111285 | 1916526955 | 212006990 | 1916526955
11c,209194992375388,production-floor | production-no-floor | raw | shrink,212006990 | 1916526955 | 212006990 | 1916526955
11c,209194992375389,production-floor | production-no-floor | raw | shrink,212006990 | 212006990 | 869093453 | 212006990
11c,209194992375391,production-floor | production-no-floor | raw | shrink,212006990 | 212006990 | 869093453 | 212006990
11c,209194992375392,production-floor | production-no-floor | raw | shrink,-358111285 | 212006990 | 869093453 | 212006990
11c,209194992375393,production-floor | production-no-floor | raw | shrink,-358111285 | 212006990 | 212006990 | 212006990
11c,209194992375394,production-floor | production-no-floor | raw | shrink,212006990 | 212006990 | 869093453 | 212006990
11c,209194992375395,production-floor | production-no-floor | raw | shrink,-358111285 | 212006990 | 212006990 | 212006990
11c,209194992376192,production-floor | production-no-floor | raw | shrink,-358111285 | 1916526955 | 869093453 | 1916526955
11c,209194992376193,production-floor | production-no-floor | raw | shrink,-358111285 | 1916526955 | 212006990 | 1916526955
11c,209194992376194,production-floor | production-no-floor | raw | shrink,-358111285 | 1916526955 | 212006990 | 1916526955
11c,209194992376196,production-floor | production-no-floor | raw | shrink,-358111285 | 212006990 | 212006990 | 212006990
11c,209194992376197,production-floor | production-no-floor | raw | shrink,-358111285 | 1916526955 | 869093453 | 1916526955
11c,209194992376198,production-floor | production-no-floor | raw | shrink,-358111285 | 212006990 | 212006990 | 212006990
11c,209194992376199,production-floor | production-no-floor | raw | shrink,-358111285 | 212006990 | 212006990 | 212006990
11c,209194992376201,production-floor | production-no-floor | raw | shrink,-358111285 | 212006990 | 869093453 | 212006990
11c,209194992376202,production-floor | production-no-floor | raw | shrink,-358111285 | 212006990 | 212006990 | 212006990
11c,209194992376204,production-floor | production-no-floor | raw | shrink,212006990 | 212006990 | 869093453 | 212006990
11c,209194992376206,production-floor | production-no-floor | raw | shrink,-358111285 | 212006990 | 869093453 | 212006990
11c,209194992376207,production-floor | production-no-floor | raw | shrink,-358111285 | 1916526955 | 212006990 | 1916526955
11c,209194992376208,production-floor | production-no-floor | raw | shrink,212006990 | 212006990 | 869093453 | 212006990
11c,209194992376209,production-floor | production-no-floor | raw | shrink,-358111285 | 212006990 | 212006990 | 212006990
11c,209194992376210,production-floor | production-no-floor | raw | shrink,-358111285 | 212006990 | 869093453 | 212006990
11c,209194992376211,production-floor | production-no-floor | raw | shrink,-358111285 | 1916526955 | 212006990 | 1916526955
11c,209194992376212,production-floor | production-no-floor | raw | shrink,-358111285 | 212006990 | 869093453 | 212006990
11c,209194992376213,production-floor | production-no-floor | raw | shrink,-358111285 | 212006990 | 869093453 | 212006990
11c,209194992376214,production-floor | production-no-floor | raw | shrink,-358111285 | 212006990 | 869093453 | 212006990
11c,209194992376215,production-floor | production-no-floor | raw | shrink,-358111285 | 212006990 | 212006990 | 212006990
11c,209194992376218,production-floor | production-no-floor | raw | shrink,-358111285 | 1916526955 | 212006990 | 1916526955
11c,209194992376219,production-floor | production-no-floor | raw | shrink,-358111285 | 212006990 | 212006990 | 212006990
11c,209194992376220,production-floor | production-no-floor | raw | shrink,-358111285 | 1916526955 | 212006990 | 1916526955
11c,209194992376221,production-floor | production-no-floor | raw | shrink,-358111285 | 212006990 | 212006990 | 212006990
11c,209194992376222,production-floor | production-no-floor | raw | shrink,-358111285 | 1916526955 | 212006990 | 1916526955
11c,209194992376223,production-floor | production-no-floor | raw | shrink,-358111285 | 212006990 | 869093453 | 212006990
11c,209194992376224,production-floor | production-no-floor | raw | shrink,-1040441311 | 1916526955 | 212006990 | 1916526955
11c,209194992376225,production-floor | production-no-floor | raw | shrink,-358111285 | 212006990 | 869093453 | 212006990
11c,209194992376226,production-floor | production-no-floor | raw | shrink,-358111285 | 212006990 | 869093453 | 212006990
11c,209194992376228,production-floor | production-no-floor | raw | shrink,212006990 | 212006990 | 869093453 | 212006990
11c,209194992376229,production-floor | production-no-floor | raw | shrink,212006990 | 1916526955 | 212006990 | 1916526955
11c,209194992376230,production-floor | production-no-floor | raw | shrink,-358111285 | 212006990 | 212006990 | 212006990
11c,209194992376232,production-floor | production-no-floor | raw | shrink,-1040441311 | 212006990 | 212006990 | 212006990
11c,209194992376233,production-floor | production-no-floor | raw | shrink,212006990 | 212006990 | 869093453 | 212006990
11c,209194992376234,production-floor | production-no-floor | raw | shrink,-358111285 | 212006990 | 869093453 | 212006990
11c,209194992376235,production-floor | production-no-floor | raw | shrink,-358111285 | 1916526955 | 212006990 | 1916526955
11c,209194992376237,production-floor | production-no-floor | raw | shrink,-358111285 | 1916526955 | 212006990 | 1916526955
11c,209194992376239,production-floor | production-no-floor | raw | shrink,-358111285 | 212006990 | 869093453 | 212006990
11c,209194992376240,production-floor | production-no-floor | raw | shrink,-358111285 | 1916526955 | 869093453 | 1916526955
11c,209194992376241,production-floor | production-no-floor | raw | shrink,-358111285 | 212006990 | 869093453 | 212006990
11c,209194992376243,production-floor | production-no-floor | raw | shrink,212006990 | -802661811 | 212006990 | -802661811
11c,209194992376244,production-floor | production-no-floor | raw | shrink,-358111285 | 212006990 | 212006990 | 212006990
11c,209194992376245,production-floor | production-no-floor | raw | shrink,-358111285 | 1916526955 | 212006990 | 1916526955
11c,209194992376246,production-floor | production-no-floor | raw | shrink,212006990 | 212006990 | 869093453 | 212006990
11c,209194992376247,production-floor | production-no-floor | raw | shrink,-358111285 | 1916526955 | 212006990 | 1916526955
11c,209194992376248,production-floor | production-no-floor | raw | shrink,-358111285 | 212006990 | 212006990 | 212006990
11c,209194992376249,production-floor | production-no-floor | raw | shrink,212006990 | 212006990 | 869093453 | 212006990
11c,209194992376251,production-floor | production-no-floor | raw | shrink,-358111285 | 212006990 | 869093453 | 212006990
11c,209194992376253,production-floor | production-no-floor | raw | shrink,-358111285 | 1916526955 | 212006990 | 1916526955
11c,209194992376255,production-floor | production-no-floor | raw | shrink,-358111285 | 1916526955 | 212006990 | 1916526955
11d,209199287342656,production-floor | production-no-floor | raw | shrink,588364050 | 2003817464 | 670874103 | 2003817464
11d,209199287342657,production-floor | production-no-floor | raw | shrink,588364050 | 2003817464 | 198126114 | 2003817464
11d,209199287342658,production-floor | production-no-floor | raw | shrink,588364050 | 2003817464 | 198126114 | 2003817464
11d,209199287342659,production-floor | production-no-floor | raw | shrink,588364050 | 2003817464 | 198126114 | 2003817464
11d,209199287342660,production-floor | production-no-floor | raw | shrink,588364050 | 2003817464 | 198126114 | 2003817464
11d,209199287342661,production-floor | production-no-floor | raw | shrink,588364050 | 2003817464 | 198126114 | 2003817464
11d,209199287342662,production-floor | production-no-floor | raw | shrink,588364050 | 2003817464 | 198126114 | 2003817464
11d,209199287342663,production-floor | production-no-floor | raw | shrink,588364050 | 2003817464 | 670874103 | 2003817464
11d,209199287342664,production-floor | production-no-floor | raw | shrink,588364050 | 2003817464 | 198126114 | 2003817464
11d,209199287342665,production-floor | production-no-floor | raw | shrink,588364050 | 2003817464 | 670874103 | 2003817464
11d,209199287342666,production-floor | production-no-floor | raw | shrink,588364050 | 2003817464 | 198126114 | 2003817464
11d,209199287342667,production-floor | production-no-floor | raw | shrink,588364050 | 2003817464 | 198126114 | 2003817464
11d,209199287342668,production-floor | production-no-floor | raw | shrink,588364050 | 2003817464 | 670874103 | 2003817464
11d,209199287342669,production-floor | production-no-floor | raw | shrink,588364050 | 2003817464 | 198126114 | 2003817464
11d,209199287342670,production-floor | production-no-floor | raw | shrink,588364050 | 2003817464 | 198126114 | 2003817464
11d,209199287342671,production-floor | production-no-floor | raw | shrink,588364050 | 2003817464 | 198126114 | 2003817464
11d,209199287342672,production-floor | production-no-floor | raw | shrink,588364050 | 2003817464 | 198126114 | 2003817464
11d,209199287342673,production-floor | production-no-floor | raw | shrink,588364050 | 2003817464 | 198126114 | 2003817464
11d,209199287342674,production-floor | production-no-floor | raw | shrink,588364050 | 2003817464 | 198126114 | 2003817464
11d,209199287342675,production-floor | production-no-floor | raw | shrink,588364050 | 2003817464 | 670874103 | 2003817464
11d,209199287342676,production-floor | production-no-floor | raw | shrink,588364050 | 2003817464 | 670874103 | 2003817464
11d,209199287342677,production-floor | production-no-floor | raw | shrink,588364050 | 2003817464 | 198126114 | 2003817464
11d,209199287342678,production-floor | production-no-floor | raw | shrink,588364050 | 2003817464 | 670874103 | 2003817464
11d,209199287342679,production-floor | production-no-floor | raw | shrink,588364050 | 2003817464 | 198126114 | 2003817464
11d,209199287342680,production-floor | production-no-floor | raw | shrink,588364050 | 2003817464 | 670874103 | 2003817464
11d,209199287342681,production-floor | production-no-floor | raw | shrink,588364050 | 2003817464 | 198126114 | 2003817464
11d,209199287342682,production-floor | production-no-floor | raw | shrink,588364050 | 2003817464 | 1249082385 | 2003817464
11d,209199287342683,production-floor | production-no-floor | raw | shrink,588364050 | 2003817464 | 670874103 | 2003817464
11d,209199287342684,production-floor | production-no-floor | raw | shrink,588364050 | 2003817464 | 670874103 | 2003817464
11d,209199287342685,production-floor | production-no-floor | raw | shrink,588364050 | 2003817464 | 670874103 | 2003817464
11d,209199287342686,production-floor | production-no-floor | raw | shrink,588364050 | 2003817464 | 198126114 | 2003817464
11d,209199287342687,production-floor | production-no-floor | raw | shrink,588364050 | 2003817464 | 670874103 | 2003817464
11d,209199287342688,production-floor | production-no-floor | raw | shrink,588364050 | 2003817464 | 670874103 | 2003817464
11d,209199287342692,production-floor | production-no-floor | raw | shrink,588364050 | 2003817464 | 198126114 | 2003817464
11d,209199287342693,production-floor | production-no-floor | raw | shrink,588364050 | 2003817464 | 198126114 | 2003817464
11d,209199287342694,production-floor | production-no-floor | raw | shrink,588364050 | 2003817464 | 670874103 | 2003817464
11d,209199287342695,production-floor | production-no-floor | raw | shrink,588364050 | 2003817464 | 198126114 | 2003817464
11d,209199287343488,production-floor | production-no-floor | raw | shrink,588364050 | 2003817464 | 198126114 | 2003817464
11d,209199287343489,production-floor | production-no-floor | raw | shrink,588364050 | 2003817464 | 670874103 | 2003817464
11d,209199287343490,production-floor | production-no-floor | raw | shrink,588364050 | 2003817464 | 670874103 | 2003817464
11d,209199287343491,production-floor | production-no-floor | raw | shrink,588364050 | 2003817464 | 198126114 | 2003817464
11d,209199287343493,production-floor | production-no-floor | raw | shrink,588364050 | 2003817464 | 198126114 | 2003817464
11d,209199287343494,production-floor | production-no-floor | raw | shrink,588364050 | 2003817464 | 198126114 | 2003817464
11d,209199287343495,production-floor | production-no-floor | raw | shrink,588364050 | 2003817464 | 198126114 | 2003817464
11d,209199287343496,production-floor | production-no-floor | raw | shrink,588364050 | 2003817464 | 198126114 | 2003817464
11d,209199287343497,production-floor | production-no-floor | raw | shrink,588364050 | 2003817464 | 670874103 | 2003817464
11d,209199287343498,production-floor | production-no-floor | raw | shrink,588364050 | 2003817464 | 198126114 | 2003817464
11d,209199287343499,production-floor | production-no-floor | raw | shrink,588364050 | 2003817464 | 198126114 | 2003817464
11d,209199287343500,production-floor | production-no-floor | raw | shrink,588364050 | 2003817464 | 670874103 | 2003817464
11d,209199287343501,production-floor | production-no-floor | raw | shrink,588364050 | 2003817464 | 670874103 | 2003817464
11d,209199287343502,production-floor | production-no-floor | raw | shrink,588364050 | 2003817464 | 198126114 | 2003817464
11d,209199287343503,production-floor | production-no-floor | raw | shrink,588364050 | 2003817464 | 198126114 | 2003817464
11d,209199287343504,production-floor | production-no-floor | raw | shrink,588364050 | 2003817464 | 670874103 | 2003817464
11d,209199287343505,production-floor | production-no-floor | raw | shrink,588364050 | 2003817464 | 198126114 | 2003817464
11d,209199287343506,production-floor | production-no-floor | raw | shrink,588364050 | 2003817464 | 198126114 | 2003817464
11d,209199287343507,production-floor | production-no-floor | raw | shrink,588364050 | 2003817464 | 670874103 | 2003817464
11d,209199287343508,production-floor | production-no-floor | raw | shrink,588364050 | 2003817464 | 198126114 | 2003817464
11d,209199287343509,production-floor | production-no-floor | raw | shrink,588364050 | 2003817464 | 198126114 | 2003817464
11d,209199287343510,production-floor | production-no-floor | raw | shrink,588364050 | 2003817464 | 670874103 | 2003817464
11d,209199287343511,production-floor | production-no-floor | raw | shrink,588364050 | 2003817464 | 670874103 | 2003817464
11d,209199287343512,production-floor | production-no-floor | raw | shrink,588364050 | 2003817464 | 198126114 | 2003817464
11d,209199287343513,production-floor | production-no-floor | raw | shrink,588364050 | 2003817464 | 198126114 | 2003817464
11d,209199287343514,production-floor | production-no-floor | raw | shrink,588364050 | 2003817464 | 198126114 | 2003817464
11d,209199287343515,production-floor | production-no-floor | raw | shrink,588364050 | 2003817464 | 198126114 | 2003817464
11d,209199287343516,production-floor | production-no-floor | raw | shrink,588364050 | 2003817464 | 198126114 | 2003817464
11d,209199287343517,production-floor | production-no-floor | raw | shrink,588364050 | 2003817464 | 198126114 | 2003817464
11d,209199287343518,production-floor | production-no-floor | raw | shrink,588364050 | 2003817464 | 198126114 | 2003817464
11d,209199287343519,production-floor | production-no-floor | raw | shrink,588364050 | 2003817464 | 198126114 | 2003817464
11d,209199287343520,production-floor | production-no-floor | raw | shrink,588364050 | 2003817464 | 198126114 | 2003817464
11d,209199287343521,production-floor | production-no-floor | raw | shrink,588364050 | 2003817464 | 670874103 | 2003817464
11d,209199287343522,production-floor | production-no-floor | raw | shrink,588364050 | 2003817464 | 198126114 | 2003817464
11d,209199287343523,production-floor | production-no-floor | raw | shrink,588364050 | 2003817464 | 198126114 | 2003817464
11d,209199287343524,production-floor | production-no-floor | raw | shrink,588364050 | 2003817464 | 670874103 | 2003817464
11d,209199287343525,production-floor | production-no-floor | raw | shrink,588364050 | 2003817464 | 198126114 | 2003817464
11d,209199287343526,production-floor | production-no-floor | raw | shrink,588364050 | 2003817464 | 670874103 | 2003817464
11d,209199287343527,production-floor | production-no-floor | raw | shrink,588364050 | 2003817464 | 198126114 | 2003817464
11d,209199287343528,production-floor | production-no-floor | raw | shrink,588364050 | 2003817464 | 198126114 | 2003817464
11d,209199287343529,production-floor | production-no-floor | raw | shrink,588364050 | 2003817464 | 198126114 | 2003817464
11d,209199287343530,production-floor | production-no-floor | raw | shrink,588364050 | 2003817464 | 670874103 | 2003817464
11d,209199287343531,production-floor | production-no-floor | raw | shrink,588364050 | 2003817464 | 198126114 | 2003817464
11d,209199287343532,production-floor | production-no-floor | raw | shrink,588364050 | 2003817464 | 198126114 | 2003817464
11d,209199287343533,production-floor | production-no-floor | raw | shrink,588364050 | 2003817464 | 198126114 | 2003817464
11d,209199287343534,production-floor | production-no-floor | raw | shrink,588364050 | 2003817464 | 198126114 | 2003817464
11d,209199287343535,production-floor | production-no-floor | raw | shrink,588364050 | 2003817464 | 198126114 | 2003817464
11d,209199287343536,production-floor | production-no-floor | raw | shrink,588364050 | 2003817464 | 198126114 | 2003817464
11d,209199287343537,production-floor | production-no-floor | raw | shrink,588364050 | 2003817464 | 670874103 | 2003817464
11d,209199287343538,production-floor | production-no-floor | raw | shrink,588364050 | 2003817464 | 670874103 | 2003817464
11d,209199287343539,production-floor | production-no-floor | raw | shrink,588364050 | 2003817464 | 670874103 | 2003817464
11d,209199287343540,production-floor | production-no-floor | raw | shrink,588364050 | 2003817464 | 198126114 | 2003817464
11d,209199287343541,production-floor | production-no-floor | raw | shrink,588364050 | 2003817464 | 670874103 | 2003817464
11d,209199287343542,production-floor | production-no-floor | raw | shrink,588364050 | 2003817464 | 670874103 | 2003817464
11d,209199287343543,production-floor | production-no-floor | raw | shrink,588364050 | 2003817464 | 198126114 | 2003817464
11d,209199287343544,production-floor | production-no-floor | raw | shrink,588364050 | 2003817464 | 198126114 | 2003817464
11d,209199287343545,production-floor | production-no-floor | raw | shrink,588364050 | 2003817464 | 198126114 | 2003817464
11d,209199287343546,production-floor | production-no-floor | raw | shrink,588364050 | 2003817464 | 198126114 | 2003817464
11d,209199287343547,production-floor | production-no-floor | raw | shrink,588364050 | 2003817464 | 670874103 | 2003817464
11d,209199287343548,production-floor | production-no-floor | raw | shrink,588364050 | 2003817464 | 198126114 | 2003817464
11d,209199287343549,production-floor | production-no-floor | raw | shrink,588364050 | 2003817464 | 198126114 | 2003817464
11d,209199287343550,production-floor | production-no-floor | raw | shrink,588364050 | 2003817464 | 670874103 | 2003817464
11d,209199287343551,production-floor | production-no-floor | raw | shrink,588364050 | 2003817464 | 198126114 | 2003817464
12a,209319546426944,production-floor | production-no-floor | raw | shrink,1128872642 | 1128872642 | 1680001358 | 1128872642
12a,209319546426945,production-floor | production-no-floor | raw | shrink,1128872642 | 1128872642 | 1680001358 | 1128872642
12a,209319546426946,production-floor | production-no-floor | raw | shrink,1128872642 | 1128872642 | 1680001358 | 1128872642
12a,209319546426947,production-floor | production-no-floor | raw | shrink,1128872642 | 1128872642 | 1680001358 | 1128872642
12a,209319546426948,production-floor | production-no-floor | raw | shrink,1128872642 | 1128872642 | 1680001358 | 1128872642
12a,209319546426976,production-floor | production-no-floor | raw | shrink,1128872642 | 1128872642 | 1680001358 | 1128872642
12a,209319546426977,production-floor | production-no-floor | raw | shrink,1128872642 | 1128872642 | 1680001358 | 1128872642
12a,209319546426978,production-floor | production-no-floor | raw | shrink,1128872642 | 1128872642 | 1680001358 | 1128872642
12a,209319546426979,production-floor | production-no-floor | raw | shrink,1128872642 | 1128872642 | 1680001358 | 1128872642
12a,209319546426980,production-floor | production-no-floor | raw | shrink,1128872642 | 1128872642 | 1680001358 | 1128872642
12a,209319546426981,production-floor | production-no-floor | raw | shrink,1128872642 | 1128872642 | 1680001358 | 1128872642
12a,209319546426982,production-floor | production-no-floor | raw | shrink,1128872642 | 1128872642 | 1680001358 | 1128872642
12a,209319546426983,production-floor | production-no-floor | raw | shrink,1128872642 | 1128872642 | 1680001358 | 1128872642
12a,209319546426984,production-floor | production-no-floor | raw | shrink,1128872642 | 1128872642 | 1680001358 | 1128872642
12a,209319546426985,production-floor | production-no-floor | raw | shrink,1128872642 | 1128872642 | 1680001358 | 1128872642
12a,209319546426986,production-floor | production-no-floor | raw | shrink,1128872642 | 1128872642 | 1680001358 | 1128872642
12a,209319546426987,production-floor | production-no-floor | raw | shrink,1128872642 | 1128872642 | 1680001358 | 1128872642
12a,209319546426988,production-floor | production-no-floor | raw | shrink,1128872642 | 1128872642 | 1680001358 | 1128872642
12a,209319546426989,production-floor | production-no-floor | raw | shrink,1128872642 | 1128872642 | 1680001358 | 1128872642
12a,209319546426990,production-floor | production-no-floor | raw | shrink,1128872642 | 1128872642 | 1680001358 | 1128872642
12a,209319546426991,production-floor | production-no-floor | raw | shrink,1128872642 | 1128872642 | 1680001358 | 1128872642
12a,209319546426992,production-floor | production-no-floor | raw | shrink,1128872642 | 1128872642 | 1680001358 | 1128872642
12a,209319546426993,production-floor | production-no-floor | raw | shrink,1128872642 | 1128872642 | 1680001358 | 1128872642
12a,209319546426994,production-floor | production-no-floor | raw | shrink,1128872642 | 1128872642 | 1680001358 | 1128872642
12a,209319546426995,production-floor | production-no-floor | raw | shrink,1128872642 | 1128872642 | 1680001358 | 1128872642
12a,209319546426996,production-floor | production-no-floor | raw | shrink,1128872642 | 1128872642 | 1680001358 | 1128872642
12a,209319546426997,production-floor | production-no-floor | raw | shrink,1128872642 | 1128872642 | 1680001358 | 1128872642
12a,209319546426998,production-floor | production-no-floor | raw | shrink,1128872642 | 1128872642 | 1680001358 | 1128872642
12a,209319546426999,production-floor | production-no-floor | raw | shrink,1128872642 | 1128872642 | 1680001358 | 1128872642
12a,209319546427000,production-floor | production-no-floor | raw | shrink,1128872642 | 1128872642 | 1680001358 | 1128872642
12a,209319546427001,production-floor | production-no-floor | raw | shrink,1128872642 | 1128872642 | 1680001358 | 1128872642
12a,209319546427002,production-floor | production-no-floor | raw | shrink,1128872642 | 1128872642 | 1680001358 | 1128872642
12a,209319546427003,production-floor | production-no-floor | raw | shrink,1128872642 | 1128872642 | 1680001358 | 1128872642
12a,209319546427004,production-floor | production-no-floor | raw | shrink,1128872642 | 1128872642 | 1680001358 | 1128872642
12a,209319546427005,production-floor | production-no-floor | raw | shrink,1128872642 | 1128872642 | 1680001358 | 1128872642
12a,209319546427006,production-floor | production-no-floor | raw | shrink,1128872642 | 1128872642 | 1680001358 | 1128872642
12a,209319546427007,production-floor | production-no-floor | raw | shrink,1128872642 | 1128872642 | 1680001358 | 1128872642
12a,209319546427776,production-floor | production-no-floor | raw | shrink,1128872642 | 1128872642 | 1680001358 | 1128872642
12a,209319546427777,production-floor | production-no-floor | raw | shrink,1128872642 | 1128872642 | 1680001358 | 1128872642
12a,209319546427778,production-floor | production-no-floor | raw | shrink,1128872642 | 1128872642 | 1680001358 | 1128872642
12a,209319546427779,production-floor | production-no-floor | raw | shrink,1128872642 | 1128872642 | 1680001358 | 1128872642
12a,209319546427780,production-floor | production-no-floor | raw | shrink,1128872642 | 1128872642 | 1680001358 | 1128872642
12a,209319546427781,production-floor | production-no-floor | raw | shrink,1128872642 | 1128872642 | 1680001358 | 1128872642
12a,209319546427782,production-floor | production-no-floor | raw | shrink,1128872642 | 1128872642 | 1680001358 | 1128872642
12a,209319546427783,production-floor | production-no-floor | raw | shrink,1128872642 | 1128872642 | 1680001358 | 1128872642
12a,209319546427784,production-floor | production-no-floor | raw | shrink,1128872642 | 1128872642 | 1680001358 | 1128872642
12a,209319546427785,production-floor | production-no-floor | raw | shrink,1128872642 | 1128872642 | 1680001358 | 1128872642
12a,209319546427786,production-floor | production-no-floor | raw | shrink,1128872642 | 1128872642 | 1680001358 | 1128872642
12a,209319546427787,production-floor | production-no-floor | raw | shrink,1128872642 | 1128872642 | 1680001358 | 1128872642
12a,209319546427788,production-floor | production-no-floor | raw | shrink,1128872642 | 1128872642 | 1680001358 | 1128872642
12a,209319546427789,production-floor | production-no-floor | raw | shrink,1128872642 | 1128872642 | 1680001358 | 1128872642
12a,209319546427790,production-floor | production-no-floor | raw | shrink,1128872642 | 1128872642 | 1680001358 | 1128872642
12a,209319546427791,production-floor | production-no-floor | raw | shrink,1128872642 | 1128872642 | 1680001358 | 1128872642
12a,209319546427792,production-floor | production-no-floor | raw | shrink,1128872642 | 1128872642 | 1680001358 | 1128872642
12a,209319546427793,production-floor | production-no-floor | raw | shrink,1128872642 | 1128872642 | 1680001358 | 1128872642
12a,209319546427794,production-floor | production-no-floor | raw | shrink,1128872642 | 1128872642 | 1680001358 | 1128872642
12a,209319546427795,production-floor | production-no-floor | raw | shrink,1128872642 | 1128872642 | 1680001358 | 1128872642
12a,209319546427796,production-floor | production-no-floor | raw | shrink,1128872642 | 1128872642 | 1680001358 | 1128872642
12a,209319546427797,production-floor | production-no-floor | raw | shrink,1128872642 | 1128872642 | 1680001358 | 1128872642
12a,209319546427798,production-floor | production-no-floor | raw | shrink,1128872642 | 1128872642 | 1680001358 | 1128872642
12a,209319546427799,production-floor | production-no-floor | raw | shrink,1128872642 | 1128872642 | 1680001358 | 1128872642
12a,209319546427800,production-floor | production-no-floor | raw | shrink,1128872642 | 1128872642 | 1680001358 | 1128872642
12a,209319546427801,production-floor | production-no-floor | raw | shrink,1128872642 | 1128872642 | 1680001358 | 1128872642
12a,209319546427802,production-floor | production-no-floor | raw | shrink,1128872642 | 1128872642 | 1680001358 | 1128872642
12a,209319546427803,production-floor | production-no-floor | raw | shrink,1128872642 | 1128872642 | 1680001358 | 1128872642
12a,209319546427804,production-floor | production-no-floor | raw | shrink,1128872642 | 1128872642 | 1680001358 | 1128872642
12a,209319546427805,production-floor | production-no-floor | raw | shrink,1128872642 | 1128872642 | 1680001358 | 1128872642
12a,209319546427806,production-floor | production-no-floor | raw | shrink,1128872642 | 1128872642 | 1680001358 | 1128872642
12a,209319546427807,production-floor | production-no-floor | raw | shrink,1128872642 | 1128872642 | 1680001358 | 1128872642
12a,209319546427809,production-floor | production-no-floor | raw | shrink,1128872642 | 1128872642 | 1680001358 | 1128872642
12a,209319546427810,production-floor | production-no-floor | raw | shrink,1128872642 | 1128872642 | 1680001358 | 1128872642
12a,209319546427811,production-floor | production-no-floor | raw | shrink,1128872642 | 1128872642 | 1680001358 | 1128872642
12a,209319546427812,production-floor | production-no-floor | raw | shrink,1128872642 | 1128872642 | 1680001358 | 1128872642
12a,209319546427813,production-floor | production-no-floor | raw | shrink,1128872642 | 1128872642 | 1680001358 | 1128872642
12a,209319546427814,production-floor | production-no-floor | raw | shrink,1128872642 | 1128872642 | 1680001358 | 1128872642
12a,209319546427815,production-floor | production-no-floor | raw | shrink,1128872642 | 1128872642 | 1680001358 | 1128872642
12a,209319546427816,production-floor | production-no-floor | raw | shrink,1128872642 | 1128872642 | 1680001358 | 1128872642
12a,209319546427817,production-floor | production-no-floor | raw | shrink,1128872642 | 1128872642 | 1680001358 | 1128872642
12a,209319546427818,production-floor | production-no-floor | raw | shrink,1128872642 | 1128872642 | 1680001358 | 1128872642
12a,209319546427819,production-floor | production-no-floor | raw | shrink,1128872642 | 1128872642 | 1680001358 | 1128872642
12a,209319546427820,production-floor | production-no-floor | raw | shrink,1128872642 | 1128872642 | 1680001358 | 1128872642
12a,209319546427821,production-floor | production-no-floor | raw | shrink,1128872642 | 1128872642 | 1680001358 | 1128872642
12a,209319546427822,production-floor | production-no-floor | raw | shrink,1128872642 | 1128872642 | 1680001358 | 1128872642
12a,209319546427823,production-floor | production-no-floor | raw | shrink,1128872642 | 1128872642 | 1680001358 | 1128872642
12a,209319546427824,production-floor | production-no-floor | raw | shrink,1128872642 | 1128872642 | 1680001358 | 1128872642
12a,209319546427825,production-floor | production-no-floor | raw | shrink,1128872642 | 1128872642 | 1680001358 | 1128872642
12a,209319546427826,production-floor | production-no-floor | raw | shrink,1128872642 | 1128872642 | 1680001358 | 1128872642
12a,209319546427827,production-floor | production-no-floor | raw | shrink,1128872642 | 1128872642 | 1680001358 | 1128872642
12a,209319546427828,production-floor | production-no-floor | raw | shrink,1128872642 | 1128872642 | 1680001358 | 1128872642
12a,209319546427829,production-floor | production-no-floor | raw | shrink,1128872642 | 1128872642 | 1680001358 | 1128872642
12a,209319546427830,production-floor | production-no-floor | raw | shrink,1128872642 | 1128872642 | 1680001358 | 1128872642
12a,209319546427831,production-floor | production-no-floor | raw | shrink,1128872642 | 1128872642 | 1680001358 | 1128872642
12a,209319546427832,production-floor | production-no-floor | raw | shrink,1128872642 | 1128872642 | 1680001358 | 1128872642
12a,209319546427833,production-floor | production-no-floor | raw | shrink,1128872642 | 1128872642 | 1680001358 | 1128872642
12a,209319546427834,production-floor | production-no-floor | raw | shrink,1128872642 | 1128872642 | 1680001358 | 1128872642
12a,209319546427835,production-floor | production-no-floor | raw | shrink,1128872642 | 1128872642 | 1680001358 | 1128872642
12a,209319546427836,production-floor | production-no-floor | raw | shrink,1128872642 | 1128872642 | 1680001358 | 1128872642
12a,209319546427837,production-floor | production-no-floor | raw | shrink,1128872642 | 1128872642 | 1680001358 | 1128872642
12a,209319546427838,production-floor | production-no-floor | raw | shrink,1128872642 | 1128872642 | 1680001358 | 1128872642
12a,209319546427839,production-floor | production-no-floor | raw | shrink,1128872642 | 1128872642 | 1680001358 | 1128872642
12b,209323841394241,production-floor | production-no-floor | raw | shrink,1435336516 | 466548996 | 1075130735 | 466548996
12b,209323841394242,production-floor | production-no-floor | raw | shrink,466548996 | 466548996 | -1300552445 | 466548996
12b,209323841394243,production-floor | production-no-floor | raw | shrink,-1300552445 | 466548996 | -1300552445 | 466548996
12b,209323841394245,production-floor | production-no-floor | raw | shrink,466548996 | 466548996 | -1300552445 | 466548996
12b,209323841394275,production-floor | production-no-floor | raw | shrink,466548996 | 466548996 | -1300552445 | 466548996
12b,209323841394276,production-floor | production-no-floor | raw | shrink,-1300552445 | 466548996 | -1300552445 | 466548996
12b,209323841394278,production-floor | production-no-floor | raw | shrink,-1300552445 | 466548996 | -1300552445 | 466548996
12b,209323841394279,production-floor | production-no-floor | raw | shrink,466548996 | 466548996 | -1300552445 | 466548996
12b,209323841394280,production-floor | production-no-floor | raw | shrink,466548996 | 466548996 | -1300552445 | 466548996
12b,209323841394282,production-floor | production-no-floor | raw | shrink,-1300552445 | 466548996 | -1300552445 | 466548996
12b,209323841394284,production-floor | production-no-floor | raw | shrink,466548996 | 466548996 | -1300552445 | 466548996
12b,209323841394285,production-floor | production-no-floor | raw | shrink,-1300552445 | 466548996 | -1300552445 | 466548996
12b,209323841394286,production-floor | production-no-floor | raw | shrink,-1300552445 | 466548996 | -1300552445 | 466548996
12b,209323841394288,production-floor | production-no-floor | raw | shrink,466548996 | 466548996 | -1300552445 | 466548996
12b,209323841394289,production-floor | production-no-floor | raw | shrink,466548996 | 466548996 | -1300552445 | 466548996
12b,209323841394291,production-floor | production-no-floor | raw | shrink,466548996 | 466548996 | -1300552445 | 466548996
12b,209323841394292,production-floor | production-no-floor | raw | shrink,1435336516 | 466548996 | 1435336516 | 466548996
12b,209323841394293,production-floor | production-no-floor | raw | shrink,466548996 | 466548996 | -1300552445 | 466548996
12b,209323841394296,production-floor | production-no-floor | raw | shrink,1435336516 | 466548996 | 1435336516 | 466548996
12b,209323841394297,production-floor | production-no-floor | raw | shrink,1435336516 | 466548996 | 1075130735 | 466548996
12b,209323841394299,production-floor | production-no-floor | raw | shrink,-1300552445 | 466548996 | -1300552445 | 466548996
12b,209323841394300,production-floor | production-no-floor | raw | shrink,-1300552445 | 466548996 | -1300552445 | 466548996
12b,209323841394302,production-floor | production-no-floor | raw | shrink,466548996 | 466548996 | -1300552445 | 466548996
12b,209323841394303,production-floor | production-no-floor | raw | shrink,-1300552445 | 466548996 | -1300552445 | 466548996
12b,209323841395073,production-floor | production-no-floor | raw | shrink,466548996 | 466548996 | -1300552445 | 466548996
12b,209323841395074,production-floor | production-no-floor | raw | shrink,-1300552445 | 466548996 | -1300552445 | 466548996
12b,209323841395075,production-floor | production-no-floor | raw | shrink,466548996 | 466548996 | -1300552445 | 466548996
12b,209323841395076,production-floor | production-no-floor | raw | shrink,466548996 | 466548996 | -1300552445 | 466548996
12b,209323841395077,production-floor | production-no-floor | raw | shrink,-1300552445 | 466548996 | -1300552445 | 466548996
12b,209323841395078,production-floor | production-no-floor | raw | shrink,1435336516 | 466548996 | 1435336516 | 466548996
12b,209323841395080,production-floor | production-no-floor | raw | shrink,466548996 | 466548996 | -1300552445 | 466548996
12b,209323841395081,production-floor | production-no-floor | raw | shrink,466548996 | 466548996 | -1300552445 | 466548996
12b,209323841395083,production-floor | production-no-floor | raw | shrink,466548996 | 466548996 | -1300552445 | 466548996
12b,209323841395085,production-floor | production-no-floor | raw | shrink,466548996 | 466548996 | -1300552445 | 466548996
12b,209323841395086,production-floor | production-no-floor | raw | shrink,-1300552445 | 466548996 | -1300552445 | 466548996
12b,209323841395087,production-floor | production-no-floor | raw | shrink,466548996 | 466548996 | -1300552445 | 466548996
12b,209323841395088,production-floor | production-no-floor | raw | shrink,-1300552445 | 466548996 | -1300552445 | 466548996
12b,209323841395091,production-floor | production-no-floor | raw | shrink,466548996 | 466548996 | -1300552445 | 466548996
12b,209323841395093,production-floor | production-no-floor | raw | shrink,466548996 | 466548996 | -1300552445 | 466548996
12b,209323841395096,production-floor | production-no-floor | raw | shrink,466548996 | 466548996 | -1300552445 | 466548996
12b,209323841395097,production-floor | production-no-floor | raw | shrink,-1300552445 | 466548996 | -1300552445 | 466548996
12b,209323841395102,production-floor | production-no-floor | raw | shrink,466548996 | 466548996 | -1300552445 | 466548996
12b,209323841395103,production-floor | production-no-floor | raw | shrink,466548996 | -1300552445 | 466548996 | -1300552445
12b,209323841395104,production-floor | production-no-floor | raw | shrink,466548996 | 466548996 | -1300552445 | 466548996
12b,209323841395106,production-floor | production-no-floor | raw | shrink,466548996 | 466548996 | -1300552445 | 466548996
12b,209323841395109,production-floor | production-no-floor | raw | shrink,1435336516 | 466548996 | 1435336516 | 466548996
12b,209323841395110,production-floor | production-no-floor | raw | shrink,466548996 | 466548996 | -1300552445 | 466548996
12b,209323841395112,production-floor | production-no-floor | raw | shrink,1435336516 | 466548996 | 1435336516 | 466548996
12b,209323841395113,production-floor | production-no-floor | raw | shrink,1435336516 | 466548996 | 1435336516 | 466548996
12b,209323841395114,production-floor | production-no-floor | raw | shrink,466548996 | 466548996 | -1300552445 | 466548996
12b,209323841395116,production-floor | production-no-floor | raw | shrink,466548996 | 466548996 | -1300552445 | 466548996
12b,209323841395117,production-floor | production-no-floor | raw | shrink,-1300552445 | 466548996 | -1300552445 | 466548996
12b,209323841395121,production-floor | production-no-floor | raw | shrink,466548996 | 466548996 | -1300552445 | 466548996
12b,209323841395124,production-floor | production-no-floor | raw | shrink,466548996 | 466548996 | -1300552445 | 466548996
12b,209323841395125,production-floor | production-no-floor | raw | shrink,466548996 | 466548996 | -1300552445 | 466548996
12b,209323841395126,production-floor | production-no-floor | raw | shrink,1435336516 | 466548996 | 1435336516 | 466548996
12b,209323841395128,production-floor | production-no-floor | raw | shrink,466548996 | 466548996 | -1300552445 | 466548996
12b,209323841395129,production-floor | production-no-floor | raw | shrink,1435336516 | -1300552445 | 1435336516 | -1300552445
12b,209323841395130,production-floor | production-no-floor | raw | shrink,466548996 | 466548996 | -1300552445 | 466548996
12b,209323841395131,production-floor | production-no-floor | raw | shrink,466548996 | 466548996 | -1300552445 | 466548996
12b,209323841395134,production-floor | production-no-floor | raw | shrink,-1300552445 | 466548996 | -1300552445 | 466548996
12c,209328136361536,production-floor | production-no-floor | raw | shrink,-1953493739 | -1953493739 | -340867820 | -1953493739
12c,209328136361537,production-floor | production-no-floor | raw | shrink,-1953493739 | -1953493739 | -340867820 | -1953493739
12c,209328136361538,production-floor | production-no-floor | raw | shrink,-1953493739 | -1953493739 | -340867820 | -1953493739
12c,209328136361539,production-floor | production-no-floor | raw | shrink,-1953493739 | -1953493739 | -340867820 | -1953493739
12c,209328136361542,production-floor | production-no-floor | raw | shrink,-1953493739 | -1953493739 | -340867820 | -1953493739
12c,209328136361568,production-floor | production-no-floor | raw | shrink,-1953493739 | -1953493739 | -340867820 | -1953493739
12c,209328136361569,production-floor | production-no-floor | raw | shrink,-1953493739 | -1953493739 | -340867820 | -1953493739
12c,209328136361570,production-floor | production-no-floor | raw | shrink,-1953493739 | -1953493739 | -340867820 | -1953493739
12c,209328136361571,production-floor | production-no-floor | raw | shrink,-1953493739 | -1953493739 | -340867820 | -1953493739
12c,209328136361572,production-floor | production-no-floor | raw | shrink,-1953493739 | -1953493739 | -340867820 | -1953493739
12c,209328136361573,production-floor | production-no-floor | raw | shrink,-1953493739 | -1953493739 | -340867820 | -1953493739
12c,209328136361574,production-floor | production-no-floor | raw | shrink,-1953493739 | -340867820 | -340867820 | -340867820
12c,209328136361575,production-floor | production-no-floor | raw | shrink,-1953493739 | -1953493739 | -340867820 | -1953493739
12c,209328136361576,production-floor | production-no-floor | raw | shrink,-1953493739 | -1953493739 | -340867820 | -1953493739
12c,209328136361577,production-floor | production-no-floor | raw | shrink,-1953493739 | -1953493739 | -340867820 | -1953493739
12c,209328136361578,production-floor | production-no-floor | raw | shrink,-1953493739 | -1953493739 | -340867820 | -1953493739
12c,209328136361579,production-floor | production-no-floor | raw | shrink,-1953493739 | -1953493739 | -340867820 | -1953493739
12c,209328136361580,production-floor | production-no-floor | raw | shrink,-1953493739 | -1953493739 | -340867820 | -1953493739
12c,209328136361581,production-floor | production-no-floor | raw | shrink,-1953493739 | -1953493739 | -340867820 | -1953493739
12c,209328136361582,production-floor | production-no-floor | raw | shrink,-1953493739 | -1953493739 | -340867820 | -1953493739
12c,209328136361583,production-floor | production-no-floor | raw | shrink,-1953493739 | -1953493739 | -340867820 | -1953493739
12c,209328136361584,production-floor | production-no-floor | raw | shrink,-1953493739 | -1953493739 | -340867820 | -1953493739
12c,209328136361585,production-floor | production-no-floor | raw | shrink,-1953493739 | -340867820 | -340867820 | -340867820
12c,209328136361586,production-floor | production-no-floor | raw | shrink,-1953493739 | -1953493739 | -340867820 | -1953493739
12c,209328136361587,production-floor | production-no-floor | raw | shrink,-1953493739 | -1953493739 | -340867820 | -1953493739
12c,209328136361588,production-floor | production-no-floor | raw | shrink,-1953493739 | -1953493739 | -340867820 | -1953493739
12c,209328136361589,production-floor | production-no-floor | raw | shrink,-1953493739 | -1953493739 | -340867820 | -1953493739
12c,209328136361590,production-floor | production-no-floor | raw | shrink,-1953493739 | -1953493739 | -340867820 | -1953493739
12c,209328136361591,production-floor | production-no-floor | raw | shrink,-1953493739 | -1953493739 | -340867820 | -1953493739
12c,209328136361592,production-floor | production-no-floor | raw | shrink,-1953493739 | -1953493739 | -340867820 | -1953493739
12c,209328136361593,production-floor | production-no-floor | raw | shrink,-1953493739 | -1953493739 | -340867820 | -1953493739
12c,209328136361594,production-floor | production-no-floor | raw | shrink,-1953493739 | -1953493739 | -340867820 | -1953493739
12c,209328136361595,production-floor | production-no-floor | raw | shrink,-1953493739 | -1953493739 | -340867820 | -1953493739
12c,209328136361596,production-floor | production-no-floor | raw | shrink,-1953493739 | -1953493739 | -340867820 | -1953493739
12c,209328136361597,production-floor | production-no-floor | raw | shrink,-1953493739 | -1953493739 | -340867820 | -1953493739
12c,209328136361598,production-floor | production-no-floor | raw | shrink,-1953493739 | -1953493739 | -340867820 | -1953493739
12c,209328136361599,production-floor | production-no-floor | raw | shrink,-1953493739 | -1953493739 | -340867820 | -1953493739
12c,209328136362368,production-floor | production-no-floor | raw | shrink,-1953493739 | -1953493739 | -340867820 | -1953493739
12c,209328136362369,production-floor | production-no-floor | raw | shrink,-1953493739 | -1953493739 | -340867820 | -1953493739
12c,209328136362370,production-floor | production-no-floor | raw | shrink,-1953493739 | -1953493739 | -340867820 | -1953493739
12c,209328136362371,production-floor | production-no-floor | raw | shrink,-1953493739 | -1953493739 | -340867820 | -1953493739
12c,209328136362372,production-floor | production-no-floor | raw | shrink,-1953493739 | -1953493739 | -340867820 | -1953493739
12c,209328136362373,production-floor | production-no-floor | raw | shrink,-1953493739 | -1953493739 | -340867820 | -1953493739
12c,209328136362374,production-floor | production-no-floor | raw | shrink,-1953493739 | -1953493739 | -340867820 | -1953493739
12c,209328136362375,production-floor | production-no-floor | raw | shrink,-1953493739 | -1953493739 | -340867820 | -1953493739
12c,209328136362376,production-floor | production-no-floor | raw | shrink,-1953493739 | -1953493739 | -340867820 | -1953493739
12c,209328136362377,production-floor | production-no-floor | raw | shrink,-1953493739 | -1953493739 | -340867820 | -1953493739
12c,209328136362378,production-floor | production-no-floor | raw | shrink,-1953493739 | -1953493739 | -340867820 | -1953493739
12c,209328136362379,production-floor | production-no-floor | raw | shrink,-1953493739 | -1953493739 | -340867820 | -1953493739
12c,209328136362380,production-floor | production-no-floor | raw | shrink,-1953493739 | -1953493739 | -340867820 | -1953493739
12c,209328136362381,production-floor | production-no-floor | raw | shrink,-1953493739 | -1953493739 | -340867820 | -1953493739
12c,209328136362382,production-floor | production-no-floor | raw | shrink,-1953493739 | -1953493739 | -340867820 | -1953493739
12c,209328136362383,production-floor | production-no-floor | raw | shrink,-1953493739 | -1953493739 | -340867820 | -1953493739
12c,209328136362384,production-floor | production-no-floor | raw | shrink,-1953493739 | -1953493739 | -340867820 | -1953493739
12c,209328136362385,production-floor | production-no-floor | raw | shrink,-1953493739 | -1953493739 | -340867820 | -1953493739
12c,209328136362386,production-floor | production-no-floor | raw | shrink,-1953493739 | -1953493739 | -340867820 | -1953493739
12c,209328136362387,production-floor | production-no-floor | raw | shrink,-1953493739 | -1953493739 | -340867820 | -1953493739
12c,209328136362388,production-floor | production-no-floor | raw | shrink,-1953493739 | -1953493739 | -340867820 | -1953493739
12c,209328136362389,production-floor | production-no-floor | raw | shrink,-1953493739 | -1953493739 | -340867820 | -1953493739
12c,209328136362390,production-floor | production-no-floor | raw | shrink,-1953493739 | -1953493739 | -340867820 | -1953493739
12c,209328136362391,production-floor | production-no-floor | raw | shrink,-1953493739 | -1953493739 | -340867820 | -1953493739
12c,209328136362392,production-floor | production-no-floor | raw | shrink,-1953493739 | -1953493739 | -340867820 | -1953493739
12c,209328136362393,production-floor | production-no-floor | raw | shrink,-1953493739 | -1953493739 | -340867820 | -1953493739
12c,209328136362394,production-floor | production-no-floor | raw | shrink,-1953493739 | -1953493739 | -340867820 | -1953493739
12c,209328136362395,production-floor | production-no-floor | raw | shrink,-1953493739 | -1953493739 | -340867820 | -1953493739
12c,209328136362396,production-floor | production-no-floor | raw | shrink,-1953493739 | -1953493739 | -340867820 | -1953493739
12c,209328136362397,production-floor | production-no-floor | raw | shrink,-1953493739 | -1953493739 | -340867820 | -1953493739
12c,209328136362398,production-floor | production-no-floor | raw | shrink,-1953493739 | -1953493739 | -340867820 | -1953493739
12c,209328136362399,production-floor | production-no-floor | raw | shrink,-1953493739 | -1953493739 | -340867820 | -1953493739
12c,209328136362400,production-floor | production-no-floor | raw | shrink,-1953493739 | -1953493739 | -340867820 | -1953493739
12c,209328136362401,production-floor | production-no-floor | raw | shrink,-1953493739 | -1953493739 | -340867820 | -1953493739
12c,209328136362403,production-floor | production-no-floor | raw | shrink,-1953493739 | -1953493739 | -340867820 | -1953493739
12c,209328136362404,production-floor | production-no-floor | raw | shrink,-1953493739 | -1953493739 | -340867820 | -1953493739
12c,209328136362405,production-floor | production-no-floor | raw | shrink,-1953493739 | -1953493739 | -340867820 | -1953493739
12c,209328136362406,production-floor | production-no-floor | raw | shrink,-1953493739 | -1953493739 | -340867820 | -1953493739
12c,209328136362407,production-floor | production-no-floor | raw | shrink,-1953493739 | -1953493739 | -340867820 | -1953493739
12c,209328136362408,production-floor | production-no-floor | raw | shrink,-1953493739 | -1953493739 | -340867820 | -1953493739
12c,209328136362409,production-floor | production-no-floor | raw | shrink,-1953493739 | -1953493739 | -340867820 | -1953493739
12c,209328136362410,production-floor | production-no-floor | raw | shrink,-1953493739 | -1953493739 | -340867820 | -1953493739
12c,209328136362411,production-floor | production-no-floor | raw | shrink,-1953493739 | -1953493739 | -340867820 | -1953493739
12c,209328136362412,production-floor | production-no-floor | raw | shrink,-1953493739 | -1953493739 | -340867820 | -1953493739
12c,209328136362413,production-floor | production-no-floor | raw | shrink,-1953493739 | -1953493739 | -340867820 | -1953493739
12c,209328136362414,production-floor | production-no-floor | raw | shrink,-1953493739 | -1953493739 | -340867820 | -1953493739
12c,209328136362415,production-floor | production-no-floor | raw | shrink,-1953493739 | -1953493739 | -340867820 | -1953493739
12c,209328136362416,production-floor | production-no-floor | raw | shrink,-1953493739 | -1953493739 | -340867820 | -1953493739
12c,209328136362417,production-floor | production-no-floor | raw | shrink,-1953493739 | -1953493739 | -340867820 | -1953493739
12c,209328136362418,production-floor | production-no-floor | raw | shrink,-1953493739 | -1953493739 | -340867820 | -1953493739
12c,209328136362419,production-floor | production-no-floor | raw | shrink,-1953493739 | -1953493739 | -340867820 | -1953493739
12c,209328136362420,production-floor | production-no-floor | raw | shrink,-1953493739 | -1953493739 | -340867820 | -1953493739
12c,209328136362421,production-floor | production-no-floor | raw | shrink,-1953493739 | -1953493739 | -340867820 | -1953493739
12c,209328136362422,production-floor | production-no-floor | raw | shrink,-1953493739 | -1953493739 | -340867820 | -1953493739
12c,209328136362423,production-floor | production-no-floor | raw | shrink,-1953493739 | -1953493739 | -340867820 | -1953493739
12c,209328136362424,production-floor | production-no-floor | raw | shrink,-1953493739 | -1953493739 | -340867820 | -1953493739
12c,209328136362425,production-floor | production-no-floor | raw | shrink,-1953493739 | -1953493739 | -340867820 | -1953493739
12c,209328136362426,production-floor | production-no-floor | raw | shrink,-1953493739 | -1953493739 | -340867820 | -1953493739
12c,209328136362427,production-floor | production-no-floor | raw | shrink,-1953493739 | -1953493739 | -340867820 | -1953493739
12c,209328136362428,production-floor | production-no-floor | raw | shrink,-1953493739 | -1953493739 | -340867820 | -1953493739
12c,209328136362429,production-floor | production-no-floor | raw | shrink,-1953493739 | -1953493739 | -340867820 | -1953493739
12c,209328136362430,production-floor | production-no-floor | raw | shrink,-1953493739 | -1953493739 | -340867820 | -1953493739
12c,209328136362431,production-floor | production-no-floor | raw | shrink,-1953493739 | -1953493739 | -340867820 | -1953493739
13a,209452690413147,production-floor | production-no-floor | raw | shrink,-1937147173 | -1062568155 | 1188104532 | -1062568155
13a,209452690413148,production-floor | production-no-floor | raw | shrink,-1937147173 | -1062568155 | 1188104532 | -1062568155
13a,209452690413149,production-floor | production-no-floor | raw | shrink,-1937147173 | -1062568155 | 1188104532 | -1062568155
13a,209452690413150,production-floor | production-no-floor | raw | shrink,-1937147173 | -1062568155 | 1188104532 | -1062568155
13a,209452690413151,production-floor | production-no-floor | raw | shrink,-1937147173 | -1062568155 | 1188104532 | -1062568155
13a,209452690413152,production-floor | production-no-floor | raw | shrink,-1937147173 | -1062568155 | 1188104532 | -1062568155
13a,209452690413153,production-floor | production-no-floor | raw | shrink,-1937147173 | -1062568155 | -124300931 | -1062568155
13a,209452690413154,production-floor | production-no-floor | raw | shrink,-1937147173 | -1062568155 | 1188104532 | -1062568155
13a,209452690413155,production-floor | production-no-floor | raw | shrink,-1937147173 | -1062568155 | 1188104532 | -1062568155
13a,209452690413156,production-floor | production-no-floor | raw | shrink,-1937147173 | -1062568155 | 1188104532 | -1062568155
13a,209452690413157,production-floor | production-no-floor | raw | shrink,-1937147173 | -1062568155 | 1188104532 | -1062568155
13a,209452690413158,production-floor | production-no-floor | raw | shrink,-1937147173 | -1062568155 | 1188104532 | -1062568155
13a,209452690413159,production-floor | production-no-floor | raw | shrink,-1937147173 | -1062568155 | 1188104532 | -1062568155
13a,209452690413160,production-floor | production-no-floor | raw | shrink,-1937147173 | -1062568155 | -124300931 | -1062568155
13a,209452690413161,production-floor | production-no-floor | raw | shrink,-1937147173 | -1062568155 | 1188104532 | -1062568155
13a,209452690413162,production-floor | production-no-floor | raw | shrink,-1937147173 | -1062568155 | 1188104532 | -1062568155
13a,209452690413163,production-floor | production-no-floor | raw | shrink,-1937147173 | -1062568155 | 1188104532 | -1062568155
13a,209452690413164,production-floor | production-no-floor | raw | shrink,-1937147173 | -1062568155 | 1188104532 | -1062568155
13a,209452690413165,production-floor | production-no-floor | raw | shrink,-1937147173 | -1062568155 | 1188104532 | -1062568155
13a,209452690413166,production-floor | production-no-floor | raw | shrink,-1937147173 | -1062568155 | 1188104532 | -1062568155
13a,209452690413167,production-floor | production-no-floor | raw | shrink,-1937147173 | -1062568155 | 1188104532 | -1062568155
13a,209452690413168,production-floor | production-no-floor | raw | shrink,-1937147173 | -1062568155 | 1188104532 | -1062568155
13a,209452690413169,production-floor | production-no-floor | raw | shrink,-1937147173 | -1062568155 | 1188104532 | -1062568155
13a,209452690413170,production-floor | production-no-floor | raw | shrink,-1937147173 | -1062568155 | -2115943013 | -1062568155
13a,209452690413171,production-floor | production-no-floor | raw | shrink,-1937147173 | -1062568155 | 1188104532 | -1062568155
13a,209452690413172,production-floor | production-no-floor | raw | shrink,-1937147173 | -1062568155 | 1188104532 | -1062568155
13a,209452690413173,production-floor | production-no-floor | raw | shrink,-1937147173 | -1062568155 | 1188104532 | -1062568155
13a,209452690413174,production-floor | production-no-floor | raw | shrink,-1937147173 | -1062568155 | 1188104532 | -1062568155
13a,209452690413175,production-floor | production-no-floor | raw | shrink,-1937147173 | -1062568155 | 1188104532 | -1062568155
13a,209452690413176,production-floor | production-no-floor | raw | shrink,-1937147173 | -1062568155 | 1188104532 | -1062568155
13a,209452690413177,production-floor | production-no-floor | raw | shrink,-1937147173 | -1062568155 | 1188104532 | -1062568155
13a,209452690413178,production-floor | production-no-floor | raw | shrink,-1937147173 | -1062568155 | 1188104532 | -1062568155
13a,209452690413179,production-floor | production-no-floor | raw | shrink,-1937147173 | -1062568155 | 1188104532 | -1062568155
13a,209452690413180,production-floor | production-no-floor | raw | shrink,-1937147173 | -1062568155 | 1188104532 | -1062568155
13a,209452690413181,production-floor | production-no-floor | raw | shrink,-1937147173 | -1062568155 | -124300931 | -1062568155
13a,209452690413182,production-floor | production-no-floor | raw | shrink,-1937147173 | -1062568155 | 1188104532 | -1062568155
13a,209452690413183,production-floor | production-no-floor | raw | shrink,-1937147173 | -1062568155 | 1188104532 | -1062568155
13a,209452690413952,production-floor | production-no-floor | raw | shrink,-1937147173 | -1062568155 | 1188104532 | -1062568155
13a,209452690413953,production-floor | production-no-floor | raw | shrink,-1937147173 | -1062568155 | 1188104532 | -1062568155
13a,209452690413954,production-floor | production-no-floor | raw | shrink,-1937147173 | -1062568155 | 1188104532 | -1062568155
13a,209452690413955,production-floor | production-no-floor | raw | shrink,-1937147173 | -1062568155 | 1188104532 | -1062568155
13a,209452690413956,production-floor | production-no-floor | raw | shrink,-1937147173 | -1062568155 | 1188104532 | -1062568155
13a,209452690413957,production-floor | production-no-floor | raw | shrink,-1937147173 | -1062568155 | 1188104532 | -1062568155
13a,209452690413958,production-floor | production-no-floor | raw | shrink,-1937147173 | -1062568155 | -124300931 | -1062568155
13a,209452690413959,production-floor | production-no-floor | raw | shrink,-1937147173 | -1062568155 | 1188104532 | -1062568155
13a,209452690413960,production-floor | production-no-floor | raw | shrink,-1937147173 | -1062568155 | 1188104532 | -1062568155
13a,209452690413961,production-floor | production-no-floor | raw | shrink,-1937147173 | -1062568155 | -124300931 | -1062568155
13a,209452690413962,production-floor | production-no-floor | raw | shrink,-1937147173 | -1062568155 | 1188104532 | -1062568155
13a,209452690413963,production-floor | production-no-floor | raw | shrink,-1937147173 | -1062568155 | 1188104532 | -1062568155
13a,209452690413964,production-floor | production-no-floor | raw | shrink,-1937147173 | -1062568155 | 1188104532 | -1062568155
13a,209452690413965,production-floor | production-no-floor | raw | shrink,-1937147173 | -1062568155 | 1188104532 | -1062568155
13a,209452690413966,production-floor | production-no-floor | raw | shrink,-1937147173 | -1062568155 | 1188104532 | -1062568155
13a,209452690413967,production-floor | production-no-floor | raw | shrink,-1937147173 | -1062568155 | 1188104532 | -1062568155
13a,209452690413968,production-floor | production-no-floor | raw | shrink,-1937147173 | -1062568155 | 1188104532 | -1062568155
13a,209452690413969,production-floor | production-no-floor | raw | shrink,-1937147173 | -1062568155 | 1188104532 | -1062568155
13a,209452690413970,production-floor | production-no-floor | raw | shrink,-1937147173 | -1062568155 | 1188104532 | -1062568155
13a,209452690413971,production-floor | production-no-floor | raw | shrink,-1937147173 | -1062568155 | 1188104532 | -1062568155
13a,209452690413972,production-floor | production-no-floor | raw | shrink,-1937147173 | -1062568155 | 1188104532 | -1062568155
13a,209452690413973,production-floor | production-no-floor | raw | shrink,-1937147173 | -1062568155 | 1188104532 | -1062568155
13a,209452690413974,production-floor | production-no-floor | raw | shrink,-1937147173 | -1062568155 | 1188104532 | -1062568155
13a,209452690413975,production-floor | production-no-floor | raw | shrink,-1937147173 | -1062568155 | 1188104532 | -1062568155
13a,209452690413976,production-floor | production-no-floor | raw | shrink,-1937147173 | -1062568155 | 1188104532 | -1062568155
13a,209452690413977,production-floor | production-no-floor | raw | shrink,-1937147173 | -1062568155 | 1188104532 | -1062568155
13a,209452690413978,production-floor | production-no-floor | raw | shrink,-1937147173 | -1062568155 | -124300931 | -1062568155
13a,209452690413979,production-floor | production-no-floor | raw | shrink,-1937147173 | -1062568155 | 1188104532 | -1062568155
13a,209452690413980,production-floor | production-no-floor | raw | shrink,-1937147173 | -1062568155 | 1188104532 | -1062568155
13a,209452690413981,production-floor | production-no-floor | raw | shrink,-1937147173 | -1062568155 | 1188104532 | -1062568155
13a,209452690413982,production-floor | production-no-floor | raw | shrink,-1937147173 | -1062568155 | 1188104532 | -1062568155
13a,209452690413983,production-floor | production-no-floor | raw | shrink,-1937147173 | -1062568155 | -124300931 | -1062568155
13a,209452690413984,production-floor | production-no-floor | raw | shrink,-1937147173 | -1062568155 | 1188104532 | -1062568155
13a,209452690413985,production-floor | production-no-floor | raw | shrink,-1937147173 | -1062568155 | 1188104532 | -1062568155
13a,209452690413986,production-floor | production-no-floor | raw | shrink,-1937147173 | -1062568155 | 1188104532 | -1062568155
13a,209452690413987,production-floor | production-no-floor | raw | shrink,-1937147173 | -1062568155 | 1188104532 | -1062568155
13a,209452690413988,production-floor | production-no-floor | raw | shrink,-1937147173 | -1062568155 | -124300931 | -1062568155
13a,209452690413989,production-floor | production-no-floor | raw | shrink,-1937147173 | -1062568155 | 1188104532 | -1062568155
13a,209452690413990,production-floor | production-no-floor | raw | shrink,-1937147173 | -1062568155 | 1188104532 | -1062568155
13a,209452690413991,production-floor | production-no-floor | raw | shrink,-1937147173 | -1062568155 | -124300931 | -1062568155
13a,209452690413992,production-floor | production-no-floor | raw | shrink,-1937147173 | -1062568155 | 1188104532 | -1062568155
13a,209452690413993,production-floor | production-no-floor | raw | shrink,-1937147173 | -1062568155 | 1188104532 | -1062568155
13a,209452690413994,production-floor | production-no-floor | raw | shrink,-1937147173 | -1062568155 | 1188104532 | -1062568155
13a,209452690413995,production-floor | production-no-floor | raw | shrink,-1937147173 | -1062568155 | 1188104532 | -1062568155
13a,209452690413996,production-floor | production-no-floor | raw | shrink,-1937147173 | -1062568155 | 1188104532 | -1062568155
13a,209452690413997,production-floor | production-no-floor | raw | shrink,-1937147173 | -1062568155 | -124300931 | -1062568155
13a,209452690413998,production-floor | production-no-floor | raw | shrink,-1937147173 | -1062568155 | 1188104532 | -1062568155
13a,209452690413999,production-floor | production-no-floor | raw | shrink,-1937147173 | -1062568155 | 1188104532 | -1062568155
13a,209452690414000,production-floor | production-no-floor | raw | shrink,-1937147173 | -1062568155 | 1188104532 | -1062568155
13a,209452690414001,production-floor | production-no-floor | raw | shrink,-1937147173 | -1062568155 | 1188104532 | -1062568155
13a,209452690414002,production-floor | production-no-floor | raw | shrink,-1937147173 | -1062568155 | 1188104532 | -1062568155
13a,209452690414003,production-floor | production-no-floor | raw | shrink,-1937147173 | -1062568155 | 1188104532 | -1062568155
13a,209452690414004,production-floor | production-no-floor | raw | shrink,-1937147173 | -1062568155 | -124300931 | -1062568155
13a,209452690414005,production-floor | production-no-floor | raw | shrink,-1937147173 | -1062568155 | -124300931 | -1062568155
13a,209452690414006,production-floor | production-no-floor | raw | shrink,-1937147173 | -1062568155 | 1188104532 | -1062568155
13a,209452690414007,production-floor | production-no-floor | raw | shrink,-1937147173 | -1062568155 | 1188104532 | -1062568155
13a,209452690414008,production-floor | production-no-floor | raw | shrink,-1937147173 | -1062568155 | 1188104532 | -1062568155
13a,209452690414009,production-floor | production-no-floor | raw | shrink,-1937147173 | -1062568155 | -888545345 | -1062568155
13a,209452690414010,production-floor | production-no-floor | raw | shrink,-1937147173 | -1062568155 | 1188104532 | -1062568155
13a,209452690414011,production-floor | production-no-floor | raw | shrink,-124300931 | -1062568155 | -124300931 | -1062568155
13a,209452690414012,production-floor | production-no-floor | raw | shrink,-1937147173 | -1062568155 | -2115943013 | -1062568155
13a,209452690414013,production-floor | production-no-floor | raw | shrink,-1937147173 | -1062568155 | 1188104532 | -1062568155
13a,209452690414014,production-floor | production-no-floor | raw | shrink,-1937147173 | -1062568155 | 1188104532 | -1062568155
13b,209456985380481,production-floor | production-no-floor | raw | shrink,-2119720580 | -2119720580 | -1005059989 | -2119720580
13b,209456985380482,production-floor | production-no-floor | raw | shrink,-2119720580 | -2119720580 | -1005059989 | -2119720580
13b,209456985380483,production-floor | production-no-floor | raw | shrink,-2119720580 | -2119720580 | -1005059989 | -2119720580
13b,209456985380484,production-floor | production-no-floor | raw | shrink,1004522218 | 876197618 | 876197618 | 876197618
13b,209456985380485,production-floor | production-no-floor | raw | shrink,1004522218 | 876197618 | 876197618 | 876197618
13b,209456985380486,production-floor | production-no-floor | raw | shrink,-2119720580 | -2119720580 | -1005059989 | -2119720580
13b,209456985380487,production-floor | production-no-floor | raw | shrink,1004522218 | 876197618 | 876197618 | 876197618
13b,209456985380488,production-floor | production-no-floor | raw | shrink,1004522218 | 876197618 | 876197618 | 876197618
13b,209456985380489,production-floor | production-no-floor | raw | shrink,-2119720580 | -2119720580 | -1005059989 | -2119720580
13b,209456985380490,production-floor | production-no-floor | raw | shrink,1004522218 | 876197618 | 876197618 | 876197618
13b,209456985380491,production-floor | production-no-floor | raw | shrink,1004522218 | 876197618 | 876197618 | 876197618
13b,209456985380492,production-floor | production-no-floor | raw | shrink,-2119720580 | -2119720580 | -1005059989 | -2119720580
13b,209456985380493,production-floor | production-no-floor | raw | shrink,-2119720580 | -2119720580 | -1005059989 | -2119720580
13b,209456985380494,production-floor | production-no-floor | raw | shrink,-2119720580 | -2119720580 | -1005059989 | -2119720580
13b,209456985380495,production-floor | production-no-floor | raw | shrink,1004522218 | 876197618 | 876197618 | 876197618
13b,209456985380496,production-floor | production-no-floor | raw | shrink,1004522218 | 876197618 | 876197618 | 876197618
13b,209456985380497,production-floor | production-no-floor | raw | shrink,-2119720580 | -2119720580 | -1005059989 | -2119720580
13b,209456985380498,production-floor | production-no-floor | raw | shrink,-2119720580 | -2119720580 | -1005059989 | -2119720580
13b,209456985380499,production-floor | production-no-floor | raw | shrink,1004522218 | 876197618 | 876197618 | 876197618
13b,209456985380500,production-floor | production-no-floor | raw | shrink,1004522218 | 876197618 | 876197618 | 876197618
13b,209456985380502,production-floor | production-no-floor | raw | shrink,-2119720580 | -2119720580 | -1005059989 | -2119720580
13b,209456985380503,production-floor | production-no-floor | raw | shrink,1004522218 | 876197618 | 876197618 | 876197618
13b,209456985380504,production-floor | production-no-floor | raw | shrink,-2119720580 | -2119720580 | -1005059989 | -2119720580
13b,209456985380505,production-floor | production-no-floor | raw | shrink,188055920 | -2119720580 | 188055920 | -2119720580
13b,209456985380506,production-floor | production-no-floor | raw | shrink,1004522218 | 876197618 | 876197618 | 876197618
13b,209456985380507,production-floor | production-no-floor | raw | shrink,-2119720580 | -2119720580 | -1005059989 | -2119720580
13b,209456985380508,production-floor | production-no-floor | raw | shrink,-2119720580 | -2119720580 | -1005059989 | -2119720580
13b,209456985380509,production-floor | production-no-floor | raw | shrink,1004522218 | 876197618 | 876197618 | 876197618
13b,209456985380511,production-floor | production-no-floor | raw | shrink,-2119720580 | -2119720580 | -1005059989 | -2119720580
13b,209456985380512,production-floor | production-no-floor | raw | shrink,1004522218 | 876197618 | 876197618 | 876197618
13b,209456985380513,production-floor | production-no-floor | raw | shrink,1004522218 | 876197618 | 876197618 | 876197618
13b,209456985380515,production-floor | production-no-floor | raw | shrink,-2119720580 | -2119720580 | -1005059989 | -2119720580
13b,209456985380516,production-floor | production-no-floor | raw | shrink,-2119720580 | -2119720580 | -1005059989 | -2119720580
13b,209456985381185,production-floor | production-no-floor | raw | shrink,1004522218 | 876197618 | 876197618 | 876197618
13b,209456985381186,production-floor | production-no-floor | raw | shrink,-2119720580 | -2119720580 | -1005059989 | -2119720580
13b,209456985381187,production-floor | production-no-floor | raw | shrink,-2119720580 | -2119720580 | -1005059989 | -2119720580
13b,209456985381188,production-floor | production-no-floor | raw | shrink,1004522218 | 876197618 | 876197618 | 876197618
13b,209456985381189,production-floor | production-no-floor | raw | shrink,1004522218 | 876197618 | 876197618 | 876197618
13b,209456985381190,production-floor | production-no-floor | raw | shrink,-2119720580 | -2119720580 | -1005059989 | -2119720580
13b,209456985381191,production-floor | production-no-floor | raw | shrink,2127590971 | -2119720580 | 2127590971 | -2119720580
13b,209456985381192,production-floor | production-no-floor | raw | shrink,-2119720580 | -2119720580 | -1005059989 | -2119720580
13b,209456985381193,production-floor | production-no-floor | raw | shrink,-2119720580 | -2119720580 | -1005059989 | -2119720580
13b,209456985381194,production-floor | production-no-floor | raw | shrink,-2119720580 | -2119720580 | -1005059989 | -2119720580
13b,209456985381195,production-floor | production-no-floor | raw | shrink,1004522218 | 876197618 | 876197618 | 876197618
13b,209456985381196,production-floor | production-no-floor | raw | shrink,1004522218 | 876197618 | 876197618 | 876197618
13b,209456985381198,production-floor | production-no-floor | raw | shrink,1004522218 | 876197618 | 876197618 | 876197618
13b,209456985381199,production-floor | production-no-floor | raw | shrink,-2119720580 | -2119720580 | -1005059989 | -2119720580
13b,209456985381200,production-floor | production-no-floor | raw | shrink,-2119720580 | -2119720580 | -1005059989 | -2119720580
13b,209456985381201,production-floor | production-no-floor | raw | shrink,-2119720580 | -2119720580 | -1005059989 | -2119720580
13b,209456985381202,production-floor | production-no-floor | raw | shrink,-2119720580 | -2119720580 | -1005059989 | -2119720580
13b,209456985381203,production-floor | production-no-floor | raw | shrink,-2119720580 | -2119720580 | -1005059989 | -2119720580
13b,209456985381204,production-floor | production-no-floor | raw | shrink,1004522218 | 876197618 | 876197618 | 876197618
13b,209456985381205,production-floor | production-no-floor | raw | shrink,1004522218 | 876197618 | 876197618 | 876197618
13b,209456985381206,production-floor | production-no-floor | raw | shrink,-2119720580 | -2119720580 | -1005059989 | -2119720580
13b,209456985381207,production-floor | production-no-floor | raw | shrink,-2119720580 | -2119720580 | -1005059989 | -2119720580
13b,209456985381208,production-floor | production-no-floor | raw | shrink,-2119720580 | -2119720580 | -1005059989 | -2119720580
13b,209456985381209,production-floor | production-no-floor | raw | shrink,1004522218 | 876197618 | 876197618 | 876197618
13b,209456985381210,production-floor | production-no-floor | raw | shrink,-2119720580 | -2119720580 | -1005059989 | -2119720580
13b,209456985381211,production-floor | production-no-floor | raw | shrink,1004522218 | 876197618 | 876197618 | 876197618
13b,209456985381212,production-floor | production-no-floor | raw | shrink,1004522218 | 876197618 | 876197618 | 876197618
13b,209456985381213,production-floor | production-no-floor | raw | shrink,1004522218 | 876197618 | 876197618 | 876197618
13b,209456985381214,production-floor | production-no-floor | raw | shrink,-2119720580 | -2119720580 | -1005059989 | -2119720580
13b,209456985381215,production-floor | production-no-floor | raw | shrink,-2119720580 | -2119720580 | -1005059989 | -2119720580
13b,209456985381216,production-floor | production-no-floor | raw | shrink,-2119720580 | -2119720580 | -1005059989 | -2119720580
13b,209456985381217,production-floor | production-no-floor | raw | shrink,-2119720580 | -2119720580 | -1005059989 | -2119720580
13b,209456985381218,production-floor | production-no-floor | raw | shrink,-2119720580 | -2119720580 | -1005059989 | -2119720580
13b,209456985381219,production-floor | production-no-floor | raw | shrink,-2119720580 | -2119720580 | -1005059989 | -2119720580
13b,209456985381221,production-floor | production-no-floor | raw | shrink,-2119720580 | -2119720580 | -1005059989 | -2119720580
13b,209456985381222,production-floor | production-no-floor | raw | shrink,1004522218 | 876197618 | 876197618 | 876197618
13b,209456985381223,production-floor | production-no-floor | raw | shrink,-2119720580 | -2119720580 | -1005059989 | -2119720580
13b,209456985381224,production-floor | production-no-floor | raw | shrink,-2119720580 | -2119720580 | -1005059989 | -2119720580
13b,209456985381225,production-floor | production-no-floor | raw | shrink,1004522218 | 876197618 | 876197618 | 876197618
13b,209456985381226,production-floor | production-no-floor | raw | shrink,-2119720580 | -2119720580 | -1005059989 | -2119720580
13b,209456985381227,production-floor | production-no-floor | raw | shrink,-2119720580 | -2119720580 | -1005059989 | -2119720580
13b,209456985381228,production-floor | production-no-floor | raw | shrink,-2119720580 | -2119720580 | -1005059989 | -2119720580
13b,209456985381229,production-floor | production-no-floor | raw | shrink,1004522218 | 876197618 | 876197618 | 876197618
13b,209456985381230,production-floor | production-no-floor | raw | shrink,1004522218 | 876197618 | 876197618 | 876197618
13b,209456985381231,production-floor | production-no-floor | raw | shrink,1004522218 | 876197618 | 876197618 | 876197618
13b,209456985381232,production-floor | production-no-floor | raw | shrink,-2119720580 | -2119720580 | -1005059989 | -2119720580
13b,209456985381233,production-floor | production-no-floor | raw | shrink,-2119720580 | -2119720580 | -1005059989 | -2119720580
13b,209456985381234,production-floor | production-no-floor | raw | shrink,1004522218 | 876197618 | 876197618 | 876197618
13b,209456985381235,production-floor | production-no-floor | raw | shrink,-2119720580 | -2119720580 | -1005059989 | -2119720580
13b,209456985381236,production-floor | production-no-floor | raw | shrink,-2119720580 | -2119720580 | -1005059989 | -2119720580
13b,209456985381237,production-floor | production-no-floor | raw | shrink,-2119720580 | -2119720580 | -1005059989 | -2119720580
13b,209456985381238,production-floor | production-no-floor | raw | shrink,-2119720580 | -2119720580 | -1005059989 | -2119720580
13b,209456985381239,production-floor | production-no-floor | raw | shrink,-2119720580 | -2119720580 | -1005059989 | -2119720580
13b,209456985381240,production-floor | production-no-floor | raw | shrink,-2119720580 | -2119720580 | -1005059989 | -2119720580
13b,209456985381241,production-floor | production-no-floor | raw | shrink,-2119720580 | -2119720580 | -1005059989 | -2119720580
13b,209456985381242,production-floor | production-no-floor | raw | shrink,1004522218 | 876197618 | 876197618 | 876197618
13b,209456985381243,production-floor | production-no-floor | raw | shrink,-2119720580 | -2119720580 | -1005059989 | -2119720580
13b,209456985381244,production-floor | production-no-floor | raw | shrink,-2119720580 | -2119720580 | -1005059989 | -2119720580
13b,209456985381245,production-floor | production-no-floor | raw | shrink,1004522218 | 876197618 | 876197618 | 876197618
13b,209456985381246,production-floor | production-no-floor | raw | shrink,-2119720580 | -2119720580 | -1005059989 | -2119720580
13b,209456985381247,production-floor | production-no-floor | raw | shrink,1004522218 | 876197618 | 876197618 | 876197618
13c,209461280347776,production-floor | production-no-floor | raw | shrink,1004522218 | 876197618 | 876197618 | 876197618
13c,209461280347777,production-floor | production-no-floor | raw | shrink,1004522218 | 876197618 | 876197618 | 876197618
13c,209461280347778,production-floor | production-no-floor | raw | shrink,1004522218 | 876197618 | 876197618 | 876197618
13c,209461280347779,production-floor | production-no-floor | raw | shrink,1004522218 | 876197618 | 876197618 | 876197618
13c,209461280347780,production-floor | production-no-floor | raw | shrink,1004522218 | 876197618 | 876197618 | 876197618
13c,209461280347781,production-floor | production-no-floor | raw | shrink,1004522218 | 876197618 | 876197618 | 876197618
13c,209461280347782,production-floor | production-no-floor | raw | shrink,1004522218 | 876197618 | 876197618 | 876197618
13c,209461280347783,production-floor | production-no-floor | raw | shrink,1004522218 | 876197618 | 876197618 | 876197618
13c,209461280347784,production-floor | production-no-floor | raw | shrink,1004522218 | 876197618 | 876197618 | 876197618
13c,209461280347785,production-floor | production-no-floor | raw | shrink,1004522218 | 876197618 | 876197618 | 876197618
13c,209461280347786,production-floor | production-no-floor | raw | shrink,1004522218 | 876197618 | 876197618 | 876197618
13c,209461280347787,production-floor | production-no-floor | raw | shrink,1004522218 | 876197618 | 876197618 | 876197618
13c,209461280347788,production-floor | production-no-floor | raw | shrink,1004522218 | 876197618 | 876197618 | 876197618
13c,209461280347789,production-floor | production-no-floor | raw | shrink,1004522218 | 876197618 | 876197618 | 876197618
13c,209461280347790,production-floor | production-no-floor | raw | shrink,1004522218 | 876197618 | 876197618 | 876197618
13c,209461280347791,production-floor | production-no-floor | raw | shrink,1004522218 | 876197618 | 876197618 | 876197618
13c,209461280347792,production-floor | production-no-floor | raw | shrink,1004522218 | 876197618 | 876197618 | 876197618
13c,209461280347793,production-floor | production-no-floor | raw | shrink,1004522218 | 876197618 | 876197618 | 876197618
13c,209461280347794,production-floor | production-no-floor | raw | shrink,1004522218 | 876197618 | 876197618 | 876197618
13c,209461280347795,production-floor | production-no-floor | raw | shrink,1004522218 | 876197618 | 876197618 | 876197618
13c,209461280347796,production-floor | production-no-floor | raw | shrink,-2119720580 | -2119720580 | -1005059989 | -2119720580
13c,209461280347797,production-floor | production-no-floor | raw | shrink,1004522218 | 876197618 | 876197618 | 876197618
13c,209461280347798,production-floor | production-no-floor | raw | shrink,1004522218 | 876197618 | 876197618 | 876197618
13c,209461280347799,production-floor | production-no-floor | raw | shrink,1004522218 | 876197618 | 876197618 | 876197618
13c,209461280347800,production-floor | production-no-floor | raw | shrink,-2119720580 | -2119720580 | -1005059989 | -2119720580
13c,209461280347801,production-floor | production-no-floor | raw | shrink,1004522218 | 876197618 | 876197618 | 876197618
13c,209461280347802,production-floor | production-no-floor | raw | shrink,1004522218 | 876197618 | 876197618 | 876197618
13c,209461280347803,production-floor | production-no-floor | raw | shrink,1004522218 | 876197618 | 876197618 | 876197618
13c,209461280347804,production-floor | production-no-floor | raw | shrink,1004522218 | 876197618 | 876197618 | 876197618
13c,209461280347805,production-floor | production-no-floor | raw | shrink,1004522218 | 876197618 | 876197618 | 876197618
13c,209461280347806,production-floor | production-no-floor | raw | shrink,1004522218 | 876197618 | 876197618 | 876197618
13c,209461280347807,production-floor | production-no-floor | raw | shrink,1004522218 | 876197618 | 876197618 | 876197618
13c,209461280347808,production-floor | production-no-floor | raw | shrink,1004522218 | 876197618 | 876197618 | 876197618
13c,209461280347809,production-floor | production-no-floor | raw | shrink,1004522218 | 876197618 | 876197618 | 876197618
13c,209461280347810,production-floor | production-no-floor | raw | shrink,1004522218 | 876197618 | 876197618 | 876197618
13c,209461280347811,production-floor | production-no-floor | raw | shrink,1004522218 | 876197618 | 876197618 | 876197618
13c,209461280347813,production-floor | production-no-floor | raw | shrink,1004522218 | 876197618 | 876197618 | 876197618
13c,209461280348480,production-floor | production-no-floor | raw | shrink,1004522218 | 876197618 | 876197618 | 876197618
13c,209461280348482,production-floor | production-no-floor | raw | shrink,1004522218 | 876197618 | 876197618 | 876197618
13c,209461280348483,production-floor | production-no-floor | raw | shrink,1004522218 | 876197618 | 876197618 | 876197618
13c,209461280348484,production-floor | production-no-floor | raw | shrink,1004522218 | 876197618 | 876197618 | 876197618
13c,209461280348485,production-floor | production-no-floor | raw | shrink,1004522218 | 876197618 | 876197618 | 876197618
13c,209461280348486,production-floor | production-no-floor | raw | shrink,1004522218 | 876197618 | 876197618 | 876197618
13c,209461280348487,production-floor | production-no-floor | raw | shrink,1004522218 | 876197618 | 876197618 | 876197618
13c,209461280348489,production-floor | production-no-floor | raw | shrink,1004522218 | 876197618 | 876197618 | 876197618
13c,209461280348490,production-floor | production-no-floor | raw | shrink,1004522218 | 876197618 | 876197618 | 876197618
13c,209461280348491,production-floor | production-no-floor | raw | shrink,1004522218 | 876197618 | 876197618 | 876197618
13c,209461280348492,production-floor | production-no-floor | raw | shrink,1004522218 | 876197618 | 876197618 | 876197618
13c,209461280348493,production-floor | production-no-floor | raw | shrink,1004522218 | 876197618 | 876197618 | 876197618
13c,209461280348494,production-floor | production-no-floor | raw | shrink,1004522218 | 876197618 | 876197618 | 876197618
13c,209461280348495,production-floor | production-no-floor | raw | shrink,1004522218 | 876197618 | 876197618 | 876197618
13c,209461280348496,production-floor | production-no-floor | raw | shrink,1004522218 | 876197618 | 876197618 | 876197618
13c,209461280348497,production-floor | production-no-floor | raw | shrink,1004522218 | 876197618 | 876197618 | 876197618
13c,209461280348498,production-floor | production-no-floor | raw | shrink,1004522218 | 876197618 | 876197618 | 876197618
13c,209461280348499,production-floor | production-no-floor | raw | shrink,1004522218 | 876197618 | 876197618 | 876197618
13c,209461280348500,production-floor | production-no-floor | raw | shrink,1004522218 | 876197618 | 876197618 | 876197618
13c,209461280348501,production-floor | production-no-floor | raw | shrink,1004522218 | 876197618 | 876197618 | 876197618
13c,209461280348502,production-floor | production-no-floor | raw | shrink,1004522218 | 876197618 | 876197618 | 876197618
13c,209461280348503,production-floor | production-no-floor | raw | shrink,1004522218 | 876197618 | 876197618 | 876197618
13c,209461280348504,production-floor | production-no-floor | raw | shrink,-2119720580 | -2119720580 | -1005059989 | -2119720580
13c,209461280348505,production-floor | production-no-floor | raw | shrink,1004522218 | 876197618 | 876197618 | 876197618
13c,209461280348506,production-floor | production-no-floor | raw | shrink,1004522218 | 876197618 | 876197618 | 876197618
13c,209461280348507,production-floor | production-no-floor | raw | shrink,1004522218 | 876197618 | 876197618 | 876197618
13c,209461280348508,production-floor | production-no-floor | raw | shrink,1004522218 | 876197618 | 876197618 | 876197618
13c,209461280348509,production-floor | production-no-floor | raw | shrink,1004522218 | 876197618 | 876197618 | 876197618
13c,209461280348510,production-floor | production-no-floor | raw | shrink,1004522218 | 876197618 | 876197618 | 876197618
13c,209461280348511,production-floor | production-no-floor | raw | shrink,-2119720580 | -2119720580 | 267726975 | -2119720580
13c,209461280348512,production-floor | production-no-floor | raw | shrink,1004522218 | 876197618 | 876197618 | 876197618
13c,209461280348513,production-floor | production-no-floor | raw | shrink,1004522218 | 876197618 | 876197618 | 876197618
13c,209461280348514,production-floor | production-no-floor | raw | shrink,1004522218 | 876197618 | 876197618 | 876197618
13c,209461280348515,production-floor | production-no-floor | raw | shrink,1004522218 | 876197618 | 876197618 | 876197618
13c,209461280348516,production-floor | production-no-floor | raw | shrink,1004522218 | 876197618 | 876197618 | 876197618
13c,209461280348517,production-floor | production-no-floor | raw | shrink,1004522218 | 876197618 | 876197618 | 876197618
13c,209461280348518,production-floor | production-no-floor | raw | shrink,1004522218 | 876197618 | 876197618 | 876197618
13c,209461280348519,production-floor | production-no-floor | raw | shrink,1004522218 | 876197618 | 876197618 | 876197618
13c,209461280348520,production-floor | production-no-floor | raw | shrink,1004522218 | 876197618 | 876197618 | 876197618
13c,209461280348521,production-floor | production-no-floor | raw | shrink,1004522218 | 876197618 | 876197618 | 876197618
13c,209461280348522,production-floor | production-no-floor | raw | shrink,1004522218 | 876197618 | 876197618 | 876197618
13c,209461280348523,production-floor | production-no-floor | raw | shrink,1004522218 | 876197618 | 876197618 | 876197618
13c,209461280348524,production-floor | production-no-floor | raw | shrink,1004522218 | 876197618 | 876197618 | 876197618
13c,209461280348525,production-floor | production-no-floor | raw | shrink,1004522218 | 876197618 | 876197618 | 876197618
13c,209461280348526,production-floor | production-no-floor | raw | shrink,1004522218 | 876197618 | 876197618 | 876197618
13c,209461280348527,production-floor | production-no-floor | raw | shrink,1004522218 | 876197618 | 876197618 | 876197618
13c,209461280348528,production-floor | production-no-floor | raw | shrink,1004522218 | 876197618 | 876197618 | 876197618
13c,209461280348529,production-floor | production-no-floor | raw | shrink,1004522218 | 876197618 | 876197618 | 876197618
13c,209461280348530,production-floor | production-no-floor | raw | shrink,1004522218 | 876197618 | 876197618 | 876197618
13c,209461280348531,production-floor | production-no-floor | raw | shrink,1004522218 | 876197618 | 876197618 | 876197618
13c,209461280348532,production-floor | production-no-floor | raw | shrink,1004522218 | 876197618 | 876197618 | 876197618
13c,209461280348533,production-floor | production-no-floor | raw | shrink,1004522218 | 876197618 | 876197618 | 876197618
13c,209461280348534,production-floor | production-no-floor | raw | shrink,1004522218 | 876197618 | 876197618 | 876197618
13c,209461280348535,production-floor | production-no-floor | raw | shrink,1004522218 | 876197618 | 876197618 | 876197618
13c,209461280348536,production-floor | production-no-floor | raw | shrink,1004522218 | 876197618 | 876197618 | 876197618
13c,209461280348537,production-floor | production-no-floor | raw | shrink,1004522218 | 876197618 | 876197618 | 876197618
13c,209461280348538,production-floor | production-no-floor | raw | shrink,1004522218 | 876197618 | 876197618 | 876197618
13c,209461280348539,production-floor | production-no-floor | raw | shrink,1004522218 | 876197618 | 876197618 | 876197618
13c,209461280348540,production-floor | production-no-floor | raw | shrink,1004522218 | 876197618 | 876197618 | 876197618
13c,209461280348541,production-floor | production-no-floor | raw | shrink,1004522218 | 876197618 | 876197618 | 876197618
13c,209461280348542,production-floor | production-no-floor | raw | shrink,1004522218 | 876197618 | 876197618 | 876197618
13c,209461280348543,production-floor | production-no-floor | raw | shrink,1004522218 | 876197618 | 876197618 | 876197618
13d,209465575315095,production-floor | production-no-floor | raw | shrink,-2119720580 | -2119720580 | -1005059989 | -2119720580
13d,209465575315780,production-floor | production-no-floor | raw | shrink,-2119720580 | -2119720580 | -1005059989 | -2119720580
13d,209465575315790,production-floor | production-no-floor | raw | shrink,-2119720580 | -2119720580 | -1005059989 | -2119720580
14a,209585834399360,production-floor | production-no-floor | raw | shrink,-1633330344 | -34979337 | 1442618571 | -34979337
14a,209585834399361,production-floor | production-no-floor | raw | shrink,-1633330344 | -34979337 | 1442618571 | -34979337
14a,209585834399362,production-floor | production-no-floor | raw | shrink,-1633330344 | -1633330344 | 1442618571 | -1633330344
14a,209585834399363,production-floor | production-no-floor | raw | shrink,-1633330344 | -1633330344 | 1442618571 | -1633330344
14a,209585834399364,production-floor | production-no-floor | raw | shrink,-1633330344 | -34979337 | 1442618571 | -34979337
14a,209585834399365,production-floor | production-no-floor | raw | shrink,-1633330344 | -34979337 | 1442618571 | -34979337
14a,209585834399366,production-floor | production-no-floor | raw | shrink,-1633330344 | -34979337 | 1442618571 | -34979337
14a,209585834399367,production-floor | production-no-floor | raw | shrink,-1633330344 | -34979337 | 1442618571 | -34979337
14a,209585834399368,production-floor | production-no-floor | raw | shrink,-1633330344 | -34979337 | 1442618571 | -34979337
14a,209585834399369,production-floor | production-no-floor | raw | shrink,-1633330344 | -34979337 | 1442618571 | -34979337
14a,209585834399370,production-floor | production-no-floor | raw | shrink,-1633330344 | -34979337 | 1442618571 | -34979337
14a,209585834399371,production-floor | production-no-floor | raw | shrink,-1633330344 | -34979337 | 1442618571 | -34979337
14a,209585834399372,production-floor | production-no-floor | raw | shrink,-1633330344 | -1633330344 | 1442618571 | -1633330344
14a,209585834399373,production-floor | production-no-floor | raw | shrink,-1633330344 | -1633330344 | 1442618571 | -1633330344
14a,209585834399374,production-floor | production-no-floor | raw | shrink,-1633330344 | -34979337 | 1442618571 | -34979337
14a,209585834399375,production-floor | production-no-floor | raw | shrink,-1633330344 | -34979337 | 1442618571 | -34979337
14a,209585834399376,production-floor | production-no-floor | raw | shrink,-1633330344 | -34979337 | 1442618571 | -34979337
14a,209585834399377,production-floor | production-no-floor | raw | shrink,-1633330344 | -34979337 | 1442618571 | -34979337
14a,209585834399378,production-floor | production-no-floor | raw | shrink,-1633330344 | -34979337 | 1442618571 | -34979337
14a,209585834399379,production-floor | production-no-floor | raw | shrink,-1633330344 | -1633330344 | 1442618571 | -1633330344
14a,209585834399380,production-floor | production-no-floor | raw | shrink,-1633330344 | -34979337 | 1442618571 | -34979337
14a,209585834399381,production-floor | production-no-floor | raw | shrink,-1633330344 | -34979337 | 1442618571 | -34979337
14a,209585834399382,production-floor | production-no-floor | raw | shrink,-1633330344 | -34979337 | 1442618571 | -34979337
14a,209585834399383,production-floor | production-no-floor | raw | shrink,-1633330344 | -1633330344 | 1442618571 | -1633330344
14a,209585834399384,production-floor | production-no-floor | raw | shrink,-1633330344 | -34979337 | 1442618571 | -34979337
14a,209585834399385,production-floor | production-no-floor | raw | shrink,-1633330344 | -34979337 | 1442618571 | -34979337
14a,209585834399386,production-floor | production-no-floor | raw | shrink,-1633330344 | -34979337 | 1442618571 | -34979337
14a,209585834399387,production-floor | production-no-floor | raw | shrink,-1633330344 | -34979337 | 1442618571 | -34979337
14a,209585834399388,production-floor | production-no-floor | raw | shrink,-1633330344 | -34979337 | 1442618571 | -34979337
14a,209585834399389,production-floor | production-no-floor | raw | shrink,-1633330344 | -34979337 | 1442618571 | -34979337
14a,209585834399390,production-floor | production-no-floor | raw | shrink,-1633330344 | -34979337 | 1442618571 | -34979337
14a,209585834399391,production-floor | production-no-floor | raw | shrink,-1633330344 | -34979337 | 1442618571 | -34979337
14a,209585834399418,production-floor | production-no-floor | raw | shrink,-1633330344 | -34979337 | 1442618571 | -34979337
14a,209585834399420,production-floor | production-no-floor | raw | shrink,-1633330344 | -34979337 | 1442618571 | -34979337
14a,209585834399421,production-floor | production-no-floor | raw | shrink,-1633330344 | -34979337 | 1442618571 | -34979337
14a,209585834399422,production-floor | production-no-floor | raw | shrink,-1633330344 | -34979337 | 1442618571 | -34979337
14a,209585834399423,production-floor | production-no-floor | raw | shrink,-1633330344 | -34979337 | 1442618571 | -34979337
14a,209585834400064,production-floor | production-no-floor | raw | shrink,-1633330344 | -34979337 | 1442618571 | -34979337
14a,209585834400065,production-floor | production-no-floor | raw | shrink,-1633330344 | -1633330344 | 1442618571 | -1633330344
14a,209585834400066,production-floor | production-no-floor | raw | shrink,-1633330344 | -34979337 | 1442618571 | -34979337
14a,209585834400067,production-floor | production-no-floor | raw | shrink,-1633330344 | -34979337 | 1442618571 | -34979337
14a,209585834400068,production-floor | production-no-floor | raw | shrink,-1633330344 | -34979337 | 1442618571 | -34979337
14a,209585834400069,production-floor | production-no-floor | raw | shrink,-1633330344 | -34979337 | 1442618571 | -34979337
14a,209585834400070,production-floor | production-no-floor | raw | shrink,-1633330344 | -1633330344 | 1442618571 | -1633330344
14a,209585834400071,production-floor | production-no-floor | raw | shrink,-1633330344 | -1633330344 | 1442618571 | -1633330344
14a,209585834400072,production-floor | production-no-floor | raw | shrink,-1633330344 | -34979337 | 1442618571 | -34979337
14a,209585834400073,production-floor | production-no-floor | raw | shrink,-1633330344 | -34979337 | 1442618571 | -34979337
14a,209585834400074,production-floor | production-no-floor | raw | shrink,-1633330344 | -34979337 | 1442618571 | -34979337
14a,209585834400075,production-floor | production-no-floor | raw | shrink,-1633330344 | -34979337 | 1442618571 | -34979337
14a,209585834400076,production-floor | production-no-floor | raw | shrink,-1633330344 | -1633330344 | 1442618571 | -1633330344
14a,209585834400077,production-floor | production-no-floor | raw | shrink,-1633330344 | -34979337 | 1442618571 | -34979337
14a,209585834400078,production-floor | production-no-floor | raw | shrink,-1633330344 | -34979337 | 1442618571 | -34979337
14a,209585834400079,production-floor | production-no-floor | raw | shrink,-1633330344 | -34979337 | 1442618571 | -34979337
14a,209585834400080,production-floor | production-no-floor | raw | shrink,-1633330344 | -34979337 | 1442618571 | -34979337
14a,209585834400081,production-floor | production-no-floor | raw | shrink,-1633330344 | -34979337 | 1442618571 | -34979337
14a,209585834400082,production-floor | production-no-floor | raw | shrink,-1633330344 | -34979337 | 1442618571 | -34979337
14a,209585834400083,production-floor | production-no-floor | raw | shrink,-1633330344 | -34979337 | 1442618571 | -34979337
14a,209585834400084,production-floor | production-no-floor | raw | shrink,-1633330344 | -1633330344 | 1442618571 | -1633330344
14a,209585834400085,production-floor | production-no-floor | raw | shrink,-1633330344 | -34979337 | 1442618571 | -34979337
14a,209585834400086,production-floor | production-no-floor | raw | shrink,-1633330344 | -34979337 | 1442618571 | -34979337
14a,209585834400087,production-floor | production-no-floor | raw | shrink,-1633330344 | -34979337 | 1442618571 | -34979337
14a,209585834400088,production-floor | production-no-floor | raw | shrink,-1633330344 | -34979337 | 1442618571 | -34979337
14a,209585834400089,production-floor | production-no-floor | raw | shrink,-1633330344 | -34979337 | 1442618571 | -34979337
14a,209585834400090,production-floor | production-no-floor | raw | shrink,-1633330344 | -34979337 | 1442618571 | -34979337
14a,209585834400091,production-floor | production-no-floor | raw | shrink,-1633330344 | -34979337 | 1442618571 | -34979337
14a,209585834400092,production-floor | production-no-floor | raw | shrink,-1633330344 | -34979337 | 1442618571 | -34979337
14a,209585834400093,production-floor | production-no-floor | raw | shrink,-1633330344 | -1633330344 | 1442618571 | -1633330344
14a,209585834400095,production-floor | production-no-floor | raw | shrink,-1633330344 | -1633330344 | 1442618571 | -1633330344
14a,209585834400096,production-floor | production-no-floor | raw | shrink,-1633330344 | -34979337 | 1442618571 | -34979337
14a,209585834400097,production-floor | production-no-floor | raw | shrink,-1633330344 | -34979337 | 1442618571 | -34979337
14a,209585834400098,production-floor | production-no-floor | raw | shrink,-1633330344 | -34979337 | 1442618571 | -34979337
14a,209585834400099,production-floor | production-no-floor | raw | shrink,-1633330344 | -34979337 | 1442618571 | -34979337
14a,209585834400100,production-floor | production-no-floor | raw | shrink,-1633330344 | -34979337 | 1442618571 | -34979337
14a,209585834400101,production-floor | production-no-floor | raw | shrink,-1633330344 | -34979337 | 1442618571 | -34979337
14a,209585834400102,production-floor | production-no-floor | raw | shrink,-1633330344 | -1633330344 | 1442618571 | -1633330344
14a,209585834400103,production-floor | production-no-floor | raw | shrink,-1633330344 | -1633330344 | 1442618571 | -1633330344
14a,209585834400104,production-floor | production-no-floor | raw | shrink,-1633330344 | -1633330344 | 1442618571 | -1633330344
14a,209585834400105,production-floor | production-no-floor | raw | shrink,-1633330344 | -34979337 | 1442618571 | -34979337
14a,209585834400106,production-floor | production-no-floor | raw | shrink,-1633330344 | -34979337 | 1442618571 | -34979337
14a,209585834400107,production-floor | production-no-floor | raw | shrink,-1633330344 | -1633330344 | 1442618571 | -1633330344
14a,209585834400108,production-floor | production-no-floor | raw | shrink,-1633330344 | -1633330344 | 1442618571 | -1633330344
14a,209585834400109,production-floor | production-no-floor | raw | shrink,-1633330344 | -34979337 | 1442618571 | -34979337
14a,209585834400110,production-floor | production-no-floor | raw | shrink,-1633330344 | -1633330344 | 1442618571 | -1633330344
14a,209585834400111,production-floor | production-no-floor | raw | shrink,-1633330344 | -34979337 | 1442618571 | -34979337
14a,209585834400112,production-floor | production-no-floor | raw | shrink,-1633330344 | -34979337 | 1442618571 | -34979337
14a,209585834400113,production-floor | production-no-floor | raw | shrink,-1633330344 | -34979337 | 1442618571 | -34979337
14a,209585834400114,production-floor | production-no-floor | raw | shrink,-1633330344 | -34979337 | 1442618571 | -34979337
14a,209585834400115,production-floor | production-no-floor | raw | shrink,-1633330344 | -1633330344 | 1442618571 | -1633330344
14a,209585834400116,production-floor | production-no-floor | raw | shrink,-1633330344 | -1633330344 | 1442618571 | -1633330344
14a,209585834400117,production-floor | production-no-floor | raw | shrink,-1633330344 | -34979337 | 1442618571 | -34979337
14a,209585834400118,production-floor | production-no-floor | raw | shrink,-1633330344 | -34979337 | 1442618571 | -34979337
14a,209585834400119,production-floor | production-no-floor | raw | shrink,-1633330344 | -34979337 | 1442618571 | -34979337
14a,209585834400120,production-floor | production-no-floor | raw | shrink,-1633330344 | -34979337 | 1442618571 | -34979337
14a,209585834400121,production-floor | production-no-floor | raw | shrink,-1633330344 | -34979337 | 1442618571 | -34979337
14a,209585834400122,production-floor | production-no-floor | raw | shrink,-1633330344 | -1633330344 | 1442618571 | -1633330344
14a,209585834400123,production-floor | production-no-floor | raw | shrink,-1633330344 | -34979337 | 1442618571 | -34979337
14a,209585834400124,production-floor | production-no-floor | raw | shrink,-1633330344 | -34979337 | 1442618571 | -34979337
14a,209585834400125,production-floor | production-no-floor | raw | shrink,-1633330344 | -34979337 | 1442618571 | -34979337
14a,209585834400126,production-floor | production-no-floor | raw | shrink,-1633330344 | -34979337 | 1442618571 | -34979337
14a,209585834400127,production-floor | production-no-floor | raw | shrink,-1633330344 | -1633330344 | 1442618571 | -1633330344
14b,209590129366656,production-floor | production-no-floor | raw | shrink,1313982226 | 1297441228 | 1297441228 | 1297441228
14b,209590129366657,production-floor | production-no-floor | raw | shrink,1313982226 | 1297441228 | 1313982226 | 1297441228
14b,209590129366658,production-floor | production-no-floor | raw | shrink,1313982226 | 1297441228 | -725338943 | 1297441228
14b,209590129366659,production-floor | production-no-floor | raw | shrink,1313982226 | 1297441228 | 1297441228 | 1297441228
14b,209590129366660,production-floor | production-no-floor | raw | shrink,1313982226 | -725338943 | -725338943 | -725338943
14b,209590129366661,production-floor | production-no-floor | raw | shrink,1313982226 | 1297441228 | 1297441228 | 1297441228
14b,209590129366662,production-floor | production-no-floor | raw | shrink,1313982226 | 1297441228 | 1297441228 | 1297441228
14b,209590129366663,production-floor | production-no-floor | raw | shrink,1313982226 | 1297441228 | 1297441228 | 1297441228
14b,209590129366664,production-floor | production-no-floor | raw | shrink,1313982226 | 1297441228 | 1461680779 | 1297441228
14b,209590129366665,production-floor | production-no-floor | raw | shrink,1313982226 | -725338943 | 1297441228 | -725338943
14b,209590129366666,production-floor | production-no-floor | raw | shrink,1313982226 | 1297441228 | 1297441228 | 1297441228
14b,209590129366667,production-floor | production-no-floor | raw | shrink,1313982226 | -725338943 | 1461680779 | -725338943
14b,209590129366668,production-floor | production-no-floor | raw | shrink,1313982226 | 1297441228 | 1313982226 | 1297441228
14b,209590129366669,production-floor | production-no-floor | raw | shrink,1313982226 | -725338943 | 1297441228 | -725338943
14b,209590129366670,production-floor | production-no-floor | raw | shrink,1313982226 | 1297441228 | 1297441228 | 1297441228
14b,209590129366671,production-floor | production-no-floor | raw | shrink,1313982226 | 1297441228 | 1297441228 | 1297441228
14b,209590129366672,production-floor | production-no-floor | raw | shrink,1313982226 | 1297441228 | -725338943 | 1297441228
14b,209590129366673,production-floor | production-no-floor | raw | shrink,1313982226 | 1297441228 | -725338943 | 1297441228
14b,209590129366674,production-floor | production-no-floor | raw | shrink,1313982226 | -725338943 | 1313982226 | -725338943
14b,209590129366675,production-floor | production-no-floor | raw | shrink,1313982226 | 1297441228 | 1297441228 | 1297441228
14b,209590129366676,production-floor | production-no-floor | raw | shrink,1313982226 | -725338943 | 1313982226 | -725338943
14b,209590129366677,production-floor | production-no-floor | raw | shrink,1313982226 | 1297441228 | -916921058 | 1297441228
14b,209590129366678,production-floor | production-no-floor | raw | shrink,1313982226 | 1297441228 | -916921058 | 1297441228
14b,209590129366679,production-floor | production-no-floor | raw | shrink,1313982226 | 1297441228 | 1461680779 | 1297441228
14b,209590129366680,production-floor | production-no-floor | raw | shrink,1313982226 | 1297441228 | 1297441228 | 1297441228
14b,209590129366681,production-floor | production-no-floor | raw | shrink,1313982226 | 1297441228 | 1297441228 | 1297441228
14b,209590129366682,production-floor | production-no-floor | raw | shrink,1313982226 | -725338943 | -725338943 | -725338943
14b,209590129366683,production-floor | production-no-floor | raw | shrink,1313982226 | 1297441228 | 1297441228 | 1297441228
14b,209590129366684,production-floor | production-no-floor | raw | shrink,1313982226 | 1297441228 | 1297441228 | 1297441228
14b,209590129366685,production-floor | production-no-floor | raw | shrink,1313982226 | -725338943 | -725338943 | -725338943
14b,209590129366686,production-floor | production-no-floor | raw | shrink,1313982226 | 1297441228 | 1461680779 | 1297441228
14b,209590129366687,production-floor | production-no-floor | raw | shrink,1313982226 | -725338943 | 1313982226 | -725338943
14b,209590129366715,production-floor | production-no-floor | raw | shrink,1313982226 | 1297441228 | -725338943 | 1297441228
14b,209590129366716,production-floor | production-no-floor | raw | shrink,1313982226 | 1297441228 | 1461680779 | 1297441228
14b,209590129366717,production-floor | production-no-floor | raw | shrink,1313982226 | 1297441228 | 1461680779 | 1297441228
14b,209590129366718,production-floor | production-no-floor | raw | shrink,1313982226 | -725338943 | -725338943 | -725338943
14b,209590129366719,production-floor | production-no-floor | raw | shrink,1313982226 | -725338943 | -725338943 | -725338943
14b,209590129367360,production-floor | production-no-floor | raw | shrink,1313982226 | 1297441228 | 1313982226 | 1297441228
14b,209590129367361,production-floor | production-no-floor | raw | shrink,1313982226 | 1297441228 | 1313982226 | 1297441228
14b,209590129367362,production-floor | production-no-floor | raw | shrink,1313982226 | 1297441228 | 1297441228 | 1297441228
14b,209590129367363,production-floor | production-no-floor | raw | shrink,1313982226 | -725338943 | -725338943 | -725338943
14b,209590129367364,production-floor | production-no-floor | raw | shrink,1313982226 | 1297441228 | -725338943 | 1297441228
14b,209590129367365,production-floor | production-no-floor | raw | shrink,1313982226 | -725338943 | 1461680779 | -725338943
14b,209590129367366,production-floor | production-no-floor | raw | shrink,1313982226 | 1297441228 | -725338943 | 1297441228
14b,209590129367367,production-floor | production-no-floor | raw | shrink,1313982226 | 1297441228 | 1461680779 | 1297441228
14b,209590129367368,production-floor | production-no-floor | raw | shrink,1313982226 | 1297441228 | 1297441228 | 1297441228
14b,209590129367369,production-floor | production-no-floor | raw | shrink,1313982226 | 1297441228 | -916921058 | 1297441228
14b,209590129367370,production-floor | production-no-floor | raw | shrink,1313982226 | -725338943 | 1461680779 | -725338943
14b,209590129367371,production-floor | production-no-floor | raw | shrink,1313982226 | 1297441228 | 1297441228 | 1297441228
14b,209590129367372,production-floor | production-no-floor | raw | shrink,1313982226 | 1297441228 | 1461680779 | 1297441228
14b,209590129367373,production-floor | production-no-floor | raw | shrink,1313982226 | 1297441228 | 1313982226 | 1297441228
14b,209590129367374,production-floor | production-no-floor | raw | shrink,1313982226 | 1297441228 | -916921058 | 1297441228
14b,209590129367375,production-floor | production-no-floor | raw | shrink,1313982226 | -725338943 | 1461680779 | -725338943
14b,209590129367376,production-floor | production-no-floor | raw | shrink,1313982226 | -725338943 | 1461680779 | -725338943
14b,209590129367377,production-floor | production-no-floor | raw | shrink,1313982226 | 1297441228 | -916921058 | 1297441228
14b,209590129367378,production-floor | production-no-floor | raw | shrink,1313982226 | -725338943 | -725338943 | -725338943
14b,209590129367379,production-floor | production-no-floor | raw | shrink,1313982226 | -725338943 | 1461680779 | -725338943
14b,209590129367380,production-floor | production-no-floor | raw | shrink,1313982226 | 1297441228 | -725338943 | 1297441228
14b,209590129367381,production-floor | production-no-floor | raw | shrink,1313982226 | -725338943 | -725338943 | -725338943
14b,209590129367382,production-floor | production-no-floor | raw | shrink,1313982226 | -725338943 | 1297441228 | -725338943
14b,209590129367383,production-floor | production-no-floor | raw | shrink,1313982226 | 1297441228 | 1461680779 | 1297441228
14b,209590129367384,production-floor | production-no-floor | raw | shrink,1313982226 | 1297441228 | 1297441228 | 1297441228
14b,209590129367385,production-floor | production-no-floor | raw | shrink,1313982226 | 1297441228 | 1313982226 | 1297441228
14b,209590129367386,production-floor | production-no-floor | raw | shrink,1313982226 | 1297441228 | 1461680779 | 1297441228
14b,209590129367387,production-floor | production-no-floor | raw | shrink,1313982226 | 1297441228 | 1313982226 | 1297441228
14b,209590129367388,production-floor | production-no-floor | raw | shrink,1313982226 | 1297441228 | -916921058 | 1297441228
14b,209590129367389,production-floor | production-no-floor | raw | shrink,1313982226 | -725338943 | 1313982226 | -725338943
14b,209590129367390,production-floor | production-no-floor | raw | shrink,1313982226 | 1297441228 | 1461680779 | 1297441228
14b,209590129367392,production-floor | production-no-floor | raw | shrink,1313982226 | 1297441228 | 1297441228 | 1297441228
14b,209590129367393,production-floor | production-no-floor | raw | shrink,1313982226 | 1297441228 | 1297441228 | 1297441228
14b,209590129367394,production-floor | production-no-floor | raw | shrink,1313982226 | 1297441228 | 1461680779 | 1297441228
14b,209590129367395,production-floor | production-no-floor | raw | shrink,1313982226 | -725338943 | 1313982226 | -725338943
14b,209590129367396,production-floor | production-no-floor | raw | shrink,1313982226 | -725338943 | -725338943 | -725338943
14b,209590129367397,production-floor | production-no-floor | raw | shrink,1313982226 | -725338943 | -725338943 | -725338943
14b,209590129367398,production-floor | production-no-floor | raw | shrink,1313982226 | 1297441228 | -916921058 | 1297441228
14b,209590129367399,production-floor | production-no-floor | raw | shrink,1313982226 | 1297441228 | 1461680779 | 1297441228
14b,209590129367400,production-floor | production-no-floor | raw | shrink,1313982226 | 1297441228 | 1461680779 | 1297441228
14b,209590129367401,production-floor | production-no-floor | raw | shrink,1313982226 | -725338943 | 1313982226 | -725338943
14b,209590129367402,production-floor | production-no-floor | raw | shrink,1313982226 | 1297441228 | 1297441228 | 1297441228
14b,209590129367403,production-floor | production-no-floor | raw | shrink,1313982226 | 1297441228 | 1297441228 | 1297441228
14b,209590129367404,production-floor | production-no-floor | raw | shrink,1313982226 | -725338943 | -725338943 | -725338943
14b,209590129367405,production-floor | production-no-floor | raw | shrink,1313982226 | 1297441228 | 1313982226 | 1297441228
14b,209590129367406,production-floor | production-no-floor | raw | shrink,1313982226 | 1297441228 | 1297441228 | 1297441228
14b,209590129367407,production-floor | production-no-floor | raw | shrink,1313982226 | 1297441228 | -725338943 | 1297441228
14b,209590129367408,production-floor | production-no-floor | raw | shrink,1313982226 | -725338943 | -725338943 | -725338943
14b,209590129367409,production-floor | production-no-floor | raw | shrink,1313982226 | 1297441228 | 1297441228 | 1297441228
14b,209590129367410,production-floor | production-no-floor | raw | shrink,1313982226 | 1297441228 | 1313982226 | 1297441228
14b,209590129367411,production-floor | production-no-floor | raw | shrink,1313982226 | 1297441228 | 1461680779 | 1297441228
14b,209590129367412,production-floor | production-no-floor | raw | shrink,1313982226 | -725338943 | -725338943 | -725338943
14b,209590129367413,production-floor | production-no-floor | raw | shrink,1313982226 | 1297441228 | 1297441228 | 1297441228
14b,209590129367414,production-floor | production-no-floor | raw | shrink,1313982226 | 1297441228 | 1297441228 | 1297441228
14b,209590129367415,production-floor | production-no-floor | raw | shrink,1313982226 | 1297441228 | 1461680779 | 1297441228
14b,209590129367416,production-floor | production-no-floor | raw | shrink,1313982226 | 1297441228 | 1297441228 | 1297441228
14b,209590129367417,production-floor | production-no-floor | raw | shrink,1313982226 | 1297441228 | 1461680779 | 1297441228
14b,209590129367418,production-floor | production-no-floor | raw | shrink,1313982226 | 1297441228 | 1461680779 | 1297441228
14b,209590129367419,production-floor | production-no-floor | raw | shrink,1313982226 | 1297441228 | 1297441228 | 1297441228
14b,209590129367420,production-floor | production-no-floor | raw | shrink,1313982226 | 1297441228 | 1297441228 | 1297441228
14b,209590129367421,production-floor | production-no-floor | raw | shrink,1313982226 | 1297441228 | 1297441228 | 1297441228
14b,209590129367422,production-floor | production-no-floor | raw | shrink,1313982226 | 1297441228 | 1297441228 | 1297441228
14b,209590129367423,production-floor | production-no-floor | raw | shrink,1313982226 | 1297441228 | 1461680779 | 1297441228
14c,209594424333952,production-floor | production-no-floor | raw | shrink,1171118565 | -2140146702 | -369040388 | -2140146702
14c,209594424333953,production-floor | production-no-floor | raw | shrink,1171118565 | 1171118565 | -369040388 | 1171118565
14c,209594424333954,production-floor | production-no-floor | raw | shrink,1171118565 | -2140146702 | -369040388 | -2140146702
14c,209594424333955,production-floor | production-no-floor | raw | shrink,1171118565 | 1171118565 | -369040388 | 1171118565
14c,209594424333956,production-floor | production-no-floor | raw | shrink,1171118565 | 1171118565 | -369040388 | 1171118565
14c,209594424333984,production-floor | production-no-floor | raw | shrink,1171118565 | 1171118565 | -369040388 | 1171118565
14c,209594424333985,production-floor | production-no-floor | raw | shrink,1171118565 | -2140146702 | -369040388 | -2140146702
14c,209594424333986,production-floor | production-no-floor | raw | shrink,1171118565 | -2140146702 | -369040388 | -2140146702
14c,209594424333987,production-floor | production-no-floor | raw | shrink,1171118565 | -2140146702 | -369040388 | -2140146702
14c,209594424333988,production-floor | production-no-floor | raw | shrink,1171118565 | -2140146702 | -369040388 | -2140146702
14c,209594424333989,production-floor | production-no-floor | raw | shrink,1171118565 | 1171118565 | -369040388 | 1171118565
14c,209594424333990,production-floor | production-no-floor | raw | shrink,1171118565 | -2140146702 | -369040388 | -2140146702
14c,209594424333991,production-floor | production-no-floor | raw | shrink,1171118565 | -2140146702 | -369040388 | -2140146702
14c,209594424333992,production-floor | production-no-floor | raw | shrink,1171118565 | -2140146702 | -369040388 | -2140146702
14c,209594424333993,production-floor | production-no-floor | raw | shrink,1171118565 | -2140146702 | -369040388 | -2140146702
14c,209594424333994,production-floor | production-no-floor | raw | shrink,1171118565 | -2140146702 | -369040388 | -2140146702
14c,209594424333995,production-floor | production-no-floor | raw | shrink,1171118565 | -2140146702 | -369040388 | -2140146702
14c,209594424333996,production-floor | production-no-floor | raw | shrink,1171118565 | -2140146702 | -369040388 | -2140146702
14c,209594424333997,production-floor | production-no-floor | raw | shrink,1171118565 | 1171118565 | -369040388 | 1171118565
14c,209594424333998,production-floor | production-no-floor | raw | shrink,1171118565 | -2140146702 | -369040388 | -2140146702
14c,209594424333999,production-floor | production-no-floor | raw | shrink,1171118565 | -2140146702 | -369040388 | -2140146702
14c,209594424334000,production-floor | production-no-floor | raw | shrink,1171118565 | -2140146702 | -369040388 | -2140146702
14c,209594424334001,production-floor | production-no-floor | raw | shrink,1171118565 | -2140146702 | -369040388 | -2140146702
14c,209594424334002,production-floor | production-no-floor | raw | shrink,1171118565 | -2140146702 | -369040388 | -2140146702
14c,209594424334003,production-floor | production-no-floor | raw | shrink,1171118565 | -2140146702 | -369040388 | -2140146702
14c,209594424334004,production-floor | production-no-floor | raw | shrink,1171118565 | -2140146702 | -369040388 | -2140146702
14c,209594424334005,production-floor | production-no-floor | raw | shrink,1171118565 | 1171118565 | -369040388 | 1171118565
14c,209594424334006,production-floor | production-no-floor | raw | shrink,1171118565 | -2140146702 | -369040388 | -2140146702
14c,209594424334007,production-floor | production-no-floor | raw | shrink,1171118565 | 1171118565 | -369040388 | 1171118565
14c,209594424334008,production-floor | production-no-floor | raw | shrink,1171118565 | -2140146702 | -369040388 | -2140146702
14c,209594424334009,production-floor | production-no-floor | raw | shrink,1171118565 | 1171118565 | -369040388 | 1171118565
14c,209594424334010,production-floor | production-no-floor | raw | shrink,1171118565 | -2140146702 | -369040388 | -2140146702
14c,209594424334011,production-floor | production-no-floor | raw | shrink,1171118565 | 1171118565 | -369040388 | 1171118565
14c,209594424334012,production-floor | production-no-floor | raw | shrink,1171118565 | -2140146702 | -369040388 | -2140146702
14c,209594424334013,production-floor | production-no-floor | raw | shrink,1171118565 | 1171118565 | -369040388 | 1171118565
14c,209594424334014,production-floor | production-no-floor | raw | shrink,1171118565 | 1171118565 | -369040388 | 1171118565
14c,209594424334015,production-floor | production-no-floor | raw | shrink,1171118565 | 1171118565 | -369040388 | 1171118565
14c,209594424334656,production-floor | production-no-floor | raw | shrink,1171118565 | 1171118565 | -369040388 | 1171118565
14c,209594424334657,production-floor | production-no-floor | raw | shrink,1171118565 | 1171118565 | -369040388 | 1171118565
14c,209594424334658,production-floor | production-no-floor | raw | shrink,1171118565 | -2140146702 | -369040388 | -2140146702
14c,209594424334659,production-floor | production-no-floor | raw | shrink,1171118565 | -2140146702 | -369040388 | -2140146702
14c,209594424334660,production-floor | production-no-floor | raw | shrink,1171118565 | -2140146702 | -369040388 | -2140146702
14c,209594424334661,production-floor | production-no-floor | raw | shrink,1171118565 | 1171118565 | -369040388 | 1171118565
14c,209594424334662,production-floor | production-no-floor | raw | shrink,1171118565 | -2140146702 | -369040388 | -2140146702
14c,209594424334663,production-floor | production-no-floor | raw | shrink,1171118565 | -2140146702 | -369040388 | -2140146702
14c,209594424334664,production-floor | production-no-floor | raw | shrink,1171118565 | -2140146702 | -369040388 | -2140146702
14c,209594424334665,production-floor | production-no-floor | raw | shrink,1171118565 | -2140146702 | -369040388 | -2140146702
14c,209594424334666,production-floor | production-no-floor | raw | shrink,1171118565 | 1171118565 | -369040388 | 1171118565
14c,209594424334667,production-floor | production-no-floor | raw | shrink,1171118565 | 1171118565 | -369040388 | 1171118565
14c,209594424334668,production-floor | production-no-floor | raw | shrink,1171118565 | -2140146702 | -369040388 | -2140146702
14c,209594424334669,production-floor | production-no-floor | raw | shrink,1171118565 | 1171118565 | -369040388 | 1171118565
14c,209594424334670,production-floor | production-no-floor | raw | shrink,1171118565 | -2140146702 | -369040388 | -2140146702
14c,209594424334671,production-floor | production-no-floor | raw | shrink,1171118565 | 1171118565 | -369040388 | 1171118565
14c,209594424334672,production-floor | production-no-floor | raw | shrink,1171118565 | -2140146702 | -369040388 | -2140146702
14c,209594424334673,production-floor | production-no-floor | raw | shrink,1171118565 | -2140146702 | -369040388 | -2140146702
14c,209594424334674,production-floor | production-no-floor | raw | shrink,1171118565 | 1171118565 | -369040388 | 1171118565
14c,209594424334675,production-floor | production-no-floor | raw | shrink,1171118565 | 1171118565 | -369040388 | 1171118565
14c,209594424334676,production-floor | production-no-floor | raw | shrink,1171118565 | -2140146702 | -369040388 | -2140146702
14c,209594424334677,production-floor | production-no-floor | raw | shrink,1171118565 | -2140146702 | -369040388 | -2140146702
14c,209594424334678,production-floor | production-no-floor | raw | shrink,1171118565 | -2140146702 | -369040388 | -2140146702
14c,209594424334679,production-floor | production-no-floor | raw | shrink,1171118565 | -2140146702 | -369040388 | -2140146702
14c,209594424334680,production-floor | production-no-floor | raw | shrink,1171118565 | -2140146702 | -369040388 | -2140146702
14c,209594424334681,production-floor | production-no-floor | raw | shrink,1171118565 | 1171118565 | -369040388 | 1171118565
14c,209594424334682,production-floor | production-no-floor | raw | shrink,1171118565 | -2140146702 | -369040388 | -2140146702
14c,209594424334683,production-floor | production-no-floor | raw | shrink,1171118565 | -2140146702 | -369040388 | -2140146702
14c,209594424334684,production-floor | production-no-floor | raw | shrink,1171118565 | -2140146702 | -369040388 | -2140146702
14c,209594424334685,production-floor | production-no-floor | raw | shrink,1171118565 | 1171118565 | -369040388 | 1171118565
14c,209594424334686,production-floor | production-no-floor | raw | shrink,1171118565 | -2140146702 | -369040388 | -2140146702
14c,209594424334687,production-floor | production-no-floor | raw | shrink,1171118565 | 1171118565 | -369040388 | 1171118565
14c,209594424334689,production-floor | production-no-floor | raw | shrink,1171118565 | -2140146702 | -369040388 | -2140146702
14c,209594424334690,production-floor | production-no-floor | raw | shrink,1171118565 | 1171118565 | -369040388 | 1171118565
14c,209594424334691,production-floor | production-no-floor | raw | shrink,1171118565 | -2140146702 | -369040388 | -2140146702
14c,209594424334692,production-floor | production-no-floor | raw | shrink,1171118565 | 1171118565 | -369040388 | 1171118565
14c,209594424334693,production-floor | production-no-floor | raw | shrink,1171118565 | 1171118565 | -369040388 | 1171118565
14c,209594424334694,production-floor | production-no-floor | raw | shrink,1171118565 | -2140146702 | -369040388 | -2140146702
14c,209594424334695,production-floor | production-no-floor | raw | shrink,1171118565 | -2140146702 | -369040388 | -2140146702
14c,209594424334696,production-floor | production-no-floor | raw | shrink,1171118565 | -2140146702 | -369040388 | -2140146702
14c,209594424334697,production-floor | production-no-floor | raw | shrink,1171118565 | 1171118565 | -369040388 | 1171118565
14c,209594424334698,production-floor | production-no-floor | raw | shrink,1171118565 | 1171118565 | -369040388 | 1171118565
14c,209594424334699,production-floor | production-no-floor | raw | shrink,1171118565 | -2140146702 | -369040388 | -2140146702
14c,209594424334700,production-floor | production-no-floor | raw | shrink,1171118565 | 1171118565 | -369040388 | 1171118565
14c,209594424334701,production-floor | production-no-floor | raw | shrink,1171118565 | 1171118565 | -369040388 | 1171118565
14c,209594424334702,production-floor | production-no-floor | raw | shrink,1171118565 | -2140146702 | -369040388 | -2140146702
14c,209594424334703,production-floor | production-no-floor | raw | shrink,1171118565 | 1171118565 | -369040388 | 1171118565
14c,209594424334704,production-floor | production-no-floor | raw | shrink,1171118565 | 1171118565 | -369040388 | 1171118565
14c,209594424334705,production-floor | production-no-floor | raw | shrink,1171118565 | 1171118565 | -369040388 | 1171118565
14c,209594424334706,production-floor | production-no-floor | raw | shrink,1171118565 | -2140146702 | -369040388 | -2140146702
14c,209594424334707,production-floor | production-no-floor | raw | shrink,1171118565 | -2140146702 | -369040388 | -2140146702
14c,209594424334708,production-floor | production-no-floor | raw | shrink,1171118565 | 1171118565 | -369040388 | 1171118565
14c,209594424334709,production-floor | production-no-floor | raw | shrink,1171118565 | 1171118565 | -369040388 | 1171118565
14c,209594424334710,production-floor | production-no-floor | raw | shrink,1171118565 | -2140146702 | -369040388 | -2140146702
14c,209594424334711,production-floor | production-no-floor | raw | shrink,1171118565 | 1171118565 | -369040388 | 1171118565
14c,209594424334712,production-floor | production-no-floor | raw | shrink,1171118565 | 1171118565 | -369040388 | 1171118565
14c,209594424334713,production-floor | production-no-floor | raw | shrink,1171118565 | -2140146702 | -369040388 | -2140146702
14c,209594424334714,production-floor | production-no-floor | raw | shrink,1171118565 | 1171118565 | -369040388 | 1171118565
14c,209594424334715,production-floor | production-no-floor | raw | shrink,1171118565 | -2140146702 | -369040388 | -2140146702
14c,209594424334716,production-floor | production-no-floor | raw | shrink,1171118565 | -2140146702 | -369040388 | -2140146702
14c,209594424334717,production-floor | production-no-floor | raw | shrink,1171118565 | -2140146702 | -369040388 | -2140146702
14c,209594424334718,production-floor | production-no-floor | raw | shrink,1171118565 | 1171118565 | -369040388 | 1171118565
14c,209594424334719,production-floor | production-no-floor | raw | shrink,1171118565 | -2140146702 | -369040388 | -2140146702
15a,209718978385561,production-floor | production-no-floor | raw | shrink,196157638 | -874818637 | -985005990 | -874818637
15a,209718978385564,production-floor | production-no-floor | raw | shrink,-197612404 | -874818637 | -662433972 | -874818637
15a,209718978385565,production-floor | production-no-floor | raw | shrink,-197612404 | -874818637 | 532935496 | -874818637
15a,209718978385566,production-floor | production-no-floor | raw | shrink,-197612404 | -874818637 | -985005990 | -874818637
15a,209718978385567,production-floor | production-no-floor | raw | shrink,-197612404 | -874818637 | 532935496 | -874818637
15a,209718978385568,production-floor | production-no-floor | raw | shrink,-197612404 | -874818637 | -662433972 | -874818637
15a,209718978385569,production-floor | production-no-floor | raw | shrink,-197612404 | -874818637 | -662433972 | -874818637
15a,209718978385570,production-floor | production-no-floor | raw | shrink,196157638 | -874818637 | -985005990 | -874818637
15a,209718978385571,production-floor | production-no-floor | raw | shrink,196157638 | -874818637 | -985005990 | -874818637
15a,209718978385572,production-floor | production-no-floor | raw | shrink,-197612404 | -874818637 | 532935496 | -874818637
15a,209718978385573,production-floor | production-no-floor | raw | shrink,-197612404 | -874818637 | -662433972 | -874818637
15a,209718978385574,production-floor | production-no-floor | raw | shrink,-197612404 | -874818637 | -662433972 | -874818637
15a,209718978385575,production-floor | production-no-floor | raw | shrink,-197612404 | -874818637 | -985005990 | -874818637
15a,209718978385576,production-floor | production-no-floor | raw | shrink,-197612404 | -874818637 | 697904049 | -874818637
15a,209718978385577,production-floor | production-no-floor | raw | shrink,-197612404 | -874818637 | -985005990 | -874818637
15a,209718978385578,production-floor | production-no-floor | raw | shrink,-197612404 | -874818637 | -985005990 | -874818637
15a,209718978385579,production-floor | production-no-floor | raw | shrink,-197612404 | -874818637 | 697904049 | -874818637
15a,209718978385580,production-floor | production-no-floor | raw | shrink,-197612404 | -874818637 | -662433972 | -874818637
15a,209718978385581,production-floor | production-no-floor | raw | shrink,-197612404 | -874818637 | 532935496 | -874818637
15a,209718978385582,production-floor | production-no-floor | raw | shrink,-197612404 | -874818637 | 532935496 | -874818637
15a,209718978385583,production-floor | production-no-floor | raw | shrink,-197612404 | -874818637 | 697904049 | -874818637
15a,209718978385584,production-floor | production-no-floor | raw | shrink,-197612404 | -874818637 | 697904049 | -874818637
15a,209718978385585,production-floor | production-no-floor | raw | shrink,-197612404 | -874818637 | 532935496 | -874818637
15a,209718978385586,production-floor | production-no-floor | raw | shrink,-197612404 | -874818637 | -662433972 | -874818637
15a,209718978385587,production-floor | production-no-floor | raw | shrink,-197612404 | -874818637 | 532935496 | -874818637
15a,209718978385588,production-floor | production-no-floor | raw | shrink,-197612404 | -874818637 | -662433972 | -874818637
15a,209718978385589,production-floor | production-no-floor | raw | shrink,-197612404 | -874818637 | 697904049 | -874818637
15a,209718978385590,production-floor | production-no-floor | raw | shrink,-197612404 | -874818637 | 532935496 | -874818637
15a,209718978385591,production-floor | production-no-floor | raw | shrink,-197612404 | 196157638 | 532935496 | 196157638
15a,209718978385592,production-floor | production-no-floor | raw | shrink,-197612404 | -874818637 | -662433972 | -874818637
15a,209718978385593,production-floor | production-no-floor | raw | shrink,-197612404 | -874818637 | -662433972 | -874818637
15a,209718978385594,production-floor | production-no-floor | raw | shrink,-197612404 | -874818637 | 697904049 | -874818637
15a,209718978385595,production-floor | production-no-floor | raw | shrink,-197612404 | -874818637 | -662433972 | -874818637
15a,209718978385596,production-floor | production-no-floor | raw | shrink,-197612404 | -874818637 | -662433972 | -874818637
15a,209718978385597,production-floor | production-no-floor | raw | shrink,-197612404 | -874818637 | -662433972 | -874818637
15a,209718978385598,production-floor | production-no-floor | raw | shrink,-197612404 | -874818637 | 697904049 | -874818637
15a,209718978385599,production-floor | production-no-floor | raw | shrink,-197612404 | -874818637 | 697904049 | -874818637
15a,209718978386240,production-floor | production-no-floor | raw | shrink,-197612404 | -874818637 | 697904049 | -874818637
15a,209718978386241,production-floor | production-no-floor | raw | shrink,-197612404 | -874818637 | -662433972 | -874818637
15a,209718978386242,production-floor | production-no-floor | raw | shrink,-197612404 | -874818637 | -662433972 | -874818637
15a,209718978386243,production-floor | production-no-floor | raw | shrink,-197612404 | -874818637 | -662433972 | -874818637
15a,209718978386244,production-floor | production-no-floor | raw | shrink,-197612404 | -874818637 | -662433972 | -874818637
15a,209718978386245,production-floor | production-no-floor | raw | shrink,-197612404 | -874818637 | -662433972 | -874818637
15a,209718978386246,production-floor | production-no-floor | raw | shrink,-197612404 | -874818637 | -1334561136 | -874818637
15a,209718978386247,production-floor | production-no-floor | raw | shrink,-197612404 | -874818637 | -662433972 | -874818637
15a,209718978386248,production-floor | production-no-floor | raw | shrink,-197612404 | -874818637 | 532935496 | -874818637
15a,209718978386249,production-floor | production-no-floor | raw | shrink,-197612404 | -874818637 | -985005990 | -874818637
15a,209718978386250,production-floor | production-no-floor | raw | shrink,-197612404 | -874818637 | -985005990 | -874818637
15a,209718978386251,production-floor | production-no-floor | raw | shrink,-197612404 | -874818637 | 532935496 | -874818637
15a,209718978386252,production-floor | production-no-floor | raw | shrink,-197612404 | 196157638 | 697904049 | 196157638
15a,209718978386253,production-floor | production-no-floor | raw | shrink,-197612404 | -874818637 | -662433972 | -874818637
15a,209718978386254,production-floor | production-no-floor | raw | shrink,-197612404 | -874818637 | -662433972 | -874818637
15a,209718978386255,production-floor | production-no-floor | raw | shrink,-197612404 | -874818637 | -662433972 | -874818637
15a,209718978386256,production-floor | production-no-floor | raw | shrink,-197612404 | -874818637 | 532935496 | -874818637
15a,209718978386257,production-floor | production-no-floor | raw | shrink,-197612404 | -874818637 | 697904049 | -874818637
15a,209718978386258,production-floor | production-no-floor | raw | shrink,-197612404 | -874818637 | -985005990 | -874818637
15a,209718978386259,production-floor | production-no-floor | raw | shrink,-197612404 | -874818637 | -662433972 | -874818637
15a,209718978386260,production-floor | production-no-floor | raw | shrink,-197612404 | -874818637 | 532935496 | -874818637
15a,209718978386261,production-floor | production-no-floor | raw | shrink,-197612404 | -874818637 | 532935496 | -874818637
15a,209718978386262,production-floor | production-no-floor | raw | shrink,-197612404 | -874818637 | -662433972 | -874818637
15a,209718978386263,production-floor | production-no-floor | raw | shrink,-197612404 | -874818637 | 532935496 | -874818637
15a,209718978386264,production-floor | production-no-floor | raw | shrink,-197612404 | -874818637 | 532935496 | -874818637
15a,209718978386265,production-floor | production-no-floor | raw | shrink,-197612404 | -874818637 | 532935496 | -874818637
15a,209718978386266,production-floor | production-no-floor | raw | shrink,-197612404 | -874818637 | 697904049 | -874818637
15a,209718978386267,production-floor | production-no-floor | raw | shrink,196157638 | -874818637 | -985005990 | -874818637
15a,209718978386268,production-floor | production-no-floor | raw | shrink,-197612404 | -874818637 | 697904049 | -874818637
15a,209718978386269,production-floor | production-no-floor | raw | shrink,-197612404 | -874818637 | -662433972 | -874818637
15a,209718978386270,production-floor | production-no-floor | raw | shrink,-197612404 | -874818637 | -662433972 | -874818637
15a,209718978386271,production-floor | production-no-floor | raw | shrink,-197612404 | -874818637 | -985005990 | -874818637
15a,209718978386272,production-floor | production-no-floor | raw | shrink,-197612404 | -874818637 | -985005990 | -874818637
15a,209718978386273,production-floor | production-no-floor | raw | shrink,-197612404 | -874818637 | -662433972 | -874818637
15a,209718978386274,production-floor | production-no-floor | raw | shrink,-197612404 | -874818637 | 532935496 | -874818637
15a,209718978386275,production-floor | production-no-floor | raw | shrink,-197612404 | -874818637 | 532935496 | -874818637
15a,209718978386276,production-floor | production-no-floor | raw | shrink,-197612404 | -874818637 | -662433972 | -874818637
15a,209718978386277,production-floor | production-no-floor | raw | shrink,-197612404 | -874818637 | 532935496 | -874818637
15a,209718978386278,production-floor | production-no-floor | raw | shrink,-197612404 | -874818637 | -662433972 | -874818637
15a,209718978386279,production-floor | production-no-floor | raw | shrink,-197612404 | -874818637 | -985005990 | -874818637
15a,209718978386280,production-floor | production-no-floor | raw | shrink,-197612404 | -874818637 | -985005990 | -874818637
15a,209718978386281,production-floor | production-no-floor | raw | shrink,-197612404 | -874818637 | -985005990 | -874818637
15a,209718978386282,production-floor | production-no-floor | raw | shrink,-197612404 | -874818637 | -662433972 | -874818637
15a,209718978386283,production-floor | production-no-floor | raw | shrink,-197612404 | -874818637 | -662433972 | -874818637
15a,209718978386284,production-floor | production-no-floor | raw | shrink,-197612404 | -874818637 | -985005990 | -874818637
15a,209718978386285,production-floor | production-no-floor | raw | shrink,-197612404 | 196157638 | -1876644405 | 196157638
15a,209718978386286,production-floor | production-no-floor | raw | shrink,-197612404 | -874818637 | -985005990 | -874818637
15a,209718978386287,production-floor | production-no-floor | raw | shrink,-197612404 | -874818637 | -985005990 | -874818637
15a,209718978386288,production-floor | production-no-floor | raw | shrink,-197612404 | -874818637 | 697904049 | -874818637
15a,209718978386289,production-floor | production-no-floor | raw | shrink,-197612404 | -874818637 | 697904049 | -874818637
15a,209718978386290,production-floor | production-no-floor | raw | shrink,-197612404 | -874818637 | 697904049 | -874818637
15a,209718978386291,production-floor | production-no-floor | raw | shrink,-197612404 | -874818637 | -662433972 | -874818637
15a,209718978386292,production-floor | production-no-floor | raw | shrink,-197612404 | -874818637 | -985005990 | -874818637
15a,209718978386293,production-floor | production-no-floor | raw | shrink,-197612404 | -874818637 | 697904049 | -874818637
15a,209718978386294,production-floor | production-no-floor | raw | shrink,-197612404 | -874818637 | -985005990 | -874818637
15a,209718978386295,production-floor | production-no-floor | raw | shrink,-197612404 | -874818637 | 697904049 | -874818637
15a,209718978386296,production-floor | production-no-floor | raw | shrink,-197612404 | -874818637 | 532935496 | -874818637
15a,209718978386297,production-floor | production-no-floor | raw | shrink,-197612404 | -874818637 | 697904049 | -874818637
15a,209718978386298,production-floor | production-no-floor | raw | shrink,-197612404 | -874818637 | -662433972 | -874818637
15a,209718978386299,production-floor | production-no-floor | raw | shrink,-197612404 | -874818637 | -662433972 | -874818637
15a,209718978386300,production-floor | production-no-floor | raw | shrink,-197612404 | -874818637 | -662433972 | -874818637
15a,209718978386302,production-floor | production-no-floor | raw | shrink,-197612404 | -874818637 | -985005990 | -874818637
15a,209718978386303,production-floor | production-no-floor | raw | shrink,-197612404 | -874818637 | 697904049 | -874818637
15b,209723273352858,production-floor | production-no-floor | raw | shrink,-1293176700 | -347771581 | 1032376295 | -347771581
15b,209723273352860,production-floor | production-no-floor | raw | shrink,-1293176700 | -347771581 | 1032376295 | -347771581
15b,209723273352861,production-floor | production-no-floor | raw | shrink,-1293176700 | -347771581 | 1032376295 | -347771581
15b,209723273352862,production-floor | production-no-floor | raw | shrink,-1293176700 | -347771581 | 1563801558 | -347771581
15b,209723273352863,production-floor | production-no-floor | raw | shrink,-1293176700 | -347771581 | 1032376295 | -347771581
15b,209723273352864,production-floor | production-no-floor | raw | shrink,-1293176700 | -347771581 | 1563801558 | -347771581
15b,209723273352865,production-floor | production-no-floor | raw | shrink,-1293176700 | -347771581 | 1563801558 | -347771581
15b,209723273352866,production-floor | production-no-floor | raw | shrink,-1293176700 | -1293176700 | -1478206114 | -1293176700
15b,209723273352867,production-floor | production-no-floor | raw | shrink,-1293176700 | -1293176700 | -1478206114 | -1293176700
15b,209723273352868,production-floor | production-no-floor | raw | shrink,-1293176700 | -347771581 | -1478206114 | -347771581
15b,209723273352869,production-floor | production-no-floor | raw | shrink,-1293176700 | -347771581 | 1563801558 | -347771581
15b,209723273352870,production-floor | production-no-floor | raw | shrink,-1293176700 | -347771581 | -1478206114 | -347771581
15b,209723273352871,production-floor | production-no-floor | raw | shrink,-1293176700 | -1293176700 | 1032376295 | -1293176700
15b,209723273352872,production-floor | production-no-floor | raw | shrink,-1293176700 | -347771581 | -1478206114 | -347771581
15b,209723273352873,production-floor | production-no-floor | raw | shrink,-1293176700 | -347771581 | -1478206114 | -347771581
15b,209723273352874,production-floor | production-no-floor | raw | shrink,-1293176700 | -1293176700 | 1563801558 | -1293176700
15b,209723273352875,production-floor | production-no-floor | raw | shrink,-1293176700 | -347771581 | 1032376295 | -347771581
15b,209723273352876,production-floor | production-no-floor | raw | shrink,-1293176700 | -347771581 | 1563801558 | -347771581
15b,209723273352877,production-floor | production-no-floor | raw | shrink,-1293176700 | -347771581 | 1032376295 | -347771581
15b,209723273352878,production-floor | production-no-floor | raw | shrink,-1293176700 | -347771581 | 1032376295 | -347771581
15b,209723273352879,production-floor | production-no-floor | raw | shrink,-1293176700 | -347771581 | -1478206114 | -347771581
15b,209723273352880,production-floor | production-no-floor | raw | shrink,-1293176700 | -1293176700 | 1563801558 | -1293176700
15b,209723273352881,production-floor | production-no-floor | raw | shrink,-1293176700 | -347771581 | 1032376295 | -347771581
15b,209723273352882,production-floor | production-no-floor | raw | shrink,-1293176700 | -1293176700 | 1563801558 | -1293176700
15b,209723273352883,production-floor | production-no-floor | raw | shrink,-1293176700 | -347771581 | 1032376295 | -347771581
15b,209723273352884,production-floor | production-no-floor | raw | shrink,-1293176700 | -347771581 | 1032376295 | -347771581
15b,209723273352885,production-floor | production-no-floor | raw | shrink,-1293176700 | -347771581 | 1032376295 | -347771581
15b,209723273352886,production-floor | production-no-floor | raw | shrink,-1293176700 | -347771581 | -1478206114 | -347771581
15b,209723273352887,production-floor | production-no-floor | raw | shrink,-1293176700 | 814061452 | 1032376295 | 814061452
15b,209723273352888,production-floor | production-no-floor | raw | shrink,-1293176700 | -347771581 | 1032376295 | -347771581
15b,209723273352889,production-floor | production-no-floor | raw | shrink,-1293176700 | -347771581 | -1478206114 | -347771581
15b,209723273352890,production-floor | production-no-floor | raw | shrink,-1293176700 | -347771581 | 1032376295 | -347771581
15b,209723273352891,production-floor | production-no-floor | raw | shrink,-1293176700 | -347771581 | 1563801558 | -347771581
15b,209723273352892,production-floor | production-no-floor | raw | shrink,-1293176700 | -347771581 | -1478206114 | -347771581
15b,209723273352893,production-floor | production-no-floor | raw | shrink,-1293176700 | -347771581 | 1563801558 | -347771581
15b,209723273352894,production-floor | production-no-floor | raw | shrink,-1293176700 | -347771581 | -1478206114 | -347771581
15b,209723273352895,production-floor | production-no-floor | raw | shrink,-1293176700 | -347771581 | -1478206114 | -347771581
15b,209723273353536,production-floor | production-no-floor | raw | shrink,-1293176700 | -347771581 | -1478206114 | -347771581
15b,209723273353537,production-floor | production-no-floor | raw | shrink,-1293176700 | -347771581 | 1563801558 | -347771581
15b,209723273353538,production-floor | production-no-floor | raw | shrink,-1293176700 | 814061452 | 1032376295 | 814061452
15b,209723273353539,production-floor | production-no-floor | raw | shrink,-1293176700 | -347771581 | 1032376295 | -347771581
15b,209723273353540,production-floor | production-no-floor | raw | shrink,-1293176700 | -347771581 | 1032376295 | -347771581
15b,209723273353541,production-floor | production-no-floor | raw | shrink,-1293176700 | -347771581 | -1478206114 | -347771581
15b,209723273353542,production-floor | production-no-floor | raw | shrink,-1293176700 | -347771581 | 1563801558 | -347771581
15b,209723273353543,production-floor | production-no-floor | raw | shrink,-1293176700 | -347771581 | 1563801558 | -347771581
15b,209723273353544,production-floor | production-no-floor | raw | shrink,-1293176700 | -347771581 | 1032376295 | -347771581
15b,209723273353545,production-floor | production-no-floor | raw | shrink,-1293176700 | -347771581 | 1032376295 | -347771581
15b,209723273353546,production-floor | production-no-floor | raw | shrink,-1293176700 | -347771581 | 1563801558 | -347771581
15b,209723273353547,production-floor | production-no-floor | raw | shrink,-1293176700 | -1293176700 | 1563801558 | -1293176700
15b,209723273353548,production-floor | production-no-floor | raw | shrink,-1293176700 | -347771581 | -1478206114 | -347771581
15b,209723273353549,production-floor | production-no-floor | raw | shrink,-1293176700 | 814061452 | 1032376295 | 814061452
15b,209723273353550,production-floor | production-no-floor | raw | shrink,-1293176700 | -347771581 | -1478206114 | -347771581
15b,209723273353551,production-floor | production-no-floor | raw | shrink,-1293176700 | -347771581 | -1478206114 | -347771581
15b,209723273353552,production-floor | production-no-floor | raw | shrink,-1293176700 | -347771581 | -1478206114 | -347771581
15b,209723273353553,production-floor | production-no-floor | raw | shrink,-1293176700 | -347771581 | 1032376295 | -347771581
15b,209723273353554,production-floor | production-no-floor | raw | shrink,-1293176700 | -1293176700 | 1032376295 | -1293176700
15b,209723273353555,production-floor | production-no-floor | raw | shrink,-1293176700 | -347771581 | -1478206114 | -347771581
15b,209723273353556,production-floor | production-no-floor | raw | shrink,-1293176700 | -1293176700 | -1478206114 | -1293176700
15b,209723273353557,production-floor | production-no-floor | raw | shrink,-1293176700 | -347771581 | -1478206114 | -347771581
15b,209723273353558,production-floor | production-no-floor | raw | shrink,-1293176700 | -1293176700 | 1563801558 | -1293176700
15b,209723273353559,production-floor | production-no-floor | raw | shrink,-1293176700 | -1293176700 | 1032376295 | -1293176700
15b,209723273353560,production-floor | production-no-floor | raw | shrink,-1293176700 | -347771581 | 1563801558 | -347771581
15b,209723273353561,production-floor | production-no-floor | raw | shrink,-1293176700 | -347771581 | 1563801558 | -347771581
15b,209723273353562,production-floor | production-no-floor | raw | shrink,-1293176700 | -1293176700 | 1032376295 | -1293176700
15b,209723273353563,production-floor | production-no-floor | raw | shrink,-1293176700 | -347771581 | -1478206114 | -347771581
15b,209723273353564,production-floor | production-no-floor | raw | shrink,-1293176700 | 814061452 | -2083801695 | 814061452
15b,209723273353565,production-floor | production-no-floor | raw | shrink,-1293176700 | -347771581 | 1032376295 | -347771581
15b,209723273353566,production-floor | production-no-floor | raw | shrink,-1293176700 | -347771581 | 1563801558 | -347771581
15b,209723273353567,production-floor | production-no-floor | raw | shrink,-1293176700 | -347771581 | 1563801558 | -347771581
15b,209723273353568,production-floor | production-no-floor | raw | shrink,-1293176700 | -1293176700 | 1563801558 | -1293176700
15b,209723273353569,production-floor | production-no-floor | raw | shrink,-1293176700 | -1293176700 | 1032376295 | -1293176700
15b,209723273353570,production-floor | production-no-floor | raw | shrink,-1293176700 | -347771581 | 1563801558 | -347771581
15b,209723273353571,production-floor | production-no-floor | raw | shrink,-1293176700 | -1293176700 | 1563801558 | -1293176700
15b,209723273353572,production-floor | production-no-floor | raw | shrink,-1293176700 | 814061452 | 1563801558 | 814061452
15b,209723273353573,production-floor | production-no-floor | raw | shrink,-1293176700 | -347771581 | 1032376295 | -347771581
15b,209723273353574,production-floor | production-no-floor | raw | shrink,-1293176700 | -347771581 | 1032376295 | -347771581
15b,209723273353575,production-floor | production-no-floor | raw | shrink,-1293176700 | -347771581 | 1563801558 | -347771581
15b,209723273353576,production-floor | production-no-floor | raw | shrink,-1293176700 | -347771581 | -1478206114 | -347771581
15b,209723273353577,production-floor | production-no-floor | raw | shrink,-1293176700 | -347771581 | -1478206114 | -347771581
15b,209723273353578,production-floor | production-no-floor | raw | shrink,-1293176700 | -347771581 | 1563801558 | -347771581
15b,209723273353579,production-floor | production-no-floor | raw | shrink,-1293176700 | -1293176700 | 1032376295 | -1293176700
15b,209723273353580,production-floor | production-no-floor | raw | shrink,-1293176700 | -347771581 | 1563801558 | -347771581
15b,209723273353581,production-floor | production-no-floor | raw | shrink,-1293176700 | -347771581 | 1032376295 | -347771581
15b,209723273353582,production-floor | production-no-floor | raw | shrink,-1293176700 | -1293176700 | 1563801558 | -1293176700
15b,209723273353583,production-floor | production-no-floor | raw | shrink,-1293176700 | -1293176700 | 1032376295 | -1293176700
15b,209723273353584,production-floor | production-no-floor | raw | shrink,-1293176700 | -347771581 | 1032376295 | -347771581
15b,209723273353585,production-floor | production-no-floor | raw | shrink,-1293176700 | 814061452 | 1032376295 | 814061452
15b,209723273353586,production-floor | production-no-floor | raw | shrink,-1293176700 | -347771581 | -1478206114 | -347771581
15b,209723273353587,production-floor | production-no-floor | raw | shrink,-1293176700 | -347771581 | 1563801558 | -347771581
15b,209723273353588,production-floor | production-no-floor | raw | shrink,-1293176700 | -347771581 | 1563801558 | -347771581
15b,209723273353589,production-floor | production-no-floor | raw | shrink,-1293176700 | -347771581 | 1563801558 | -347771581
15b,209723273353590,production-floor | production-no-floor | raw | shrink,-1293176700 | -347771581 | -1478206114 | -347771581
15b,209723273353591,production-floor | production-no-floor | raw | shrink,-1293176700 | -347771581 | -1478206114 | -347771581
15b,209723273353592,production-floor | production-no-floor | raw | shrink,-1293176700 | -347771581 | -1478206114 | -347771581
15b,209723273353593,production-floor | production-no-floor | raw | shrink,-1293176700 | -347771581 | 1563801558 | -347771581
15b,209723273353594,production-floor | production-no-floor | raw | shrink,-1293176700 | -347771581 | 1563801558 | -347771581
15b,209723273353595,production-floor | production-no-floor | raw | shrink,-1293176700 | -347771581 | -1478206114 | -347771581
15b,209723273353596,production-floor | production-no-floor | raw | shrink,-1293176700 | -347771581 | 1032376295 | -347771581
15b,209723273353597,production-floor | production-no-floor | raw | shrink,-1293176700 | -347771581 | 1032376295 | -347771581
15b,209723273353599,production-floor | production-no-floor | raw | shrink,-1293176700 | -1293176700 | 1563801558 | -1293176700
15c,209727568320155,production-floor | production-no-floor | raw | shrink,-1098297468 | 592161665 | -888802497 | 592161665
15c,209727568320156,production-floor | production-no-floor | raw | shrink,-1098297468 | 592161665 | -1076120849 | 592161665
15c,209727568320157,production-floor | production-no-floor | raw | shrink,-1098297468 | 592161665 | -888802497 | 592161665
15c,209727568320158,production-floor | production-no-floor | raw | shrink,-1098297468 | 592161665 | 690079889 | 592161665
15c,209727568320159,production-floor | production-no-floor | raw | shrink,-1098297468 | 592161665 | -888802497 | 592161665
15c,209727568320160,production-floor | production-no-floor | raw | shrink,-1098297468 | 592161665 | -848300716 | 592161665
15c,209727568320161,production-floor | production-no-floor | raw | shrink,-1098297468 | 592161665 | -1076120849 | 592161665
15c,209727568320162,production-floor | production-no-floor | raw | shrink,-1098297468 | 592161665 | -848300716 | 592161665
15c,209727568320163,production-floor | production-no-floor | raw | shrink,-1098297468 | 592161665 | 592161665 | 592161665
15c,209727568320164,production-floor | production-no-floor | raw | shrink,-1098297468 | 592161665 | -1076120849 | 592161665
15c,209727568320165,production-floor | production-no-floor | raw | shrink,-1098297468 | 592161665 | 592161665 | 592161665
15c,209727568320166,production-floor | production-no-floor | raw | shrink,-1098297468 | 592161665 | 592161665 | 592161665
15c,209727568320167,production-floor | production-no-floor | raw | shrink,-420003656 | 592161665 | 592161665 | 592161665
15c,209727568320168,production-floor | production-no-floor | raw | shrink,-1098297468 | 592161665 | -848300716 | 592161665
15c,209727568320169,production-floor | production-no-floor | raw | shrink,-1098297468 | 592161665 | -1076120849 | 592161665
15c,209727568320170,production-floor | production-no-floor | raw | shrink,-1098297468 | 592161665 | -1076120849 | 592161665
15c,209727568320171,production-floor | production-no-floor | raw | shrink,-1098297468 | 592161665 | -848300716 | 592161665
15c,209727568320172,production-floor | production-no-floor | raw | shrink,-1098297468 | -1622553236 | 690079889 | -1622553236
15c,209727568320173,production-floor | production-no-floor | raw | shrink,-420003656 | 592161665 | -1076120849 | 592161665
15c,209727568320174,production-floor | production-no-floor | raw | shrink,-1098297468 | 592161665 | 592161665 | 592161665
15c,209727568320175,production-floor | production-no-floor | raw | shrink,-1098297468 | 592161665 | 10284541 | 592161665
15c,209727568320176,production-floor | production-no-floor | raw | shrink,-1098297468 | 592161665 | 592161665 | 592161665
15c,209727568320177,production-floor | production-no-floor | raw | shrink,-1098297468 | 592161665 | -1076120849 | 592161665
15c,209727568320178,production-floor | production-no-floor | raw | shrink,-1098297468 | 592161665 | 592161665 | 592161665
15c,209727568320179,production-floor | production-no-floor | raw | shrink,-1098297468 | 592161665 | -848300716 | 592161665
15c,209727568320180,production-floor | production-no-floor | raw | shrink,-1098297468 | 592161665 | -1076120849 | 592161665
15c,209727568320181,production-floor | production-no-floor | raw | shrink,-1098297468 | 592161665 | -888802497 | 592161665
15c,209727568320182,production-floor | production-no-floor | raw | shrink,-1098297468 | 592161665 | -888802497 | 592161665
15c,209727568320183,production-floor | production-no-floor | raw | shrink,-1098297468 | 592161665 | -848300716 | 592161665
15c,209727568320184,production-floor | production-no-floor | raw | shrink,-1098297468 | 592161665 | 592161665 | 592161665
15c,209727568320185,production-floor | production-no-floor | raw | shrink,-1098297468 | 592161665 | -1076120849 | 592161665
15c,209727568320186,production-floor | production-no-floor | raw | shrink,-1098297468 | 592161665 | -1076120849 | 592161665
15c,209727568320187,production-floor | production-no-floor | raw | shrink,-1098297468 | 592161665 | 10284541 | 592161665
15c,209727568320188,production-floor | production-no-floor | raw | shrink,-1098297468 | 592161665 | -888802497 | 592161665
15c,209727568320189,production-floor | production-no-floor | raw | shrink,-1098297468 | 592161665 | 592161665 | 592161665
15c,209727568320190,production-floor | production-no-floor | raw | shrink,-1098297468 | 592161665 | -848300716 | 592161665
15c,209727568320191,production-floor | production-no-floor | raw | shrink,-1098297468 | 592161665 | -1076120849 | 592161665
15c,209727568320832,production-floor | production-no-floor | raw | shrink,-420003656 | 592161665 | -848300716 | 592161665
15c,209727568320833,production-floor | production-no-floor | raw | shrink,-1098297468 | 592161665 | 690079889 | 592161665
15c,209727568320834,production-floor | production-no-floor | raw | shrink,-1098297468 | 592161665 | 592161665 | 592161665
15c,209727568320835,production-floor | production-no-floor | raw | shrink,-1098297468 | 592161665 | -848300716 | 592161665
15c,209727568320836,production-floor | production-no-floor | raw | shrink,-1098297468 | 592161665 | 592161665 | 592161665
15c,209727568320837,production-floor | production-no-floor | raw | shrink,-1098297468 | 592161665 | 592161665 | 592161665
15c,209727568320838,production-floor | production-no-floor | raw | shrink,-1098297468 | 592161665 | -1076120849 | 592161665
15c,209727568320839,production-floor | production-no-floor | raw | shrink,-1098297468 | 592161665 | -888802497 | 592161665
15c,209727568320840,production-floor | production-no-floor | raw | shrink,-1098297468 | 592161665 | -888802497 | 592161665
15c,209727568320841,production-floor | production-no-floor | raw | shrink,-1098297468 | 592161665 | 592161665 | 592161665
15c,209727568320842,production-floor | production-no-floor | raw | shrink,-1098297468 | 592161665 | -1076120849 | 592161665
15c,209727568320843,production-floor | production-no-floor | raw | shrink,-1098297468 | 592161665 | -848300716 | 592161665
15c,209727568320844,production-floor | production-no-floor | raw | shrink,-1098297468 | 592161665 | -848300716 | 592161665
15c,209727568320845,production-floor | production-no-floor | raw | shrink,-1098297468 | 592161665 | 592161665 | 592161665
15c,209727568320846,production-floor | production-no-floor | raw | shrink,-1098297468 | 592161665 | -1076120849 | 592161665
15c,209727568320847,production-floor | production-no-floor | raw | shrink,-1098297468 | 592161665 | 592161665 | 592161665
15c,209727568320848,production-floor | production-no-floor | raw | shrink,-1098297468 | 592161665 | -888802497 | 592161665
15c,209727568320849,production-floor | production-no-floor | raw | shrink,-1098297468 | 592161665 | -888802497 | 592161665
15c,209727568320850,production-floor | production-no-floor | raw | shrink,-1098297468 | 592161665 | -1076120849 | 592161665
15c,209727568320851,production-floor | production-no-floor | raw | shrink,-1098297468 | 592161665 | -1076120849 | 592161665
15c,209727568320852,production-floor | production-no-floor | raw | shrink,-1098297468 | 592161665 | -888802497 | 592161665
15c,209727568320853,production-floor | production-no-floor | raw | shrink,-1098297468 | 592161665 | -848300716 | 592161665
15c,209727568320854,production-floor | production-no-floor | raw | shrink,-1098297468 | 592161665 | 592161665 | 592161665
15c,209727568320855,production-floor | production-no-floor | raw | shrink,-1098297468 | 592161665 | 592161665 | 592161665
15c,209727568320856,production-floor | production-no-floor | raw | shrink,-1098297468 | 592161665 | 592161665 | 592161665
15c,209727568320857,production-floor | production-no-floor | raw | shrink,-1098297468 | 592161665 | -1076120849 | 592161665
15c,209727568320858,production-floor | production-no-floor | raw | shrink,-1098297468 | 592161665 | 592161665 | 592161665
15c,209727568320859,production-floor | production-no-floor | raw | shrink,-1098297468 | 592161665 | 592161665 | 592161665
15c,209727568320860,production-floor | production-no-floor | raw | shrink,-1098297468 | 592161665 | -888802497 | 592161665
15c,209727568320861,production-floor | production-no-floor | raw | shrink,-1098297468 | 592161665 | 592161665 | 592161665
15c,209727568320862,production-floor | production-no-floor | raw | shrink,-1098297468 | 592161665 | -888802497 | 592161665
15c,209727568320863,production-floor | production-no-floor | raw | shrink,-1098297468 | 592161665 | 10284541 | 592161665
15c,209727568320864,production-floor | production-no-floor | raw | shrink,-1098297468 | 592161665 | -1076120849 | 592161665
15c,209727568320865,production-floor | production-no-floor | raw | shrink,-1098297468 | 592161665 | -848300716 | 592161665
15c,209727568320866,production-floor | production-no-floor | raw | shrink,-1098297468 | 592161665 | -848300716 | 592161665
15c,209727568320867,production-floor | production-no-floor | raw | shrink,-1098297468 | 592161665 | -848300716 | 592161665
15c,209727568320868,production-floor | production-no-floor | raw | shrink,-1098297468 | 592161665 | -1076120849 | 592161665
15c,209727568320869,production-floor | production-no-floor | raw | shrink,-1098297468 | 592161665 | 10284541 | 592161665
15c,209727568320870,production-floor | production-no-floor | raw | shrink,-1098297468 | 592161665 | -848300716 | 592161665
15c,209727568320871,production-floor | production-no-floor | raw | shrink,-1098297468 | 592161665 | -1076120849 | 592161665
15c,209727568320872,production-floor | production-no-floor | raw | shrink,-1098297468 | 592161665 | -1076120849 | 592161665
15c,209727568320873,production-floor | production-no-floor | raw | shrink,-1098297468 | 592161665 | -1076120849 | 592161665
15c,209727568320874,production-floor | production-no-floor | raw | shrink,-1098297468 | 592161665 | -848300716 | 592161665
15c,209727568320875,production-floor | production-no-floor | raw | shrink,-1098297468 | 592161665 | 592161665 | 592161665
15c,209727568320876,production-floor | production-no-floor | raw | shrink,-1098297468 | 592161665 | -848300716 | 592161665
15c,209727568320877,production-floor | production-no-floor | raw | shrink,-420003656 | 592161665 | 592161665 | 592161665
15c,209727568320878,production-floor | production-no-floor | raw | shrink,-1098297468 | 592161665 | -1076120849 | 592161665
15c,209727568320879,production-floor | production-no-floor | raw | shrink,-1098297468 | 592161665 | 10284541 | 592161665
15c,209727568320880,production-floor | production-no-floor | raw | shrink,-1098297468 | 592161665 | -848300716 | 592161665
15c,209727568320881,production-floor | production-no-floor | raw | shrink,-1098297468 | 592161665 | -848300716 | 592161665
15c,209727568320882,production-floor | production-no-floor | raw | shrink,-1098297468 | 592161665 | -848300716 | 592161665
15c,209727568320883,production-floor | production-no-floor | raw | shrink,-1098297468 | 592161665 | -1076120849 | 592161665
15c,209727568320884,production-floor | production-no-floor | raw | shrink,-1098297468 | 592161665 | -1076120849 | 592161665
15c,209727568320885,production-floor | production-no-floor | raw | shrink,-1098297468 | 592161665 | -888802497 | 592161665
15c,209727568320886,production-floor | production-no-floor | raw | shrink,-1098297468 | 592161665 | -1076120849 | 592161665
15c,209727568320887,production-floor | production-no-floor | raw | shrink,-1098297468 | 592161665 | 690079889 | 592161665
15c,209727568320888,production-floor | production-no-floor | raw | shrink,-1098297468 | 592161665 | -1076120849 | 592161665
15c,209727568320889,production-floor | production-no-floor | raw | shrink,-1098297468 | 592161665 | -848300716 | 592161665
15c,209727568320890,production-floor | production-no-floor | raw | shrink,-1098297468 | 592161665 | -848300716 | 592161665
15c,209727568320891,production-floor | production-no-floor | raw | shrink,-1098297468 | 592161665 | 592161665 | 592161665
15c,209727568320892,production-floor | production-no-floor | raw | shrink,-1098297468 | 592161665 | 592161665 | 592161665
15c,209727568320893,production-floor | production-no-floor | raw | shrink,-1098297468 | 592161665 | -888802497 | 592161665
15c,209727568320894,production-floor | production-no-floor | raw | shrink,-420003656 | 592161665 | -1076120849 | 592161665
15d,209731863287488,production-floor | production-no-floor | raw | shrink,-704972777 | -704972777 | 74789298 | -704972777
15d,209731863287489,production-floor | production-no-floor | raw | shrink,-704972777 | -704972777 | 502765013 | -704972777
15d,209731863287490,production-floor | production-no-floor | raw | shrink,74789298 | -704972777 | 502765013 | -704972777
15d,209731863287491,production-floor | production-no-floor | raw | shrink,74789298 | -704972777 | 74789298 | -704972777
15d,209731863287492,production-floor | production-no-floor | raw | shrink,-704972777 | -704972777 | 74789298 | -704972777
15d,209731863287493,production-floor | production-no-floor | raw | shrink,-704972777 | -704972777 | 74789298 | -704972777
15d,209731863287494,production-floor | production-no-floor | raw | shrink,-704972777 | -704972777 | 502765013 | -704972777
15d,209731863287495,production-floor | production-no-floor | raw | shrink,-704972777 | -704972777 | 502765013 | -704972777
15d,209731863287496,production-floor | production-no-floor | raw | shrink,-704972777 | -704972777 | 74789298 | -704972777
15d,209731863287497,production-floor | production-no-floor | raw | shrink,-704972777 | -704972777 | 502765013 | -704972777
15d,209731863287498,production-floor | production-no-floor | raw | shrink,-704972777 | -704972777 | 502765013 | -704972777
15d,209731863287500,production-floor | production-no-floor | raw | shrink,-704972777 | -704972777 | 502765013 | -704972777
15d,209731863287502,production-floor | production-no-floor | raw | shrink,74789298 | -704972777 | 502765013 | -704972777
15d,209731863287503,production-floor | production-no-floor | raw | shrink,-704972777 | -704972777 | 502765013 | -704972777
15d,209731863287505,production-floor | production-no-floor | raw | shrink,-704972777 | -704972777 | 74789298 | -704972777
15d,209731863287506,production-floor | production-no-floor | raw | shrink,-704972777 | -704972777 | 502765013 | -704972777
15d,209731863287507,production-floor | production-no-floor | raw | shrink,-704972777 | -704972777 | 502765013 | -704972777
15d,209731863287508,production-floor | production-no-floor | raw | shrink,-704972777 | -704972777 | 502765013 | -704972777
15d,209731863287509,production-floor | production-no-floor | raw | shrink,-704972777 | -704972777 | 502765013 | -704972777
15d,209731863287510,production-floor | production-no-floor | raw | shrink,74789298 | -704972777 | 502765013 | -704972777
15d,209731863287511,production-floor | production-no-floor | raw | shrink,-704972777 | -704972777 | 74789298 | -704972777
15d,209731863287512,production-floor | production-no-floor | raw | shrink,-704972777 | -704972777 | 502765013 | -704972777
15d,209731863287513,production-floor | production-no-floor | raw | shrink,-704972777 | -704972777 | 502765013 | -704972777
15d,209731863287514,production-floor | production-no-floor | raw | shrink,-704972777 | -704972777 | 502765013 | -704972777
15d,209731863287515,production-floor | production-no-floor | raw | shrink,-704972777 | -704972777 | 74789298 | -704972777
15d,209731863287516,production-floor | production-no-floor | raw | shrink,-704972777 | -704972777 | 502765013 | -704972777
15d,209731863287517,production-floor | production-no-floor | raw | shrink,-704972777 | -704972777 | 502765013 | -704972777
15d,209731863287518,production-floor | production-no-floor | raw | shrink,-704972777 | -704972777 | 502765013 | -704972777
15d,209731863287519,production-floor | production-no-floor | raw | shrink,74789298 | -704972777 | 502765013 | -704972777
15d,209731863287520,production-floor | production-no-floor | raw | shrink,74789298 | -704972777 | -704972777 | -704972777
15d,209731863287521,production-floor | production-no-floor | raw | shrink,-704972777 | -704972777 | 502765013 | -704972777
15d,209731863287522,production-floor | production-no-floor | raw | shrink,-704972777 | -704972777 | 74789298 | -704972777
15d,209731863287524,production-floor | production-no-floor | raw | shrink,-704972777 | -704972777 | 74789298 | -704972777
15d,209731863288065,production-floor | production-no-floor | raw | shrink,-704972777 | -704972777 | 502765013 | -704972777
15d,209731863288067,production-floor | production-no-floor | raw | shrink,-704972777 | -704972777 | 502765013 | -704972777
15d,209731863288068,production-floor | production-no-floor | raw | shrink,-704972777 | -704972777 | 502765013 | -704972777
15d,209731863288069,production-floor | production-no-floor | raw | shrink,-704972777 | -704972777 | 502765013 | -704972777
15d,209731863288070,production-floor | production-no-floor | raw | shrink,-704972777 | -704972777 | 502765013 | -704972777
15d,209731863288071,production-floor | production-no-floor | raw | shrink,74789298 | -704972777 | 502765013 | -704972777
15d,209731863288072,production-floor | production-no-floor | raw | shrink,-704972777 | -704972777 | 502765013 | -704972777
15d,209731863288073,production-floor | production-no-floor | raw | shrink,-704972777 | -704972777 | 502765013 | -704972777
15d,209731863288074,production-floor | production-no-floor | raw | shrink,-704972777 | -704972777 | 502765013 | -704972777
15d,209731863288076,production-floor | production-no-floor | raw | shrink,-704972777 | -704972777 | 502765013 | -704972777
15d,209731863288077,production-floor | production-no-floor | raw | shrink,-704972777 | -704972777 | 502765013 | -704972777
15d,209731863288078,production-floor | production-no-floor | raw | shrink,-704972777 | -704972777 | 502765013 | -704972777
15d,209731863288079,production-floor | production-no-floor | raw | shrink,-704972777 | -704972777 | 502765013 | -704972777
15d,209731863288080,production-floor | production-no-floor | raw | shrink,-704972777 | -704972777 | 502765013 | -704972777
15d,209731863288081,production-floor | production-no-floor | raw | shrink,-704972777 | -704972777 | 502765013 | -704972777
15d,209731863288082,production-floor | production-no-floor | raw | shrink,-704972777 | -704972777 | 502765013 | -704972777
15d,209731863288083,production-floor | production-no-floor | raw | shrink,-704972777 | -704972777 | 502765013 | -704972777
15d,209731863288084,production-floor | production-no-floor | raw | shrink,-704972777 | -704972777 | 502765013 | -704972777
15d,209731863288085,production-floor | production-no-floor | raw | shrink,-704972777 | -704972777 | 502765013 | -704972777
15d,209731863288086,production-floor | production-no-floor | raw | shrink,-704972777 | -704972777 | 502765013 | -704972777
15d,209731863288087,production-floor | production-no-floor | raw | shrink,-704972777 | -704972777 | 502765013 | -704972777
15d,209731863288088,production-floor | production-no-floor | raw | shrink,-704972777 | -704972777 | 74789298 | -704972777
15d,209731863288089,production-floor | production-no-floor | raw | shrink,-704972777 | -704972777 | 74789298 | -704972777
15d,209731863288091,production-floor | production-no-floor | raw | shrink,-704972777 | -704972777 | 502765013 | -704972777
15d,209731863288092,production-floor | production-no-floor | raw | shrink,-1409430531 | 16738698 | 1882362544 | 16738698
15d,209731863288093,production-floor | production-no-floor | raw | shrink,74789298 | -704972777 | 502765013 | -704972777
15d,209731863288094,production-floor | production-no-floor | raw | shrink,-704972777 | -704972777 | 502765013 | -704972777
15d,209731863288095,production-floor | production-no-floor | raw | shrink,-704972777 | -704972777 | 502765013 | -704972777
15d,209731863288096,production-floor | production-no-floor | raw | shrink,-704972777 | -704972777 | 502765013 | -704972777
15d,209731863288097,production-floor | production-no-floor | raw | shrink,-704972777 | -704972777 | 74789298 | -704972777
15d,209731863288098,production-floor | production-no-floor | raw | shrink,74789298 | -704972777 | 502765013 | -704972777
15d,209731863288099,production-floor | production-no-floor | raw | shrink,-1409430531 | 16738698 | 1882362544 | 16738698
15d,209731863288100,production-floor | production-no-floor | raw | shrink,-704972777 | -704972777 | 74789298 | -704972777
15d,209731863288102,production-floor | production-no-floor | raw | shrink,-704972777 | -704972777 | 502765013 | -704972777
15d,209731863288103,production-floor | production-no-floor | raw | shrink,-704972777 | -704972777 | 502765013 | -704972777
15d,209731863288104,production-floor | production-no-floor | raw | shrink,-704972777 | -704972777 | 502765013 | -704972777
15d,209731863288107,production-floor | production-no-floor | raw | shrink,-704972777 | -704972777 | 502765013 | -704972777
15d,209731863288108,production-floor | production-no-floor | raw | shrink,-704972777 | -704972777 | 74789298 | -704972777
15d,209731863288110,production-floor | production-no-floor | raw | shrink,-704972777 | -704972777 | 502765013 | -704972777
15d,209731863288111,production-floor | production-no-floor | raw | shrink,-704972777 | -704972777 | 502765013 | -704972777
15d,209731863288112,production-floor | production-no-floor | raw | shrink,-704972777 | -704972777 | 502765013 | -704972777
15d,209731863288113,production-floor | production-no-floor | raw | shrink,-704972777 | -704972777 | 502765013 | -704972777
15d,209731863288114,production-floor | production-no-floor | raw | shrink,-704972777 | -704972777 | 502765013 | -704972777
15d,209731863288115,production-floor | production-no-floor | raw | shrink,-704972777 | -704972777 | 502765013 | -704972777
15d,209731863288116,production-floor | production-no-floor | raw | shrink,-704972777 | -704972777 | 74789298 | -704972777
15d,209731863288117,production-floor | production-no-floor | raw | shrink,-704972777 | -704972777 | 502765013 | -704972777
15d,209731863288118,production-floor | production-no-floor | raw | shrink,74789298 | -704972777 | 502765013 | -704972777
15d,209731863288119,production-floor | production-no-floor | raw | shrink,-704972777 | -704972777 | 502765013 | -704972777
15d,209731863288120,production-floor | production-no-floor | raw | shrink,-704972777 | -704972777 | 502765013 | -704972777
15d,209731863288121,production-floor | production-no-floor | raw | shrink,-704972777 | -704972777 | 502765013 | -704972777
15d,209731863288122,production-floor | production-no-floor | raw | shrink,-704972777 | -704972777 | 502765013 | -704972777
15d,209731863288123,production-floor | production-no-floor | raw | shrink,74789298 | -704972777 | 502765013 | -704972777
15d,209731863288124,production-floor | production-no-floor | raw | shrink,-704972777 | -704972777 | 502765013 | -704972777
15d,209731863288125,production-floor | production-no-floor | raw | shrink,-704972777 | -704972777 | 502765013 | -704972777
15d,209731863288126,production-floor | production-no-floor | raw | shrink,74789298 | -704972777 | 502765013 | -704972777
15d,209731863288127,production-floor | production-no-floor | raw | shrink,-704972777 | -704972777 | 502765013 | -704972777
16a,209852122371776,production-floor | production-no-floor | raw | shrink,719404660 | 719404660 | 1591070456 | 719404660
16a,209852122371777,production-floor | production-no-floor | raw | shrink,719404660 | 719404660 | 1591070456 | 719404660
16a,209852122371778,production-floor | production-no-floor | raw | shrink,719404660 | 719404660 | 1591070456 | 719404660
16a,209852122371779,production-floor | production-no-floor | raw | shrink,719404660 | 719404660 | 1591070456 | 719404660
16a,209852122371780,production-floor | production-no-floor | raw | shrink,719404660 | 719404660 | 1591070456 | 719404660
16a,209852122371781,production-floor | production-no-floor | raw | shrink,719404660 | 719404660 | 1591070456 | 719404660
16a,209852122371782,production-floor | production-no-floor | raw | shrink,719404660 | 719404660 | 1591070456 | 719404660
16a,209852122371783,production-floor | production-no-floor | raw | shrink,719404660 | 719404660 | 1591070456 | 719404660
16a,209852122371784,production-floor | production-no-floor | raw | shrink,719404660 | 719404660 | 1591070456 | 719404660
16a,209852122371785,production-floor | production-no-floor | raw | shrink,719404660 | 719404660 | 1591070456 | 719404660
16a,209852122371786,production-floor | production-no-floor | raw | shrink,719404660 | 719404660 | 1591070456 | 719404660
16a,209852122371787,production-floor | production-no-floor | raw | shrink,719404660 | 719404660 | 1591070456 | 719404660
16a,209852122371788,production-floor | production-no-floor | raw | shrink,719404660 | 719404660 | 1591070456 | 719404660
16a,209852122371789,production-floor | production-no-floor | raw | shrink,719404660 | 719404660 | 1591070456 | 719404660
16a,209852122371790,production-floor | production-no-floor | raw | shrink,719404660 | 719404660 | 1591070456 | 719404660
16a,209852122371791,production-floor | production-no-floor | raw | shrink,719404660 | 719404660 | 1591070456 | 719404660
16a,209852122371792,production-floor | production-no-floor | raw | shrink,719404660 | 719404660 | 1591070456 | 719404660
16a,209852122371793,production-floor | production-no-floor | raw | shrink,719404660 | 719404660 | 1591070456 | 719404660
16a,209852122371794,production-floor | production-no-floor | raw | shrink,719404660 | 719404660 | 1591070456 | 719404660
16a,209852122371795,production-floor | production-no-floor | raw | shrink,719404660 | 719404660 | 1591070456 | 719404660
16a,209852122371796,production-floor | production-no-floor | raw | shrink,719404660 | 719404660 | 1591070456 | 719404660
16a,209852122371797,production-floor | production-no-floor | raw | shrink,719404660 | 719404660 | 1591070456 | 719404660
16a,209852122371798,production-floor | production-no-floor | raw | shrink,719404660 | 719404660 | 1591070456 | 719404660
16a,209852122371799,production-floor | production-no-floor | raw | shrink,719404660 | 719404660 | 1591070456 | 719404660
16a,209852122371800,production-floor | production-no-floor | raw | shrink,719404660 | 719404660 | 1591070456 | 719404660
16a,209852122371801,production-floor | production-no-floor | raw | shrink,719404660 | 719404660 | 1591070456 | 719404660
16a,209852122371802,production-floor | production-no-floor | raw | shrink,719404660 | 719404660 | 1591070456 | 719404660
16a,209852122371803,production-floor | production-no-floor | raw | shrink,719404660 | 719404660 | 1591070456 | 719404660
16a,209852122371804,production-floor | production-no-floor | raw | shrink,719404660 | 719404660 | 1591070456 | 719404660
16a,209852122371805,production-floor | production-no-floor | raw | shrink,719404660 | 719404660 | 1591070456 | 719404660
16a,209852122371806,production-floor | production-no-floor | raw | shrink,719404660 | 719404660 | 1591070456 | 719404660
16a,209852122371807,production-floor | production-no-floor | raw | shrink,719404660 | 719404660 | 1591070456 | 719404660
16a,209852122371832,production-floor | production-no-floor | raw | shrink,719404660 | 719404660 | 1591070456 | 719404660
16a,209852122371836,production-floor | production-no-floor | raw | shrink,719404660 | 719404660 | 1591070456 | 719404660
16a,209852122371837,production-floor | production-no-floor | raw | shrink,719404660 | 719404660 | 1591070456 | 719404660
16a,209852122371838,production-floor | production-no-floor | raw | shrink,719404660 | 719404660 | 1591070456 | 719404660
16a,209852122371839,production-floor | production-no-floor | raw | shrink,719404660 | 719404660 | 1591070456 | 719404660
16a,209852122372352,production-floor | production-no-floor | raw | shrink,719404660 | 719404660 | 1591070456 | 719404660
16a,209852122372353,production-floor | production-no-floor | raw | shrink,719404660 | 719404660 | 1591070456 | 719404660
16a,209852122372354,production-floor | production-no-floor | raw | shrink,719404660 | 719404660 | 1591070456 | 719404660
16a,209852122372355,production-floor | production-no-floor | raw | shrink,719404660 | 719404660 | 1591070456 | 719404660
16a,209852122372356,production-floor | production-no-floor | raw | shrink,719404660 | 719404660 | 1591070456 | 719404660
16a,209852122372357,production-floor | production-no-floor | raw | shrink,719404660 | 719404660 | 1591070456 | 719404660
16a,209852122372358,production-floor | production-no-floor | raw | shrink,719404660 | 719404660 | 1591070456 | 719404660
16a,209852122372359,production-floor | production-no-floor | raw | shrink,719404660 | 719404660 | 1591070456 | 719404660
16a,209852122372360,production-floor | production-no-floor | raw | shrink,719404660 | 719404660 | 1591070456 | 719404660
16a,209852122372361,production-floor | production-no-floor | raw | shrink,719404660 | 719404660 | 1591070456 | 719404660
16a,209852122372362,production-floor | production-no-floor | raw | shrink,719404660 | 719404660 | 1591070456 | 719404660
16a,209852122372363,production-floor | production-no-floor | raw | shrink,719404660 | 719404660 | 1591070456 | 719404660
16a,209852122372364,production-floor | production-no-floor | raw | shrink,719404660 | 719404660 | 1591070456 | 719404660
16a,209852122372365,production-floor | production-no-floor | raw | shrink,719404660 | 719404660 | 1591070456 | 719404660
16a,209852122372366,production-floor | production-no-floor | raw | shrink,719404660 | 719404660 | 1591070456 | 719404660
16a,209852122372367,production-floor | production-no-floor | raw | shrink,719404660 | 719404660 | 1591070456 | 719404660
16a,209852122372368,production-floor | production-no-floor | raw | shrink,719404660 | 719404660 | 1591070456 | 719404660
16a,209852122372369,production-floor | production-no-floor | raw | shrink,719404660 | 719404660 | 1591070456 | 719404660
16a,209852122372370,production-floor | production-no-floor | raw | shrink,719404660 | 719404660 | 1591070456 | 719404660
16a,209852122372371,production-floor | production-no-floor | raw | shrink,719404660 | 719404660 | 1591070456 | 719404660
16a,209852122372372,production-floor | production-no-floor | raw | shrink,719404660 | 719404660 | 1591070456 | 719404660
16a,209852122372373,production-floor | production-no-floor | raw | shrink,719404660 | 719404660 | 1591070456 | 719404660
16a,209852122372374,production-floor | production-no-floor | raw | shrink,719404660 | 719404660 | 1591070456 | 719404660
16a,209852122372375,production-floor | production-no-floor | raw | shrink,719404660 | 719404660 | 1591070456 | 719404660
16a,209852122372376,production-floor | production-no-floor | raw | shrink,719404660 | 719404660 | 1591070456 | 719404660
16a,209852122372377,production-floor | production-no-floor | raw | shrink,719404660 | 719404660 | 1591070456 | 719404660
16a,209852122372378,production-floor | production-no-floor | raw | shrink,719404660 | 719404660 | 1591070456 | 719404660
16a,209852122372379,production-floor | production-no-floor | raw | shrink,719404660 | 719404660 | 1591070456 | 719404660
16a,209852122372381,production-floor | production-no-floor | raw | shrink,719404660 | 719404660 | 1591070456 | 719404660
16a,209852122372382,production-floor | production-no-floor | raw | shrink,719404660 | 719404660 | 1591070456 | 719404660
16a,209852122372383,production-floor | production-no-floor | raw | shrink,719404660 | 719404660 | 1591070456 | 719404660
16a,209852122372384,production-floor | production-no-floor | raw | shrink,719404660 | 719404660 | 1591070456 | 719404660
16a,209852122372385,production-floor | production-no-floor | raw | shrink,719404660 | 719404660 | 1591070456 | 719404660
16a,209852122372386,production-floor | production-no-floor | raw | shrink,719404660 | 719404660 | 1591070456 | 719404660
16a,209852122372387,production-floor | production-no-floor | raw | shrink,719404660 | 719404660 | 1591070456 | 719404660
16a,209852122372388,production-floor | production-no-floor | raw | shrink,719404660 | 719404660 | 1591070456 | 719404660
16a,209852122372389,production-floor | production-no-floor | raw | shrink,719404660 | 719404660 | 1591070456 | 719404660
16a,209852122372390,production-floor | production-no-floor | raw | shrink,719404660 | 719404660 | 1591070456 | 719404660
16a,209852122372391,production-floor | production-no-floor | raw | shrink,719404660 | 719404660 | 1591070456 | 719404660
16a,209852122372392,production-floor | production-no-floor | raw | shrink,719404660 | 719404660 | 1591070456 | 719404660
16a,209852122372393,production-floor | production-no-floor | raw | shrink,719404660 | 719404660 | 1591070456 | 719404660
16a,209852122372394,production-floor | production-no-floor | raw | shrink,719404660 | 719404660 | 1591070456 | 719404660
16a,209852122372395,production-floor | production-no-floor | raw | shrink,719404660 | 719404660 | 1591070456 | 719404660
16a,209852122372396,production-floor | production-no-floor | raw | shrink,719404660 | 719404660 | 1591070456 | 719404660
16a,209852122372397,production-floor | production-no-floor | raw | shrink,719404660 | 719404660 | 1591070456 | 719404660
16a,209852122372398,production-floor | production-no-floor | raw | shrink,719404660 | 719404660 | 1591070456 | 719404660
16a,209852122372399,production-floor | production-no-floor | raw | shrink,719404660 | 719404660 | 1591070456 | 719404660
16a,209852122372400,production-floor | production-no-floor | raw | shrink,719404660 | 719404660 | 1591070456 | 719404660
16a,209852122372401,production-floor | production-no-floor | raw | shrink,719404660 | 719404660 | 1591070456 | 719404660
16a,209852122372402,production-floor | production-no-floor | raw | shrink,719404660 | 719404660 | 1591070456 | 719404660
16a,209852122372403,production-floor | production-no-floor | raw | shrink,719404660 | 719404660 | 1591070456 | 719404660
16a,209852122372404,production-floor | production-no-floor | raw | shrink,719404660 | 719404660 | 1591070456 | 719404660
16a,209852122372405,production-floor | production-no-floor | raw | shrink,719404660 | 719404660 | 1591070456 | 719404660
16a,209852122372406,production-floor | production-no-floor | raw | shrink,719404660 | 719404660 | 1591070456 | 719404660
16a,209852122372407,production-floor | production-no-floor | raw | shrink,719404660 | 719404660 | 1591070456 | 719404660
16a,209852122372408,production-floor | production-no-floor | raw | shrink,719404660 | 719404660 | 1591070456 | 719404660
16a,209852122372409,production-floor | production-no-floor | raw | shrink,719404660 | 719404660 | 1591070456 | 719404660
16a,209852122372410,production-floor | production-no-floor | raw | shrink,719404660 | 719404660 | 1591070456 | 719404660
16a,209852122372411,production-floor | production-no-floor | raw | shrink,719404660 | 719404660 | 1591070456 | 719404660
16a,209852122372412,production-floor | production-no-floor | raw | shrink,719404660 | 719404660 | 1591070456 | 719404660
16a,209852122372413,production-floor | production-no-floor | raw | shrink,719404660 | 719404660 | 1591070456 | 719404660
16a,209852122372414,production-floor | production-no-floor | raw | shrink,719404660 | 719404660 | 1591070456 | 719404660
16a,209852122372415,production-floor | production-no-floor | raw | shrink,719404660 | 719404660 | 1591070456 | 719404660
17b,209989561325284,production-floor | production-no-floor | raw | shrink,-2143655902 | -138391054 | -138391054 | -138391054
17b,209989561325295,production-floor | production-no-floor | raw | shrink,-2143655902 | -138391054 | -138391054 | -138391054
17b,209989561325298,production-floor | production-no-floor | raw | shrink,-2143655902 | -138391054 | -138391054 | -138391054
17b,209989561325300,production-floor | production-no-floor | raw | shrink,-2143655902 | -138391054 | -138391054 | -138391054
17b,209989561325308,production-floor | production-no-floor | raw | shrink,-2143655902 | -138391054 | -138391054 | -138391054
17b,209989561325824,production-floor | production-no-floor | raw | shrink,-2143655902 | -138391054 | -138391054 | -138391054
17b,209989561325826,production-floor | production-no-floor | raw | shrink,-2143655902 | -138391054 | -138391054 | -138391054
17b,209989561325832,production-floor | production-no-floor | raw | shrink,-2143655902 | -138391054 | -138391054 | -138391054
17b,209989561325845,production-floor | production-no-floor | raw | shrink,-2143655902 | -138391054 | -138391054 | -138391054
17b,209989561325867,production-floor | production-no-floor | raw | shrink,-2143655902 | -138391054 | -138391054 | -138391054
18a,210118410344192,production-floor | production-no-floor | raw | shrink,-574815707 | -1701613315 | -574815707 | -1701613315
18a,210118410344193,production-floor | production-no-floor | raw | shrink,-574815707 | -1701613315 | -574815707 | -1701613315
18a,210118410344194,production-floor | production-no-floor | raw | shrink,-574815707 | -1701613315 | -574815707 | -1701613315
18a,210118410344195,production-floor | production-no-floor | raw | shrink,-574815707 | -1701613315 | -1701613315 | -1701613315
18a,210118410344196,production-floor | production-no-floor | raw | shrink,-574815707 | -1701613315 | -574815707 | -1701613315
18a,210118410344197,production-floor | production-no-floor | raw | shrink,-574815707 | -1701613315 | -574815707 | -1701613315
18a,210118410344198,production-floor | production-no-floor | raw | shrink,-574815707 | -1701613315 | -1701613315 | -1701613315
18a,210118410344199,production-floor | production-no-floor | raw | shrink,-574815707 | -1701613315 | -574815707 | -1701613315
18a,210118410344200,production-floor | production-no-floor | raw | shrink,-574815707 | -1701613315 | -574815707 | -1701613315
18a,210118410344201,production-floor | production-no-floor | raw | shrink,-574815707 | -1701613315 | -1701613315 | -1701613315
18a,210118410344202,production-floor | production-no-floor | raw | shrink,-574815707 | -1701613315 | -574815707 | -1701613315
18a,210118410344203,production-floor | production-no-floor | raw | shrink,-574815707 | -1701613315 | -574815707 | -1701613315
18a,210118410344204,production-floor | production-no-floor | raw | shrink,33748592 | -1701613315 | 2035305933 | -1701613315
18a,210118410344205,production-floor | production-no-floor | raw | shrink,-574815707 | -1701613315 | -574815707 | -1701613315
18a,210118410344206,production-floor | production-no-floor | raw | shrink,-574815707 | -1701613315 | -574815707 | -1701613315
18a,210118410344207,production-floor | production-no-floor | raw | shrink,-574815707 | -1701613315 | -574815707 | -1701613315
18a,210118410344208,production-floor | production-no-floor | raw | shrink,-574815707 | -1701613315 | -574815707 | -1701613315
18a,210118410344209,production-floor | production-no-floor | raw | shrink,-574815707 | -1701613315 | -574815707 | -1701613315
18a,210118410344210,production-floor | production-no-floor | raw | shrink,-574815707 | -1701613315 | -574815707 | -1701613315
18a,210118410344211,production-floor | production-no-floor | raw | shrink,-574815707 | -1701613315 | -574815707 | -1701613315
18a,210118410344212,production-floor | production-no-floor | raw | shrink,1990623328 | -1701613315 | -574815707 | -1701613315
18a,210118410344213,production-floor | production-no-floor | raw | shrink,-574815707 | -1701613315 | -574815707 | -1701613315
18a,210118410344214,production-floor | production-no-floor | raw | shrink,-574815707 | -1701613315 | -1701613315 | -1701613315
18a,210118410344215,production-floor | production-no-floor | raw | shrink,-574815707 | -1701613315 | -1701613315 | -1701613315
18a,210118410344216,production-floor | production-no-floor | raw | shrink,-574815707 | -1701613315 | -574815707 | -1701613315
18a,210118410344217,production-floor | production-no-floor | raw | shrink,-574815707 | -1701613315 | -1701613315 | -1701613315
18a,210118410344218,production-floor | production-no-floor | raw | shrink,1990623328 | -1701613315 | -574815707 | -1701613315
18a,210118410344219,production-floor | production-no-floor | raw | shrink,33748592 | -1701613315 | 33748592 | -1701613315
18a,210118410344220,production-floor | production-no-floor | raw | shrink,-574815707 | -1701613315 | -1701613315 | -1701613315
18a,210118410344221,production-floor | production-no-floor | raw | shrink,-574815707 | -1701613315 | -574815707 | -1701613315
18a,210118410344222,production-floor | production-no-floor | raw | shrink,-574815707 | -1701613315 | -1701613315 | -1701613315
18a,210118410344223,production-floor | production-no-floor | raw | shrink,1990623328 | -1701613315 | -1701613315 | -1701613315
18a,210118410344248,production-floor | production-no-floor | raw | shrink,-574815707 | -1701613315 | -1701613315 | -1701613315
18a,210118410344249,production-floor | production-no-floor | raw | shrink,-574815707 | -1701613315 | -574815707 | -1701613315
18a,210118410344250,production-floor | production-no-floor | raw | shrink,1990623328 | -1701613315 | -1701613315 | -1701613315
18a,210118410344251,production-floor | production-no-floor | raw | shrink,-574815707 | -1701613315 | -1701613315 | -1701613315
18a,210118410344254,production-floor | production-no-floor | raw | shrink,-574815707 | -1701613315 | -1701613315 | -1701613315
18a,210118410344640,production-floor | production-no-floor | raw | shrink,-574815707 | -1701613315 | -1701613315 | -1701613315
18a,210118410344641,production-floor | production-no-floor | raw | shrink,-574815707 | -1701613315 | -574815707 | -1701613315
18a,210118410344642,production-floor | production-no-floor | raw | shrink,-574815707 | -1701613315 | -1701613315 | -1701613315
18a,210118410344643,production-floor | production-no-floor | raw | shrink,-574815707 | -1701613315 | -574815707 | -1701613315
18a,210118410344644,production-floor | production-no-floor | raw | shrink,-574815707 | -1701613315 | -574815707 | -1701613315
18a,210118410344645,production-floor | production-no-floor | raw | shrink,-574815707 | -1701613315 | -574815707 | -1701613315
18a,210118410344646,production-floor | production-no-floor | raw | shrink,-574815707 | -1701613315 | -1701613315 | -1701613315
18a,210118410344647,production-floor | production-no-floor | raw | shrink,1990623328 | -1701613315 | -1701613315 | -1701613315
18a,210118410344648,production-floor | production-no-floor | raw | shrink,-574815707 | -1701613315 | -574815707 | -1701613315
18a,210118410344649,production-floor | production-no-floor | raw | shrink,-574815707 | -1701613315 | -574815707 | -1701613315
18a,210118410344650,production-floor | production-no-floor | raw | shrink,328363471 | -1701613315 | 628733719 | -1701613315
18a,210118410344651,production-floor | production-no-floor | raw | shrink,-574815707 | -1701613315 | -574815707 | -1701613315
18a,210118410344652,production-floor | production-no-floor | raw | shrink,1990623328 | -1701613315 | -1701613315 | -1701613315
18a,210118410344653,production-floor | production-no-floor | raw | shrink,-574815707 | -1701613315 | -574815707 | -1701613315
18a,210118410344654,production-floor | production-no-floor | raw | shrink,-574815707 | -1701613315 | -574815707 | -1701613315
18a,210118410344655,production-floor | production-no-floor | raw | shrink,1990623328 | -1701613315 | -574815707 | -1701613315
18a,210118410344656,production-floor | production-no-floor | raw | shrink,-574815707 | -1701613315 | -574815707 | -1701613315
18a,210118410344657,production-floor | production-no-floor | raw | shrink,-574815707 | -1701613315 | -574815707 | -1701613315
18a,210118410344658,production-floor | production-no-floor | raw | shrink,-574815707 | -1701613315 | -574815707 | -1701613315
18a,210118410344659,production-floor | production-no-floor | raw | shrink,-574815707 | -1701613315 | -574815707 | -1701613315
18a,210118410344660,production-floor | production-no-floor | raw | shrink,-574815707 | -1701613315 | -574815707 | -1701613315
18a,210118410344661,production-floor | production-no-floor | raw | shrink,-574815707 | -1701613315 | -574815707 | -1701613315
18a,210118410344662,production-floor | production-no-floor | raw | shrink,-574815707 | -1701613315 | -574815707 | -1701613315
18a,210118410344663,production-floor | production-no-floor | raw | shrink,-574815707 | -1701613315 | -574815707 | -1701613315
18a,210118410344664,production-floor | production-no-floor | raw | shrink,-574815707 | -1701613315 | -574815707 | -1701613315
18a,210118410344665,production-floor | production-no-floor | raw | shrink,1990623328 | -1701613315 | -1701613315 | -1701613315
18a,210118410344667,production-floor | production-no-floor | raw | shrink,-574815707 | -1701613315 | -574815707 | -1701613315
18a,210118410344668,production-floor | production-no-floor | raw | shrink,-574815707 | -1701613315 | -1701613315 | -1701613315
18a,210118410344669,production-floor | production-no-floor | raw | shrink,-574815707 | -1701613315 | -574815707 | -1701613315
18a,210118410344670,production-floor | production-no-floor | raw | shrink,-574815707 | -1701613315 | -574815707 | -1701613315
18a,210118410344671,production-floor | production-no-floor | raw | shrink,-574815707 | -1701613315 | -1701613315 | -1701613315
18a,210118410344672,production-floor | production-no-floor | raw | shrink,-574815707 | -1701613315 | -574815707 | -1701613315
18a,210118410344673,production-floor | production-no-floor | raw | shrink,-574815707 | -1701613315 | -574815707 | -1701613315
18a,210118410344674,production-floor | production-no-floor | raw | shrink,-574815707 | -1701613315 | -574815707 | -1701613315
18a,210118410344675,production-floor | production-no-floor | raw | shrink,-574815707 | -1701613315 | -574815707 | -1701613315
18a,210118410344676,production-floor | production-no-floor | raw | shrink,-574815707 | -1701613315 | -1701613315 | -1701613315
18a,210118410344677,production-floor | production-no-floor | raw | shrink,1990623328 | -1701613315 | -574815707 | -1701613315
18a,210118410344678,production-floor | production-no-floor | raw | shrink,-574815707 | -1701613315 | -574815707 | -1701613315
18a,210118410344679,production-floor | production-no-floor | raw | shrink,33748592 | -1701613315 | 628733719 | -1701613315
18a,210118410344680,production-floor | production-no-floor | raw | shrink,1990623328 | -1701613315 | -574815707 | -1701613315
18a,210118410344681,production-floor | production-no-floor | raw | shrink,-574815707 | -1701613315 | -574815707 | -1701613315
18a,210118410344682,production-floor | production-no-floor | raw | shrink,-574815707 | -1701613315 | -1701613315 | -1701613315
18a,210118410344683,production-floor | production-no-floor | raw | shrink,-574815707 | -1701613315 | -574815707 | -1701613315
18a,210118410344684,production-floor | production-no-floor | raw | shrink,-186573094 | -1701613315 | -186573094 | -1701613315
18a,210118410344685,production-floor | production-no-floor | raw | shrink,-574815707 | -1701613315 | -574815707 | -1701613315
18a,210118410344686,production-floor | production-no-floor | raw | shrink,-574815707 | -1701613315 | -574815707 | -1701613315
18a,210118410344687,production-floor | production-no-floor | raw | shrink,-574815707 | -1701613315 | -574815707 | -1701613315
18a,210118410344688,production-floor | production-no-floor | raw | shrink,-574815707 | -1701613315 | -1701613315 | -1701613315
18a,210118410344689,production-floor | production-no-floor | raw | shrink,-574815707 | -1701613315 | -574815707 | -1701613315
18a,210118410344690,production-floor | production-no-floor | raw | shrink,-574815707 | -1701613315 | -574815707 | -1701613315
18a,210118410344691,production-floor | production-no-floor | raw | shrink,1990623328 | -1701613315 | -574815707 | -1701613315
18a,210118410344692,production-floor | production-no-floor | raw | shrink,-574815707 | -1701613315 | -1701613315 | -1701613315
18a,210118410344693,production-floor | production-no-floor | raw | shrink,-574815707 | -1701613315 | -574815707 | -1701613315
18a,210118410344694,production-floor | production-no-floor | raw | shrink,-574815707 | -1701613315 | -1701613315 | -1701613315
18a,210118410344695,production-floor | production-no-floor | raw | shrink,-574815707 | -1701613315 | -1701613315 | -1701613315
18a,210118410344696,production-floor | production-no-floor | raw | shrink,1990623328 | -1701613315 | -574815707 | -1701613315
18a,210118410344697,production-floor | production-no-floor | raw | shrink,-574815707 | -1701613315 | -574815707 | -1701613315
18a,210118410344698,production-floor | production-no-floor | raw | shrink,33748592 | -1701613315 | 628733719 | -1701613315
18a,210118410344699,production-floor | production-no-floor | raw | shrink,33748592 | -1701613315 | 628733719 | -1701613315
18a,210118410344700,production-floor | production-no-floor | raw | shrink,-574815707 | -1701613315 | -574815707 | -1701613315
18a,210118410344701,production-floor | production-no-floor | raw | shrink,-574815707 | -1701613315 | -1701613315 | -1701613315
18a,210118410344702,production-floor | production-no-floor | raw | shrink,-574815707 | -1701613315 | -574815707 | -1701613315
18a,210118410344703,production-floor | production-no-floor | raw | shrink,-574815707 | -1701613315 | -1701613315 | -1701613315
18b,210122705311488,production-floor | production-no-floor | raw | shrink,-2103027714 | -1852800932 | -2103027714 | -1852800932
18b,210122705311489,production-floor | production-no-floor | raw | shrink,-2103027714 | -2103027714 | -633376097 | -2103027714
18b,210122705311490,production-floor | production-no-floor | raw | shrink,-2103027714 | -633376097 | -633376097 | -633376097
18b,210122705311491,production-floor | production-no-floor | raw | shrink,-2103027714 | -1852800932 | -2103027714 | -1852800932
18b,210122705311492,production-floor | production-no-floor | raw | shrink,-2103027714 | -633376097 | -633376097 | -633376097
18b,210122705311493,production-floor | production-no-floor | raw | shrink,-2103027714 | -633376097 | -633376097 | -633376097
18b,210122705311494,production-floor | production-no-floor | raw | shrink,-2103027714 | -633376097 | -633376097 | -633376097
18b,210122705311495,production-floor | production-no-floor | raw | shrink,-2103027714 | -2103027714 | -633376097 | -2103027714
18b,210122705311496,production-floor | production-no-floor | raw | shrink,-2103027714 | -633376097 | -633376097 | -633376097
18b,210122705311497,production-floor | production-no-floor | raw | shrink,-2103027714 | -2103027714 | -633376097 | -2103027714
18b,210122705311498,production-floor | production-no-floor | raw | shrink,-2103027714 | -633376097 | -633376097 | -633376097
18b,210122705311499,production-floor | production-no-floor | raw | shrink,-2103027714 | -633376097 | -633376097 | -633376097
18b,210122705311500,production-floor | production-no-floor | raw | shrink,-2103027714 | -633376097 | -633376097 | -633376097
18b,210122705311501,production-floor | production-no-floor | raw | shrink,-2103027714 | -633376097 | -633376097 | -633376097
18b,210122705311502,production-floor | production-no-floor | raw | shrink,-2103027714 | -2103027714 | -633376097 | -2103027714
18b,210122705311503,production-floor | production-no-floor | raw | shrink,-2103027714 | -633376097 | -633376097 | -633376097
18b,210122705311504,production-floor | production-no-floor | raw | shrink,-2103027714 | -633376097 | -633376097 | -633376097
18b,210122705311505,production-floor | production-no-floor | raw | shrink,-2103027714 | -633376097 | -633376097 | -633376097
18b,210122705311506,production-floor | production-no-floor | raw | shrink,-2103027714 | -2103027714 | -633376097 | -2103027714
18b,210122705311507,production-floor | production-no-floor | raw | shrink,-2103027714 | -633376097 | -633376097 | -633376097
18b,210122705311508,production-floor | production-no-floor | raw | shrink,-2103027714 | -1852800932 | -2103027714 | -1852800932
18b,210122705311509,production-floor | production-no-floor | raw | shrink,-2103027714 | -633376097 | -633376097 | -633376097
18b,210122705311510,production-floor | production-no-floor | raw | shrink,-2103027714 | -633376097 | -633376097 | -633376097
18b,210122705311511,production-floor | production-no-floor | raw | shrink,-2103027714 | -1852800932 | -2103027714 | -1852800932
18b,210122705311512,production-floor | production-no-floor | raw | shrink,-2103027714 | -1852800932 | -2103027714 | -1852800932
18b,210122705311513,production-floor | production-no-floor | raw | shrink,-2103027714 | -633376097 | -633376097 | -633376097
18b,210122705311514,production-floor | production-no-floor | raw | shrink,-2103027714 | -1852800932 | -633376097 | -1852800932
18b,210122705311515,production-floor | production-no-floor | raw | shrink,-2103027714 | -633376097 | -633376097 | -633376097
18b,210122705311516,production-floor | production-no-floor | raw | shrink,-2103027714 | -633376097 | -633376097 | -633376097
18b,210122705311517,production-floor | production-no-floor | raw | shrink,-2103027714 | -633376097 | -633376097 | -633376097
18b,210122705311518,production-floor | production-no-floor | raw | shrink,-2103027714 | -2103027714 | -633376097 | -2103027714
18b,210122705311519,production-floor | production-no-floor | raw | shrink,-2103027714 | -633376097 | -633376097 | -633376097
18b,210122705311544,production-floor | production-no-floor | raw | shrink,-2103027714 | -2103027714 | -633376097 | -2103027714
18b,210122705311545,production-floor | production-no-floor | raw | shrink,-2103027714 | -2103027714 | -633376097 | -2103027714
18b,210122705311546,production-floor | production-no-floor | raw | shrink,-2103027714 | -2103027714 | -633376097 | -2103027714
18b,210122705311547,production-floor | production-no-floor | raw | shrink,-2103027714 | -633376097 | -633376097 | -633376097
18b,210122705311551,production-floor | production-no-floor | raw | shrink,-2103027714 | 426213350 | -1852800932 | 426213350
18b,210122705311936,production-floor | production-no-floor | raw | shrink,-2103027714 | -633376097 | -633376097 | -633376097
18b,210122705311937,production-floor | production-no-floor | raw | shrink,-2103027714 | -633376097 | -633376097 | -633376097
18b,210122705311938,production-floor | production-no-floor | raw | shrink,-2103027714 | -2103027714 | -633376097 | -2103027714
18b,210122705311939,production-floor | production-no-floor | raw | shrink,-2103027714 | -633376097 | -633376097 | -633376097
18b,210122705311940,production-floor | production-no-floor | raw | shrink,-2103027714 | -2103027714 | -633376097 | -2103027714
18b,210122705311941,production-floor | production-no-floor | raw | shrink,-2103027714 | -633376097 | -633376097 | -633376097
18b,210122705311942,production-floor | production-no-floor | raw | shrink,-2103027714 | -633376097 | -633376097 | -633376097
18b,210122705311943,production-floor | production-no-floor | raw | shrink,-2103027714 | -633376097 | -633376097 | -633376097
18b,210122705311944,production-floor | production-no-floor | raw | shrink,-2103027714 | -2103027714 | -633376097 | -2103027714
18b,210122705311945,production-floor | production-no-floor | raw | shrink,-2103027714 | -633376097 | -633376097 | -633376097
18b,210122705311946,production-floor | production-no-floor | raw | shrink,-2103027714 | -633376097 | -633376097 | -633376097
18b,210122705311947,production-floor | production-no-floor | raw | shrink,-2103027714 | -633376097 | -633376097 | -633376097
18b,210122705311948,production-floor | production-no-floor | raw | shrink,-2103027714 | -1852800932 | -633376097 | -1852800932
18b,210122705311949,production-floor | production-no-floor | raw | shrink,-2103027714 | -633376097 | -633376097 | -633376097
18b,210122705311950,production-floor | production-no-floor | raw | shrink,-2103027714 | -633376097 | -633376097 | -633376097
18b,210122705311951,production-floor | production-no-floor | raw | shrink,-2103027714 | -2103027714 | -633376097 | -2103027714
18b,210122705311952,production-floor | production-no-floor | raw | shrink,-2103027714 | -633376097 | -633376097 | -633376097
18b,210122705311953,production-floor | production-no-floor | raw | shrink,-2103027714 | -633376097 | -633376097 | -633376097
18b,210122705311954,production-floor | production-no-floor | raw | shrink,-2103027714 | -633376097 | -633376097 | -633376097
18b,210122705311955,production-floor | production-no-floor | raw | shrink,-2103027714 | -2103027714 | -633376097 | -2103027714
18b,210122705311956,production-floor | production-no-floor | raw | shrink,-2103027714 | -633376097 | -633376097 | -633376097
18b,210122705311957,production-floor | production-no-floor | raw | shrink,-2103027714 | -1852800932 | -633376097 | -1852800932
18b,210122705311958,production-floor | production-no-floor | raw | shrink,-2103027714 | -633376097 | -633376097 | -633376097
18b,210122705311959,production-floor | production-no-floor | raw | shrink,-2103027714 | -633376097 | -633376097 | -633376097
18b,210122705311960,production-floor | production-no-floor | raw | shrink,-2103027714 | -2103027714 | -633376097 | -2103027714
18b,210122705311961,production-floor | production-no-floor | raw | shrink,-2103027714 | -2103027714 | -633376097 | -2103027714
18b,210122705311962,production-floor | production-no-floor | raw | shrink,-2103027714 | -2103027714 | -633376097 | -2103027714
18b,210122705311964,production-floor | production-no-floor | raw | shrink,-2103027714 | -633376097 | -633376097 | -633376097
18b,210122705311965,production-floor | production-no-floor | raw | shrink,-2103027714 | -2103027714 | -633376097 | -2103027714
18b,210122705311966,production-floor | production-no-floor | raw | shrink,-2103027714 | -633376097 | -633376097 | -633376097
18b,210122705311967,production-floor | production-no-floor | raw | shrink,-2103027714 | -2103027714 | -633376097 | -2103027714
18b,210122705311968,production-floor | production-no-floor | raw | shrink,-2103027714 | -633376097 | -633376097 | -633376097
18b,210122705311969,production-floor | production-no-floor | raw | shrink,-2103027714 | -1852800932 | -2103027714 | -1852800932
18b,210122705311970,production-floor | production-no-floor | raw | shrink,-2103027714 | -633376097 | -633376097 | -633376097
18b,210122705311971,production-floor | production-no-floor | raw | shrink,-2103027714 | -633376097 | -633376097 | -633376097
18b,210122705311972,production-floor | production-no-floor | raw | shrink,-2103027714 | -1852800932 | -2103027714 | -1852800932
18b,210122705311973,production-floor | production-no-floor | raw | shrink,-2103027714 | -633376097 | -633376097 | -633376097
18b,210122705311974,production-floor | production-no-floor | raw | shrink,-2103027714 | -1852800932 | -2103027714 | -1852800932
18b,210122705311975,production-floor | production-no-floor | raw | shrink,-2103027714 | -2103027714 | -633376097 | -2103027714
18b,210122705311976,production-floor | production-no-floor | raw | shrink,-2103027714 | -2103027714 | -633376097 | -2103027714
18b,210122705311977,production-floor | production-no-floor | raw | shrink,-2103027714 | -1852800932 | -633376097 | -1852800932
18b,210122705311978,production-floor | production-no-floor | raw | shrink,-2103027714 | -2103027714 | -633376097 | -2103027714
18b,210122705311979,production-floor | production-no-floor | raw | shrink,-2103027714 | -633376097 | -633376097 | -633376097
18b,210122705311980,production-floor | production-no-floor | raw | shrink,-2103027714 | -2103027714 | -633376097 | -2103027714
18b,210122705311981,production-floor | production-no-floor | raw | shrink,-2103027714 | -633376097 | -633376097 | -633376097
18b,210122705311982,production-floor | production-no-floor | raw | shrink,-2103027714 | -633376097 | -633376097 | -633376097
18b,210122705311983,production-floor | production-no-floor | raw | shrink,-2103027714 | -633376097 | -633376097 | -633376097
18b,210122705311984,production-floor | production-no-floor | raw | shrink,-2103027714 | -2103027714 | -633376097 | -2103027714
18b,210122705311985,production-floor | production-no-floor | raw | shrink,-2103027714 | -633376097 | -633376097 | -633376097
18b,210122705311986,production-floor | production-no-floor | raw | shrink,-2103027714 | -633376097 | -633376097 | -633376097
18b,210122705311987,production-floor | production-no-floor | raw | shrink,-2103027714 | -633376097 | -633376097 | -633376097
18b,210122705311988,production-floor | production-no-floor | raw | shrink,-2103027714 | -2103027714 | -633376097 | -2103027714
18b,210122705311989,production-floor | production-no-floor | raw | shrink,-2103027714 | -1852800932 | -633376097 | -1852800932
18b,210122705311990,production-floor | production-no-floor | raw | shrink,-2103027714 | -2103027714 | -633376097 | -2103027714
18b,210122705311991,production-floor | production-no-floor | raw | shrink,-2103027714 | -633376097 | -633376097 | -633376097
18b,210122705311992,production-floor | production-no-floor | raw | shrink,-2103027714 | -633376097 | -633376097 | -633376097
18b,210122705311993,production-floor | production-no-floor | raw | shrink,-2103027714 | -633376097 | -633376097 | -633376097
18b,210122705311994,production-floor | production-no-floor | raw | shrink,-2103027714 | -633376097 | -633376097 | -633376097
18b,210122705311995,production-floor | production-no-floor | raw | shrink,-2103027714 | -633376097 | -633376097 | -633376097
18b,210122705311996,production-floor | production-no-floor | raw | shrink,-2103027714 | -633376097 | -633376097 | -633376097
18b,210122705311997,production-floor | production-no-floor | raw | shrink,-2103027714 | -633376097 | -633376097 | -633376097
18b,210122705311998,production-floor | production-no-floor | raw | shrink,-2103027714 | -633376097 | -633376097 | -633376097
18b,210122705311999,production-floor | production-no-floor | raw | shrink,-2103027714 | -1852800932 | -633376097 | -1852800932
18c,210127000278784,production-floor | production-no-floor | raw | shrink,-852311855 | 1641369366 | 1641369366 | 1641369366
18c,210127000278785,production-floor | production-no-floor | raw | shrink,-852311855 | 1641369366 | 1641369366 | 1641369366
18c,210127000278786,production-floor | production-no-floor | raw | shrink,-852311855 | 1641369366 | 1641369366 | 1641369366
18c,210127000278787,production-floor | production-no-floor | raw | shrink,-852311855 | 1641369366 | 1641369366 | 1641369366
18c,210127000278788,production-floor | production-no-floor | raw | shrink,-852311855 | 1641369366 | 1641369366 | 1641369366
18c,210127000278789,production-floor | production-no-floor | raw | shrink,-852311855 | 1641369366 | 1641369366 | 1641369366
18c,210127000278790,production-floor | production-no-floor | raw | shrink,-852311855 | 1641369366 | 1641369366 | 1641369366
18c,210127000278791,production-floor | production-no-floor | raw | shrink,-852311855 | 1641369366 | 1641369366 | 1641369366
18c,210127000278792,production-floor | production-no-floor | raw | shrink,-852311855 | 1641369366 | 1641369366 | 1641369366
18c,210127000278793,production-floor | production-no-floor | raw | shrink,-852311855 | 1641369366 | 1641369366 | 1641369366
18c,210127000278794,production-floor | production-no-floor | raw | shrink,-852311855 | 1641369366 | 1641369366 | 1641369366
18c,210127000278795,production-floor | production-no-floor | raw | shrink,-852311855 | 1641369366 | 1641369366 | 1641369366
18c,210127000278796,production-floor | production-no-floor | raw | shrink,-852311855 | 1641369366 | 1641369366 | 1641369366
18c,210127000278797,production-floor | production-no-floor | raw | shrink,-852311855 | 1641369366 | 1641369366 | 1641369366
18c,210127000278798,production-floor | production-no-floor | raw | shrink,-852311855 | 1641369366 | 1641369366 | 1641369366
18c,210127000278799,production-floor | production-no-floor | raw | shrink,-852311855 | 1641369366 | 1641369366 | 1641369366
18c,210127000278800,production-floor | production-no-floor | raw | shrink,-852311855 | 1641369366 | 1641369366 | 1641369366
18c,210127000278801,production-floor | production-no-floor | raw | shrink,-852311855 | 1641369366 | 1641369366 | 1641369366
18c,210127000278802,production-floor | production-no-floor | raw | shrink,-852311855 | 1641369366 | 1641369366 | 1641369366
18c,210127000278803,production-floor | production-no-floor | raw | shrink,-852311855 | 1641369366 | 1641369366 | 1641369366
18c,210127000278804,production-floor | production-no-floor | raw | shrink,-852311855 | 1641369366 | 1641369366 | 1641369366
18c,210127000278805,production-floor | production-no-floor | raw | shrink,-852311855 | 1641369366 | 1641369366 | 1641369366
18c,210127000278806,production-floor | production-no-floor | raw | shrink,-852311855 | 1641369366 | 1641369366 | 1641369366
18c,210127000278807,production-floor | production-no-floor | raw | shrink,-852311855 | 1641369366 | 1641369366 | 1641369366
18c,210127000278808,production-floor | production-no-floor | raw | shrink,-852311855 | 1641369366 | 1641369366 | 1641369366
18c,210127000278809,production-floor | production-no-floor | raw | shrink,-852311855 | 1641369366 | 1641369366 | 1641369366
18c,210127000278810,production-floor | production-no-floor | raw | shrink,-852311855 | 1641369366 | 1641369366 | 1641369366
18c,210127000278811,production-floor | production-no-floor | raw | shrink,-852311855 | 1641369366 | 1641369366 | 1641369366
18c,210127000278812,production-floor | production-no-floor | raw | shrink,-852311855 | 1641369366 | 1641369366 | 1641369366
18c,210127000278813,production-floor | production-no-floor | raw | shrink,-852311855 | 1641369366 | 1641369366 | 1641369366
18c,210127000278814,production-floor | production-no-floor | raw | shrink,-852311855 | 1641369366 | 1641369366 | 1641369366
18c,210127000278815,production-floor | production-no-floor | raw | shrink,-852311855 | 1641369366 | 1641369366 | 1641369366
18c,210127000278840,production-floor | production-no-floor | raw | shrink,-852311855 | 1641369366 | 1641369366 | 1641369366
18c,210127000278844,production-floor | production-no-floor | raw | shrink,-852311855 | 1641369366 | 1641369366 | 1641369366
18c,210127000278845,production-floor | production-no-floor | raw | shrink,-852311855 | 1641369366 | 1641369366 | 1641369366
18c,210127000278846,production-floor | production-no-floor | raw | shrink,-852311855 | 1641369366 | 1641369366 | 1641369366
18c,210127000278847,production-floor | production-no-floor | raw | shrink,-852311855 | 1641369366 | 1641369366 | 1641369366
18c,210127000279232,production-floor | production-no-floor | raw | shrink,-852311855 | 1641369366 | 1641369366 | 1641369366
18c,210127000279233,production-floor | production-no-floor | raw | shrink,-852311855 | 1641369366 | 1641369366 | 1641369366
18c,210127000279234,production-floor | production-no-floor | raw | shrink,-852311855 | 1641369366 | 1641369366 | 1641369366
18c,210127000279235,production-floor | production-no-floor | raw | shrink,-852311855 | 1641369366 | 1641369366 | 1641369366
18c,210127000279236,production-floor | production-no-floor | raw | shrink,-852311855 | 1641369366 | 1641369366 | 1641369366
18c,210127000279237,production-floor | production-no-floor | raw | shrink,-852311855 | 1641369366 | 1641369366 | 1641369366
18c,210127000279238,production-floor | production-no-floor | raw | shrink,-852311855 | 1641369366 | 1641369366 | 1641369366
18c,210127000279239,production-floor | production-no-floor | raw | shrink,-852311855 | 1641369366 | 1641369366 | 1641369366
18c,210127000279240,production-floor | production-no-floor | raw | shrink,-852311855 | 1641369366 | 1641369366 | 1641369366
18c,210127000279241,production-floor | production-no-floor | raw | shrink,-852311855 | 1641369366 | 1641369366 | 1641369366
18c,210127000279242,production-floor | production-no-floor | raw | shrink,-852311855 | 1641369366 | 1641369366 | 1641369366
18c,210127000279243,production-floor | production-no-floor | raw | shrink,-852311855 | 1641369366 | 1641369366 | 1641369366
18c,210127000279244,production-floor | production-no-floor | raw | shrink,-852311855 | 1641369366 | 1641369366 | 1641369366
18c,210127000279245,production-floor | production-no-floor | raw | shrink,-852311855 | 1641369366 | 1641369366 | 1641369366
18c,210127000279246,production-floor | production-no-floor | raw | shrink,-852311855 | 1641369366 | 1641369366 | 1641369366
18c,210127000279247,production-floor | production-no-floor | raw | shrink,-852311855 | 1641369366 | 1641369366 | 1641369366
18c,210127000279248,production-floor | production-no-floor | raw | shrink,-852311855 | 1641369366 | 1641369366 | 1641369366
18c,210127000279249,production-floor | production-no-floor | raw | shrink,-852311855 | 1641369366 | 1641369366 | 1641369366
18c,210127000279250,production-floor | production-no-floor | raw | shrink,-852311855 | 1641369366 | 1641369366 | 1641369366
18c,210127000279251,production-floor | production-no-floor | raw | shrink,-852311855 | 1641369366 | 1641369366 | 1641369366
18c,210127000279252,production-floor | production-no-floor | raw | shrink,-852311855 | 1641369366 | 1641369366 | 1641369366
18c,210127000279253,production-floor | production-no-floor | raw | shrink,-852311855 | 1641369366 | 1641369366 | 1641369366
18c,210127000279254,production-floor | production-no-floor | raw | shrink,-852311855 | 1641369366 | 1641369366 | 1641369366
18c,210127000279255,production-floor | production-no-floor | raw | shrink,-852311855 | 1641369366 | 1641369366 | 1641369366
18c,210127000279256,production-floor | production-no-floor | raw | shrink,-852311855 | 1641369366 | 1641369366 | 1641369366
18c,210127000279257,production-floor | production-no-floor | raw | shrink,-852311855 | 1641369366 | 1641369366 | 1641369366
18c,210127000279258,production-floor | production-no-floor | raw | shrink,-852311855 | 1641369366 | 1641369366 | 1641369366
18c,210127000279259,production-floor | production-no-floor | raw | shrink,-852311855 | 1641369366 | 1641369366 | 1641369366
18c,210127000279261,production-floor | production-no-floor | raw | shrink,-852311855 | 1641369366 | 1641369366 | 1641369366
18c,210127000279262,production-floor | production-no-floor | raw | shrink,-852311855 | 1641369366 | 1641369366 | 1641369366
18c,210127000279263,production-floor | production-no-floor | raw | shrink,-852311855 | 1641369366 | 1641369366 | 1641369366
18c,210127000279264,production-floor | production-no-floor | raw | shrink,-852311855 | 1641369366 | 1641369366 | 1641369366
18c,210127000279265,production-floor | production-no-floor | raw | shrink,-852311855 | 1641369366 | 1641369366 | 1641369366
18c,210127000279266,production-floor | production-no-floor | raw | shrink,-852311855 | 1641369366 | 1641369366 | 1641369366
18c,210127000279267,production-floor | production-no-floor | raw | shrink,-852311855 | 1641369366 | 1641369366 | 1641369366
18c,210127000279268,production-floor | production-no-floor | raw | shrink,-852311855 | 1641369366 | 1641369366 | 1641369366
18c,210127000279269,production-floor | production-no-floor | raw | shrink,-852311855 | 1641369366 | 1641369366 | 1641369366
18c,210127000279270,production-floor | production-no-floor | raw | shrink,-852311855 | 1641369366 | 1641369366 | 1641369366
18c,210127000279271,production-floor | production-no-floor | raw | shrink,-852311855 | 1641369366 | 1641369366 | 1641369366
18c,210127000279272,production-floor | production-no-floor | raw | shrink,-852311855 | 1641369366 | 1641369366 | 1641369366
18c,210127000279273,production-floor | production-no-floor | raw | shrink,-852311855 | 1641369366 | 1641369366 | 1641369366
18c,210127000279274,production-floor | production-no-floor | raw | shrink,-852311855 | 1641369366 | 1641369366 | 1641369366
18c,210127000279275,production-floor | production-no-floor | raw | shrink,-852311855 | 1641369366 | 1641369366 | 1641369366
18c,210127000279276,production-floor | production-no-floor | raw | shrink,-852311855 | 1641369366 | 1641369366 | 1641369366
18c,210127000279277,production-floor | production-no-floor | raw | shrink,-852311855 | 1641369366 | 1641369366 | 1641369366
18c,210127000279278,production-floor | production-no-floor | raw | shrink,-852311855 | 1641369366 | 1641369366 | 1641369366
18c,210127000279279,production-floor | production-no-floor | raw | shrink,-852311855 | 1641369366 | 1641369366 | 1641369366
18c,210127000279280,production-floor | production-no-floor | raw | shrink,-852311855 | 1641369366 | 1641369366 | 1641369366
18c,210127000279281,production-floor | production-no-floor | raw | shrink,-852311855 | 1641369366 | 1641369366 | 1641369366
18c,210127000279282,production-floor | production-no-floor | raw | shrink,-852311855 | 1641369366 | 1641369366 | 1641369366
18c,210127000279283,production-floor | production-no-floor | raw | shrink,-852311855 | 1641369366 | 1641369366 | 1641369366
18c,210127000279284,production-floor | production-no-floor | raw | shrink,-852311855 | 1641369366 | 1641369366 | 1641369366
18c,210127000279285,production-floor | production-no-floor | raw | shrink,-852311855 | 1641369366 | 1641369366 | 1641369366
18c,210127000279286,production-floor | production-no-floor | raw | shrink,-852311855 | 1641369366 | 1641369366 | 1641369366
18c,210127000279287,production-floor | production-no-floor | raw | shrink,-852311855 | 1641369366 | 1641369366 | 1641369366
18c,210127000279288,production-floor | production-no-floor | raw | shrink,-852311855 | 1641369366 | 1641369366 | 1641369366
18c,210127000279289,production-floor | production-no-floor | raw | shrink,-852311855 | 1641369366 | 1641369366 | 1641369366
18c,210127000279290,production-floor | production-no-floor | raw | shrink,-852311855 | 1641369366 | 1641369366 | 1641369366
18c,210127000279291,production-floor | production-no-floor | raw | shrink,-852311855 | 1641369366 | 1641369366 | 1641369366
18c,210127000279292,production-floor | production-no-floor | raw | shrink,-852311855 | 1641369366 | 1641369366 | 1641369366
18c,210127000279293,production-floor | production-no-floor | raw | shrink,-852311855 | 1641369366 | 1641369366 | 1641369366
18c,210127000279294,production-floor | production-no-floor | raw | shrink,-852311855 | 1641369366 | 1641369366 | 1641369366
18c,210127000279295,production-floor | production-no-floor | raw | shrink,-852311855 | 1641369366 | 1641369366 | 1641369366
19a,210251554330392,production-floor | production-no-floor | raw | shrink,-1917738233 | -477815540 | -392804058 | -477815540
19a,210251554330393,production-floor | production-no-floor | raw | shrink,1396323381 | -477815540 | 280911468 | -477815540
19a,210251554330394,production-floor | production-no-floor | raw | shrink,1396323381 | -477815540 | 280911468 | -477815540
19a,210251554330395,production-floor | production-no-floor | raw | shrink,1396323381 | -477815540 | -637633703 | -477815540
19a,210251554330397,production-floor | production-no-floor | raw | shrink,-1013248213 | -477815540 | -392804058 | -477815540
19a,210251554330400,production-floor | production-no-floor | raw | shrink,-1013248213 | -477815540 | -637633703 | -477815540
19a,210251554330401,production-floor | production-no-floor | raw | shrink,-1467958403 | -477815540 | -1722146823 | -477815540
19a,210251554330402,production-floor | production-no-floor | raw | shrink,1396323381 | -477815540 | -637633703 | -477815540
19a,210251554330403,production-floor | production-no-floor | raw | shrink,-1917738233 | -477815540 | -1637117443 | -477815540
19a,210251554330404,production-floor | production-no-floor | raw | shrink,-1013248213 | -477815540 | -637633703 | -477815540
19a,210251554330405,production-floor | production-no-floor | raw | shrink,-1917738233 | -477815540 | -637633703 | -477815540
19a,210251554330406,production-floor | production-no-floor | raw | shrink,-1013248213 | -477815540 | -637633703 | -477815540
19a,210251554330407,production-floor | production-no-floor | raw | shrink,-1917738233 | -477815540 | -392804058 | -477815540
19a,210251554330408,production-floor | production-no-floor | raw | shrink,-1013248213 | -477815540 | -392804058 | -477815540
19a,210251554330409,production-floor | production-no-floor | raw | shrink,-1013248213 | -477815540 | -392804058 | -477815540
19a,210251554330410,production-floor | production-no-floor | raw | shrink,-1013248213 | -477815540 | -392804058 | -477815540
19a,210251554330411,production-floor | production-no-floor | raw | shrink,1396323381 | -1819667816 | 280911468 | -1819667816
19a,210251554330412,production-floor | production-no-floor | raw | shrink,-1013248213 | -477815540 | -392804058 | -477815540
19a,210251554330413,production-floor | production-no-floor | raw | shrink,-228415750 | -1819667816 | 1791313305 | -1819667816
19a,210251554330414,production-floor | production-no-floor | raw | shrink,1396323381 | -477815540 | -1637117443 | -477815540
19a,210251554330415,production-floor | production-no-floor | raw | shrink,-1917738233 | -477815540 | -637633703 | -477815540
19a,210251554330416,production-floor | production-no-floor | raw | shrink,-1917738233 | -477815540 | -1637117443 | -477815540
19a,210251554330417,production-floor | production-no-floor | raw | shrink,-1013248213 | -477815540 | -637633703 | -477815540
19a,210251554330418,production-floor | production-no-floor | raw | shrink,-1013248213 | -477815540 | -392804058 | -477815540
19a,210251554330419,production-floor | production-no-floor | raw | shrink,-1013248213 | -477815540 | -1637117443 | -477815540
19a,210251554330420,production-floor | production-no-floor | raw | shrink,-228415750 | -477815540 | 1791313305 | -477815540
19a,210251554330421,production-floor | production-no-floor | raw | shrink,1396323381 | -1819667816 | -637633703 | -1819667816
19a,210251554330422,production-floor | production-no-floor | raw | shrink,-1013248213 | -477815540 | 873472274 | -477815540
19a,210251554330423,production-floor | production-no-floor | raw | shrink,-228415750 | -477815540 | 1791313305 | -477815540
19a,210251554330424,production-floor | production-no-floor | raw | shrink,-228415750 | -1819667816 | -263734707 | -1819667816
19a,210251554330425,production-floor | production-no-floor | raw | shrink,1396323381 | -477815540 | 1396276766 | -477815540
19a,210251554330426,production-floor | production-no-floor | raw | shrink,-1013248213 | -477815540 | -392804058 | -477815540
19a,210251554330427,production-floor | production-no-floor | raw | shrink,-1013248213 | -477815540 | -392804058 | -477815540
19a,210251554330428,production-floor | production-no-floor | raw | shrink,-1917738233 | -477815540 | -637633703 | -477815540
19a,210251554330429,production-floor | production-no-floor | raw | shrink,-1013248213 | -477815540 | -392804058 | -477815540
19a,210251554330430,production-floor | production-no-floor | raw | shrink,-1917738233 | -477815540 | -392804058 | -477815540
19a,210251554330431,production-floor | production-no-floor | raw | shrink,1396323381 | -477815540 | -392804058 | -477815540
19a,210251554330816,production-floor | production-no-floor | raw | shrink,-1013248213 | -477815540 | -392804058 | -477815540
19a,210251554330817,production-floor | production-no-floor | raw | shrink,-1013248213 | -477815540 | -392804058 | -477815540
19a,210251554330818,production-floor | production-no-floor | raw | shrink,1396323381 | -477815540 | -637633703 | -477815540
19a,210251554330819,production-floor | production-no-floor | raw | shrink,-1013248213 | -477815540 | -637633703 | -477815540
19a,210251554330820,production-floor | production-no-floor | raw | shrink,-228415750 | -477815540 | -263734707 | -477815540
19a,210251554330821,production-floor | production-no-floor | raw | shrink,1396323381 | -1819667816 | -637633703 | -1819667816
19a,210251554330822,production-floor | production-no-floor | raw | shrink,-1013248213 | -477815540 | -637633703 | -477815540
19a,210251554330823,production-floor | production-no-floor | raw | shrink,1396323381 | -477815540 | -637633703 | -477815540
19a,210251554330824,production-floor | production-no-floor | raw | shrink,-1013248213 | -477815540 | -392804058 | -477815540
19a,210251554330825,production-floor | production-no-floor | raw | shrink,-1013248213 | -477815540 | -392804058 | -477815540
19a,210251554330826,production-floor | production-no-floor | raw | shrink,1396323381 | -477815540 | -392804058 | -477815540
19a,210251554330827,production-floor | production-no-floor | raw | shrink,-1013248213 | -477815540 | -392804058 | -477815540
19a,210251554330828,production-floor | production-no-floor | raw | shrink,-1917738233 | -477815540 | -637633703 | -477815540
19a,210251554330829,production-floor | production-no-floor | raw | shrink,-1013248213 | -477815540 | -637633703 | -477815540
19a,210251554330830,production-floor | production-no-floor | raw | shrink,-1013248213 | -477815540 | -637633703 | -477815540
19a,210251554330831,production-floor | production-no-floor | raw | shrink,-1013248213 | -477815540 | -392804058 | -477815540
19a,210251554330832,production-floor | production-no-floor | raw | shrink,-1013248213 | -477815540 | -392804058 | -477815540
19a,210251554330833,production-floor | production-no-floor | raw | shrink,-1013248213 | -477815540 | -637633703 | -477815540
19a,210251554330834,production-floor | production-no-floor | raw | shrink,-1013248213 | -477815540 | -1133515234 | -477815540
19a,210251554330835,production-floor | production-no-floor | raw | shrink,-1013248213 | -477815540 | -392804058 | -477815540
19a,210251554330836,production-floor | production-no-floor | raw | shrink,-1917738233 | -477815540 | -392804058 | -477815540
19a,210251554330837,production-floor | production-no-floor | raw | shrink,1396323381 | -1917738233 | -392804058 | -1917738233
19a,210251554330838,production-floor | production-no-floor | raw | shrink,-1013248213 | -477815540 | -637633703 | -477815540
19a,210251554330839,production-floor | production-no-floor | raw | shrink,-1013248213 | -477815540 | -392804058 | -477815540
19a,210251554330840,production-floor | production-no-floor | raw | shrink,1396323381 | -477815540 | 280911468 | -477815540
19a,210251554330841,production-floor | production-no-floor | raw | shrink,1396323381 | -477815540 | 873472274 | -477815540
19a,210251554330842,production-floor | production-no-floor | raw | shrink,-1013248213 | -477815540 | -392804058 | -477815540
19a,210251554330843,production-floor | production-no-floor | raw | shrink,1396323381 | -1819667816 | 280911468 | -1819667816
19a,210251554330844,production-floor | production-no-floor | raw | shrink,1396323381 | -1819667816 | -392804058 | -1819667816
19a,210251554330845,production-floor | production-no-floor | raw | shrink,-1013248213 | -477815540 | -392804058 | -477815540
19a,210251554330846,production-floor | production-no-floor | raw | shrink,-1917738233 | -477815540 | -1637117443 | -477815540
19a,210251554330847,production-floor | production-no-floor | raw | shrink,1396323381 | -477815540 | -392804058 | -477815540
19a,210251554330848,production-floor | production-no-floor | raw | shrink,-1013248213 | -477815540 | -637633703 | -477815540
19a,210251554330849,production-floor | production-no-floor | raw | shrink,-1917738233 | -477815540 | -637633703 | -477815540
19a,210251554330850,production-floor | production-no-floor | raw | shrink,1396323381 | -477815540 | -1637117443 | -477815540
19a,210251554330851,production-floor | production-no-floor | raw | shrink,-1013248213 | -477815540 | -392804058 | -477815540
19a,210251554330852,production-floor | production-no-floor | raw | shrink,-1917738233 | -477815540 | -392804058 | -477815540
19a,210251554330853,production-floor | production-no-floor | raw | shrink,1396323381 | -477815540 | -637633703 | -477815540
19a,210251554330854,production-floor | production-no-floor | raw | shrink,-1917738233 | -477815540 | -637633703 | -477815540
19a,210251554330855,production-floor | production-no-floor | raw | shrink,1396323381 | -477815540 | 280911468 | -477815540
19a,210251554330856,production-floor | production-no-floor | raw | shrink,-1013248213 | -477815540 | -637633703 | -477815540
19a,210251554330857,production-floor | production-no-floor | raw | shrink,96554330 | -477815540 | -392804058 | -477815540
19a,210251554330858,production-floor | production-no-floor | raw | shrink,1396323381 | -1819667816 | -637633703 | -1819667816
19a,210251554330859,production-floor | production-no-floor | raw | shrink,1396323381 | -477815540 | -637633703 | -477815540
19a,210251554330860,production-floor | production-no-floor | raw | shrink,1396323381 | -477815540 | 280911468 | -477815540
19a,210251554330861,production-floor | production-no-floor | raw | shrink,96554330 | -477815540 | 530552251 | -477815540
19a,210251554330862,production-floor | production-no-floor | raw | shrink,1396323381 | -1819667816 | 1396276766 | -1819667816
19a,210251554330863,production-floor | production-no-floor | raw | shrink,1396323381 | -1819667816 | -637633703 | -1819667816
19a,210251554330864,production-floor | production-no-floor | raw | shrink,1396323381 | -477815540 | -637633703 | -477815540
19a,210251554330865,production-floor | production-no-floor | raw | shrink,1396323381 | -1819667816 | -637633703 | -1819667816
19a,210251554330866,production-floor | production-no-floor | raw | shrink,-1013248213 | -477815540 | -637633703 | -477815540
19a,210251554330867,production-floor | production-no-floor | raw | shrink,-1013248213 | -477815540 | -392804058 | -477815540
19a,210251554330868,production-floor | production-no-floor | raw | shrink,1396323381 | -1917738233 | -392804058 | -1917738233
19a,210251554330869,production-floor | production-no-floor | raw | shrink,-1917738233 | -477815540 | -637633703 | -477815540
19a,210251554330870,production-floor | production-no-floor | raw | shrink,-1013248213 | -477815540 | -392804058 | -477815540
19a,210251554330871,production-floor | production-no-floor | raw | shrink,-1013248213 | -477815540 | -392804058 | -477815540
19a,210251554330872,production-floor | production-no-floor | raw | shrink,1396323381 | -1819667816 | 280911468 | -1819667816
19a,210251554330874,production-floor | production-no-floor | raw | shrink,1396323381 | -477815540 | -637633703 | -477815540
19a,210251554330875,production-floor | production-no-floor | raw | shrink,-1013248213 | -477815540 | -637633703 | -477815540
19a,210251554330876,production-floor | production-no-floor | raw | shrink,1396323381 | -477815540 | 280911468 | -477815540
19a,210251554330877,production-floor | production-no-floor | raw | shrink,-1917738233 | -477815540 | -637633703 | -477815540
19a,210251554330878,production-floor | production-no-floor | raw | shrink,1396323381 | -1819667816 | -1637117443 | -1819667816
19a,210251554330879,production-floor | production-no-floor | raw | shrink,-1917738233 | -477815540 | -392804058 | -477815540
19b,210255849297688,production-floor | production-no-floor | raw | shrink,825922194 | 825922194 | -1906746532 | 825922194
19b,210255849297689,production-floor | production-no-floor | raw | shrink,825922194 | 825922194 | -1906746532 | 825922194
19b,210255849297690,production-floor | production-no-floor | raw | shrink,825922194 | 825922194 | -1906746532 | 825922194
19b,210255849297691,production-floor | production-no-floor | raw | shrink,825922194 | 825922194 | -1906746532 | 825922194
19b,210255849297694,production-floor | production-no-floor | raw | shrink,825922194 | 825922194 | -1906746532 | 825922194
19b,210255849297696,production-floor | production-no-floor | raw | shrink,910037442 | 910037442 | -1205520184 | 910037442
19b,210255849297697,production-floor | production-no-floor | raw | shrink,910037442 | 825922194 | -1205520184 | 825922194
19b,210255849297698,production-floor | production-no-floor | raw | shrink,825922194 | 825922194 | -1906746532 | 825922194
19b,210255849297699,production-floor | production-no-floor | raw | shrink,825922194 | 825922194 | -1906746532 | 825922194
19b,210255849297700,production-floor | production-no-floor | raw | shrink,910037442 | 825922194 | -1205520184 | 825922194
19b,210255849297701,production-floor | production-no-floor | raw | shrink,910037442 | 910037442 | -1205520184 | 910037442
19b,210255849297702,production-floor | production-no-floor | raw | shrink,825922194 | 825922194 | -1906746532 | 825922194
19b,210255849297703,production-floor | production-no-floor | raw | shrink,825922194 | 825922194 | -1906746532 | 825922194
19b,210255849297704,production-floor | production-no-floor | raw | shrink,825922194 | 825922194 | -1906746532 | 825922194
19b,210255849297705,production-floor | production-no-floor | raw | shrink,825922194 | 825922194 | -1906746532 | 825922194
19b,210255849297706,production-floor | production-no-floor | raw | shrink,825922194 | 825922194 | -1906746532 | 825922194
19b,210255849297707,production-floor | production-no-floor | raw | shrink,-1834056489 | -1834056489 | -1906746532 | -1834056489
19b,210255849297708,production-floor | production-no-floor | raw | shrink,910037442 | 825922194 | -1205520184 | 825922194
19b,210255849297709,production-floor | production-no-floor | raw | shrink,825922194 | 825922194 | -1906746532 | 825922194
19b,210255849297710,production-floor | production-no-floor | raw | shrink,910037442 | 910037442 | -1205520184 | 910037442
19b,210255849297711,production-floor | production-no-floor | raw | shrink,910037442 | 825922194 | -1205520184 | 825922194
19b,210255849297712,production-floor | production-no-floor | raw | shrink,825922194 | 825922194 | -1906746532 | 825922194
19b,210255849297713,production-floor | production-no-floor | raw | shrink,910037442 | 910037442 | -1205520184 | 910037442
19b,210255849297714,production-floor | production-no-floor | raw | shrink,-1834056489 | -1834056489 | -1906746532 | -1834056489
19b,210255849297715,production-floor | production-no-floor | raw | shrink,910037442 | 825922194 | -1205520184 | 825922194
19b,210255849297716,production-floor | production-no-floor | raw | shrink,825922194 | 825922194 | -1906746532 | 825922194
19b,210255849297717,production-floor | production-no-floor | raw | shrink,910037442 | -1402516586 | -1205520184 | -1402516586
19b,210255849297718,production-floor | production-no-floor | raw | shrink,-1834056489 | -1834056489 | -1906746532 | -1834056489
19b,210255849297719,production-floor | production-no-floor | raw | shrink,-1402516586 | -1402516586 | -1205520184 | -1402516586
19b,210255849297720,production-floor | production-no-floor | raw | shrink,910037442 | 910037442 | -1205520184 | 910037442
19b,210255849297721,production-floor | production-no-floor | raw | shrink,825922194 | 825922194 | -1906746532 | 825922194
19b,210255849297722,production-floor | production-no-floor | raw | shrink,910037442 | 910037442 | -1205520184 | 910037442
19b,210255849297723,production-floor | production-no-floor | raw | shrink,910037442 | -1402516586 | -1205520184 | -1402516586
19b,210255849297725,production-floor | production-no-floor | raw | shrink,825922194 | 825922194 | -1906746532 | 825922194
19b,210255849297726,production-floor | production-no-floor | raw | shrink,-1834056489 | -1834056489 | -1906746532 | -1834056489
19b,210255849297727,production-floor | production-no-floor | raw | shrink,825922194 | 825922194 | -1906746532 | 825922194
19b,210255849298112,production-floor | production-no-floor | raw | shrink,825922194 | -1834056489 | -1906746532 | -1834056489
19b,210255849298113,production-floor | production-no-floor | raw | shrink,910037442 | 910037442 | -1205520184 | 910037442
19b,210255849298114,production-floor | production-no-floor | raw | shrink,910037442 | -1834056489 | -1205520184 | -1834056489
19b,210255849298115,production-floor | production-no-floor | raw | shrink,825922194 | 825922194 | -1906746532 | 825922194
19b,210255849298116,production-floor | production-no-floor | raw | shrink,910037442 | 910037442 | -1205520184 | 910037442
19b,210255849298117,production-floor | production-no-floor | raw | shrink,910037442 | 910037442 | -1205520184 | 910037442
19b,210255849298118,production-floor | production-no-floor | raw | shrink,825922194 | 825922194 | -1906746532 | 825922194
19b,210255849298119,production-floor | production-no-floor | raw | shrink,910037442 | -1402516586 | 1306325729 | -1402516586
19b,210255849298120,production-floor | production-no-floor | raw | shrink,825922194 | 825922194 | -1906746532 | 825922194
19b,210255849298121,production-floor | production-no-floor | raw | shrink,825922194 | 825922194 | -1906746532 | 825922194
19b,210255849298122,production-floor | production-no-floor | raw | shrink,825922194 | -1834056489 | -1906746532 | -1834056489
19b,210255849298123,production-floor | production-no-floor | raw | shrink,825922194 | 825922194 | -1906746532 | 825922194
19b,210255849298124,production-floor | production-no-floor | raw | shrink,910037442 | 825922194 | -1205520184 | 825922194
19b,210255849298125,production-floor | production-no-floor | raw | shrink,910037442 | 910037442 | -1205520184 | 910037442
19b,210255849298126,production-floor | production-no-floor | raw | shrink,825922194 | 825922194 | -1906746532 | 825922194
19b,210255849298127,production-floor | production-no-floor | raw | shrink,-1834056489 | -1834056489 | -2144456709 | -1834056489
19b,210255849298128,production-floor | production-no-floor | raw | shrink,910037442 | 825922194 | -1205520184 | 825922194
19b,210255849298129,production-floor | production-no-floor | raw | shrink,825922194 | 825922194 | -1906746532 | 825922194
19b,210255849298130,production-floor | production-no-floor | raw | shrink,910037442 | -1834056489 | -1205520184 | -1834056489
19b,210255849298131,production-floor | production-no-floor | raw | shrink,910037442 | 825922194 | -1205520184 | 825922194
19b,210255849298132,production-floor | production-no-floor | raw | shrink,910037442 | -1834056489 | -1205520184 | -1834056489
19b,210255849298133,production-floor | production-no-floor | raw | shrink,-1402516586 | -1834056489 | -1205520184 | -1834056489
19b,210255849298134,production-floor | production-no-floor | raw | shrink,825922194 | 825922194 | -1906746532 | 825922194
19b,210255849298135,production-floor | production-no-floor | raw | shrink,825922194 | -1834056489 | -1906746532 | -1834056489
19b,210255849298136,production-floor | production-no-floor | raw | shrink,910037442 | 825922194 | -1205520184 | 825922194
19b,210255849298137,production-floor | production-no-floor | raw | shrink,825922194 | 825922194 | -1906746532 | 825922194
19b,210255849298138,production-floor | production-no-floor | raw | shrink,910037442 | 910037442 | -1205520184 | 910037442
19b,210255849298139,production-floor | production-no-floor | raw | shrink,910037442 | 910037442 | -1205520184 | 910037442
19b,210255849298141,production-floor | production-no-floor | raw | shrink,-1834056489 | -1834056489 | -1906746532 | -1834056489
19b,210255849298142,production-floor | production-no-floor | raw | shrink,825922194 | 825922194 | -1906746532 | 825922194
19b,210255849298143,production-floor | production-no-floor | raw | shrink,910037442 | 910037442 | -1205520184 | 910037442
19b,210255849298144,production-floor | production-no-floor | raw | shrink,910037442 | 825922194 | -1205520184 | 825922194
19b,210255849298145,production-floor | production-no-floor | raw | shrink,825922194 | 825922194 | -1906746532 | 825922194
19b,210255849298146,production-floor | production-no-floor | raw | shrink,825922194 | 825922194 | -1906746532 | 825922194
19b,210255849298147,production-floor | production-no-floor | raw | shrink,825922194 | -1834056489 | -1906746532 | -1834056489
19b,210255849298148,production-floor | production-no-floor | raw | shrink,825922194 | 825922194 | -1906746532 | 825922194
19b,210255849298149,production-floor | production-no-floor | raw | shrink,825922194 | 825922194 | -1906746532 | 825922194
19b,210255849298150,production-floor | production-no-floor | raw | shrink,825922194 | -1834056489 | -1906746532 | -1834056489
19b,210255849298151,production-floor | production-no-floor | raw | shrink,825922194 | 825922194 | -1906746532 | 825922194
19b,210255849298152,production-floor | production-no-floor | raw | shrink,825922194 | 825922194 | -1906746532 | 825922194
19b,210255849298153,production-floor | production-no-floor | raw | shrink,-1834056489 | -1834056489 | -1906746532 | -1834056489
19b,210255849298154,production-floor | production-no-floor | raw | shrink,825922194 | 825922194 | -1906746532 | 825922194
19b,210255849298155,production-floor | production-no-floor | raw | shrink,910037442 | 910037442 | -1205520184 | 910037442
19b,210255849298156,production-floor | production-no-floor | raw | shrink,910037442 | 910037442 | -1205520184 | 910037442
19b,210255849298157,production-floor | production-no-floor | raw | shrink,825922194 | 825922194 | -1906746532 | 825922194
19b,210255849298158,production-floor | production-no-floor | raw | shrink,825922194 | -1834056489 | -1906746532 | -1834056489
19b,210255849298159,production-floor | production-no-floor | raw | shrink,825922194 | 825922194 | -1906746532 | 825922194
19b,210255849298160,production-floor | production-no-floor | raw | shrink,825922194 | 825922194 | -653765318 | 825922194
19b,210255849298161,production-floor | production-no-floor | raw | shrink,-1402516586 | -1834056489 | -1205520184 | -1834056489
19b,210255849298162,production-floor | production-no-floor | raw | shrink,-1834056489 | -1834056489 | -1906746532 | -1834056489
19b,210255849298163,production-floor | production-no-floor | raw | shrink,910037442 | 910037442 | -1205520184 | 910037442
19b,210255849298164,production-floor | production-no-floor | raw | shrink,825922194 | 825922194 | -1906746532 | 825922194
19b,210255849298165,production-floor | production-no-floor | raw | shrink,-1402516586 | -1402516586 | -1205520184 | -1402516586
19b,210255849298166,production-floor | production-no-floor | raw | shrink,825922194 | 825922194 | -1906746532 | 825922194
19b,210255849298167,production-floor | production-no-floor | raw | shrink,910037442 | 825922194 | -1205520184 | 825922194
19b,210255849298168,production-floor | production-no-floor | raw | shrink,910037442 | 910037442 | -1205520184 | 910037442
19b,210255849298169,production-floor | production-no-floor | raw | shrink,825922194 | 825922194 | -1906746532 | 825922194
19b,210255849298171,production-floor | production-no-floor | raw | shrink,825922194 | 825922194 | -1906746532 | 825922194
19b,210255849298172,production-floor | production-no-floor | raw | shrink,-1834056489 | -1834056489 | -1906746532 | -1834056489
19b,210255849298173,production-floor | production-no-floor | raw | shrink,-1402516586 | 825922194 | -1205520184 | 825922194
19b,210255849298174,production-floor | production-no-floor | raw | shrink,825922194 | 825922194 | -1906746532 | 825922194
19b,210255849298175,production-floor | production-no-floor | raw | shrink,-1834056489 | 825922194 | -1906746532 | 825922194
19c,210260144264984,production-floor | production-no-floor | raw | shrink,204487702 | 1055693188 | -1065192089 | 1055693188
19c,210260144264985,production-floor | production-no-floor | raw | shrink,204487702 | -649799299 | -1065192089 | -649799299
19c,210260144264986,production-floor | production-no-floor | raw | shrink,204487702 | 1055693188 | -1142457374 | 1055693188
19c,210260144264987,production-floor | production-no-floor | raw | shrink,204487702 | 1055693188 | 1347037819 | 1055693188
19c,210260144264991,production-floor | production-no-floor | raw | shrink,204487702 | 1055693188 | -1065192089 | 1055693188
19c,210260144264992,production-floor | production-no-floor | raw | shrink,204487702 | 1055693188 | -1142457374 | 1055693188
19c,210260144264993,production-floor | production-no-floor | raw | shrink,204487702 | 1055693188 | -1142457374 | 1055693188
19c,210260144264994,production-floor | production-no-floor | raw | shrink,204487702 | 1055693188 | -1142457374 | 1055693188
19c,210260144264995,production-floor | production-no-floor | raw | shrink,204487702 | 1055693188 | -1142457374 | 1055693188
19c,210260144264996,production-floor | production-no-floor | raw | shrink,204487702 | 1055693188 | -1142457374 | 1055693188
19c,210260144264997,production-floor | production-no-floor | raw | shrink,204487702 | 1055693188 | -1142457374 | 1055693188
19c,210260144264998,production-floor | production-no-floor | raw | shrink,204487702 | 1055693188 | -1142457374 | 1055693188
19c,210260144264999,production-floor | production-no-floor | raw | shrink,204487702 | 1055693188 | -1065192089 | 1055693188
19c,210260144265000,production-floor | production-no-floor | raw | shrink,204487702 | 1055693188 | -1142457374 | 1055693188
19c,210260144265001,production-floor | production-no-floor | raw | shrink,204487702 | 1055693188 | -1142457374 | 1055693188
19c,210260144265002,production-floor | production-no-floor | raw | shrink,204487702 | 1055693188 | -1142457374 | 1055693188
19c,210260144265003,production-floor | production-no-floor | raw | shrink,204487702 | 1055693188 | -1142457374 | 1055693188
19c,210260144265004,production-floor | production-no-floor | raw | shrink,204487702 | 1055693188 | -1142457374 | 1055693188
19c,210260144265005,production-floor | production-no-floor | raw | shrink,204487702 | 1055693188 | -1142457374 | 1055693188
19c,210260144265006,production-floor | production-no-floor | raw | shrink,204487702 | 1055693188 | -1142457374 | 1055693188
19c,210260144265007,production-floor | production-no-floor | raw | shrink,204487702 | 1055693188 | -1065192089 | 1055693188
19c,210260144265008,production-floor | production-no-floor | raw | shrink,204487702 | 1055693188 | -1065192089 | 1055693188
19c,210260144265009,production-floor | production-no-floor | raw | shrink,204487702 | 1055693188 | 211724522 | 1055693188
19c,210260144265010,production-floor | production-no-floor | raw | shrink,204487702 | 1055693188 | -1142457374 | 1055693188
19c,210260144265011,production-floor | production-no-floor | raw | shrink,204487702 | 1055693188 | -1142457374 | 1055693188
19c,210260144265012,production-floor | production-no-floor | raw | shrink,204487702 | 1055693188 | -1065192089 | 1055693188
19c,210260144265013,production-floor | production-no-floor | raw | shrink,204487702 | 1055693188 | -1142457374 | 1055693188
19c,210260144265014,production-floor | production-no-floor | raw | shrink,204487702 | 1055693188 | -1142457374 | 1055693188
19c,210260144265015,production-floor | production-no-floor | raw | shrink,204487702 | 1055693188 | -1142457374 | 1055693188
19c,210260144265016,production-floor | production-no-floor | raw | shrink,204487702 | 1055693188 | -283153238 | 1055693188
19c,210260144265017,production-floor | production-no-floor | raw | shrink,204487702 | 1055693188 | -1142457374 | 1055693188
19c,210260144265018,production-floor | production-no-floor | raw | shrink,204487702 | 1055693188 | -1142457374 | 1055693188
19c,210260144265019,production-floor | production-no-floor | raw | shrink,204487702 | 1055693188 | -1065192089 | 1055693188
19c,210260144265020,production-floor | production-no-floor | raw | shrink,204487702 | 1055693188 | -1142457374 | 1055693188
19c,210260144265021,production-floor | production-no-floor | raw | shrink,204487702 | 1055693188 | -1142457374 | 1055693188
19c,210260144265022,production-floor | production-no-floor | raw | shrink,204487702 | 1055693188 | -1142457374 | 1055693188
19c,210260144265023,production-floor | production-no-floor | raw | shrink,204487702 | 1055693188 | -1142457374 | 1055693188
19c,210260144265408,production-floor | production-no-floor | raw | shrink,204487702 | 1055693188 | -1065192089 | 1055693188
19c,210260144265409,production-floor | production-no-floor | raw | shrink,204487702 | 1055693188 | -1142457374 | 1055693188
19c,210260144265410,production-floor | production-no-floor | raw | shrink,204487702 | 1055693188 | -1142457374 | 1055693188
19c,210260144265411,production-floor | production-no-floor | raw | shrink,204487702 | 1055693188 | -1142457374 | 1055693188
19c,210260144265412,production-floor | production-no-floor | raw | shrink,204487702 | 1055693188 | -1142457374 | 1055693188
19c,210260144265413,production-floor | production-no-floor | raw | shrink,204487702 | 1055693188 | -1142457374 | 1055693188
19c,210260144265414,production-floor | production-no-floor | raw | shrink,204487702 | 1055693188 | -1142457374 | 1055693188
19c,210260144265415,production-floor | production-no-floor | raw | shrink,204487702 | 1055693188 | -1065192089 | 1055693188
19c,210260144265416,production-floor | production-no-floor | raw | shrink,204487702 | 1055693188 | -1142457374 | 1055693188
19c,210260144265417,production-floor | production-no-floor | raw | shrink,204487702 | 1055693188 | -1142457374 | 1055693188
19c,210260144265418,production-floor | production-no-floor | raw | shrink,204487702 | 1055693188 | -1142457374 | 1055693188
19c,210260144265419,production-floor | production-no-floor | raw | shrink,204487702 | 1055693188 | -1142457374 | 1055693188
19c,210260144265420,production-floor | production-no-floor | raw | shrink,204487702 | 1055693188 | -1142457374 | 1055693188
19c,210260144265421,production-floor | production-no-floor | raw | shrink,204487702 | 1055693188 | -1142457374 | 1055693188
19c,210260144265422,production-floor | production-no-floor | raw | shrink,204487702 | 1055693188 | -1142457374 | 1055693188
19c,210260144265423,production-floor | production-no-floor | raw | shrink,204487702 | -649799299 | -1142457374 | -649799299
19c,210260144265424,production-floor | production-no-floor | raw | shrink,204487702 | 1055693188 | -1142457374 | 1055693188
19c,210260144265425,production-floor | production-no-floor | raw | shrink,204487702 | 1055693188 | -1142457374 | 1055693188
19c,210260144265426,production-floor | production-no-floor | raw | shrink,204487702 | 1055693188 | -1142457374 | 1055693188
19c,210260144265427,production-floor | production-no-floor | raw | shrink,204487702 | -649799299 | -1142457374 | -649799299
19c,210260144265428,production-floor | production-no-floor | raw | shrink,204487702 | 1055693188 | -1142457374 | 1055693188
19c,210260144265429,production-floor | production-no-floor | raw | shrink,204487702 | 1055693188 | -1142457374 | 1055693188
19c,210260144265430,production-floor | production-no-floor | raw | shrink,204487702 | 1055693188 | -1142457374 | 1055693188
19c,210260144265431,production-floor | production-no-floor | raw | shrink,204487702 | 1055693188 | -1142457374 | 1055693188
19c,210260144265432,production-floor | production-no-floor | raw | shrink,204487702 | 1055693188 | -1142457374 | 1055693188
19c,210260144265433,production-floor | production-no-floor | raw | shrink,204487702 | 1055693188 | -1065192089 | 1055693188
19c,210260144265434,production-floor | production-no-floor | raw | shrink,204487702 | 1055693188 | -1142457374 | 1055693188
19c,210260144265435,production-floor | production-no-floor | raw | shrink,204487702 | 1055693188 | -1065192089 | 1055693188
19c,210260144265436,production-floor | production-no-floor | raw | shrink,204487702 | 1055693188 | -1065192089 | 1055693188
19c,210260144265437,production-floor | production-no-floor | raw | shrink,204487702 | 1055693188 | -1142457374 | 1055693188
19c,210260144265438,production-floor | production-no-floor | raw | shrink,204487702 | 1055693188 | -1142457374 | 1055693188
19c,210260144265439,production-floor | production-no-floor | raw | shrink,204487702 | 1055693188 | -283153238 | 1055693188
19c,210260144265440,production-floor | production-no-floor | raw | shrink,204487702 | 1055693188 | -1142457374 | 1055693188
19c,210260144265441,production-floor | production-no-floor | raw | shrink,204487702 | 1055693188 | -1142457374 | 1055693188
19c,210260144265442,production-floor | production-no-floor | raw | shrink,204487702 | 1055693188 | -1142457374 | 1055693188
19c,210260144265443,production-floor | production-no-floor | raw | shrink,204487702 | 1055693188 | -1142457374 | 1055693188
19c,210260144265444,production-floor | production-no-floor | raw | shrink,204487702 | 1055693188 | -1142457374 | 1055693188
19c,210260144265445,production-floor | production-no-floor | raw | shrink,204487702 | 1055693188 | -1142457374 | 1055693188
19c,210260144265446,production-floor | production-no-floor | raw | shrink,204487702 | 1055693188 | -1142457374 | 1055693188
19c,210260144265447,production-floor | production-no-floor | raw | shrink,204487702 | 1055693188 | -1142457374 | 1055693188
19c,210260144265448,production-floor | production-no-floor | raw | shrink,204487702 | 1055693188 | -1142457374 | 1055693188
19c,210260144265449,production-floor | production-no-floor | raw | shrink,1311038716 | 1055693188 | -1142457374 | 1055693188
19c,210260144265450,production-floor | production-no-floor | raw | shrink,204487702 | 1055693188 | -1142457374 | 1055693188
19c,210260144265451,production-floor | production-no-floor | raw | shrink,204487702 | 1055693188 | 1347037819 | 1055693188
19c,210260144265452,production-floor | production-no-floor | raw | shrink,204487702 | 1055693188 | -1390643006 | 1055693188
19c,210260144265453,production-floor | production-no-floor | raw | shrink,204487702 | 1055693188 | -1142457374 | 1055693188
19c,210260144265454,production-floor | production-no-floor | raw | shrink,204487702 | 1055693188 | -1142457374 | 1055693188
19c,210260144265455,production-floor | production-no-floor | raw | shrink,204487702 | 1055693188 | -1142457374 | 1055693188
19c,210260144265456,production-floor | production-no-floor | raw | shrink,204487702 | -649799299 | -1142457374 | -649799299
19c,210260144265457,production-floor | production-no-floor | raw | shrink,204487702 | 1055693188 | 1347037819 | 1055693188
19c,210260144265458,production-floor | production-no-floor | raw | shrink,204487702 | 1055693188 | -1142457374 | 1055693188
19c,210260144265459,production-floor | production-no-floor | raw | shrink,204487702 | 1055693188 | -1142457374 | 1055693188
19c,210260144265460,production-floor | production-no-floor | raw | shrink,204487702 | 1055693188 | -1065192089 | 1055693188
19c,210260144265461,production-floor | production-no-floor | raw | shrink,204487702 | 1055693188 | -1142457374 | 1055693188
19c,210260144265462,production-floor | production-no-floor | raw | shrink,204487702 | 1055693188 | -1142457374 | 1055693188
19c,210260144265463,production-floor | production-no-floor | raw | shrink,204487702 | 1055693188 | -1142457374 | 1055693188
19c,210260144265464,production-floor | production-no-floor | raw | shrink,204487702 | 1055693188 | -1142457374 | 1055693188
19c,210260144265465,production-floor | production-no-floor | raw | shrink,204487702 | 1055693188 | -1142457374 | 1055693188
19c,210260144265466,production-floor | production-no-floor | raw | shrink,204487702 | 1055693188 | -1142457374 | 1055693188
19c,210260144265468,production-floor | production-no-floor | raw | shrink,204487702 | 1055693188 | -1142457374 | 1055693188
19c,210260144265469,production-floor | production-no-floor | raw | shrink,204487702 | 1055693188 | -1142457374 | 1055693188
19c,210260144265470,production-floor | production-no-floor | raw | shrink,204487702 | 1055693188 | -1142457374 | 1055693188
19c,210260144265471,production-floor | production-no-floor | raw | shrink,204487702 | 1055693188 | -1142457374 | 1055693188
19d,210264439232280,production-floor | production-no-floor | raw | shrink,-1675841368 | 723032794 | -1211980585 | 723032794
19d,210264439232284,production-floor | production-no-floor | raw | shrink,-1675841368 | 723032794 | -1211980585 | 723032794
19d,210264439232285,production-floor | production-no-floor | raw | shrink,-1675841368 | 723032794 | -1211980585 | 723032794
19d,210264439232286,production-floor | production-no-floor | raw | shrink,-1675841368 | 723032794 | -1211980585 | 723032794
19d,210264439232287,production-floor | production-no-floor | raw | shrink,-1675841368 | 723032794 | -1211980585 | 723032794
19d,210264439232288,production-floor | production-no-floor | raw | shrink,-1675841368 | 723032794 | -1211980585 | 723032794
19d,210264439232289,production-floor | production-no-floor | raw | shrink,-1675841368 | 723032794 | -1211980585 | 723032794
19d,210264439232290,production-floor | production-no-floor | raw | shrink,-1675841368 | 723032794 | -1211980585 | 723032794
19d,210264439232291,production-floor | production-no-floor | raw | shrink,-1675841368 | 723032794 | -1211980585 | 723032794
19d,210264439232292,production-floor | production-no-floor | raw | shrink,-1675841368 | 723032794 | -1211980585 | 723032794
19d,210264439232293,production-floor | production-no-floor | raw | shrink,-1675841368 | 723032794 | -1211980585 | 723032794
19d,210264439232294,production-floor | production-no-floor | raw | shrink,-1675841368 | 723032794 | -1211980585 | 723032794
19d,210264439232295,production-floor | production-no-floor | raw | shrink,-1675841368 | 723032794 | -1211980585 | 723032794
19d,210264439232296,production-floor | production-no-floor | raw | shrink,-1675841368 | 723032794 | -1211980585 | 723032794
19d,210264439232297,production-floor | production-no-floor | raw | shrink,-1675841368 | 723032794 | -1211980585 | 723032794
19d,210264439232298,production-floor | production-no-floor | raw | shrink,-1675841368 | 723032794 | -1211980585 | 723032794
19d,210264439232299,production-floor | production-no-floor | raw | shrink,-1675841368 | -1211980585 | -1211980585 | -1211980585
19d,210264439232300,production-floor | production-no-floor | raw | shrink,-1675841368 | 723032794 | -1211980585 | 723032794
19d,210264439232301,production-floor | production-no-floor | raw | shrink,-1675841368 | 723032794 | -1211980585 | 723032794
19d,210264439232302,production-floor | production-no-floor | raw | shrink,-1675841368 | 723032794 | -1211980585 | 723032794
19d,210264439232303,production-floor | production-no-floor | raw | shrink,-1675841368 | 723032794 | -1211980585 | 723032794
19d,210264439232304,production-floor | production-no-floor | raw | shrink,-1675841368 | 723032794 | -1211980585 | 723032794
19d,210264439232305,production-floor | production-no-floor | raw | shrink,-1675841368 | 723032794 | -1211980585 | 723032794
19d,210264439232306,production-floor | production-no-floor | raw | shrink,-1675841368 | 723032794 | -1211980585 | 723032794
19d,210264439232307,production-floor | production-no-floor | raw | shrink,-1675841368 | 723032794 | -1211980585 | 723032794
19d,210264439232308,production-floor | production-no-floor | raw | shrink,-1675841368 | 723032794 | -1211980585 | 723032794
19d,210264439232309,production-floor | production-no-floor | raw | shrink,-1675841368 | 723032794 | -1211980585 | 723032794
19d,210264439232310,production-floor | production-no-floor | raw | shrink,-1675841368 | 723032794 | -1211980585 | 723032794
19d,210264439232311,production-floor | production-no-floor | raw | shrink,-1675841368 | 723032794 | -1211980585 | 723032794
19d,210264439232312,production-floor | production-no-floor | raw | shrink,-1675841368 | 723032794 | -1211980585 | 723032794
19d,210264439232313,production-floor | production-no-floor | raw | shrink,-1675841368 | 723032794 | -1211980585 | 723032794
19d,210264439232314,production-floor | production-no-floor | raw | shrink,-1675841368 | -1211980585 | -1211980585 | -1211980585
19d,210264439232315,production-floor | production-no-floor | raw | shrink,-1675841368 | 723032794 | -1211980585 | 723032794
19d,210264439232316,production-floor | production-no-floor | raw | shrink,-1675841368 | 723032794 | -1211980585 | 723032794
19d,210264439232317,production-floor | production-no-floor | raw | shrink,-1675841368 | 723032794 | -1211980585 | 723032794
19d,210264439232318,production-floor | production-no-floor | raw | shrink,-1675841368 | 723032794 | -1211980585 | 723032794
19d,210264439232319,production-floor | production-no-floor | raw | shrink,-1675841368 | 723032794 | -1211980585 | 723032794
19d,210264439232704,production-floor | production-no-floor | raw | shrink,-1675841368 | 723032794 | -1211980585 | 723032794
19d,210264439232705,production-floor | production-no-floor | raw | shrink,-1246359705 | 723032794 | -1211980585 | 723032794
19d,210264439232706,production-floor | production-no-floor | raw | shrink,-1675841368 | 723032794 | -1211980585 | 723032794
19d,210264439232707,production-floor | production-no-floor | raw | shrink,-1675841368 | 723032794 | -1211980585 | 723032794
19d,210264439232708,production-floor | production-no-floor | raw | shrink,-1675841368 | 723032794 | -1211980585 | 723032794
19d,210264439232709,production-floor | production-no-floor | raw | shrink,-1675841368 | 723032794 | -1211980585 | 723032794
19d,210264439232710,production-floor | production-no-floor | raw | shrink,-1675841368 | 723032794 | -1211980585 | 723032794
19d,210264439232711,production-floor | production-no-floor | raw | shrink,-1675841368 | 723032794 | -1211980585 | 723032794
19d,210264439232712,production-floor | production-no-floor | raw | shrink,-1675841368 | 723032794 | -1211980585 | 723032794
19d,210264439232713,production-floor | production-no-floor | raw | shrink,-1675841368 | 723032794 | -1211980585 | 723032794
19d,210264439232714,production-floor | production-no-floor | raw | shrink,-1675841368 | 723032794 | -1211980585 | 723032794
19d,210264439232715,production-floor | production-no-floor | raw | shrink,-1675841368 | -1211980585 | -1211980585 | -1211980585
19d,210264439232716,production-floor | production-no-floor | raw | shrink,-1675841368 | 723032794 | -1211980585 | 723032794
19d,210264439232717,production-floor | production-no-floor | raw | shrink,-1675841368 | 723032794 | -1211980585 | 723032794
19d,210264439232718,production-floor | production-no-floor | raw | shrink,-1675841368 | 723032794 | -1211980585 | 723032794
19d,210264439232719,production-floor | production-no-floor | raw | shrink,-1675841368 | 723032794 | -1211980585 | 723032794
19d,210264439232720,production-floor | production-no-floor | raw | shrink,-1675841368 | 723032794 | -1211980585 | 723032794
19d,210264439232721,production-floor | production-no-floor | raw | shrink,-1675841368 | 723032794 | -1211980585 | 723032794
19d,210264439232722,production-floor | production-no-floor | raw | shrink,-1675841368 | 723032794 | -1211980585 | 723032794
19d,210264439232723,production-floor | production-no-floor | raw | shrink,-1675841368 | 723032794 | -1211980585 | 723032794
19d,210264439232724,production-floor | production-no-floor | raw | shrink,-1675841368 | 723032794 | -1211980585 | 723032794
19d,210264439232725,production-floor | production-no-floor | raw | shrink,-1675841368 | 723032794 | -1211980585 | 723032794
19d,210264439232726,production-floor | production-no-floor | raw | shrink,-1675841368 | 723032794 | -1211980585 | 723032794
19d,210264439232727,production-floor | production-no-floor | raw | shrink,-1675841368 | 723032794 | -1211980585 | 723032794
19d,210264439232728,production-floor | production-no-floor | raw | shrink,-1675841368 | 723032794 | -1211980585 | 723032794
19d,210264439232729,production-floor | production-no-floor | raw | shrink,-1675841368 | 723032794 | -1211980585 | 723032794
19d,210264439232730,production-floor | production-no-floor | raw | shrink,-1675841368 | -1211980585 | -1211980585 | -1211980585
19d,210264439232731,production-floor | production-no-floor | raw | shrink,-1675841368 | 723032794 | -1211980585 | 723032794
19d,210264439232732,production-floor | production-no-floor | raw | shrink,-502530266 | 723032794 | -1211980585 | 723032794
19d,210264439232733,production-floor | production-no-floor | raw | shrink,-1675841368 | 723032794 | -1211980585 | 723032794
19d,210264439232734,production-floor | production-no-floor | raw | shrink,-1675841368 | 723032794 | -1211980585 | 723032794
19d,210264439232735,production-floor | production-no-floor | raw | shrink,-1675841368 | 723032794 | -1211980585 | 723032794
19d,210264439232736,production-floor | production-no-floor | raw | shrink,-1675841368 | 723032794 | -1211980585 | 723032794
19d,210264439232737,production-floor | production-no-floor | raw | shrink,-1675841368 | 723032794 | -1211980585 | 723032794
19d,210264439232738,production-floor | production-no-floor | raw | shrink,-1675841368 | 723032794 | -1211980585 | 723032794
19d,210264439232739,production-floor | production-no-floor | raw | shrink,-1675841368 | 723032794 | -1211980585 | 723032794
19d,210264439232740,production-floor | production-no-floor | raw | shrink,-1675841368 | 723032794 | -1211980585 | 723032794
19d,210264439232741,production-floor | production-no-floor | raw | shrink,-1246359705 | 723032794 | -1211980585 | 723032794
19d,210264439232742,production-floor | production-no-floor | raw | shrink,-1675841368 | 723032794 | -1211980585 | 723032794
19d,210264439232743,production-floor | production-no-floor | raw | shrink,-1675841368 | 723032794 | -1211980585 | 723032794
19d,210264439232744,production-floor | production-no-floor | raw | shrink,-1675841368 | 723032794 | -1211980585 | 723032794
19d,210264439232745,production-floor | production-no-floor | raw | shrink,-1675841368 | -1211980585 | -1211980585 | -1211980585
19d,210264439232746,production-floor | production-no-floor | raw | shrink,-1675841368 | 723032794 | -1211980585 | 723032794
19d,210264439232747,production-floor | production-no-floor | raw | shrink,-1675841368 | 723032794 | -1211980585 | 723032794
19d,210264439232748,production-floor | production-no-floor | raw | shrink,-1675841368 | 723032794 | -1211980585 | 723032794
19d,210264439232749,production-floor | production-no-floor | raw | shrink,-1675841368 | 723032794 | -1211980585 | 723032794
19d,210264439232750,production-floor | production-no-floor | raw | shrink,-1675841368 | 723032794 | -1211980585 | 723032794
19d,210264439232751,production-floor | production-no-floor | raw | shrink,-1675841368 | 723032794 | -1211980585 | 723032794
19d,210264439232752,production-floor | production-no-floor | raw | shrink,-1675841368 | 723032794 | -1211980585 | 723032794
19d,210264439232753,production-floor | production-no-floor | raw | shrink,-1675841368 | 723032794 | -1211980585 | 723032794
19d,210264439232754,production-floor | production-no-floor | raw | shrink,-1675841368 | 723032794 | -1211980585 | 723032794
19d,210264439232755,production-floor | production-no-floor | raw | shrink,-1675841368 | 723032794 | -1211980585 | 723032794
19d,210264439232756,production-floor | production-no-floor | raw | shrink,-1675841368 | 723032794 | -1211980585 | 723032794
19d,210264439232757,production-floor | production-no-floor | raw | shrink,-1675841368 | 723032794 | -1211980585 | 723032794
19d,210264439232758,production-floor | production-no-floor | raw | shrink,-502530266 | 723032794 | -1211980585 | 723032794
19d,210264439232759,production-floor | production-no-floor | raw | shrink,-1675841368 | 723032794 | -1211980585 | 723032794
19d,210264439232760,production-floor | production-no-floor | raw | shrink,-1675841368 | 723032794 | -1211980585 | 723032794
19d,210264439232761,production-floor | production-no-floor | raw | shrink,-1675841368 | 723032794 | -1211980585 | 723032794
19d,210264439232762,production-floor | production-no-floor | raw | shrink,-1675841368 | 723032794 | -1211980585 | 723032794
19d,210264439232763,production-floor | production-no-floor | raw | shrink,-1675841368 | 723032794 | -1211980585 | 723032794
19d,210264439232765,production-floor | production-no-floor | raw | shrink,-1675841368 | 723032794 | -1211980585 | 723032794
19d,210264439232766,production-floor | production-no-floor | raw | shrink,-1675841368 | 723032794 | -1211980585 | 723032794
19d,210264439232767,production-floor | production-no-floor | raw | shrink,-1675841368 | 723032794 | -1211980585 | 723032794
20a,213180722046464,production-floor | production-no-floor | raw | shrink,-1591323648 | -1553139974 | -1553139974 | -1553139974
20a,213180722046465,production-floor | production-no-floor | raw | shrink,-1591323648 | -1553139974 | -1553139974 | -1553139974
20a,213180722046466,production-floor | production-no-floor | raw | shrink,-1591323648 | -1553139974 | -1553139974 | -1553139974
20a,213180722046467,production-floor | production-no-floor | raw | shrink,-1591323648 | -1553139974 | -1553139974 | -1553139974
20a,213180722046468,production-floor | production-no-floor | raw | shrink,-1591323648 | -1553139974 | -1553139974 | -1553139974
20a,213180722046469,production-floor | production-no-floor | raw | shrink,-1591323648 | -1553139974 | -1553139974 | -1553139974
20a,213180722046470,production-floor | production-no-floor | raw | shrink,-1591323648 | -1553139974 | -1553139974 | -1553139974
20a,213180722046471,production-floor | production-no-floor | raw | shrink,-1591323648 | -1553139974 | -1553139974 | -1553139974
20a,213180722046472,production-floor | production-no-floor | raw | shrink,-1591323648 | -1553139974 | -1553139974 | -1553139974
20a,213180722046473,production-floor | production-no-floor | raw | shrink,-1591323648 | -1553139974 | -1553139974 | -1553139974
20a,213180722046474,production-floor | production-no-floor | raw | shrink,-1591323648 | -1553139974 | -1553139974 | -1553139974
20a,213180722046475,production-floor | production-no-floor | raw | shrink,-1591323648 | -1553139974 | -1553139974 | -1553139974
20a,213180722046476,production-floor | production-no-floor | raw | shrink,-1591323648 | -1553139974 | -1553139974 | -1553139974
20a,213180722046477,production-floor | production-no-floor | raw | shrink,-1591323648 | -1553139974 | -1553139974 | -1553139974
20a,213180722046478,production-floor | production-no-floor | raw | shrink,-1591323648 | -1553139974 | -1553139974 | -1553139974
20a,213180722046479,production-floor | production-no-floor | raw | shrink,-1591323648 | -1553139974 | -1553139974 | -1553139974
20a,213180722046480,production-floor | production-no-floor | raw | shrink,-1591323648 | -1553139974 | -1553139974 | -1553139974
20a,213180722046481,production-floor | production-no-floor | raw | shrink,-1591323648 | -1553139974 | -1553139974 | -1553139974
20a,213180722046482,production-floor | production-no-floor | raw | shrink,-1591323648 | -1553139974 | -1553139974 | -1553139974
20a,213180722046483,production-floor | production-no-floor | raw | shrink,-1591323648 | -1553139974 | -1553139974 | -1553139974
20a,213180722046484,production-floor | production-no-floor | raw | shrink,-1591323648 | -1553139974 | -1553139974 | -1553139974
20a,213180722046485,production-floor | production-no-floor | raw | shrink,-1591323648 | -1553139974 | -1553139974 | -1553139974
20a,213180722046486,production-floor | production-no-floor | raw | shrink,-1591323648 | -1553139974 | -1553139974 | -1553139974
20a,213180722046487,production-floor | production-no-floor | raw | shrink,-1591323648 | -1553139974 | -1553139974 | -1553139974
20a,213180722046488,production-floor | production-no-floor | raw | shrink,-1591323648 | -1553139974 | -1553139974 | -1553139974
20a,213180722046489,production-floor | production-no-floor | raw | shrink,-1591323648 | -1553139974 | -1553139974 | -1553139974
20a,213180722046490,production-floor | production-no-floor | raw | shrink,-1591323648 | -1553139974 | -1553139974 | -1553139974
20a,213180722046491,production-floor | production-no-floor | raw | shrink,-1591323648 | -1553139974 | -1553139974 | -1553139974
20a,213180722046492,production-floor | production-no-floor | raw | shrink,-1591323648 | -1553139974 | -1553139974 | -1553139974
20a,213180722046493,production-floor | production-no-floor | raw | shrink,-1591323648 | -1553139974 | -1553139974 | -1553139974
20a,213180722046494,production-floor | production-no-floor | raw | shrink,-1591323648 | -1553139974 | -1553139974 | -1553139974
20a,213180722046495,production-floor | production-no-floor | raw | shrink,-1591323648 | -1553139974 | -1553139974 | -1553139974
20a,213180722046496,production-floor | production-no-floor | raw | shrink,-1591323648 | -1553139974 | -1553139974 | -1553139974
20a,213180722046497,production-floor | production-no-floor | raw | shrink,-1591323648 | -1553139974 | -1553139974 | -1553139974
20a,213180722046498,production-floor | production-no-floor | raw | shrink,-1591323648 | -1553139974 | -1553139974 | -1553139974
20a,213180722046500,production-floor | production-no-floor | raw | shrink,-1591323648 | -1553139974 | -1553139974 | -1553139974
20a,213180722046501,production-floor | production-no-floor | raw | shrink,-1591323648 | -1553139974 | -1553139974 | -1553139974
20a,213180722046502,production-floor | production-no-floor | raw | shrink,-1591323648 | -1553139974 | -1553139974 | -1553139974
20a,213180722046503,production-floor | production-no-floor | raw | shrink,-1591323648 | -1553139974 | -1553139974 | -1553139974
20a,213180722046504,production-floor | production-no-floor | raw | shrink,-1591323648 | -1553139974 | -1553139974 | -1553139974
20a,213180722046505,production-floor | production-no-floor | raw | shrink,-1591323648 | -1553139974 | -1553139974 | -1553139974
20a,213180722046506,production-floor | production-no-floor | raw | shrink,-1591323648 | -1553139974 | -1553139974 | -1553139974
20a,213180722046507,production-floor | production-no-floor | raw | shrink,-1591323648 | -1553139974 | -1553139974 | -1553139974
20a,213180722046508,production-floor | production-no-floor | raw | shrink,-1591323648 | -1553139974 | -1553139974 | -1553139974
20a,213180722046509,production-floor | production-no-floor | raw | shrink,-1591323648 | -1553139974 | -1553139974 | -1553139974
20a,213180722046510,production-floor | production-no-floor | raw | shrink,-1591323648 | -1553139974 | -1553139974 | -1553139974
20a,213180722046511,production-floor | production-no-floor | raw | shrink,-1591323648 | -1553139974 | -1553139974 | -1553139974
20a,213180722046512,production-floor | production-no-floor | raw | shrink,-1591323648 | -1553139974 | -1553139974 | -1553139974
20a,213180722046513,production-floor | production-no-floor | raw | shrink,-1591323648 | -1553139974 | -1553139974 | -1553139974
20a,213180722046514,production-floor | production-no-floor | raw | shrink,-1591323648 | -1553139974 | -1553139974 | -1553139974
20a,213180722046515,production-floor | production-no-floor | raw | shrink,-1591323648 | -1553139974 | -1553139974 | -1553139974
20a,213180722046516,production-floor | production-no-floor | raw | shrink,-1591323648 | -1553139974 | -1553139974 | -1553139974
20a,213180722046517,production-floor | production-no-floor | raw | shrink,-1591323648 | -1553139974 | -1553139974 | -1553139974
20a,213180722046518,production-floor | production-no-floor | raw | shrink,-1591323648 | -1553139974 | -1553139974 | -1553139974
20a,213180722046519,production-floor | production-no-floor | raw | shrink,-1591323648 | -1553139974 | -1553139974 | -1553139974
20a,213180722046520,production-floor | production-no-floor | raw | shrink,-1591323648 | -1553139974 | -1553139974 | -1553139974
20a,213180722046521,production-floor | production-no-floor | raw | shrink,-1591323648 | -1553139974 | -1553139974 | -1553139974
20a,213180722046522,production-floor | production-no-floor | raw | shrink,-1591323648 | -1553139974 | -1553139974 | -1553139974
20a,213180722046523,production-floor | production-no-floor | raw | shrink,-1591323648 | -1553139974 | -1553139974 | -1553139974
20a,213180722046524,production-floor | production-no-floor | raw | shrink,-1591323648 | -1553139974 | -1553139974 | -1553139974
20a,213180722046525,production-floor | production-no-floor | raw | shrink,-1591323648 | -1553139974 | -1553139974 | -1553139974
20a,213180722046526,production-floor | production-no-floor | raw | shrink,-1591323648 | -1553139974 | -1553139974 | -1553139974
20a,213180722046527,production-floor | production-no-floor | raw | shrink,-1591323648 | -1553139974 | -1553139974 | -1553139974
20a,213180722047424,production-floor | production-no-floor | raw | shrink,-1591323648 | -1553139974 | -1553139974 | -1553139974
20a,213180722047425,production-floor | production-no-floor | raw | shrink,-1591323648 | -1553139974 | -1553139974 | -1553139974
20a,213180722047426,production-floor | production-no-floor | raw | shrink,-1591323648 | -1553139974 | -1553139974 | -1553139974
20a,213180722047427,production-floor | production-no-floor | raw | shrink,-1591323648 | -1553139974 | -1553139974 | -1553139974
20a,213180722047431,production-floor | production-no-floor | raw | shrink,-1591323648 | -1553139974 | -1553139974 | -1553139974
20a,213180722047456,production-floor | production-no-floor | raw | shrink,-1591323648 | -1553139974 | -1553139974 | -1553139974
20a,213180722047457,production-floor | production-no-floor | raw | shrink,-1591323648 | -1553139974 | -1553139974 | -1553139974
20a,213180722047458,production-floor | production-no-floor | raw | shrink,-1591323648 | -1553139974 | -1553139974 | -1553139974
20a,213180722047459,production-floor | production-no-floor | raw | shrink,-1591323648 | -1553139974 | -1553139974 | -1553139974
20a,213180722047460,production-floor | production-no-floor | raw | shrink,-1591323648 | -1553139974 | -1553139974 | -1553139974
20a,213180722047461,production-floor | production-no-floor | raw | shrink,-1591323648 | -1553139974 | -1553139974 | -1553139974
20a,213180722047462,production-floor | production-no-floor | raw | shrink,-1591323648 | -1553139974 | -1553139974 | -1553139974
20a,213180722047463,production-floor | production-no-floor | raw | shrink,-1591323648 | -1553139974 | -1553139974 | -1553139974
20a,213180722047464,production-floor | production-no-floor | raw | shrink,-1591323648 | -1553139974 | -1553139974 | -1553139974
20a,213180722047465,production-floor | production-no-floor | raw | shrink,-1591323648 | -1553139974 | -1553139974 | -1553139974
20a,213180722047466,production-floor | production-no-floor | raw | shrink,-1591323648 | -1553139974 | -1553139974 | -1553139974
20a,213180722047467,production-floor | production-no-floor | raw | shrink,-1591323648 | -1553139974 | -1553139974 | -1553139974
20a,213180722047468,production-floor | production-no-floor | raw | shrink,-1591323648 | -1553139974 | -1553139974 | -1553139974
20a,213180722047469,production-floor | production-no-floor | raw | shrink,-1591323648 | -1553139974 | -1553139974 | -1553139974
20a,213180722047470,production-floor | production-no-floor | raw | shrink,-1591323648 | -1553139974 | -1553139974 | -1553139974
20a,213180722047471,production-floor | production-no-floor | raw | shrink,-1591323648 | -1553139974 | -1553139974 | -1553139974
20a,213180722047472,production-floor | production-no-floor | raw | shrink,-1591323648 | -1553139974 | -1553139974 | -1553139974
20a,213180722047473,production-floor | production-no-floor | raw | shrink,-1591323648 | -1553139974 | -1553139974 | -1553139974
20a,213180722047474,production-floor | production-no-floor | raw | shrink,-1591323648 | -1553139974 | -1553139974 | -1553139974
20a,213180722047475,production-floor | production-no-floor | raw | shrink,-1591323648 | -1553139974 | -1553139974 | -1553139974
20a,213180722047476,production-floor | production-no-floor | raw | shrink,-1591323648 | -1553139974 | -1553139974 | -1553139974
20a,213180722047477,production-floor | production-no-floor | raw | shrink,-1591323648 | -1553139974 | -1553139974 | -1553139974
20a,213180722047478,production-floor | production-no-floor | raw | shrink,-1591323648 | -1553139974 | -1553139974 | -1553139974
20a,213180722047479,production-floor | production-no-floor | raw | shrink,-1591323648 | -1553139974 | -1553139974 | -1553139974
20a,213180722047480,production-floor | production-no-floor | raw | shrink,-1591323648 | -1553139974 | -1553139974 | -1553139974
20a,213180722047481,production-floor | production-no-floor | raw | shrink,-1591323648 | -1553139974 | -1553139974 | -1553139974
20a,213180722047482,production-floor | production-no-floor | raw | shrink,-1591323648 | -1553139974 | -1553139974 | -1553139974
20a,213180722047483,production-floor | production-no-floor | raw | shrink,-1591323648 | -1553139974 | -1553139974 | -1553139974
20a,213180722047484,production-floor | production-no-floor | raw | shrink,-1591323648 | -1553139974 | -1553139974 | -1553139974
20a,213180722047485,production-floor | production-no-floor | raw | shrink,-1591323648 | -1553139974 | -1553139974 | -1553139974
20a,213180722047486,production-floor | production-no-floor | raw | shrink,-1591323648 | -1553139974 | -1553139974 | -1553139974
20a,213180722047487,production-floor | production-no-floor | raw | shrink,-1591323648 | -1553139974 | -1553139974 | -1553139974
20b,213185017013760,production-floor | production-no-floor | raw | shrink,-56865338 | 408647725 | 408647725 | 408647725
20b,213185017013761,production-floor | production-no-floor | raw | shrink,-56865338 | 408647725 | 408647725 | 408647725
20b,213185017013762,production-floor | production-no-floor | raw | shrink,-56865338 | 408647725 | 408647725 | 408647725
20b,213185017013763,production-floor | production-no-floor | raw | shrink,-56865338 | 408647725 | 408647725 | 408647725
20b,213185017013764,production-floor | production-no-floor | raw | shrink,-56865338 | 408647725 | 408647725 | 408647725
20b,213185017013765,production-floor | production-no-floor | raw | shrink,-56865338 | 408647725 | 408647725 | 408647725
20b,213185017013766,production-floor | production-no-floor | raw | shrink,-56865338 | 408647725 | 408647725 | 408647725
20b,213185017013767,production-floor | production-no-floor | raw | shrink,-56865338 | 408647725 | 408647725 | 408647725
20b,213185017013768,production-floor | production-no-floor | raw | shrink,-56865338 | 408647725 | 408647725 | 408647725
20b,213185017013769,production-floor | production-no-floor | raw | shrink,-56865338 | 408647725 | 408647725 | 408647725
20b,213185017013770,production-floor | production-no-floor | raw | shrink,-56865338 | 408647725 | 408647725 | 408647725
20b,213185017013771,production-floor | production-no-floor | raw | shrink,-56865338 | 408647725 | 408647725 | 408647725
20b,213185017013772,production-floor | production-no-floor | raw | shrink,-56865338 | 408647725 | 408647725 | 408647725
20b,213185017013773,production-floor | production-no-floor | raw | shrink,-56865338 | 408647725 | 408647725 | 408647725
20b,213185017013774,production-floor | production-no-floor | raw | shrink,-56865338 | 408647725 | 408647725 | 408647725
20b,213185017013775,production-floor | production-no-floor | raw | shrink,-56865338 | 408647725 | 408647725 | 408647725
20b,213185017013776,production-floor | production-no-floor | raw | shrink,-56865338 | 408647725 | 408647725 | 408647725
20b,213185017013777,production-floor | production-no-floor | raw | shrink,-56865338 | 408647725 | 408647725 | 408647725
20b,213185017013778,production-floor | production-no-floor | raw | shrink,-56865338 | 408647725 | 408647725 | 408647725
20b,213185017013779,production-floor | production-no-floor | raw | shrink,-56865338 | 408647725 | 408647725 | 408647725
20b,213185017013780,production-floor | production-no-floor | raw | shrink,-56865338 | 408647725 | 408647725 | 408647725
20b,213185017013781,production-floor | production-no-floor | raw | shrink,-56865338 | 408647725 | 408647725 | 408647725
20b,213185017013782,production-floor | production-no-floor | raw | shrink,-56865338 | 408647725 | 408647725 | 408647725
20b,213185017013783,production-floor | production-no-floor | raw | shrink,-56865338 | 408647725 | 408647725 | 408647725
20b,213185017013784,production-floor | production-no-floor | raw | shrink,-56865338 | 408647725 | 408647725 | 408647725
20b,213185017013785,production-floor | production-no-floor | raw | shrink,-56865338 | 408647725 | 408647725 | 408647725
20b,213185017013786,production-floor | production-no-floor | raw | shrink,-56865338 | 408647725 | 408647725 | 408647725
20b,213185017013787,production-floor | production-no-floor | raw | shrink,-56865338 | 408647725 | 408647725 | 408647725
20b,213185017013788,production-floor | production-no-floor | raw | shrink,-56865338 | 408647725 | 408647725 | 408647725
20b,213185017013789,production-floor | production-no-floor | raw | shrink,-56865338 | 408647725 | 408647725 | 408647725
20b,213185017013790,production-floor | production-no-floor | raw | shrink,-56865338 | 408647725 | 408647725 | 408647725
20b,213185017013791,production-floor | production-no-floor | raw | shrink,-56865338 | 408647725 | 408647725 | 408647725
20b,213185017013792,production-floor | production-no-floor | raw | shrink,-56865338 | 408647725 | 408647725 | 408647725
20b,213185017013793,production-floor | production-no-floor | raw | shrink,-56865338 | 408647725 | 408647725 | 408647725
20b,213185017013794,production-floor | production-no-floor | raw | shrink,-56865338 | 408647725 | 408647725 | 408647725
20b,213185017013795,production-floor | production-no-floor | raw | shrink,-56865338 | 408647725 | 408647725 | 408647725
20b,213185017013797,production-floor | production-no-floor | raw | shrink,-56865338 | 408647725 | 408647725 | 408647725
20b,213185017013798,production-floor | production-no-floor | raw | shrink,-56865338 | 408647725 | 408647725 | 408647725
20b,213185017013799,production-floor | production-no-floor | raw | shrink,-56865338 | 408647725 | 408647725 | 408647725
20b,213185017013800,production-floor | production-no-floor | raw | shrink,-56865338 | 408647725 | 408647725 | 408647725
20b,213185017013801,production-floor | production-no-floor | raw | shrink,-56865338 | 408647725 | 408647725 | 408647725
20b,213185017013802,production-floor | production-no-floor | raw | shrink,-56865338 | 408647725 | 408647725 | 408647725
20b,213185017013803,production-floor | production-no-floor | raw | shrink,-56865338 | 408647725 | 408647725 | 408647725
20b,213185017013804,production-floor | production-no-floor | raw | shrink,-56865338 | 408647725 | 408647725 | 408647725
20b,213185017013805,production-floor | production-no-floor | raw | shrink,-56865338 | 408647725 | 408647725 | 408647725
20b,213185017013806,production-floor | production-no-floor | raw | shrink,-56865338 | 408647725 | 408647725 | 408647725
20b,213185017013807,production-floor | production-no-floor | raw | shrink,-56865338 | 408647725 | 408647725 | 408647725
20b,213185017013808,production-floor | production-no-floor | raw | shrink,-56865338 | 408647725 | 408647725 | 408647725
20b,213185017013809,production-floor | production-no-floor | raw | shrink,-56865338 | 408647725 | 408647725 | 408647725
20b,213185017013810,production-floor | production-no-floor | raw | shrink,-56865338 | 408647725 | 408647725 | 408647725
20b,213185017013811,production-floor | production-no-floor | raw | shrink,-56865338 | 408647725 | 408647725 | 408647725
20b,213185017013812,production-floor | production-no-floor | raw | shrink,-56865338 | 408647725 | 408647725 | 408647725
20b,213185017013813,production-floor | production-no-floor | raw | shrink,-56865338 | 408647725 | 408647725 | 408647725
20b,213185017013814,production-floor | production-no-floor | raw | shrink,-56865338 | 408647725 | 408647725 | 408647725
20b,213185017013815,production-floor | production-no-floor | raw | shrink,-56865338 | 408647725 | 408647725 | 408647725
20b,213185017013816,production-floor | production-no-floor | raw | shrink,-56865338 | 408647725 | 408647725 | 408647725
20b,213185017013817,production-floor | production-no-floor | raw | shrink,-56865338 | 408647725 | 408647725 | 408647725
20b,213185017013818,production-floor | production-no-floor | raw | shrink,-56865338 | 408647725 | 408647725 | 408647725
20b,213185017013819,production-floor | production-no-floor | raw | shrink,-56865338 | 408647725 | 408647725 | 408647725
20b,213185017013820,production-floor | production-no-floor | raw | shrink,-56865338 | 408647725 | 408647725 | 408647725
20b,213185017013821,production-floor | production-no-floor | raw | shrink,-56865338 | 408647725 | 408647725 | 408647725
20b,213185017013822,production-floor | production-no-floor | raw | shrink,-56865338 | 408647725 | 408647725 | 408647725
20b,213185017013823,production-floor | production-no-floor | raw | shrink,-56865338 | 408647725 | 408647725 | 408647725
20b,213185017014720,production-floor | production-no-floor | raw | shrink,-56865338 | 408647725 | 408647725 | 408647725
20b,213185017014724,production-floor | production-no-floor | raw | shrink,-56865338 | 408647725 | 408647725 | 408647725
20b,213185017014725,production-floor | production-no-floor | raw | shrink,-56865338 | 408647725 | 408647725 | 408647725
20b,213185017014726,production-floor | production-no-floor | raw | shrink,-56865338 | 408647725 | 408647725 | 408647725
20b,213185017014727,production-floor | production-no-floor | raw | shrink,-56865338 | 408647725 | 408647725 | 408647725
20b,213185017014752,production-floor | production-no-floor | raw | shrink,-56865338 | 408647725 | 408647725 | 408647725
20b,213185017014753,production-floor | production-no-floor | raw | shrink,-56865338 | 408647725 | 408647725 | 408647725
20b,213185017014754,production-floor | production-no-floor | raw | shrink,-56865338 | 408647725 | 408647725 | 408647725
20b,213185017014755,production-floor | production-no-floor | raw | shrink,-56865338 | 408647725 | 408647725 | 408647725
20b,213185017014756,production-floor | production-no-floor | raw | shrink,-56865338 | 408647725 | 408647725 | 408647725
20b,213185017014757,production-floor | production-no-floor | raw | shrink,-56865338 | 408647725 | 408647725 | 408647725
20b,213185017014758,production-floor | production-no-floor | raw | shrink,-56865338 | 408647725 | 408647725 | 408647725
20b,213185017014759,production-floor | production-no-floor | raw | shrink,-56865338 | 408647725 | 408647725 | 408647725
20b,213185017014760,production-floor | production-no-floor | raw | shrink,-56865338 | 408647725 | 408647725 | 408647725
20b,213185017014761,production-floor | production-no-floor | raw | shrink,-56865338 | 408647725 | 408647725 | 408647725
20b,213185017014762,production-floor | production-no-floor | raw | shrink,-56865338 | 408647725 | 408647725 | 408647725
20b,213185017014763,production-floor | production-no-floor | raw | shrink,-56865338 | 408647725 | 408647725 | 408647725
20b,213185017014764,production-floor | production-no-floor | raw | shrink,-56865338 | 408647725 | 408647725 | 408647725
20b,213185017014765,production-floor | production-no-floor | raw | shrink,-56865338 | 408647725 | 408647725 | 408647725
20b,213185017014766,production-floor | production-no-floor | raw | shrink,-56865338 | 408647725 | 408647725 | 408647725
20b,213185017014767,production-floor | production-no-floor | raw | shrink,-56865338 | 408647725 | 408647725 | 408647725
20b,213185017014768,production-floor | production-no-floor | raw | shrink,-56865338 | 408647725 | 408647725 | 408647725
20b,213185017014769,production-floor | production-no-floor | raw | shrink,-56865338 | 408647725 | 408647725 | 408647725
20b,213185017014770,production-floor | production-no-floor | raw | shrink,-56865338 | 408647725 | 408647725 | 408647725
20b,213185017014771,production-floor | production-no-floor | raw | shrink,-56865338 | 408647725 | 408647725 | 408647725
20b,213185017014772,production-floor | production-no-floor | raw | shrink,-56865338 | 408647725 | 408647725 | 408647725
20b,213185017014773,production-floor | production-no-floor | raw | shrink,-56865338 | 408647725 | 408647725 | 408647725
20b,213185017014774,production-floor | production-no-floor | raw | shrink,-56865338 | 408647725 | 408647725 | 408647725
20b,213185017014775,production-floor | production-no-floor | raw | shrink,-56865338 | 408647725 | 408647725 | 408647725
20b,213185017014776,production-floor | production-no-floor | raw | shrink,-56865338 | 408647725 | 408647725 | 408647725
20b,213185017014777,production-floor | production-no-floor | raw | shrink,-56865338 | 408647725 | 408647725 | 408647725
20b,213185017014778,production-floor | production-no-floor | raw | shrink,-56865338 | 408647725 | 408647725 | 408647725
20b,213185017014779,production-floor | production-no-floor | raw | shrink,-56865338 | 408647725 | 408647725 | 408647725
20b,213185017014780,production-floor | production-no-floor | raw | shrink,-56865338 | 408647725 | 408647725 | 408647725
20b,213185017014781,production-floor | production-no-floor | raw | shrink,-56865338 | 408647725 | 408647725 | 408647725
20b,213185017014782,production-floor | production-no-floor | raw | shrink,-56865338 | 408647725 | 408647725 | 408647725
20b,213185017014783,production-floor | production-no-floor | raw | shrink,-56865338 | 408647725 | 408647725 | 408647725
20c,213189311981056,production-floor | production-no-floor | raw | shrink,216174188 | -972706008 | -972706008 | -972706008
20c,213189311981057,production-floor | production-no-floor | raw | shrink,216174188 | -972706008 | -972706008 | -972706008
20c,213189311981058,production-floor | production-no-floor | raw | shrink,216174188 | -972706008 | -972706008 | -972706008
20c,213189311981059,production-floor | production-no-floor | raw | shrink,216174188 | -972706008 | -972706008 | -972706008
20c,213189311981060,production-floor | production-no-floor | raw | shrink,216174188 | -972706008 | -972706008 | -972706008
20c,213189311981061,production-floor | production-no-floor | raw | shrink,216174188 | -972706008 | -972706008 | -972706008
20c,213189311981062,production-floor | production-no-floor | raw | shrink,216174188 | -972706008 | -972706008 | -972706008
20c,213189311981063,production-floor | production-no-floor | raw | shrink,216174188 | -972706008 | -972706008 | -972706008
20c,213189311981064,production-floor | production-no-floor | raw | shrink,216174188 | -972706008 | -972706008 | -972706008
20c,213189311981065,production-floor | production-no-floor | raw | shrink,216174188 | -972706008 | -972706008 | -972706008
20c,213189311981066,production-floor | production-no-floor | raw | shrink,216174188 | -972706008 | -972706008 | -972706008
20c,213189311981067,production-floor | production-no-floor | raw | shrink,216174188 | -972706008 | -972706008 | -972706008
20c,213189311981068,production-floor | production-no-floor | raw | shrink,216174188 | -972706008 | -972706008 | -972706008
20c,213189311981069,production-floor | production-no-floor | raw | shrink,216174188 | -972706008 | -972706008 | -972706008
20c,213189311981070,production-floor | production-no-floor | raw | shrink,216174188 | -972706008 | -972706008 | -972706008
20c,213189311981071,production-floor | production-no-floor | raw | shrink,216174188 | -972706008 | -972706008 | -972706008
20c,213189311981072,production-floor | production-no-floor | raw | shrink,216174188 | -972706008 | -972706008 | -972706008
20c,213189311981073,production-floor | production-no-floor | raw | shrink,216174188 | -972706008 | -972706008 | -972706008
20c,213189311981074,production-floor | production-no-floor | raw | shrink,216174188 | -972706008 | -972706008 | -972706008
20c,213189311981075,production-floor | production-no-floor | raw | shrink,216174188 | -972706008 | -972706008 | -972706008
20c,213189311981076,production-floor | production-no-floor | raw | shrink,216174188 | -972706008 | -972706008 | -972706008
20c,213189311981077,production-floor | production-no-floor | raw | shrink,216174188 | -972706008 | -972706008 | -972706008
20c,213189311981078,production-floor | production-no-floor | raw | shrink,216174188 | -972706008 | -972706008 | -972706008
20c,213189311981079,production-floor | production-no-floor | raw | shrink,216174188 | -972706008 | -972706008 | -972706008
20c,213189311981080,production-floor | production-no-floor | raw | shrink,216174188 | -972706008 | -972706008 | -972706008
20c,213189311981081,production-floor | production-no-floor | raw | shrink,216174188 | -972706008 | -972706008 | -972706008
20c,213189311981082,production-floor | production-no-floor | raw | shrink,216174188 | -972706008 | -972706008 | -972706008
20c,213189311981083,production-floor | production-no-floor | raw | shrink,216174188 | -972706008 | -972706008 | -972706008
20c,213189311981084,production-floor | production-no-floor | raw | shrink,216174188 | -972706008 | -972706008 | -972706008
20c,213189311981085,production-floor | production-no-floor | raw | shrink,216174188 | -972706008 | -972706008 | -972706008
20c,213189311981086,production-floor | production-no-floor | raw | shrink,216174188 | -972706008 | -972706008 | -972706008
20c,213189311981087,production-floor | production-no-floor | raw | shrink,216174188 | -972706008 | -972706008 | -972706008
20c,213189311981088,production-floor | production-no-floor | raw | shrink,216174188 | -972706008 | -972706008 | -972706008
20c,213189311981089,production-floor | production-no-floor | raw | shrink,216174188 | -972706008 | -972706008 | -972706008
20c,213189311981090,production-floor | production-no-floor | raw | shrink,216174188 | -972706008 | -972706008 | -972706008
20c,213189311981091,production-floor | production-no-floor | raw | shrink,216174188 | -972706008 | -972706008 | -972706008
20c,213189311981092,production-floor | production-no-floor | raw | shrink,216174188 | -972706008 | -972706008 | -972706008
20c,213189311981094,production-floor | production-no-floor | raw | shrink,216174188 | -972706008 | -972706008 | -972706008
20c,213189311981095,production-floor | production-no-floor | raw | shrink,216174188 | -972706008 | -972706008 | -972706008
20c,213189311981096,production-floor | production-no-floor | raw | shrink,216174188 | -972706008 | -972706008 | -972706008
20c,213189311981097,production-floor | production-no-floor | raw | shrink,216174188 | -972706008 | -972706008 | -972706008
20c,213189311981098,production-floor | production-no-floor | raw | shrink,216174188 | -972706008 | -972706008 | -972706008
20c,213189311981099,production-floor | production-no-floor | raw | shrink,216174188 | -972706008 | -972706008 | -972706008
20c,213189311981100,production-floor | production-no-floor | raw | shrink,216174188 | -972706008 | -972706008 | -972706008
20c,213189311981101,production-floor | production-no-floor | raw | shrink,216174188 | -972706008 | -972706008 | -972706008
20c,213189311981102,production-floor | production-no-floor | raw | shrink,216174188 | -972706008 | -972706008 | -972706008
20c,213189311981103,production-floor | production-no-floor | raw | shrink,216174188 | -972706008 | -972706008 | -972706008
20c,213189311981104,production-floor | production-no-floor | raw | shrink,216174188 | -972706008 | -972706008 | -972706008
20c,213189311981105,production-floor | production-no-floor | raw | shrink,216174188 | -972706008 | -972706008 | -972706008
20c,213189311981106,production-floor | production-no-floor | raw | shrink,216174188 | -972706008 | -972706008 | -972706008
20c,213189311981107,production-floor | production-no-floor | raw | shrink,216174188 | -972706008 | -972706008 | -972706008
20c,213189311981108,production-floor | production-no-floor | raw | shrink,216174188 | -972706008 | -972706008 | -972706008
20c,213189311981109,production-floor | production-no-floor | raw | shrink,216174188 | -972706008 | -972706008 | -972706008
20c,213189311981110,production-floor | production-no-floor | raw | shrink,216174188 | -972706008 | -972706008 | -972706008
20c,213189311981111,production-floor | production-no-floor | raw | shrink,216174188 | -972706008 | -972706008 | -972706008
20c,213189311981112,production-floor | production-no-floor | raw | shrink,216174188 | -972706008 | -972706008 | -972706008
20c,213189311981113,production-floor | production-no-floor | raw | shrink,216174188 | -972706008 | -972706008 | -972706008
20c,213189311981114,production-floor | production-no-floor | raw | shrink,216174188 | -972706008 | -972706008 | -972706008
20c,213189311981115,production-floor | production-no-floor | raw | shrink,216174188 | -972706008 | -972706008 | -972706008
20c,213189311981116,production-floor | production-no-floor | raw | shrink,216174188 | -972706008 | -972706008 | -972706008
20c,213189311981117,production-floor | production-no-floor | raw | shrink,216174188 | -972706008 | -972706008 | -972706008
20c,213189311981118,production-floor | production-no-floor | raw | shrink,216174188 | -972706008 | -972706008 | -972706008
20c,213189311981119,production-floor | production-no-floor | raw | shrink,216174188 | -972706008 | -972706008 | -972706008
20c,213189311982017,production-floor | production-no-floor | raw | shrink,216174188 | -972706008 | -972706008 | -972706008
20c,213189311982020,production-floor | production-no-floor | raw | shrink,216174188 | -972706008 | -972706008 | -972706008
20c,213189311982021,production-floor | production-no-floor | raw | shrink,216174188 | -972706008 | -972706008 | -972706008
20c,213189311982022,production-floor | production-no-floor | raw | shrink,216174188 | -972706008 | -972706008 | -972706008
20c,213189311982023,production-floor | production-no-floor | raw | shrink,216174188 | -972706008 | -972706008 | -972706008
20c,213189311982048,production-floor | production-no-floor | raw | shrink,216174188 | -972706008 | -972706008 | -972706008
20c,213189311982049,production-floor | production-no-floor | raw | shrink,216174188 | -972706008 | -972706008 | -972706008
20c,213189311982050,production-floor | production-no-floor | raw | shrink,216174188 | -972706008 | -972706008 | -972706008
20c,213189311982051,production-floor | production-no-floor | raw | shrink,216174188 | -972706008 | -972706008 | -972706008
20c,213189311982052,production-floor | production-no-floor | raw | shrink,216174188 | -972706008 | -972706008 | -972706008
20c,213189311982053,production-floor | production-no-floor | raw | shrink,216174188 | -972706008 | -972706008 | -972706008
20c,213189311982054,production-floor | production-no-floor | raw | shrink,216174188 | -972706008 | -972706008 | -972706008
20c,213189311982055,production-floor | production-no-floor | raw | shrink,216174188 | -972706008 | -972706008 | -972706008
20c,213189311982056,production-floor | production-no-floor | raw | shrink,216174188 | -972706008 | -972706008 | -972706008
20c,213189311982057,production-floor | production-no-floor | raw | shrink,216174188 | -972706008 | -972706008 | -972706008
20c,213189311982058,production-floor | production-no-floor | raw | shrink,216174188 | -972706008 | -972706008 | -972706008
20c,213189311982059,production-floor | production-no-floor | raw | shrink,216174188 | -972706008 | -972706008 | -972706008
20c,213189311982060,production-floor | production-no-floor | raw | shrink,216174188 | -972706008 | -972706008 | -972706008
20c,213189311982061,production-floor | production-no-floor | raw | shrink,216174188 | -972706008 | -972706008 | -972706008
20c,213189311982062,production-floor | production-no-floor | raw | shrink,216174188 | -972706008 | -972706008 | -972706008
20c,213189311982063,production-floor | production-no-floor | raw | shrink,216174188 | -972706008 | -972706008 | -972706008
20c,213189311982064,production-floor | production-no-floor | raw | shrink,216174188 | -972706008 | -972706008 | -972706008
20c,213189311982065,production-floor | production-no-floor | raw | shrink,216174188 | -972706008 | -972706008 | -972706008
20c,213189311982066,production-floor | production-no-floor | raw | shrink,216174188 | -972706008 | -972706008 | -972706008
20c,213189311982067,production-floor | production-no-floor | raw | shrink,216174188 | -972706008 | -972706008 | -972706008
20c,213189311982068,production-floor | production-no-floor | raw | shrink,216174188 | -972706008 | -972706008 | -972706008
20c,213189311982069,production-floor | production-no-floor | raw | shrink,216174188 | -972706008 | -972706008 | -972706008
20c,213189311982070,production-floor | production-no-floor | raw | shrink,216174188 | -972706008 | -972706008 | -972706008
20c,213189311982071,production-floor | production-no-floor | raw | shrink,216174188 | -972706008 | -972706008 | -972706008
20c,213189311982072,production-floor | production-no-floor | raw | shrink,216174188 | -972706008 | -972706008 | -972706008
20c,213189311982073,production-floor | production-no-floor | raw | shrink,216174188 | -972706008 | -972706008 | -972706008
20c,213189311982074,production-floor | production-no-floor | raw | shrink,216174188 | -972706008 | -972706008 | -972706008
20c,213189311982075,production-floor | production-no-floor | raw | shrink,216174188 | -972706008 | -972706008 | -972706008
20c,213189311982076,production-floor | production-no-floor | raw | shrink,216174188 | -972706008 | -972706008 | -972706008
20c,213189311982077,production-floor | production-no-floor | raw | shrink,216174188 | -972706008 | -972706008 | -972706008
20c,213189311982078,production-floor | production-no-floor | raw | shrink,216174188 | -972706008 | -972706008 | -972706008
20c,213189311982079,production-floor | production-no-floor | raw | shrink,216174188 | -972706008 | -972706008 | -972706008
21a,213313866032587,production-floor | production-no-floor | raw | shrink,405046416 | 405046416 | -597700708 | 405046416
21a,213313866032592,production-floor | production-no-floor | raw | shrink,405046416 | 405046416 | -597700708 | 405046416
21a,213313866032593,production-floor | production-no-floor | raw | shrink,405046416 | 405046416 | -597700708 | 405046416
21a,213313866032596,production-floor | production-no-floor | raw | shrink,405046416 | 405046416 | 832297807 | 405046416
21a,213313866032598,production-floor | production-no-floor | raw | shrink,405046416 | 405046416 | -597700708 | 405046416
21a,213313866032600,production-floor | production-no-floor | raw | shrink,405046416 | 405046416 | -597700708 | 405046416
21a,213313866032601,production-floor | production-no-floor | raw | shrink,405046416 | 405046416 | -597700708 | 405046416
21a,213313866032603,production-floor | production-no-floor | raw | shrink,405046416 | 405046416 | -597700708 | 405046416
21a,213313866032605,production-floor | production-no-floor | raw | shrink,405046416 | 405046416 | -597700708 | 405046416
21a,213313866032608,production-floor | production-no-floor | raw | shrink,405046416 | 405046416 | -597700708 | 405046416
21a,213313866032612,production-floor | production-no-floor | raw | shrink,405046416 | 405046416 | -597700708 | 405046416
21a,213313866032614,production-floor | production-no-floor | raw | shrink,405046416 | 405046416 | -597700708 | 405046416
21a,213313866032615,production-floor | production-no-floor | raw | shrink,405046416 | 405046416 | -597700708 | 405046416
21a,213313866032618,production-floor | production-no-floor | raw | shrink,405046416 | 405046416 | -597700708 | 405046416
21a,213313866032620,production-floor | production-no-floor | raw | shrink,405046416 | 405046416 | -597700708 | 405046416
21a,213313866032623,production-floor | production-no-floor | raw | shrink,405046416 | 405046416 | -597700708 | 405046416
21a,213313866032625,production-floor | production-no-floor | raw | shrink,405046416 | 405046416 | -597700708 | 405046416
21a,213313866032627,production-floor | production-no-floor | raw | shrink,405046416 | 405046416 | -597700708 | 405046416
21a,213313866032629,production-floor | production-no-floor | raw | shrink,405046416 | 405046416 | -597700708 | 405046416
21a,213313866032631,production-floor | production-no-floor | raw | shrink,405046416 | 405046416 | -597700708 | 405046416
21a,213313866032633,production-floor | production-no-floor | raw | shrink,405046416 | 405046416 | -597700708 | 405046416
21a,213313866032636,production-floor | production-no-floor | raw | shrink,405046416 | 405046416 | -597700708 | 405046416
21a,213313866032637,production-floor | production-no-floor | raw | shrink,405046416 | 405046416 | -597700708 | 405046416
21a,213313866032638,production-floor | production-no-floor | raw | shrink,405046416 | 405046416 | -597700708 | 405046416
21a,213313866032639,production-floor | production-no-floor | raw | shrink,405046416 | 405046416 | -597700708 | 405046416
21a,213313866033666,production-floor | production-no-floor | raw | shrink,405046416 | 405046416 | -597700708 | 405046416
21a,213313866033667,production-floor | production-no-floor | raw | shrink,405046416 | 405046416 | -597700708 | 405046416
21a,213313866033670,production-floor | production-no-floor | raw | shrink,405046416 | 405046416 | -597700708 | 405046416
21a,213313866033679,production-floor | production-no-floor | raw | shrink,405046416 | 405046416 | -597700708 | 405046416
21a,213313866033692,production-floor | production-no-floor | raw | shrink,405046416 | 405046416 | -597700708 | 405046416
21a,213313866033699,production-floor | production-no-floor | raw | shrink,405046416 | 405046416 | -597700708 | 405046416
21a,213313866033702,production-floor | production-no-floor | raw | shrink,405046416 | 405046416 | -597700708 | 405046416
21b,213318160999873,production-floor | production-no-floor | raw | shrink,405046416 | 405046416 | -597700708 | 405046416
21b,213318160999874,production-floor | production-no-floor | raw | shrink,405046416 | 405046416 | -597700708 | 405046416
21b,213318160999876,production-floor | production-no-floor | raw | shrink,405046416 | 405046416 | -597700708 | 405046416
21b,213318160999877,production-floor | production-no-floor | raw | shrink,405046416 | 405046416 | -597700708 | 405046416
21b,213318160999878,production-floor | production-no-floor | raw | shrink,405046416 | 405046416 | 832297807 | 405046416
21b,213318160999880,production-floor | production-no-floor | raw | shrink,405046416 | 405046416 | -597700708 | 405046416
21b,213318160999881,production-floor | production-no-floor | raw | shrink,405046416 | 405046416 | 832297807 | 405046416
21b,213318160999883,production-floor | production-no-floor | raw | shrink,405046416 | 405046416 | -597700708 | 405046416
21b,213318160999884,production-floor | production-no-floor | raw | shrink,405046416 | 405046416 | -597700708 | 405046416
21b,213318160999885,production-floor | production-no-floor | raw | shrink,405046416 | 405046416 | 832297807 | 405046416
21b,213318160999888,production-floor | production-no-floor | raw | shrink,405046416 | 405046416 | 832297807 | 405046416
21b,213318160999889,production-floor | production-no-floor | raw | shrink,405046416 | 405046416 | -597700708 | 405046416
21b,213318160999891,production-floor | production-no-floor | raw | shrink,405046416 | 405046416 | -597700708 | 405046416
21b,213318160999893,production-floor | production-no-floor | raw | shrink,405046416 | 405046416 | -597700708 | 405046416
21b,213318160999894,production-floor | production-no-floor | raw | shrink,405046416 | 405046416 | -597700708 | 405046416
21b,213318160999895,production-floor | production-no-floor | raw | shrink,405046416 | 405046416 | -597700708 | 405046416
21b,213318160999896,production-floor | production-no-floor | raw | shrink,405046416 | 405046416 | -597700708 | 405046416
21b,213318160999897,production-floor | production-no-floor | raw | shrink,405046416 | 405046416 | -597700708 | 405046416
21b,213318160999898,production-floor | production-no-floor | raw | shrink,405046416 | 405046416 | 832297807 | 405046416
21b,213318160999900,production-floor | production-no-floor | raw | shrink,405046416 | 405046416 | 832297807 | 405046416
21b,213318160999901,production-floor | production-no-floor | raw | shrink,405046416 | 405046416 | 832297807 | 405046416
21b,213318160999903,production-floor | production-no-floor | raw | shrink,405046416 | 405046416 | -597700708 | 405046416
21b,213318160999904,production-floor | production-no-floor | raw | shrink,405046416 | 405046416 | 832297807 | 405046416
21b,213318160999905,production-floor | production-no-floor | raw | shrink,405046416 | 405046416 | -597700708 | 405046416
21b,213318160999907,production-floor | production-no-floor | raw | shrink,405046416 | 405046416 | -597700708 | 405046416
21b,213318160999910,production-floor | production-no-floor | raw | shrink,405046416 | 405046416 | -597700708 | 405046416
21b,213318160999912,production-floor | production-no-floor | raw | shrink,405046416 | 405046416 | -597700708 | 405046416
21b,213318160999913,production-floor | production-no-floor | raw | shrink,405046416 | 405046416 | -597700708 | 405046416
21b,213318160999916,production-floor | production-no-floor | raw | shrink,405046416 | 405046416 | -597700708 | 405046416
21b,213318160999917,production-floor | production-no-floor | raw | shrink,405046416 | 405046416 | 832297807 | 405046416
21b,213318160999918,production-floor | production-no-floor | raw | shrink,405046416 | 405046416 | -597700708 | 405046416
21b,213318160999919,production-floor | production-no-floor | raw | shrink,405046416 | 405046416 | -597700708 | 405046416
21b,213318160999921,production-floor | production-no-floor | raw | shrink,405046416 | 405046416 | -597700708 | 405046416
21b,213318160999922,production-floor | production-no-floor | raw | shrink,405046416 | 405046416 | -597700708 | 405046416
21b,213318160999923,production-floor | production-no-floor | raw | shrink,405046416 | 405046416 | -597700708 | 405046416
21b,213318160999924,production-floor | production-no-floor | raw | shrink,405046416 | 405046416 | 832297807 | 405046416
21b,213318160999925,production-floor | production-no-floor | raw | shrink,405046416 | 405046416 | -597700708 | 405046416
21b,213318160999926,production-floor | production-no-floor | raw | shrink,405046416 | 405046416 | -597700708 | 405046416
21b,213318160999929,production-floor | production-no-floor | raw | shrink,405046416 | 405046416 | -597700708 | 405046416
21b,213318160999930,production-floor | production-no-floor | raw | shrink,405046416 | 405046416 | 832297807 | 405046416
21b,213318160999933,production-floor | production-no-floor | raw | shrink,405046416 | 405046416 | -597700708 | 405046416
21b,213318160999935,production-floor | production-no-floor | raw | shrink,405046416 | 405046416 | 832297807 | 405046416
21b,213318161000960,production-floor | production-no-floor | raw | shrink,405046416 | 405046416 | -597700708 | 405046416
21b,213318161000961,production-floor | production-no-floor | raw | shrink,405046416 | 405046416 | -597700708 | 405046416
21b,213318161000962,production-floor | production-no-floor | raw | shrink,405046416 | 405046416 | -597700708 | 405046416
21b,213318161000963,production-floor | production-no-floor | raw | shrink,405046416 | 405046416 | -597700708 | 405046416
21b,213318161000965,production-floor | production-no-floor | raw | shrink,405046416 | 405046416 | -597700708 | 405046416
21b,213318161000966,production-floor | production-no-floor | raw | shrink,405046416 | 405046416 | -597700708 | 405046416
21b,213318161000967,production-floor | production-no-floor | raw | shrink,405046416 | 405046416 | -597700708 | 405046416
21b,213318161000968,production-floor | production-no-floor | raw | shrink,405046416 | 405046416 | -597700708 | 405046416
21b,213318161000969,production-floor | production-no-floor | raw | shrink,405046416 | 405046416 | -597700708 | 405046416
21b,213318161000970,production-floor | production-no-floor | raw | shrink,405046416 | 405046416 | -597700708 | 405046416
21b,213318161000971,production-floor | production-no-floor | raw | shrink,405046416 | 405046416 | -597700708 | 405046416
21b,213318161000972,production-floor | production-no-floor | raw | shrink,405046416 | 405046416 | -597700708 | 405046416
21b,213318161000973,production-floor | production-no-floor | raw | shrink,405046416 | 405046416 | -597700708 | 405046416
21b,213318161000974,production-floor | production-no-floor | raw | shrink,405046416 | 405046416 | 832297807 | 405046416
21b,213318161000975,production-floor | production-no-floor | raw | shrink,405046416 | 405046416 | -597700708 | 405046416
21b,213318161000976,production-floor | production-no-floor | raw | shrink,405046416 | 405046416 | -597700708 | 405046416
21b,213318161000977,production-floor | production-no-floor | raw | shrink,405046416 | 405046416 | -597700708 | 405046416
21b,213318161000978,production-floor | production-no-floor | raw | shrink,405046416 | 405046416 | -597700708 | 405046416
21b,213318161000980,production-floor | production-no-floor | raw | shrink,405046416 | 405046416 | -597700708 | 405046416
21b,213318161000981,production-floor | production-no-floor | raw | shrink,405046416 | 405046416 | -597700708 | 405046416
21b,213318161000982,production-floor | production-no-floor | raw | shrink,405046416 | 405046416 | -597700708 | 405046416
21b,213318161000984,production-floor | production-no-floor | raw | shrink,405046416 | 405046416 | -597700708 | 405046416
21b,213318161000985,production-floor | production-no-floor | raw | shrink,405046416 | 405046416 | 832297807 | 405046416
21b,213318161000986,production-floor | production-no-floor | raw | shrink,405046416 | 405046416 | -597700708 | 405046416
21b,213318161000987,production-floor | production-no-floor | raw | shrink,405046416 | 405046416 | -597700708 | 405046416
21b,213318161000988,production-floor | production-no-floor | raw | shrink,405046416 | 405046416 | 832297807 | 405046416
21b,213318161000990,production-floor | production-no-floor | raw | shrink,405046416 | 405046416 | -597700708 | 405046416
21b,213318161000991,production-floor | production-no-floor | raw | shrink,405046416 | 405046416 | 832297807 | 405046416
21b,213318161000992,production-floor | production-no-floor | raw | shrink,405046416 | 405046416 | -597700708 | 405046416
21b,213318161000995,production-floor | production-no-floor | raw | shrink,405046416 | 405046416 | 832297807 | 405046416
21b,213318161000999,production-floor | production-no-floor | raw | shrink,405046416 | 405046416 | -597700708 | 405046416
21c,213322455967169,production-floor | production-no-floor | raw | shrink,405046416 | 405046416 | -597700708 | 405046416
21c,213322455967170,production-floor | production-no-floor | raw | shrink,405046416 | 405046416 | 832297807 | 405046416
21c,213322455967174,production-floor | production-no-floor | raw | shrink,405046416 | 405046416 | 832297807 | 405046416
21c,213322455967175,production-floor | production-no-floor | raw | shrink,405046416 | 405046416 | -597700708 | 405046416
21c,213322455967176,production-floor | production-no-floor | raw | shrink,405046416 | 405046416 | -597700708 | 405046416
21c,213322455967178,production-floor | production-no-floor | raw | shrink,405046416 | 405046416 | -597700708 | 405046416
21c,213322455967179,production-floor | production-no-floor | raw | shrink,405046416 | 405046416 | 832297807 | 405046416
21c,213322455967180,production-floor | production-no-floor | raw | shrink,405046416 | 405046416 | 832297807 | 405046416
21c,213322455967182,production-floor | production-no-floor | raw | shrink,405046416 | 405046416 | -597700708 | 405046416
21c,213322455967183,production-floor | production-no-floor | raw | shrink,405046416 | 405046416 | -597700708 | 405046416
21c,213322455967184,production-floor | production-no-floor | raw | shrink,405046416 | 405046416 | -597700708 | 405046416
21c,213322455967185,production-floor | production-no-floor | raw | shrink,405046416 | 405046416 | -597700708 | 405046416
21c,213322455967186,production-floor | production-no-floor | raw | shrink,405046416 | 405046416 | -597700708 | 405046416
21c,213322455967187,production-floor | production-no-floor | raw | shrink,405046416 | 405046416 | -597700708 | 405046416
21c,213322455967188,production-floor | production-no-floor | raw | shrink,405046416 | 405046416 | -597700708 | 405046416
21c,213322455967193,production-floor | production-no-floor | raw | shrink,405046416 | 405046416 | 832297807 | 405046416
21c,213322455967195,production-floor | production-no-floor | raw | shrink,405046416 | 405046416 | -597700708 | 405046416
21c,213322455967198,production-floor | production-no-floor | raw | shrink,405046416 | 405046416 | -597700708 | 405046416
21c,213322455967199,production-floor | production-no-floor | raw | shrink,405046416 | 405046416 | -597700708 | 405046416
21c,213322455967202,production-floor | production-no-floor | raw | shrink,405046416 | 405046416 | 832297807 | 405046416
21c,213322455967203,production-floor | production-no-floor | raw | shrink,405046416 | 405046416 | -597700708 | 405046416
21c,213322455967204,production-floor | production-no-floor | raw | shrink,405046416 | 405046416 | -597700708 | 405046416
21c,213322455967206,production-floor | production-no-floor | raw | shrink,405046416 | 405046416 | 832297807 | 405046416
21c,213322455967207,production-floor | production-no-floor | raw | shrink,405046416 | 405046416 | -597700708 | 405046416
21c,213322455967208,production-floor | production-no-floor | raw | shrink,405046416 | 405046416 | -597700708 | 405046416
21c,213322455967209,production-floor | production-no-floor | raw | shrink,405046416 | 405046416 | -597700708 | 405046416
21c,213322455967211,production-floor | production-no-floor | raw | shrink,405046416 | 405046416 | -597700708 | 405046416
21c,213322455967212,production-floor | production-no-floor | raw | shrink,405046416 | 405046416 | -597700708 | 405046416
21c,213322455967213,production-floor | production-no-floor | raw | shrink,405046416 | 405046416 | -597700708 | 405046416
21c,213322455967215,production-floor | production-no-floor | raw | shrink,405046416 | 405046416 | 832297807 | 405046416
21c,213322455967218,production-floor | production-no-floor | raw | shrink,405046416 | 405046416 | -597700708 | 405046416
21c,213322455967219,production-floor | production-no-floor | raw | shrink,405046416 | 405046416 | 832297807 | 405046416
21c,213322455967220,production-floor | production-no-floor | raw | shrink,405046416 | 405046416 | -597700708 | 405046416
21c,213322455967221,production-floor | production-no-floor | raw | shrink,405046416 | 405046416 | -597700708 | 405046416
21c,213322455967222,production-floor | production-no-floor | raw | shrink,405046416 | 405046416 | -597700708 | 405046416
21c,213322455967223,production-floor | production-no-floor | raw | shrink,405046416 | 405046416 | -597700708 | 405046416
21c,213322455967224,production-floor | production-no-floor | raw | shrink,405046416 | 405046416 | -597700708 | 405046416
21c,213322455967227,production-floor | production-no-floor | raw | shrink,405046416 | 405046416 | -597700708 | 405046416
21c,213322455967228,production-floor | production-no-floor | raw | shrink,405046416 | 405046416 | -597700708 | 405046416
21c,213322455967229,production-floor | production-no-floor | raw | shrink,405046416 | 405046416 | -597700708 | 405046416
21c,213322455967230,production-floor | production-no-floor | raw | shrink,405046416 | 405046416 | -597700708 | 405046416
21c,213322455968256,production-floor | production-no-floor | raw | shrink,405046416 | 405046416 | -597700708 | 405046416
21c,213322455968257,production-floor | production-no-floor | raw | shrink,405046416 | 405046416 | -597700708 | 405046416
21c,213322455968259,production-floor | production-no-floor | raw | shrink,405046416 | 405046416 | -597700708 | 405046416
21c,213322455968260,production-floor | production-no-floor | raw | shrink,405046416 | 405046416 | -597700708 | 405046416
21c,213322455968261,production-floor | production-no-floor | raw | shrink,405046416 | 405046416 | -597700708 | 405046416
21c,213322455968263,production-floor | production-no-floor | raw | shrink,405046416 | 405046416 | -597700708 | 405046416
21c,213322455968265,production-floor | production-no-floor | raw | shrink,405046416 | 405046416 | -597700708 | 405046416
21c,213322455968266,production-floor | production-no-floor | raw | shrink,405046416 | 405046416 | -597700708 | 405046416
21c,213322455968268,production-floor | production-no-floor | raw | shrink,405046416 | 405046416 | -597700708 | 405046416
21c,213322455968269,production-floor | production-no-floor | raw | shrink,405046416 | 405046416 | -597700708 | 405046416
21c,213322455968270,production-floor | production-no-floor | raw | shrink,405046416 | 405046416 | -597700708 | 405046416
21c,213322455968271,production-floor | production-no-floor | raw | shrink,405046416 | 405046416 | -597700708 | 405046416
21c,213322455968272,production-floor | production-no-floor | raw | shrink,405046416 | 405046416 | -597700708 | 405046416
21c,213322455968273,production-floor | production-no-floor | raw | shrink,405046416 | 405046416 | -597700708 | 405046416
21c,213322455968275,production-floor | production-no-floor | raw | shrink,405046416 | 405046416 | -597700708 | 405046416
21c,213322455968277,production-floor | production-no-floor | raw | shrink,405046416 | 405046416 | -597700708 | 405046416
21c,213322455968278,production-floor | production-no-floor | raw | shrink,405046416 | 405046416 | -597700708 | 405046416
21c,213322455968281,production-floor | production-no-floor | raw | shrink,405046416 | 405046416 | 832297807 | 405046416
21c,213322455968282,production-floor | production-no-floor | raw | shrink,405046416 | 405046416 | -597700708 | 405046416
21c,213322455968285,production-floor | production-no-floor | raw | shrink,405046416 | 405046416 | -597700708 | 405046416
21c,213322455968287,production-floor | production-no-floor | raw | shrink,405046416 | 405046416 | -597700708 | 405046416
21c,213322455968293,production-floor | production-no-floor | raw | shrink,405046416 | 405046416 | 832297807 | 405046416
21c,213322455968294,production-floor | production-no-floor | raw | shrink,405046416 | 405046416 | -597700708 | 405046416
21c,213322455968295,production-floor | production-no-floor | raw | shrink,405046416 | 405046416 | -597700708 | 405046416
22a,213447010018752,production-floor | production-no-floor | raw | shrink,-1072711187 | 316133052 | -2145268623 | 316133052
22a,213447010018753,production-floor | production-no-floor | raw | shrink,-1072711187 | 815426615 | -2145268623 | 815426615
22a,213447010018754,production-floor | production-no-floor | raw | shrink,-1072711187 | 316133052 | -2145268623 | 316133052
22a,213447010018755,production-floor | production-no-floor | raw | shrink,-1072711187 | 815426615 | -2145268623 | 815426615
22a,213447010018756,production-floor | production-no-floor | raw | shrink,-1072711187 | 316133052 | -2145268623 | 316133052
22a,213447010018757,production-floor | production-no-floor | raw | shrink,-1072711187 | 316133052 | -2145268623 | 316133052
22a,213447010018758,production-floor | production-no-floor | raw | shrink,-1072711187 | 815426615 | 1654838330 | 815426615
22a,213447010018759,production-floor | production-no-floor | raw | shrink,-1072711187 | 316133052 | -2145268623 | 316133052
22a,213447010018760,production-floor | production-no-floor | raw | shrink,-1072711187 | 316133052 | -2145268623 | 316133052
22a,213447010018761,production-floor | production-no-floor | raw | shrink,-1072711187 | 316133052 | -2145268623 | 316133052
22a,213447010018762,production-floor | production-no-floor | raw | shrink,-1072711187 | 815426615 | -2145268623 | 815426615
22a,213447010018763,production-floor | production-no-floor | raw | shrink,-1072711187 | 316133052 | -2145268623 | 316133052
22a,213447010018764,production-floor | production-no-floor | raw | shrink,-1072711187 | 815426615 | -2145268623 | 815426615
22a,213447010018765,production-floor | production-no-floor | raw | shrink,-1072711187 | 316133052 | -2145268623 | 316133052
22a,213447010018766,production-floor | production-no-floor | raw | shrink,-1072711187 | 316133052 | -2145268623 | 316133052
22a,213447010018767,production-floor | production-no-floor | raw | shrink,-1072711187 | 316133052 | -2145268623 | 316133052
22a,213447010018768,production-floor | production-no-floor | raw | shrink,-1072711187 | 316133052 | -2145268623 | 316133052
22a,213447010018769,production-floor | production-no-floor | raw | shrink,-1072711187 | 316133052 | -2145268623 | 316133052
22a,213447010018770,production-floor | production-no-floor | raw | shrink,-1072711187 | 815426615 | -2145268623 | 815426615
22a,213447010018771,production-floor | production-no-floor | raw | shrink,-1072711187 | 386685412 | -2145268623 | 386685412
22a,213447010018772,production-floor | production-no-floor | raw | shrink,-1072711187 | 316133052 | -2145268623 | 316133052
22a,213447010018773,production-floor | production-no-floor | raw | shrink,-1072711187 | 815426615 | -2145268623 | 815426615
22a,213447010018774,production-floor | production-no-floor | raw | shrink,-1072711187 | 316133052 | -2145268623 | 316133052
22a,213447010018775,production-floor | production-no-floor | raw | shrink,-1072711187 | 316133052 | -2145268623 | 316133052
22a,213447010018776,production-floor | production-no-floor | raw | shrink,-1072711187 | 815426615 | -2145268623 | 815426615
22a,213447010018777,production-floor | production-no-floor | raw | shrink,-1072711187 | 815426615 | -2145268623 | 815426615
22a,213447010018778,production-floor | production-no-floor | raw | shrink,-1072711187 | 316133052 | -2145268623 | 316133052
22a,213447010018779,production-floor | production-no-floor | raw | shrink,-1072711187 | 457903786 | -2145268623 | 457903786
22a,213447010018780,production-floor | production-no-floor | raw | shrink,-1072711187 | 316133052 | -2145268623 | 316133052
22a,213447010018781,production-floor | production-no-floor | raw | shrink,-1072711187 | -557882130 | -2145268623 | -557882130
22a,213447010018782,production-floor | production-no-floor | raw | shrink,-1072711187 | 815426615 | -2145268623 | 815426615
22a,213447010018783,production-floor | production-no-floor | raw | shrink,-1072711187 | 457903786 | -2145268623 | 457903786
22a,213447010018784,production-floor | production-no-floor | raw | shrink,-1072711187 | 815426615 | -2145268623 | 815426615
22a,213447010018786,production-floor | production-no-floor | raw | shrink,-1072711187 | 815426615 | -2145268623 | 815426615
22a,213447010018787,production-floor | production-no-floor | raw | shrink,-1072711187 | 316133052 | -2145268623 | 316133052
22a,213447010018788,production-floor | production-no-floor | raw | shrink,-1072711187 | 316133052 | -2145268623 | 316133052
22a,213447010018789,production-floor | production-no-floor | raw | shrink,-1072711187 | -557882130 | -2145268623 | -557882130
22a,213447010018790,production-floor | production-no-floor | raw | shrink,-1072711187 | 316133052 | -2145268623 | 316133052
22a,213447010018791,production-floor | production-no-floor | raw | shrink,-1072711187 | 815426615 | -2145268623 | 815426615
22a,213447010018792,production-floor | production-no-floor | raw | shrink,-1072711187 | 316133052 | -2145268623 | 316133052
22a,213447010018793,production-floor | production-no-floor | raw | shrink,-1072711187 | 316133052 | -2145268623 | 316133052
22a,213447010018794,production-floor | production-no-floor | raw | shrink,-1072711187 | 316133052 | -2145268623 | 316133052
22a,213447010018795,production-floor | production-no-floor | raw | shrink,-1072711187 | 815426615 | -2145268623 | 815426615
22a,213447010018796,production-floor | production-no-floor | raw | shrink,-1072711187 | 316133052 | -2145268623 | 316133052
22a,213447010018797,production-floor | production-no-floor | raw | shrink,-1072711187 | 316133052 | -2145268623 | 316133052
22a,213447010018798,production-floor | production-no-floor | raw | shrink,-1072711187 | 316133052 | -2145268623 | 316133052
22a,213447010018799,production-floor | production-no-floor | raw | shrink,-1072711187 | 316133052 | -2145268623 | 316133052
22a,213447010018800,production-floor | production-no-floor | raw | shrink,-1072711187 | 815426615 | -2145268623 | 815426615
22a,213447010018801,production-floor | production-no-floor | raw | shrink,-1072711187 | 316133052 | -2145268623 | 316133052
22a,213447010018802,production-floor | production-no-floor | raw | shrink,-1072711187 | 815426615 | -2145268623 | 815426615
22a,213447010018803,production-floor | production-no-floor | raw | shrink,-1072711187 | 316133052 | -2145268623 | 316133052
22a,213447010018804,production-floor | production-no-floor | raw | shrink,-1072711187 | 316133052 | -2145268623 | 316133052
22a,213447010018805,production-floor | production-no-floor | raw | shrink,-1072711187 | 316133052 | -2145268623 | 316133052
22a,213447010018806,production-floor | production-no-floor | raw | shrink,-1072711187 | -557882130 | -2145268623 | -557882130
22a,213447010018807,production-floor | production-no-floor | raw | shrink,-1072711187 | 316133052 | -2145268623 | 316133052
22a,213447010018808,production-floor | production-no-floor | raw | shrink,-1072711187 | 815426615 | -2145268623 | 815426615
22a,213447010018809,production-floor | production-no-floor | raw | shrink,-1072711187 | 815426615 | -2145268623 | 815426615
22a,213447010018810,production-floor | production-no-floor | raw | shrink,-1072711187 | 316133052 | -2145268623 | 316133052
22a,213447010018811,production-floor | production-no-floor | raw | shrink,-1072711187 | 316133052 | -2145268623 | 316133052
22a,213447010018812,production-floor | production-no-floor | raw | shrink,-1072711187 | 316133052 | -2145268623 | 316133052
22a,213447010018813,production-floor | production-no-floor | raw | shrink,-1072711187 | -557882130 | -2145268623 | -557882130
22a,213447010018814,production-floor | production-no-floor | raw | shrink,-1072711187 | 316133052 | -2145268623 | 316133052
22a,213447010018815,production-floor | production-no-floor | raw | shrink,-1072711187 | -557882130 | -2145268623 | -557882130
22a,213447010019840,production-floor | production-no-floor | raw | shrink,-1072711187 | 316133052 | -2145268623 | 316133052
22a,213447010019841,production-floor | production-no-floor | raw | shrink,-1072711187 | 316133052 | -2145268623 | 316133052
22a,213447010019842,production-floor | production-no-floor | raw | shrink,-1072711187 | 316133052 | -2145268623 | 316133052
22a,213447010019843,production-floor | production-no-floor | raw | shrink,-1072711187 | 815426615 | -2145268623 | 815426615
22a,213447010019845,production-floor | production-no-floor | raw | shrink,-1072711187 | 815426615 | -2145268623 | 815426615
22a,213447010019872,production-floor | production-no-floor | raw | shrink,-1072711187 | -557882130 | -2145268623 | -557882130
22a,213447010019873,production-floor | production-no-floor | raw | shrink,-1072711187 | 457903786 | -2145268623 | 457903786
22a,213447010019874,production-floor | production-no-floor | raw | shrink,-1072711187 | 815426615 | -2145268623 | 815426615
22a,213447010019875,production-floor | production-no-floor | raw | shrink,-1072711187 | 815426615 | -2145268623 | 815426615
22a,213447010019876,production-floor | production-no-floor | raw | shrink,-1072711187 | 815426615 | 1654838330 | 815426615
22a,213447010019877,production-floor | production-no-floor | raw | shrink,-1072711187 | 457903786 | -2145268623 | 457903786
22a,213447010019878,production-floor | production-no-floor | raw | shrink,-1072711187 | 316133052 | -2145268623 | 316133052
22a,213447010019879,production-floor | production-no-floor | raw | shrink,-1072711187 | 316133052 | -2145268623 | 316133052
22a,213447010019880,production-floor | production-no-floor | raw | shrink,-1072711187 | 316133052 | -2145268623 | 316133052
22a,213447010019881,production-floor | production-no-floor | raw | shrink,-1072711187 | 316133052 | -2145268623 | 316133052
22a,213447010019882,production-floor | production-no-floor | raw | shrink,-1072711187 | 316133052 | -2145268623 | 316133052
22a,213447010019883,production-floor | production-no-floor | raw | shrink,-1072711187 | 316133052 | -2145268623 | 316133052
22a,213447010019884,production-floor | production-no-floor | raw | shrink,-1072711187 | 316133052 | -2145268623 | 316133052
22a,213447010019885,production-floor | production-no-floor | raw | shrink,-1072711187 | 316133052 | -2145268623 | 316133052
22a,213447010019886,production-floor | production-no-floor | raw | shrink,-1072711187 | 815426615 | -2145268623 | 815426615
22a,213447010019887,production-floor | production-no-floor | raw | shrink,-1072711187 | 815426615 | -2145268623 | 815426615
22a,213447010019888,production-floor | production-no-floor | raw | shrink,-1072711187 | 815426615 | -2145268623 | 815426615
22a,213447010019889,production-floor | production-no-floor | raw | shrink,-1072711187 | 815426615 | -2145268623 | 815426615
22a,213447010019890,production-floor | production-no-floor | raw | shrink,-1072711187 | 815426615 | -2145268623 | 815426615
22a,213447010019891,production-floor | production-no-floor | raw | shrink,-1072711187 | 316133052 | -2145268623 | 316133052
22a,213447010019892,production-floor | production-no-floor | raw | shrink,-1072711187 | 316133052 | -2145268623 | 316133052
22a,213447010019893,production-floor | production-no-floor | raw | shrink,-1072711187 | 316133052 | -2145268623 | 316133052
22a,213447010019894,production-floor | production-no-floor | raw | shrink,-1072711187 | 815426615 | -2145268623 | 815426615
22a,213447010019895,production-floor | production-no-floor | raw | shrink,-1072711187 | 815426615 | -2145268623 | 815426615
22a,213447010019896,production-floor | production-no-floor | raw | shrink,-1072711187 | 815426615 | -2145268623 | 815426615
22a,213447010019897,production-floor | production-no-floor | raw | shrink,-1072711187 | 316133052 | -2145268623 | 316133052
22a,213447010019898,production-floor | production-no-floor | raw | shrink,-1072711187 | -557882130 | -2145268623 | -557882130
22a,213447010019899,production-floor | production-no-floor | raw | shrink,-1072711187 | 815426615 | -2145268623 | 815426615
22a,213447010019900,production-floor | production-no-floor | raw | shrink,-1072711187 | 815426615 | -2145268623 | 815426615
22a,213447010019901,production-floor | production-no-floor | raw | shrink,-1072711187 | 386685412 | -2145268623 | 386685412
22a,213447010019902,production-floor | production-no-floor | raw | shrink,-1072711187 | 457903786 | -2145268623 | 457903786
22a,213447010019903,production-floor | production-no-floor | raw | shrink,-1072711187 | 815426615 | -2145268623 | 815426615
22b,213451304986048,production-floor | production-no-floor | raw | shrink,-1072711187 | 815426615 | -2145268623 | 815426615
22b,213451304986049,production-floor | production-no-floor | raw | shrink,-1072711187 | 815426615 | -2145268623 | 815426615
22b,213451304986050,production-floor | production-no-floor | raw | shrink,-1072711187 | 815426615 | -2145268623 | 815426615
22b,213451304986051,production-floor | production-no-floor | raw | shrink,-1072711187 | 815426615 | -2145268623 | 815426615
22b,213451304986052,production-floor | production-no-floor | raw | shrink,-1072711187 | 815426615 | -2145268623 | 815426615
22b,213451304986053,production-floor | production-no-floor | raw | shrink,-1072711187 | 316133052 | -2145268623 | 316133052
22b,213451304986054,production-floor | production-no-floor | raw | shrink,-1072711187 | 316133052 | -2145268623 | 316133052
22b,213451304986055,production-floor | production-no-floor | raw | shrink,-1072711187 | 316133052 | -2145268623 | 316133052
22b,213451304986056,production-floor | production-no-floor | raw | shrink,-1072711187 | 815426615 | -2145268623 | 815426615
22b,213451304986057,production-floor | production-no-floor | raw | shrink,-1072711187 | 815426615 | -2145268623 | 815426615
22b,213451304986058,production-floor | production-no-floor | raw | shrink,-1072711187 | 815426615 | -2145268623 | 815426615
22b,213451304986059,production-floor | production-no-floor | raw | shrink,-1072711187 | 815426615 | -2145268623 | 815426615
22b,213451304986060,production-floor | production-no-floor | raw | shrink,-1072711187 | 815426615 | -2145268623 | 815426615
22b,213451304986061,production-floor | production-no-floor | raw | shrink,-1072711187 | 316133052 | -2145268623 | 316133052
22b,213451304986062,production-floor | production-no-floor | raw | shrink,-1072711187 | 815426615 | -2145268623 | 815426615
22b,213451304986063,production-floor | production-no-floor | raw | shrink,-1072711187 | 815426615 | -2145268623 | 815426615
22b,213451304986064,production-floor | production-no-floor | raw | shrink,-1072711187 | 316133052 | -2145268623 | 316133052
22b,213451304986065,production-floor | production-no-floor | raw | shrink,-1072711187 | 316133052 | -2145268623 | 316133052
22b,213451304986066,production-floor | production-no-floor | raw | shrink,-1072711187 | 815426615 | -2145268623 | 815426615
22b,213451304986067,production-floor | production-no-floor | raw | shrink,-1072711187 | 815426615 | -2145268623 | 815426615
22b,213451304986068,production-floor | production-no-floor | raw | shrink,-1072711187 | 815426615 | -2145268623 | 815426615
22b,213451304986069,production-floor | production-no-floor | raw | shrink,-1072711187 | 815426615 | -2145268623 | 815426615
22b,213451304986070,production-floor | production-no-floor | raw | shrink,-1072711187 | 316133052 | -2145268623 | 316133052
22b,213451304986071,production-floor | production-no-floor | raw | shrink,-1072711187 | 316133052 | -2145268623 | 316133052
22b,213451304986072,production-floor | production-no-floor | raw | shrink,-1072711187 | 815426615 | -2145268623 | 815426615
22b,213451304986073,production-floor | production-no-floor | raw | shrink,-1072711187 | 815426615 | -2145268623 | 815426615
22b,213451304986074,production-floor | production-no-floor | raw | shrink,-1072711187 | 815426615 | -2145268623 | 815426615
22b,213451304986075,production-floor | production-no-floor | raw | shrink,-1072711187 | 316133052 | -2145268623 | 316133052
22b,213451304986076,production-floor | production-no-floor | raw | shrink,-1072711187 | 815426615 | 1654838330 | 815426615
22b,213451304986077,production-floor | production-no-floor | raw | shrink,-1072711187 | 815426615 | -2145268623 | 815426615
22b,213451304986078,production-floor | production-no-floor | raw | shrink,-1072711187 | 316133052 | -2145268623 | 316133052
22b,213451304986079,production-floor | production-no-floor | raw | shrink,-1072711187 | 815426615 | -2145268623 | 815426615
22b,213451304986080,production-floor | production-no-floor | raw | shrink,-1072711187 | 815426615 | -2145268623 | 815426615
22b,213451304986081,production-floor | production-no-floor | raw | shrink,-1072711187 | 815426615 | -2145268623 | 815426615
22b,213451304986083,production-floor | production-no-floor | raw | shrink,-1072711187 | 316133052 | -2145268623 | 316133052
22b,213451304986084,production-floor | production-no-floor | raw | shrink,-1072711187 | 316133052 | -2145268623 | 316133052
22b,213451304986085,production-floor | production-no-floor | raw | shrink,-1072711187 | 316133052 | -2145268623 | 316133052
22b,213451304986086,production-floor | production-no-floor | raw | shrink,-1072711187 | 815426615 | -2145268623 | 815426615
22b,213451304986087,production-floor | production-no-floor | raw | shrink,-1072711187 | 815426615 | -2145268623 | 815426615
22b,213451304986088,production-floor | production-no-floor | raw | shrink,-1072711187 | 815426615 | -2145268623 | 815426615
22b,213451304986089,production-floor | production-no-floor | raw | shrink,-1072711187 | 815426615 | 1654838330 | 815426615
22b,213451304986090,production-floor | production-no-floor | raw | shrink,-1072711187 | 815426615 | -2145268623 | 815426615
22b,213451304986091,production-floor | production-no-floor | raw | shrink,-1072711187 | 815426615 | -2145268623 | 815426615
22b,213451304986092,production-floor | production-no-floor | raw | shrink,-1072711187 | 815426615 | -2145268623 | 815426615
22b,213451304986093,production-floor | production-no-floor | raw | shrink,-1072711187 | 815426615 | -2145268623 | 815426615
22b,213451304986094,production-floor | production-no-floor | raw | shrink,-1072711187 | 815426615 | -2145268623 | 815426615
22b,213451304986095,production-floor | production-no-floor | raw | shrink,-1072711187 | 815426615 | -2145268623 | 815426615
22b,213451304986096,production-floor | production-no-floor | raw | shrink,-1072711187 | 815426615 | -2145268623 | 815426615
22b,213451304986097,production-floor | production-no-floor | raw | shrink,-1072711187 | 316133052 | -2145268623 | 316133052
22b,213451304986098,production-floor | production-no-floor | raw | shrink,-1072711187 | 815426615 | -2145268623 | 815426615
22b,213451304986099,production-floor | production-no-floor | raw | shrink,-1072711187 | 815426615 | -2145268623 | 815426615
22b,213451304986100,production-floor | production-no-floor | raw | shrink,-1072711187 | 815426615 | -2145268623 | 815426615
22b,213451304986101,production-floor | production-no-floor | raw | shrink,-1072711187 | 316133052 | -2145268623 | 316133052
22b,213451304986102,production-floor | production-no-floor | raw | shrink,-1072711187 | 815426615 | -2145268623 | 815426615
22b,213451304986103,production-floor | production-no-floor | raw | shrink,-1072711187 | 316133052 | -2145268623 | 316133052
22b,213451304986104,production-floor | production-no-floor | raw | shrink,-1072711187 | 815426615 | 1654838330 | 815426615
22b,213451304986105,production-floor | production-no-floor | raw | shrink,-1072711187 | 316133052 | -2145268623 | 316133052
22b,213451304986106,production-floor | production-no-floor | raw | shrink,-1072711187 | 316133052 | -2145268623 | 316133052
22b,213451304986107,production-floor | production-no-floor | raw | shrink,-1072711187 | 815426615 | -2145268623 | 815426615
22b,213451304986108,production-floor | production-no-floor | raw | shrink,-1072711187 | 815426615 | -2145268623 | 815426615
22b,213451304986109,production-floor | production-no-floor | raw | shrink,-1072711187 | 815426615 | -2145268623 | 815426615
22b,213451304986110,production-floor | production-no-floor | raw | shrink,-1072711187 | 815426615 | -2145268623 | 815426615
22b,213451304986111,production-floor | production-no-floor | raw | shrink,-1072711187 | 815426615 | -2145268623 | 815426615
22b,213451304987136,production-floor | production-no-floor | raw | shrink,-1072711187 | 316133052 | -2145268623 | 316133052
22b,213451304987137,production-floor | production-no-floor | raw | shrink,-1072711187 | 316133052 | -2145268623 | 316133052
22b,213451304987138,production-floor | production-no-floor | raw | shrink,-1072711187 | 815426615 | -2145268623 | 815426615
22b,213451304987139,production-floor | production-no-floor | raw | shrink,-1072711187 | 316133052 | -2145268623 | 316133052
22b,213451304987142,production-floor | production-no-floor | raw | shrink,-1072711187 | 815426615 | -2145268623 | 815426615
22b,213451304987168,production-floor | production-no-floor | raw | shrink,-1072711187 | 316133052 | -2145268623 | 316133052
22b,213451304987169,production-floor | production-no-floor | raw | shrink,-1072711187 | 815426615 | -2145268623 | 815426615
22b,213451304987170,production-floor | production-no-floor | raw | shrink,-1072711187 | 316133052 | -2145268623 | 316133052
22b,213451304987171,production-floor | production-no-floor | raw | shrink,-1072711187 | 316133052 | -2145268623 | 316133052
22b,213451304987172,production-floor | production-no-floor | raw | shrink,-1072711187 | 815426615 | -2145268623 | 815426615
22b,213451304987173,production-floor | production-no-floor | raw | shrink,-1072711187 | 815426615 | -2145268623 | 815426615
22b,213451304987174,production-floor | production-no-floor | raw | shrink,-1072711187 | 815426615 | -2145268623 | 815426615
22b,213451304987175,production-floor | production-no-floor | raw | shrink,-1072711187 | 815426615 | -2145268623 | 815426615
22b,213451304987176,production-floor | production-no-floor | raw | shrink,-1072711187 | 815426615 | -2145268623 | 815426615
22b,213451304987177,production-floor | production-no-floor | raw | shrink,-1072711187 | 316133052 | -2145268623 | 316133052
22b,213451304987178,production-floor | production-no-floor | raw | shrink,-1072711187 | 815426615 | -2145268623 | 815426615
22b,213451304987179,production-floor | production-no-floor | raw | shrink,-1072711187 | 815426615 | -2145268623 | 815426615
22b,213451304987180,production-floor | production-no-floor | raw | shrink,-1072711187 | 815426615 | -2145268623 | 815426615
22b,213451304987181,production-floor | production-no-floor | raw | shrink,-1072711187 | 815426615 | 1654838330 | 815426615
22b,213451304987182,production-floor | production-no-floor | raw | shrink,-1072711187 | 815426615 | -2145268623 | 815426615
22b,213451304987183,production-floor | production-no-floor | raw | shrink,-1072711187 | 815426615 | -2145268623 | 815426615
22b,213451304987184,production-floor | production-no-floor | raw | shrink,-1072711187 | 815426615 | -2145268623 | 815426615
22b,213451304987185,production-floor | production-no-floor | raw | shrink,-1072711187 | 815426615 | -2145268623 | 815426615
22b,213451304987186,production-floor | production-no-floor | raw | shrink,-1072711187 | 815426615 | -2145268623 | 815426615
22b,213451304987187,production-floor | production-no-floor | raw | shrink,-1072711187 | 316133052 | -2145268623 | 316133052
22b,213451304987188,production-floor | production-no-floor | raw | shrink,-1072711187 | 815426615 | -2145268623 | 815426615
22b,213451304987189,production-floor | production-no-floor | raw | shrink,-1072711187 | 316133052 | -2145268623 | 316133052
22b,213451304987190,production-floor | production-no-floor | raw | shrink,-1072711187 | 316133052 | -2145268623 | 316133052
22b,213451304987191,production-floor | production-no-floor | raw | shrink,-1072711187 | 815426615 | -2145268623 | 815426615
22b,213451304987192,production-floor | production-no-floor | raw | shrink,-1072711187 | 457903786 | -2145268623 | 457903786
22b,213451304987193,production-floor | production-no-floor | raw | shrink,-1072711187 | 815426615 | -2145268623 | 815426615
22b,213451304987194,production-floor | production-no-floor | raw | shrink,-1072711187 | 316133052 | -2145268623 | 316133052
22b,213451304987195,production-floor | production-no-floor | raw | shrink,-1072711187 | 815426615 | -2145268623 | 815426615
22b,213451304987196,production-floor | production-no-floor | raw | shrink,-1072711187 | 815426615 | -2145268623 | 815426615
22b,213451304987197,production-floor | production-no-floor | raw | shrink,-1072711187 | 815426615 | -2145268623 | 815426615
22b,213451304987198,production-floor | production-no-floor | raw | shrink,-1072711187 | 815426615 | -2145268623 | 815426615
22b,213451304987199,production-floor | production-no-floor | raw | shrink,-1072711187 | 815426615 | -2145268623 | 815426615
22c,213455599953344,production-floor | production-no-floor | raw | shrink,-1072711187 | 815426615 | -2145268623 | 815426615
22c,213455599953345,production-floor | production-no-floor | raw | shrink,-1072711187 | 815426615 | -2145268623 | 815426615
22c,213455599953346,production-floor | production-no-floor | raw | shrink,-1072711187 | 815426615 | -2145268623 | 815426615
22c,213455599953347,production-floor | production-no-floor | raw | shrink,-1072711187 | 815426615 | -2145268623 | 815426615
22c,213455599953348,production-floor | production-no-floor | raw | shrink,-1072711187 | 316133052 | -2145268623 | 316133052
22c,213455599953349,production-floor | production-no-floor | raw | shrink,-1072711187 | 316133052 | -2145268623 | 316133052
22c,213455599953350,production-floor | production-no-floor | raw | shrink,-1072711187 | 815426615 | -2145268623 | 815426615
22c,213455599953351,production-floor | production-no-floor | raw | shrink,-1072711187 | 316133052 | -2145268623 | 316133052
22c,213455599953352,production-floor | production-no-floor | raw | shrink,-1072711187 | 815426615 | -2145268623 | 815426615
22c,213455599953353,production-floor | production-no-floor | raw | shrink,-1072711187 | 316133052 | -2145268623 | 316133052
22c,213455599953354,production-floor | production-no-floor | raw | shrink,-1072711187 | 457903786 | -2145268623 | 457903786
22c,213455599953355,production-floor | production-no-floor | raw | shrink,-1072711187 | 457903786 | -2145268623 | 457903786
22c,213455599953356,production-floor | production-no-floor | raw | shrink,-1072711187 | 316133052 | -2145268623 | 316133052
22c,213455599953357,production-floor | production-no-floor | raw | shrink,-1072711187 | 815426615 | -2145268623 | 815426615
22c,213455599953358,production-floor | production-no-floor | raw | shrink,-1072711187 | 316133052 | -2145268623 | 316133052
22c,213455599953359,production-floor | production-no-floor | raw | shrink,-1072711187 | 815426615 | -2145268623 | 815426615
22c,213455599953360,production-floor | production-no-floor | raw | shrink,-1072711187 | 316133052 | -2145268623 | 316133052
22c,213455599953361,production-floor | production-no-floor | raw | shrink,-1072711187 | 815426615 | -2145268623 | 815426615
22c,213455599953362,production-floor | production-no-floor | raw | shrink,-1072711187 | 815426615 | -2145268623 | 815426615
22c,213455599953363,production-floor | production-no-floor | raw | shrink,-1072711187 | 457903786 | -2145268623 | 457903786
22c,213455599953364,production-floor | production-no-floor | raw | shrink,-1072711187 | 316133052 | -2145268623 | 316133052
22c,213455599953365,production-floor | production-no-floor | raw | shrink,-1072711187 | 316133052 | -2145268623 | 316133052
22c,213455599953366,production-floor | production-no-floor | raw | shrink,-1072711187 | 316133052 | -2145268623 | 316133052
22c,213455599953367,production-floor | production-no-floor | raw | shrink,-1072711187 | 815426615 | -2145268623 | 815426615
22c,213455599953368,production-floor | production-no-floor | raw | shrink,-1072711187 | 815426615 | -2145268623 | 815426615
22c,213455599953369,production-floor | production-no-floor | raw | shrink,-1072711187 | 457903786 | -2145268623 | 457903786
22c,213455599953370,production-floor | production-no-floor | raw | shrink,-1072711187 | 316133052 | -2145268623 | 316133052
22c,213455599953371,production-floor | production-no-floor | raw | shrink,-1072711187 | 815426615 | -2145268623 | 815426615
22c,213455599953372,production-floor | production-no-floor | raw | shrink,-1072711187 | 457903786 | -2145268623 | 457903786
22c,213455599953373,production-floor | production-no-floor | raw | shrink,-1072711187 | 815426615 | -2145268623 | 815426615
22c,213455599953374,production-floor | production-no-floor | raw | shrink,-1072711187 | 815426615 | -2145268623 | 815426615
22c,213455599953375,production-floor | production-no-floor | raw | shrink,-1072711187 | 457903786 | -2145268623 | 457903786
22c,213455599953376,production-floor | production-no-floor | raw | shrink,-1072711187 | 815426615 | -2145268623 | 815426615
22c,213455599953377,production-floor | production-no-floor | raw | shrink,-1072711187 | 316133052 | -2145268623 | 316133052
22c,213455599953378,production-floor | production-no-floor | raw | shrink,-1072711187 | 815426615 | -2145268623 | 815426615
22c,213455599953380,production-floor | production-no-floor | raw | shrink,-1072711187 | 815426615 | -2145268623 | 815426615
22c,213455599953381,production-floor | production-no-floor | raw | shrink,-1072711187 | 815426615 | -2145268623 | 815426615
22c,213455599953382,production-floor | production-no-floor | raw | shrink,-1072711187 | 815426615 | -2145268623 | 815426615
22c,213455599953383,production-floor | production-no-floor | raw | shrink,-1072711187 | 316133052 | -2145268623 | 316133052
22c,213455599953384,production-floor | production-no-floor | raw | shrink,-1072711187 | 316133052 | -2145268623 | 316133052
22c,213455599953385,production-floor | production-no-floor | raw | shrink,-1072711187 | 815426615 | -2145268623 | 815426615
22c,213455599953386,production-floor | production-no-floor | raw | shrink,-1072711187 | 316133052 | -2145268623 | 316133052
22c,213455599953387,production-floor | production-no-floor | raw | shrink,-1072711187 | 815426615 | -2145268623 | 815426615
22c,213455599953388,production-floor | production-no-floor | raw | shrink,-1072711187 | 316133052 | -2145268623 | 316133052
22c,213455599953389,production-floor | production-no-floor | raw | shrink,-1072711187 | 316133052 | -2145268623 | 316133052
22c,213455599953390,production-floor | production-no-floor | raw | shrink,-1072711187 | 316133052 | -2145268623 | 316133052
22c,213455599953391,production-floor | production-no-floor | raw | shrink,-1072711187 | 815426615 | -2145268623 | 815426615
22c,213455599953392,production-floor | production-no-floor | raw | shrink,-1072711187 | 316133052 | -2145268623 | 316133052
22c,213455599953393,production-floor | production-no-floor | raw | shrink,-1072711187 | 815426615 | -2145268623 | 815426615
22c,213455599953394,production-floor | production-no-floor | raw | shrink,-1072711187 | 316133052 | -2145268623 | 316133052
22c,213455599953395,production-floor | production-no-floor | raw | shrink,-1072711187 | 815426615 | -2145268623 | 815426615
22c,213455599953396,production-floor | production-no-floor | raw | shrink,-1072711187 | 815426615 | -2145268623 | 815426615
22c,213455599953397,production-floor | production-no-floor | raw | shrink,-1072711187 | 457903786 | -2145268623 | 457903786
22c,213455599953398,production-floor | production-no-floor | raw | shrink,-1072711187 | 815426615 | -2145268623 | 815426615
22c,213455599953399,production-floor | production-no-floor | raw | shrink,-1072711187 | 815426615 | -2145268623 | 815426615
22c,213455599953400,production-floor | production-no-floor | raw | shrink,-1072711187 | 815426615 | -2145268623 | 815426615
22c,213455599953401,production-floor | production-no-floor | raw | shrink,-1072711187 | 316133052 | -2145268623 | 316133052
22c,213455599953402,production-floor | production-no-floor | raw | shrink,-1072711187 | 815426615 | -2145268623 | 815426615
22c,213455599953403,production-floor | production-no-floor | raw | shrink,-1072711187 | 815426615 | -2145268623 | 815426615
22c,213455599953404,production-floor | production-no-floor | raw | shrink,-1072711187 | 815426615 | -2145268623 | 815426615
22c,213455599953405,production-floor | production-no-floor | raw | shrink,-1072711187 | 815426615 | -2145268623 | 815426615
22c,213455599953406,production-floor | production-no-floor | raw | shrink,-1072711187 | 815426615 | -2145268623 | 815426615
22c,213455599953407,production-floor | production-no-floor | raw | shrink,-1072711187 | 457903786 | -2145268623 | 457903786
22c,213455599954432,production-floor | production-no-floor | raw | shrink,-1072711187 | 457903786 | -2145268623 | 457903786
22c,213455599954433,production-floor | production-no-floor | raw | shrink,-1072711187 | 815426615 | -2145268623 | 815426615
22c,213455599954434,production-floor | production-no-floor | raw | shrink,-1072711187 | 815426615 | -2145268623 | 815426615
22c,213455599954435,production-floor | production-no-floor | raw | shrink,-1072711187 | 815426615 | -2145268623 | 815426615
22c,213455599954439,production-floor | production-no-floor | raw | shrink,-1072711187 | 316133052 | -2145268623 | 316133052
22c,213455599954464,production-floor | production-no-floor | raw | shrink,-1072711187 | 457903786 | -2145268623 | 457903786
22c,213455599954465,production-floor | production-no-floor | raw | shrink,-1072711187 | 316133052 | -2145268623 | 316133052
22c,213455599954466,production-floor | production-no-floor | raw | shrink,-1072711187 | 316133052 | -2145268623 | 316133052
22c,213455599954467,production-floor | production-no-floor | raw | shrink,-1072711187 | 815426615 | -2145268623 | 815426615
22c,213455599954468,production-floor | production-no-floor | raw | shrink,-1072711187 | 316133052 | -2145268623 | 316133052
22c,213455599954469,production-floor | production-no-floor | raw | shrink,-1072711187 | 815426615 | -2145268623 | 815426615
22c,213455599954470,production-floor | production-no-floor | raw | shrink,-1072711187 | 815426615 | -2145268623 | 815426615
22c,213455599954471,production-floor | production-no-floor | raw | shrink,-1072711187 | 316133052 | -2145268623 | 316133052
22c,213455599954472,production-floor | production-no-floor | raw | shrink,-1072711187 | 457903786 | -2145268623 | 457903786
22c,213455599954473,production-floor | production-no-floor | raw | shrink,-1072711187 | 316133052 | -2145268623 | 316133052
22c,213455599954474,production-floor | production-no-floor | raw | shrink,-1072711187 | 815426615 | -2145268623 | 815426615
22c,213455599954475,production-floor | production-no-floor | raw | shrink,-1072711187 | 316133052 | -2145268623 | 316133052
22c,213455599954476,production-floor | production-no-floor | raw | shrink,-1072711187 | 815426615 | -2145268623 | 815426615
22c,213455599954477,production-floor | production-no-floor | raw | shrink,-1072711187 | 815426615 | -2145268623 | 815426615
22c,213455599954478,production-floor | production-no-floor | raw | shrink,-1072711187 | 316133052 | -2145268623 | 316133052
22c,213455599954479,production-floor | production-no-floor | raw | shrink,-1072711187 | 815426615 | -2145268623 | 815426615
22c,213455599954480,production-floor | production-no-floor | raw | shrink,-1072711187 | 815426615 | -2145268623 | 815426615
22c,213455599954481,production-floor | production-no-floor | raw | shrink,-1072711187 | 815426615 | -2145268623 | 815426615
22c,213455599954482,production-floor | production-no-floor | raw | shrink,-1072711187 | 815426615 | -2145268623 | 815426615
22c,213455599954483,production-floor | production-no-floor | raw | shrink,-1072711187 | 815426615 | -2145268623 | 815426615
22c,213455599954484,production-floor | production-no-floor | raw | shrink,-1072711187 | 815426615 | -2145268623 | 815426615
22c,213455599954485,production-floor | production-no-floor | raw | shrink,-1072711187 | 316133052 | -2145268623 | 316133052
22c,213455599954486,production-floor | production-no-floor | raw | shrink,-1072711187 | 815426615 | -2145268623 | 815426615
22c,213455599954487,production-floor | production-no-floor | raw | shrink,-1072711187 | 815426615 | -2145268623 | 815426615
22c,213455599954488,production-floor | production-no-floor | raw | shrink,-1072711187 | 815426615 | -2145268623 | 815426615
22c,213455599954489,production-floor | production-no-floor | raw | shrink,-1072711187 | 815426615 | -2145268623 | 815426615
22c,213455599954490,production-floor | production-no-floor | raw | shrink,-1072711187 | 457903786 | -2145268623 | 457903786
22c,213455599954491,production-floor | production-no-floor | raw | shrink,-1072711187 | 815426615 | -2145268623 | 815426615
22c,213455599954492,production-floor | production-no-floor | raw | shrink,-1072711187 | 815426615 | -2145268623 | 815426615
22c,213455599954493,production-floor | production-no-floor | raw | shrink,-1072711187 | 457903786 | -2145268623 | 457903786
22c,213455599954494,production-floor | production-no-floor | raw | shrink,-1072711187 | 815426615 | -2145268623 | 815426615
22c,213455599954495,production-floor | production-no-floor | raw | shrink,-1072711187 | 815426615 | -2145268623 | 815426615
22d,213459894920640,production-floor | production-no-floor | raw | shrink,-697127982 | -438265046 | 1311334790 | -438265046
22d,213459894920641,production-floor | production-no-floor | raw | shrink,-697127982 | -438265046 | 1311334790 | -438265046
22d,213459894920642,production-floor | production-no-floor | raw | shrink,-697127982 | -438265046 | 1311334790 | -438265046
22d,213459894920643,production-floor | production-no-floor | raw | shrink,-697127982 | -438265046 | 1311334790 | -438265046
22d,213459894920644,production-floor | production-no-floor | raw | shrink,-697127982 | -438265046 | 1311334790 | -438265046
22d,213459894920645,production-floor | production-no-floor | raw | shrink,-697127982 | -438265046 | 328543133 | -438265046
22d,213459894920646,production-floor | production-no-floor | raw | shrink,-206037755 | -438265046 | 1311334790 | -438265046
22d,213459894920647,production-floor | production-no-floor | raw | shrink,-697127982 | -438265046 | 1311334790 | -438265046
22d,213459894920648,production-floor | production-no-floor | raw | shrink,-697127982 | 739141114 | 1311334790 | 739141114
22d,213459894920649,production-floor | production-no-floor | raw | shrink,-697127982 | 739141114 | 1311334790 | 739141114
22d,213459894920650,production-floor | production-no-floor | raw | shrink,-697127982 | -438265046 | 1311334790 | -438265046
22d,213459894920651,production-floor | production-no-floor | raw | shrink,-697127982 | 739141114 | 1311334790 | 739141114
22d,213459894920652,production-floor | production-no-floor | raw | shrink,-697127982 | -438265046 | 1311334790 | -438265046
22d,213459894920653,production-floor | production-no-floor | raw | shrink,-697127982 | -438265046 | 1311334790 | -438265046
22d,213459894920654,production-floor | production-no-floor | raw | shrink,-697127982 | -438265046 | 1311334790 | -438265046
22d,213459894920655,production-floor | production-no-floor | raw | shrink,-697127982 | -438265046 | 1311334790 | -438265046
22d,213459894920656,production-floor | production-no-floor | raw | shrink,-697127982 | 739141114 | 1311334790 | 739141114
22d,213459894920657,production-floor | production-no-floor | raw | shrink,-697127982 | -438265046 | 1311334790 | -438265046
22d,213459894920658,production-floor | production-no-floor | raw | shrink,-697127982 | -438265046 | 1311334790 | -438265046
22d,213459894920659,production-floor | production-no-floor | raw | shrink,-697127982 | -438265046 | 1311334790 | -438265046
22d,213459894920660,production-floor | production-no-floor | raw | shrink,-697127982 | -438265046 | 1311334790 | -438265046
22d,213459894920661,production-floor | production-no-floor | raw | shrink,-697127982 | -438265046 | 1311334790 | -438265046
22d,213459894920662,production-floor | production-no-floor | raw | shrink,-697127982 | -438265046 | 1311334790 | -438265046
22d,213459894920663,production-floor | production-no-floor | raw | shrink,-697127982 | -438265046 | 1311334790 | -438265046
22d,213459894920664,production-floor | production-no-floor | raw | shrink,-697127982 | -438265046 | 1311334790 | -438265046
22d,213459894920665,production-floor | production-no-floor | raw | shrink,-697127982 | -1317645933 | 1311334790 | -1317645933
22d,213459894920666,production-floor | production-no-floor | raw | shrink,-697127982 | -438265046 | 1311334790 | -438265046
22d,213459894920667,production-floor | production-no-floor | raw | shrink,-206037755 | -438265046 | 1311334790 | -438265046
22d,213459894920668,production-floor | production-no-floor | raw | shrink,-697127982 | -438265046 | 1311334790 | -438265046
22d,213459894920669,production-floor | production-no-floor | raw | shrink,-697127982 | -438265046 | 1311334790 | -438265046
22d,213459894920670,production-floor | production-no-floor | raw | shrink,-697127982 | 739141114 | 1311334790 | 739141114
22d,213459894920671,production-floor | production-no-floor | raw | shrink,-206037755 | -438265046 | 1311334790 | -438265046
22d,213459894920672,production-floor | production-no-floor | raw | shrink,-697127982 | -438265046 | 1311334790 | -438265046
22d,213459894920673,production-floor | production-no-floor | raw | shrink,-697127982 | 1257118999 | 1311334790 | 1257118999
22d,213459894920674,production-floor | production-no-floor | raw | shrink,-697127982 | -438265046 | 1311334790 | -438265046
22d,213459894920675,production-floor | production-no-floor | raw | shrink,-697127982 | 739141114 | 1311334790 | 739141114
22d,213459894920677,production-floor | production-no-floor | raw | shrink,-206037755 | -438265046 | 1311334790 | -438265046
22d,213459894920678,production-floor | production-no-floor | raw | shrink,-206037755 | -438265046 | 1311334790 | -438265046
22d,213459894920679,production-floor | production-no-floor | raw | shrink,-697127982 | -438265046 | 1311334790 | -438265046
22d,213459894920680,production-floor | production-no-floor | raw | shrink,-697127982 | -438265046 | 1311334790 | -438265046
22d,213459894920681,production-floor | production-no-floor | raw | shrink,-206037755 | -438265046 | 1311334790 | -438265046
22d,213459894920682,production-floor | production-no-floor | raw | shrink,-697127982 | -438265046 | 1311334790 | -438265046
22d,213459894920683,production-floor | production-no-floor | raw | shrink,-697127982 | -438265046 | 1311334790 | -438265046
22d,213459894920684,production-floor | production-no-floor | raw | shrink,-697127982 | -438265046 | 1311334790 | -438265046
22d,213459894920685,production-floor | production-no-floor | raw | shrink,-697127982 | -438265046 | 1311334790 | -438265046
22d,213459894920686,production-floor | production-no-floor | raw | shrink,-697127982 | -438265046 | 1311334790 | -438265046
22d,213459894920687,production-floor | production-no-floor | raw | shrink,-206037755 | 739141114 | 1311334790 | 739141114
22d,213459894920688,production-floor | production-no-floor | raw | shrink,-697127982 | -438265046 | 1311334790 | -438265046
22d,213459894920689,production-floor | production-no-floor | raw | shrink,-697127982 | -438265046 | 1311334790 | -438265046
22d,213459894920690,production-floor | production-no-floor | raw | shrink,-697127982 | -438265046 | 1311334790 | -438265046
22d,213459894920691,production-floor | production-no-floor | raw | shrink,-697127982 | -438265046 | 1311334790 | -438265046
22d,213459894920692,production-floor | production-no-floor | raw | shrink,-206037755 | -1317645933 | 1311334790 | -1317645933
22d,213459894920693,production-floor | production-no-floor | raw | shrink,-697127982 | -438265046 | 1311334790 | -438265046
22d,213459894920694,production-floor | production-no-floor | raw | shrink,-697127982 | -438265046 | 1311334790 | -438265046
22d,213459894920695,production-floor | production-no-floor | raw | shrink,-697127982 | -438265046 | 1311334790 | -438265046
22d,213459894920696,production-floor | production-no-floor | raw | shrink,-697127982 | -438265046 | 1311334790 | -438265046
22d,213459894920697,production-floor | production-no-floor | raw | shrink,-697127982 | -438265046 | 1311334790 | -438265046
22d,213459894920698,production-floor | production-no-floor | raw | shrink,-697127982 | -438265046 | 1311334790 | -438265046
22d,213459894920699,production-floor | production-no-floor | raw | shrink,-697127982 | -438265046 | 1311334790 | -438265046
22d,213459894920700,production-floor | production-no-floor | raw | shrink,-697127982 | 739141114 | 1311334790 | 739141114
22d,213459894920701,production-floor | production-no-floor | raw | shrink,-697127982 | -438265046 | 1311334790 | -438265046
22d,213459894920702,production-floor | production-no-floor | raw | shrink,-697127982 | -438265046 | 1311334790 | -438265046
22d,213459894920703,production-floor | production-no-floor | raw | shrink,-697127982 | 739141114 | 1311334790 | 739141114
22d,213459894921728,production-floor | production-no-floor | raw | shrink,-697127982 | -438265046 | 1311334790 | -438265046
22d,213459894921732,production-floor | production-no-floor | raw | shrink,-697127982 | -438265046 | 1311334790 | -438265046
22d,213459894921733,production-floor | production-no-floor | raw | shrink,-697127982 | -438265046 | 1311334790 | -438265046
22d,213459894921734,production-floor | production-no-floor | raw | shrink,-697127982 | -438265046 | 1311334790 | -438265046
22d,213459894921735,production-floor | production-no-floor | raw | shrink,-697127982 | -438265046 | 1311334790 | -438265046
22d,213459894921760,production-floor | production-no-floor | raw | shrink,-697127982 | -438265046 | 1311334790 | -438265046
22d,213459894921761,production-floor | production-no-floor | raw | shrink,-697127982 | -438265046 | 1311334790 | -438265046
22d,213459894921762,production-floor | production-no-floor | raw | shrink,-697127982 | -438265046 | 1311334790 | -438265046
22d,213459894921763,production-floor | production-no-floor | raw | shrink,-697127982 | -438265046 | 1311334790 | -438265046
22d,213459894921764,production-floor | production-no-floor | raw | shrink,-697127982 | -438265046 | 1311334790 | -438265046
22d,213459894921765,production-floor | production-no-floor | raw | shrink,-697127982 | -438265046 | 1311334790 | -438265046
22d,213459894921766,production-floor | production-no-floor | raw | shrink,-697127982 | -438265046 | 1311334790 | -438265046
22d,213459894921767,production-floor | production-no-floor | raw | shrink,-697127982 | -438265046 | 1311334790 | -438265046
22d,213459894921768,production-floor | production-no-floor | raw | shrink,-697127982 | -438265046 | 1311334790 | -438265046
22d,213459894921769,production-floor | production-no-floor | raw | shrink,-697127982 | -438265046 | 1311334790 | -438265046
22d,213459894921770,production-floor | production-no-floor | raw | shrink,-697127982 | -438265046 | 1311334790 | -438265046
22d,213459894921771,production-floor | production-no-floor | raw | shrink,-206037755 | -438265046 | 1311334790 | -438265046
22d,213459894921772,production-floor | production-no-floor | raw | shrink,-697127982 | -438265046 | 1311334790 | -438265046
22d,213459894921773,production-floor | production-no-floor | raw | shrink,-697127982 | -438265046 | 1311334790 | -438265046
22d,213459894921774,production-floor | production-no-floor | raw | shrink,-697127982 | -438265046 | 1311334790 | -438265046
22d,213459894921775,production-floor | production-no-floor | raw | shrink,-697127982 | -438265046 | 1311334790 | -438265046
22d,213459894921776,production-floor | production-no-floor | raw | shrink,-206037755 | -438265046 | 1311334790 | -438265046
22d,213459894921777,production-floor | production-no-floor | raw | shrink,-697127982 | -438265046 | 1311334790 | -438265046
22d,213459894921778,production-floor | production-no-floor | raw | shrink,-697127982 | -438265046 | 1311334790 | -438265046
22d,213459894921779,production-floor | production-no-floor | raw | shrink,-697127982 | -438265046 | 1311334790 | -438265046
22d,213459894921780,production-floor | production-no-floor | raw | shrink,-697127982 | -438265046 | 1311334790 | -438265046
22d,213459894921781,production-floor | production-no-floor | raw | shrink,-697127982 | -438265046 | 1311334790 | -438265046
22d,213459894921782,production-floor | production-no-floor | raw | shrink,-697127982 | -438265046 | 1311334790 | -438265046
22d,213459894921783,production-floor | production-no-floor | raw | shrink,-697127982 | -438265046 | 1311334790 | -438265046
22d,213459894921784,production-floor | production-no-floor | raw | shrink,-697127982 | -438265046 | 1311334790 | -438265046
22d,213459894921785,production-floor | production-no-floor | raw | shrink,-697127982 | -438265046 | 1311334790 | -438265046
22d,213459894921786,production-floor | production-no-floor | raw | shrink,-697127982 | -438265046 | 1311334790 | -438265046
22d,213459894921787,production-floor | production-no-floor | raw | shrink,-697127982 | -438265046 | 1311334790 | -438265046
22d,213459894921788,production-floor | production-no-floor | raw | shrink,-697127982 | -438265046 | 1311334790 | -438265046
22d,213459894921789,production-floor | production-no-floor | raw | shrink,-697127982 | -438265046 | 1311334790 | -438265046
22d,213459894921790,production-floor | production-no-floor | raw | shrink,-697127982 | -438265046 | 1311334790 | -438265046
22d,213459894921791,production-floor | production-no-floor | raw | shrink,-697127982 | -438265046 | 1311334790 | -438265046
23a,213580154004865,production-floor | production-no-floor | raw | shrink,-71625942 | 1835492322 | 1062427072 | 1835492322
23a,213580154004866,production-floor | production-no-floor | raw | shrink,-71625942 | 1835492322 | 1062427072 | 1835492322
23a,213580154004867,production-floor | production-no-floor | raw | shrink,1835492322 | 1835492322 | 1062427072 | 1835492322
23a,213580154004868,production-floor | production-no-floor | raw | shrink,-71625942 | 1835492322 | 1239696269 | 1835492322
23a,213580154004869,production-floor | production-no-floor | raw | shrink,-71625942 | -1576721678 | 1062427072 | -1576721678
23a,213580154004870,production-floor | production-no-floor | raw | shrink,-71625942 | 1835492322 | -1576721678 | 1835492322
23a,213580154004871,production-floor | production-no-floor | raw | shrink,-71625942 | 1835492322 | -1550513565 | 1835492322
23a,213580154004872,production-floor | production-no-floor | raw | shrink,-71625942 | 1835492322 | -1576721678 | 1835492322
23a,213580154004873,production-floor | production-no-floor | raw | shrink,-71625942 | 1835492322 | 1062427072 | 1835492322
23a,213580154004874,production-floor | production-no-floor | raw | shrink,-71625942 | 1835492322 | -1748251853 | 1835492322
23a,213580154004875,production-floor | production-no-floor | raw | shrink,-71625942 | 1835492322 | -645930611 | 1835492322
23a,213580154004876,production-floor | production-no-floor | raw | shrink,-71625942 | 1835492322 | -1576721678 | 1835492322
23a,213580154004877,production-floor | production-no-floor | raw | shrink,-71625942 | 1835492322 | -1748251853 | 1835492322
23a,213580154004878,production-floor | production-no-floor | raw | shrink,-71625942 | 1835492322 | -1576721678 | 1835492322
23a,213580154004879,production-floor | production-no-floor | raw | shrink,1835492322 | 1835492322 | -645930611 | 1835492322
23a,213580154004880,production-floor | production-no-floor | raw | shrink,-71625942 | 1835492322 | -645930611 | 1835492322
23a,213580154004881,production-floor | production-no-floor | raw | shrink,-71625942 | 1835492322 | 1062427072 | 1835492322
23a,213580154004882,production-floor | production-no-floor | raw | shrink,-71625942 | 1835492322 | 1062427072 | 1835492322
23a,213580154004883,production-floor | production-no-floor | raw | shrink,-71625942 | 1835492322 | 1239696269 | 1835492322
23a,213580154004884,production-floor | production-no-floor | raw | shrink,1835492322 | 1835492322 | -645930611 | 1835492322
23a,213580154004885,production-floor | production-no-floor | raw | shrink,-71625942 | 1835492322 | -1748251853 | 1835492322
23a,213580154004886,production-floor | production-no-floor | raw | shrink,-71625942 | 1835492322 | 1062427072 | 1835492322
23a,213580154004887,production-floor | production-no-floor | raw | shrink,-71625942 | 1835492322 | -1576721678 | 1835492322
23a,213580154004888,production-floor | production-no-floor | raw | shrink,-71625942 | 1835492322 | -1576721678 | 1835492322
23a,213580154004889,production-floor | production-no-floor | raw | shrink,-71625942 | 1835492322 | 1062427072 | 1835492322
23a,213580154004890,production-floor | production-no-floor | raw | shrink,-71625942 | 1835492322 | -1550513565 | 1835492322
23a,213580154004891,production-floor | production-no-floor | raw | shrink,-71625942 | 1835492322 | -1576721678 | 1835492322
23a,213580154004892,production-floor | production-no-floor | raw | shrink,-71625942 | 1835492322 | -1576721678 | 1835492322
23a,213580154004893,production-floor | production-no-floor | raw | shrink,-71625942 | 1835492322 | -1576721678 | 1835492322
23a,213580154004894,production-floor | production-no-floor | raw | shrink,-71625942 | -1576721678 | -1550513565 | -1576721678
23a,213580154004895,production-floor | production-no-floor | raw | shrink,-71625942 | 1835492322 | 1062427072 | 1835492322
23a,213580154004896,production-floor | production-no-floor | raw | shrink,-71625942 | 1835492322 | 1062427072 | 1835492322
23a,213580154004897,production-floor | production-no-floor | raw | shrink,-71625942 | 1835492322 | 1062427072 | 1835492322
23a,213580154004898,production-floor | production-no-floor | raw | shrink,-71625942 | 1835492322 | -645930611 | 1835492322
23a,213580154004899,production-floor | production-no-floor | raw | shrink,-71625942 | 1835492322 | -1576721678 | 1835492322
23a,213580154004900,production-floor | production-no-floor | raw | shrink,-71625942 | 1835492322 | -645930611 | 1835492322
23a,213580154004901,production-floor | production-no-floor | raw | shrink,-71625942 | 1835492322 | -1550513565 | 1835492322
23a,213580154004902,production-floor | production-no-floor | raw | shrink,-71625942 | 1835492322 | 1062427072 | 1835492322
23a,213580154004903,production-floor | production-no-floor | raw | shrink,-71625942 | 1835492322 | 1062427072 | 1835492322
23a,213580154004904,production-floor | production-no-floor | raw | shrink,-71625942 | 1835492322 | 1062427072 | 1835492322
23a,213580154004905,production-floor | production-no-floor | raw | shrink,-71625942 | 1835492322 | -1550513565 | 1835492322
23a,213580154004906,production-floor | production-no-floor | raw | shrink,-71625942 | 1835492322 | 1062427072 | 1835492322
23a,213580154004907,production-floor | production-no-floor | raw | shrink,-71625942 | 1835492322 | -645930611 | 1835492322
23a,213580154004908,production-floor | production-no-floor | raw | shrink,-71625942 | 1835492322 | 1239696269 | 1835492322
23a,213580154004909,production-floor | production-no-floor | raw | shrink,-71625942 | 1835492322 | -1576721678 | 1835492322
23a,213580154004910,production-floor | production-no-floor | raw | shrink,-71625942 | 1835492322 | 1062427072 | 1835492322
23a,213580154004911,production-floor | production-no-floor | raw | shrink,-71625942 | 1835492322 | 1062427072 | 1835492322
23a,213580154004912,production-floor | production-no-floor | raw | shrink,-71625942 | 1835492322 | -1576721678 | 1835492322
23a,213580154004913,production-floor | production-no-floor | raw | shrink,-71625942 | 1835492322 | 1062427072 | 1835492322
23a,213580154004914,production-floor | production-no-floor | raw | shrink,-71625942 | 1835492322 | -645930611 | 1835492322
23a,213580154004915,production-floor | production-no-floor | raw | shrink,-71625942 | 1835492322 | -1576721678 | 1835492322
23a,213580154004916,production-floor | production-no-floor | raw | shrink,-71625942 | 1835492322 | -1576721678 | 1835492322
23a,213580154004917,production-floor | production-no-floor | raw | shrink,1835492322 | 1835492322 | -645930611 | 1835492322
23a,213580154004918,production-floor | production-no-floor | raw | shrink,-71625942 | -1576721678 | 1062427072 | -1576721678
23a,213580154004919,production-floor | production-no-floor | raw | shrink,-71625942 | 1835492322 | 1062427072 | 1835492322
23a,213580154004920,production-floor | production-no-floor | raw | shrink,-71625942 | 1835492322 | -1550513565 | 1835492322
23a,213580154004921,production-floor | production-no-floor | raw | shrink,-71625942 | 1835492322 | 1239696269 | 1835492322
23a,213580154004922,production-floor | production-no-floor | raw | shrink,-71625942 | -1576721678 | 1062427072 | -1576721678
23a,213580154004923,production-floor | production-no-floor | raw | shrink,-71625942 | 1835492322 | -1748251853 | 1835492322
23a,213580154004924,production-floor | production-no-floor | raw | shrink,-71625942 | 1835492322 | 1062427072 | 1835492322
23a,213580154004925,production-floor | production-no-floor | raw | shrink,1835492322 | 1835492322 | 1062427072 | 1835492322
23a,213580154004926,production-floor | production-no-floor | raw | shrink,-71625942 | 1835492322 | 1062427072 | 1835492322
23a,213580154004927,production-floor | production-no-floor | raw | shrink,1835492322 | 1835492322 | -1576721678 | 1835492322
23a,213580154006080,production-floor | production-no-floor | raw | shrink,-71625942 | 1835492322 | -1576721678 | 1835492322
23a,213580154006081,production-floor | production-no-floor | raw | shrink,-71625942 | 1835492322 | 1062427072 | 1835492322
23a,213580154006082,production-floor | production-no-floor | raw | shrink,-71625942 | 1835492322 | -1576721678 | 1835492322
23a,213580154006083,production-floor | production-no-floor | raw | shrink,-71625942 | 1835492322 | -1576721678 | 1835492322
23a,213580154006084,production-floor | production-no-floor | raw | shrink,-71625942 | 1835492322 | 1062427072 | 1835492322
23a,213580154006085,production-floor | production-no-floor | raw | shrink,1835492322 | 1835492322 | -645930611 | 1835492322
23a,213580154006086,production-floor | production-no-floor | raw | shrink,-71625942 | 1835492322 | -1550513565 | 1835492322
23a,213580154006087,production-floor | production-no-floor | raw | shrink,-71625942 | 1835492322 | 1062427072 | 1835492322
23a,213580154006088,production-floor | production-no-floor | raw | shrink,-71625942 | 1835492322 | -1576721678 | 1835492322
23a,213580154006089,production-floor | production-no-floor | raw | shrink,-71625942 | 1835492322 | 1062427072 | 1835492322
23a,213580154006090,production-floor | production-no-floor | raw | shrink,-71625942 | 1835492322 | 1062427072 | 1835492322
23a,213580154006091,production-floor | production-no-floor | raw | shrink,-71625942 | 1835492322 | 1062427072 | 1835492322
23a,213580154006092,production-floor | production-no-floor | raw | shrink,1835492322 | 1835492322 | -1576721678 | 1835492322
23a,213580154006093,production-floor | production-no-floor | raw | shrink,1835492322 | 1835492322 | -645930611 | 1835492322
23a,213580154006094,production-floor | production-no-floor | raw | shrink,-71625942 | 1835492322 | 1062427072 | 1835492322
23a,213580154006095,production-floor | production-no-floor | raw | shrink,-71625942 | 1835492322 | 1062427072 | 1835492322
23a,213580154006096,production-floor | production-no-floor | raw | shrink,-71625942 | 1835492322 | 1062427072 | 1835492322
23a,213580154006097,production-floor | production-no-floor | raw | shrink,-71625942 | 1835492322 | -1576721678 | 1835492322
23a,213580154006098,production-floor | production-no-floor | raw | shrink,-71625942 | 1835492322 | -645930611 | 1835492322
23a,213580154006099,production-floor | production-no-floor | raw | shrink,-71625942 | 1835492322 | 1062427072 | 1835492322
23a,213580154006100,production-floor | production-no-floor | raw | shrink,-71625942 | 1835492322 | 1062427072 | 1835492322
23a,213580154006101,production-floor | production-no-floor | raw | shrink,-71625942 | 1835492322 | 1062427072 | 1835492322
23a,213580154006102,production-floor | production-no-floor | raw | shrink,-71625942 | 1835492322 | -1576721678 | 1835492322
23a,213580154006103,production-floor | production-no-floor | raw | shrink,1835492322 | 1835492322 | 1062427072 | 1835492322
23a,213580154006104,production-floor | production-no-floor | raw | shrink,-71625942 | 1835492322 | -1748251853 | 1835492322
23a,213580154006105,production-floor | production-no-floor | raw | shrink,-71625942 | 1835492322 | -645930611 | 1835492322
23a,213580154006106,production-floor | production-no-floor | raw | shrink,-71625942 | 1835492322 | 1062427072 | 1835492322
23a,213580154006107,production-floor | production-no-floor | raw | shrink,-71625942 | 1835492322 | -1748251853 | 1835492322
23a,213580154006108,production-floor | production-no-floor | raw | shrink,-71625942 | 1835492322 | 1062427072 | 1835492322
23a,213580154006109,production-floor | production-no-floor | raw | shrink,-71625942 | -1576721678 | 1062427072 | -1576721678
23a,213580154006110,production-floor | production-no-floor | raw | shrink,-71625942 | 1835492322 | -1576721678 | 1835492322
23a,213580154006111,production-floor | production-no-floor | raw | shrink,-71625942 | 1835492322 | 1062427072 | 1835492322
23a,213580154006112,production-floor | production-no-floor | raw | shrink,-71625942 | 1835492322 | 1062427072 | 1835492322
23a,213580154006113,production-floor | production-no-floor | raw | shrink,-71625942 | 1835492322 | 1062427072 | 1835492322
23a,213580154006114,production-floor | production-no-floor | raw | shrink,-71625942 | 1835492322 | -1576721678 | 1835492322
23a,213580154006115,production-floor | production-no-floor | raw | shrink,-71625942 | 1835492322 | 1239696269 | 1835492322
23a,213580154006116,production-floor | production-no-floor | raw | shrink,-71625942 | 1835492322 | 1062427072 | 1835492322
23b,213584448972160,production-floor | production-no-floor | raw | shrink,1055741165 | 2055054090 | -439854755 | 2055054090
23b,213584448972162,production-floor | production-no-floor | raw | shrink,1055741165 | 2055054090 | -439854755 | 2055054090
23b,213584448972163,production-floor | production-no-floor | raw | shrink,1055741165 | 2055054090 | -1221980907 | 2055054090
23b,213584448972164,production-floor | production-no-floor | raw | shrink,1055741165 | 2055054090 | -1221980907 | 2055054090
23b,213584448972165,production-floor | production-no-floor | raw | shrink,1055741165 | 2055054090 | -1221980907 | 2055054090
23b,213584448972166,production-floor | production-no-floor | raw | shrink,1055741165 | 2055054090 | -439854755 | 2055054090
23b,213584448972167,production-floor | production-no-floor | raw | shrink,1055741165 | 2055054090 | -439854755 | 2055054090
23b,213584448972168,production-floor | production-no-floor | raw | shrink,1055741165 | 2055054090 | -439854755 | 2055054090
23b,213584448972169,production-floor | production-no-floor | raw | shrink,1055741165 | 2055054090 | -439854755 | 2055054090
23b,213584448972170,production-floor | production-no-floor | raw | shrink,1055741165 | 2055054090 | -439854755 | 2055054090
23b,213584448972171,production-floor | production-no-floor | raw | shrink,1055741165 | 2055054090 | -439854755 | 2055054090
23b,213584448972172,production-floor | production-no-floor | raw | shrink,1055741165 | 2055054090 | -1221980907 | 2055054090
23b,213584448972173,production-floor | production-no-floor | raw | shrink,1055741165 | 2055054090 | -439854755 | 2055054090
23b,213584448972174,production-floor | production-no-floor | raw | shrink,1055741165 | 2055054090 | -439854755 | 2055054090
23b,213584448972175,production-floor | production-no-floor | raw | shrink,1055741165 | 2055054090 | -439854755 | 2055054090
23b,213584448972176,production-floor | production-no-floor | raw | shrink,1055741165 | 2055054090 | -439854755 | 2055054090
23b,213584448972177,production-floor | production-no-floor | raw | shrink,1055741165 | -439854755 | -439854755 | -439854755
23b,213584448972178,production-floor | production-no-floor | raw | shrink,-617936631 | 2055054090 | -439854755 | 2055054090
23b,213584448972179,production-floor | production-no-floor | raw | shrink,1055741165 | 2055054090 | -1221980907 | 2055054090
23b,213584448972180,production-floor | production-no-floor | raw | shrink,1055741165 | 2055054090 | -439854755 | 2055054090
23b,213584448972181,production-floor | production-no-floor | raw | shrink,1055741165 | 2055054090 | -439854755 | 2055054090
23b,213584448972182,production-floor | production-no-floor | raw | shrink,-617936631 | 2055054090 | -439854755 | 2055054090
23b,213584448972183,production-floor | production-no-floor | raw | shrink,1055741165 | 2055054090 | -439854755 | 2055054090
23b,213584448972184,production-floor | production-no-floor | raw | shrink,1055741165 | -439854755 | -439854755 | -439854755
23b,213584448972185,production-floor | production-no-floor | raw | shrink,1055741165 | 2055054090 | -439854755 | 2055054090
23b,213584448972186,production-floor | production-no-floor | raw | shrink,1055741165 | 2055054090 | -1221980907 | 2055054090
23b,213584448972187,production-floor | production-no-floor | raw | shrink,1055741165 | 2055054090 | -439854755 | 2055054090
23b,213584448972188,production-floor | production-no-floor | raw | shrink,1055741165 | 2055054090 | -439854755 | 2055054090
23b,213584448972189,production-floor | production-no-floor | raw | shrink,1055741165 | 2055054090 | -439854755 | 2055054090
23b,213584448972190,production-floor | production-no-floor | raw | shrink,-617936631 | 2055054090 | -439854755 | 2055054090
23b,213584448972191,production-floor | production-no-floor | raw | shrink,1055741165 | 2055054090 | -439854755 | 2055054090
23b,213584448972192,production-floor | production-no-floor | raw | shrink,1055741165 | 2055054090 | -439854755 | 2055054090
23b,213584448972193,production-floor | production-no-floor | raw | shrink,1055741165 | 2055054090 | -1221980907 | 2055054090
23b,213584448972194,production-floor | production-no-floor | raw | shrink,1055741165 | 2055054090 | -439854755 | 2055054090
23b,213584448972195,production-floor | production-no-floor | raw | shrink,1055741165 | 2055054090 | -1221980907 | 2055054090
23b,213584448972196,production-floor | production-no-floor | raw | shrink,-617936631 | 2055054090 | -439854755 | 2055054090
23b,213584448972197,production-floor | production-no-floor | raw | shrink,1055741165 | 2055054090 | -439854755 | 2055054090
23b,213584448972198,production-floor | production-no-floor | raw | shrink,1055741165 | 2055054090 | -439854755 | 2055054090
23b,213584448972199,production-floor | production-no-floor | raw | shrink,1055741165 | 2055054090 | -439854755 | 2055054090
23b,213584448972200,production-floor | production-no-floor | raw | shrink,1055741165 | 2055054090 | -439854755 | 2055054090
23b,213584448972201,production-floor | production-no-floor | raw | shrink,1055741165 | 2055054090 | -439854755 | 2055054090
23b,213584448972202,production-floor | production-no-floor | raw | shrink,-617936631 | 2055054090 | -439854755 | 2055054090
23b,213584448972203,production-floor | production-no-floor | raw | shrink,1055741165 | 2055054090 | -1221980907 | 2055054090
23b,213584448972204,production-floor | production-no-floor | raw | shrink,1055741165 | 2055054090 | -439854755 | 2055054090
23b,213584448972205,production-floor | production-no-floor | raw | shrink,1055741165 | 2055054090 | -439854755 | 2055054090
23b,213584448972206,production-floor | production-no-floor | raw | shrink,1055741165 | 2055054090 | -439854755 | 2055054090
23b,213584448972207,production-floor | production-no-floor | raw | shrink,1055741165 | 2055054090 | -439854755 | 2055054090
23b,213584448972208,production-floor | production-no-floor | raw | shrink,1055741165 | -439854755 | -1221980907 | -439854755
23b,213584448972209,production-floor | production-no-floor | raw | shrink,1055741165 | 2055054090 | -439854755 | 2055054090
23b,213584448972210,production-floor | production-no-floor | raw | shrink,-617936631 | 2055054090 | -439854755 | 2055054090
23b,213584448972211,production-floor | production-no-floor | raw | shrink,1055741165 | 2055054090 | -439854755 | 2055054090
23b,213584448972212,production-floor | production-no-floor | raw | shrink,1055741165 | 2055054090 | -1221980907 | 2055054090
23b,213584448972213,production-floor | production-no-floor | raw | shrink,1055741165 | 2055054090 | -439854755 | 2055054090
23b,213584448972214,production-floor | production-no-floor | raw | shrink,1055741165 | 2055054090 | -439854755 | 2055054090
23b,213584448972215,production-floor | production-no-floor | raw | shrink,1055741165 | 2055054090 | -439854755 | 2055054090
23b,213584448972216,production-floor | production-no-floor | raw | shrink,1055741165 | 2055054090 | -439854755 | 2055054090
23b,213584448972217,production-floor | production-no-floor | raw | shrink,-617936631 | 2055054090 | -439854755 | 2055054090
23b,213584448972218,production-floor | production-no-floor | raw | shrink,1055741165 | 2055054090 | -439854755 | 2055054090
23b,213584448972219,production-floor | production-no-floor | raw | shrink,1055741165 | 2055054090 | -439854755 | 2055054090
23b,213584448972220,production-floor | production-no-floor | raw | shrink,1055741165 | 2055054090 | -1221980907 | 2055054090
23b,213584448972221,production-floor | production-no-floor | raw | shrink,1055741165 | 2055054090 | -1221980907 | 2055054090
23b,213584448972222,production-floor | production-no-floor | raw | shrink,1055741165 | 2055054090 | -439854755 | 2055054090
23b,213584448972223,production-floor | production-no-floor | raw | shrink,1055741165 | 2055054090 | -439854755 | 2055054090
23b,213584448973376,production-floor | production-no-floor | raw | shrink,1055741165 | 2055054090 | -1221980907 | 2055054090
23b,213584448973377,production-floor | production-no-floor | raw | shrink,1055741165 | 2055054090 | -439854755 | 2055054090
23b,213584448973378,production-floor | production-no-floor | raw | shrink,1055741165 | 2055054090 | -1221980907 | 2055054090
23b,213584448973379,production-floor | production-no-floor | raw | shrink,1055741165 | 2055054090 | -439854755 | 2055054090
23b,213584448973380,production-floor | production-no-floor | raw | shrink,1055741165 | 2055054090 | -439854755 | 2055054090
23b,213584448973381,production-floor | production-no-floor | raw | shrink,1055741165 | 2055054090 | -439854755 | 2055054090
23b,213584448973382,production-floor | production-no-floor | raw | shrink,1055741165 | 2055054090 | -1221980907 | 2055054090
23b,213584448973383,production-floor | production-no-floor | raw | shrink,-617936631 | 2055054090 | -439854755 | 2055054090
23b,213584448973384,production-floor | production-no-floor | raw | shrink,1055741165 | 2055054090 | -439854755 | 2055054090
23b,213584448973385,production-floor | production-no-floor | raw | shrink,1055741165 | 2055054090 | -439854755 | 2055054090
23b,213584448973386,production-floor | production-no-floor | raw | shrink,1055741165 | 2055054090 | -1221980907 | 2055054090
23b,213584448973387,production-floor | production-no-floor | raw | shrink,1055741165 | 2055054090 | -439854755 | 2055054090
23b,213584448973388,production-floor | production-no-floor | raw | shrink,1055741165 | 2055054090 | -439854755 | 2055054090
23b,213584448973389,production-floor | production-no-floor | raw | shrink,1055741165 | 2055054090 | -439854755 | 2055054090
23b,213584448973390,production-floor | production-no-floor | raw | shrink,1055741165 | 2055054090 | -439854755 | 2055054090
23b,213584448973391,production-floor | production-no-floor | raw | shrink,1055741165 | 2055054090 | -1221980907 | 2055054090
23b,213584448973392,production-floor | production-no-floor | raw | shrink,1055741165 | 2055054090 | -439854755 | 2055054090
23b,213584448973393,production-floor | production-no-floor | raw | shrink,1055741165 | 2055054090 | -439854755 | 2055054090
23b,213584448973394,production-floor | production-no-floor | raw | shrink,1055741165 | 2055054090 | -439854755 | 2055054090
23b,213584448973395,production-floor | production-no-floor | raw | shrink,1055741165 | 2055054090 | -1221980907 | 2055054090
23b,213584448973396,production-floor | production-no-floor | raw | shrink,1055741165 | 2055054090 | -439854755 | 2055054090
23b,213584448973397,production-floor | production-no-floor | raw | shrink,1055741165 | 2055054090 | -1221980907 | 2055054090
23b,213584448973398,production-floor | production-no-floor | raw | shrink,1055741165 | 2055054090 | -439854755 | 2055054090
23b,213584448973399,production-floor | production-no-floor | raw | shrink,1055741165 | 2055054090 | -439854755 | 2055054090
23b,213584448973400,production-floor | production-no-floor | raw | shrink,1055741165 | 2055054090 | -1221980907 | 2055054090
23b,213584448973401,production-floor | production-no-floor | raw | shrink,1055741165 | 2055054090 | -439854755 | 2055054090
23b,213584448973402,production-floor | production-no-floor | raw | shrink,1055741165 | 2055054090 | -439854755 | 2055054090
23b,213584448973403,production-floor | production-no-floor | raw | shrink,1055741165 | 2055054090 | -439854755 | 2055054090
23b,213584448973404,production-floor | production-no-floor | raw | shrink,1055741165 | 2055054090 | -439854755 | 2055054090
23b,213584448973405,production-floor | production-no-floor | raw | shrink,1055741165 | 2055054090 | -1221980907 | 2055054090
23b,213584448973406,production-floor | production-no-floor | raw | shrink,1055741165 | 2055054090 | -439854755 | 2055054090
23b,213584448973407,production-floor | production-no-floor | raw | shrink,1055741165 | 2055054090 | -439854755 | 2055054090
23b,213584448973408,production-floor | production-no-floor | raw | shrink,1055741165 | 2055054090 | -439854755 | 2055054090
23b,213584448973409,production-floor | production-no-floor | raw | shrink,1055741165 | 2055054090 | -1221980907 | 2055054090
23b,213584448973410,production-floor | production-no-floor | raw | shrink,1055741165 | 2055054090 | -439854755 | 2055054090
23b,213584448973411,production-floor | production-no-floor | raw | shrink,1055741165 | 2055054090 | -439854755 | 2055054090
23b,213584448973413,production-floor | production-no-floor | raw | shrink,1055741165 | 2055054090 | -1221980907 | 2055054090
23c,213588743939456,production-floor | production-no-floor | raw | shrink,-71625942 | 1835492322 | 1062427072 | 1835492322
23c,213588743939457,production-floor | production-no-floor | raw | shrink,-71625942 | 1835492322 | -1748251853 | 1835492322
23c,213588743939459,production-floor | production-no-floor | raw | shrink,-71625942 | 1835492322 | -1576721678 | 1835492322
23c,213588743939460,production-floor | production-no-floor | raw | shrink,-71625942 | 1835492322 | 1062427072 | 1835492322
23c,213588743939461,production-floor | production-no-floor | raw | shrink,-71625942 | 1835492322 | 1062427072 | 1835492322
23c,213588743939462,production-floor | production-no-floor | raw | shrink,-71625942 | 1835492322 | -1550513565 | 1835492322
23c,213588743939463,production-floor | production-no-floor | raw | shrink,-71625942 | 1835492322 | 1062427072 | 1835492322
23c,213588743939464,production-floor | production-no-floor | raw | shrink,-71625942 | 1835492322 | 1062427072 | 1835492322
23c,213588743939465,production-floor | production-no-floor | raw | shrink,-71625942 | 1835492322 | -1550513565 | 1835492322
23c,213588743939466,production-floor | production-no-floor | raw | shrink,-71625942 | 1835492322 | -1748251853 | 1835492322
23c,213588743939467,production-floor | production-no-floor | raw | shrink,-71625942 | 1835492322 | -1576721678 | 1835492322
23c,213588743939468,production-floor | production-no-floor | raw | shrink,-71625942 | 1835492322 | -1550513565 | 1835492322
23c,213588743939469,production-floor | production-no-floor | raw | shrink,-71625942 | 1835492322 | -1576721678 | 1835492322
23c,213588743939470,production-floor | production-no-floor | raw | shrink,-71625942 | 1835492322 | -1550513565 | 1835492322
23c,213588743939471,production-floor | production-no-floor | raw | shrink,-71625942 | 1835492322 | -1576721678 | 1835492322
23c,213588743939472,production-floor | production-no-floor | raw | shrink,-71625942 | 1835492322 | -1576721678 | 1835492322
23c,213588743939473,production-floor | production-no-floor | raw | shrink,-71625942 | 1835492322 | -1576721678 | 1835492322
23c,213588743939474,production-floor | production-no-floor | raw | shrink,-71625942 | 1835492322 | 1062427072 | 1835492322
23c,213588743939475,production-floor | production-no-floor | raw | shrink,-71625942 | 1835492322 | -1748251853 | 1835492322
23c,213588743939476,production-floor | production-no-floor | raw | shrink,-71625942 | 1835492322 | -1576721678 | 1835492322
23c,213588743939477,production-floor | production-no-floor | raw | shrink,1835492322 | 1835492322 | -645930611 | 1835492322
23c,213588743939478,production-floor | production-no-floor | raw | shrink,-71625942 | 1835492322 | -1576721678 | 1835492322
23c,213588743939479,production-floor | production-no-floor | raw | shrink,-71625942 | 1835492322 | -645930611 | 1835492322
23c,213588743939480,production-floor | production-no-floor | raw | shrink,-71625942 | 1835492322 | -1576721678 | 1835492322
23c,213588743939481,production-floor | production-no-floor | raw | shrink,-71625942 | 1835492322 | 1062427072 | 1835492322
23c,213588743939482,production-floor | production-no-floor | raw | shrink,1835492322 | 1835492322 | 1062427072 | 1835492322
23c,213588743939483,production-floor | production-no-floor | raw | shrink,-71625942 | -1576721678 | 1062427072 | -1576721678
23c,213588743939484,production-floor | production-no-floor | raw | shrink,-71625942 | 1835492322 | -1748251853 | 1835492322
23c,213588743939485,production-floor | production-no-floor | raw | shrink,-71625942 | 1835492322 | 1062427072 | 1835492322
23c,213588743939486,production-floor | production-no-floor | raw | shrink,-71625942 | 1835492322 | -1576721678 | 1835492322
23c,213588743939487,production-floor | production-no-floor | raw | shrink,-71625942 | 1835492322 | 1062427072 | 1835492322
23c,213588743939488,production-floor | production-no-floor | raw | shrink,-71625942 | 1835492322 | -1576721678 | 1835492322
23c,213588743939489,production-floor | production-no-floor | raw | shrink,-71625942 | 1835492322 | 1062427072 | 1835492322
23c,213588743939490,production-floor | production-no-floor | raw | shrink,-71625942 | 1835492322 | -1576721678 | 1835492322
23c,213588743939491,production-floor | production-no-floor | raw | shrink,1835492322 | 1835492322 | 1062427072 | 1835492322
23c,213588743939492,production-floor | production-no-floor | raw | shrink,1835492322 | 1835492322 | -1576721678 | 1835492322
23c,213588743939493,production-floor | production-no-floor | raw | shrink,-71625942 | 1835492322 | -1576721678 | 1835492322
23c,213588743939494,production-floor | production-no-floor | raw | shrink,-71625942 | 1835492322 | 1062427072 | 1835492322
23c,213588743939495,production-floor | production-no-floor | raw | shrink,-71625942 | -1576721678 | 1062427072 | -1576721678
23c,213588743939496,production-floor | production-no-floor | raw | shrink,-71625942 | 1835492322 | 1062427072 | 1835492322
23c,213588743939497,production-floor | production-no-floor | raw | shrink,-71625942 | 1835492322 | -1576721678 | 1835492322
23c,213588743939498,production-floor | production-no-floor | raw | shrink,-71625942 | 1835492322 | -645930611 | 1835492322
23c,213588743939499,production-floor | production-no-floor | raw | shrink,1835492322 | 1835492322 | 1062427072 | 1835492322
23c,213588743939500,production-floor | production-no-floor | raw | shrink,-71625942 | 1835492322 | 1062427072 | 1835492322
23c,213588743939501,production-floor | production-no-floor | raw | shrink,-71625942 | 1835492322 | 1239696269 | 1835492322
23c,213588743939502,production-floor | production-no-floor | raw | shrink,-71625942 | 1835492322 | -1576721678 | 1835492322
23c,213588743939503,production-floor | production-no-floor | raw | shrink,-71625942 | 1835492322 | -1576721678 | 1835492322
23c,213588743939504,production-floor | production-no-floor | raw | shrink,-71625942 | 1835492322 | -645930611 | 1835492322
23c,213588743939505,production-floor | production-no-floor | raw | shrink,1835492322 | 1835492322 | -1576721678 | 1835492322
23c,213588743939506,production-floor | production-no-floor | raw | shrink,-71625942 | -1576721678 | 1062427072 | -1576721678
23c,213588743939507,production-floor | production-no-floor | raw | shrink,1835492322 | 1835492322 | -645930611 | 1835492322
23c,213588743939508,production-floor | production-no-floor | raw | shrink,1835492322 | 1835492322 | -645930611 | 1835492322
23c,213588743939509,production-floor | production-no-floor | raw | shrink,-71625942 | 1835492322 | -1576721678 | 1835492322
23c,213588743939510,production-floor | production-no-floor | raw | shrink,-71625942 | 1835492322 | 1062427072 | 1835492322
23c,213588743939511,production-floor | production-no-floor | raw | shrink,-71625942 | 1835492322 | -1748251853 | 1835492322
23c,213588743939512,production-floor | production-no-floor | raw | shrink,-71625942 | 1835492322 | 1062427072 | 1835492322
23c,213588743939513,production-floor | production-no-floor | raw | shrink,-71625942 | 1835492322 | -1576721678 | 1835492322
23c,213588743939514,production-floor | production-no-floor | raw | shrink,-71625942 | 1835492322 | -1576721678 | 1835492322
23c,213588743939515,production-floor | production-no-floor | raw | shrink,-71625942 | 1835492322 | -1550513565 | 1835492322
23c,213588743939516,production-floor | production-no-floor | raw | shrink,-71625942 | 1835492322 | 1062427072 | 1835492322
23c,213588743939517,production-floor | production-no-floor | raw | shrink,-71625942 | 1835492322 | -1576721678 | 1835492322
23c,213588743939518,production-floor | production-no-floor | raw | shrink,1835492322 | -1576721678 | 1062427072 | -1576721678
23c,213588743939519,production-floor | production-no-floor | raw | shrink,-71625942 | 1835492322 | -1576721678 | 1835492322
23c,213588743940672,production-floor | production-no-floor | raw | shrink,-71625942 | 1835492322 | -1576721678 | 1835492322
23c,213588743940673,production-floor | production-no-floor | raw | shrink,-71625942 | 1835492322 | 1062427072 | 1835492322
23c,213588743940674,production-floor | production-no-floor | raw | shrink,-71625942 | 1835492322 | 1062427072 | 1835492322
23c,213588743940675,production-floor | production-no-floor | raw | shrink,-71625942 | 1835492322 | 1062427072 | 1835492322
23c,213588743940676,production-floor | production-no-floor | raw | shrink,-71625942 | 1835492322 | -1748251853 | 1835492322
23c,213588743940677,production-floor | production-no-floor | raw | shrink,-71625942 | 1835492322 | -1748251853 | 1835492322
23c,213588743940678,production-floor | production-no-floor | raw | shrink,-71625942 | 1835492322 | 1062427072 | 1835492322
23c,213588743940679,production-floor | production-no-floor | raw | shrink,-71625942 | 1835492322 | -1576721678 | 1835492322
23c,213588743940680,production-floor | production-no-floor | raw | shrink,-71625942 | 1835492322 | 1062427072 | 1835492322
23c,213588743940681,production-floor | production-no-floor | raw | shrink,-71625942 | 1835492322 | -1550513565 | 1835492322
23c,213588743940682,production-floor | production-no-floor | raw | shrink,-71625942 | 1835492322 | -1748251853 | 1835492322
23c,213588743940683,production-floor | production-no-floor | raw | shrink,-71625942 | 1835492322 | 1062427072 | 1835492322
23c,213588743940684,production-floor | production-no-floor | raw | shrink,-71625942 | 1835492322 | 1062427072 | 1835492322
23c,213588743940685,production-floor | production-no-floor | raw | shrink,-71625942 | 1835492322 | -1576721678 | 1835492322
23c,213588743940686,production-floor | production-no-floor | raw | shrink,-71625942 | 1835492322 | 1062427072 | 1835492322
23c,213588743940687,production-floor | production-no-floor | raw | shrink,-71625942 | 1835492322 | -1576721678 | 1835492322
23c,213588743940688,production-floor | production-no-floor | raw | shrink,-71625942 | 1835492322 | -645930611 | 1835492322
23c,213588743940689,production-floor | production-no-floor | raw | shrink,-71625942 | -1576721678 | 1062427072 | -1576721678
23c,213588743940690,production-floor | production-no-floor | raw | shrink,-71625942 | 1835492322 | -1550513565 | 1835492322
23c,213588743940691,production-floor | production-no-floor | raw | shrink,-71625942 | -1576721678 | -1550513565 | -1576721678
23c,213588743940692,production-floor | production-no-floor | raw | shrink,-71625942 | 1835492322 | 1062427072 | 1835492322
23c,213588743940693,production-floor | production-no-floor | raw | shrink,-71625942 | 1835492322 | 1062427072 | 1835492322
23c,213588743940694,production-floor | production-no-floor | raw | shrink,-71625942 | 1835492322 | 1062427072 | 1835492322
23c,213588743940695,production-floor | production-no-floor | raw | shrink,-71625942 | 1835492322 | 1062427072 | 1835492322
23c,213588743940696,production-floor | production-no-floor | raw | shrink,-71625942 | 1835492322 | -1550513565 | 1835492322
23c,213588743940697,production-floor | production-no-floor | raw | shrink,-71625942 | 1835492322 | -1748251853 | 1835492322
23c,213588743940698,production-floor | production-no-floor | raw | shrink,-71625942 | 1835492322 | -1576721678 | 1835492322
23c,213588743940699,production-floor | production-no-floor | raw | shrink,-71625942 | 1835492322 | -1576721678 | 1835492322
23c,213588743940700,production-floor | production-no-floor | raw | shrink,-71625942 | 1835492322 | 1062427072 | 1835492322
23c,213588743940701,production-floor | production-no-floor | raw | shrink,-71625942 | 1835492322 | -1550513565 | 1835492322
23c,213588743940702,production-floor | production-no-floor | raw | shrink,-71625942 | 1835492322 | -645930611 | 1835492322
23c,213588743940703,production-floor | production-no-floor | raw | shrink,-71625942 | 1835492322 | 1062427072 | 1835492322
23c,213588743940704,production-floor | production-no-floor | raw | shrink,-71625942 | 1835492322 | -1550513565 | 1835492322
23c,213588743940705,production-floor | production-no-floor | raw | shrink,-71625942 | 1835492322 | 1062427072 | 1835492322
23c,213588743940706,production-floor | production-no-floor | raw | shrink,1835492322 | 1835492322 | -645930611 | 1835492322
23c,213588743940707,production-floor | production-no-floor | raw | shrink,-71625942 | 1835492322 | 1062427072 | 1835492322
23c,213588743940710,production-floor | production-no-floor | raw | shrink,-71625942 | 1835492322 | 1062427072 | 1835492322
24a,213713297991040,production-floor | production-no-floor | raw | shrink,369835801 | 941138625 | 785322840 | 941138625
24a,213713297991041,production-floor | production-no-floor | raw | shrink,369835801 | 941138625 | 785322840 | 941138625
24a,213713297991042,production-floor | production-no-floor | raw | shrink,369835801 | 941138625 | 785322840 | 941138625
24a,213713297991043,production-floor | production-no-floor | raw | shrink,916074739 | 672276191 | -520825330 | 672276191
24a,213713297991044,production-floor | production-no-floor | raw | shrink,369835801 | 941138625 | 785322840 | 941138625
24a,213713297991045,production-floor | production-no-floor | raw | shrink,916074739 | 672276191 | -520825330 | 672276191
24a,213713297991046,production-floor | production-no-floor | raw | shrink,369835801 | 941138625 | 785322840 | 941138625
24a,213713297991047,production-floor | production-no-floor | raw | shrink,369835801 | 941138625 | 785322840 | 941138625
24a,213713297991048,production-floor | production-no-floor | raw | shrink,369835801 | 941138625 | 1810971046 | 941138625
24a,213713297991049,production-floor | production-no-floor | raw | shrink,369835801 | 941138625 | 785322840 | 941138625
24a,213713297991050,production-floor | production-no-floor | raw | shrink,369835801 | 941138625 | 785322840 | 941138625
24a,213713297991051,production-floor | production-no-floor | raw | shrink,369835801 | 941138625 | 785322840 | 941138625
24a,213713297991052,production-floor | production-no-floor | raw | shrink,916074739 | 672276191 | -520825330 | 672276191
24a,213713297991053,production-floor | production-no-floor | raw | shrink,369835801 | 941138625 | 785322840 | 941138625
24a,213713297991054,production-floor | production-no-floor | raw | shrink,369835801 | 941138625 | 785322840 | 941138625
24a,213713297991055,production-floor | production-no-floor | raw | shrink,369835801 | 941138625 | 785322840 | 941138625
24a,213713297991056,production-floor | production-no-floor | raw | shrink,369835801 | 941138625 | 785322840 | 941138625
24a,213713297991057,production-floor | production-no-floor | raw | shrink,-395869926 | 941138625 | 785322840 | 941138625
24a,213713297991058,production-floor | production-no-floor | raw | shrink,916074739 | 941138625 | -520825330 | 941138625
24a,213713297991059,production-floor | production-no-floor | raw | shrink,369835801 | 941138625 | 785322840 | 941138625
24a,213713297991060,production-floor | production-no-floor | raw | shrink,369835801 | 941138625 | 785322840 | 941138625
24a,213713297991061,production-floor | production-no-floor | raw | shrink,369835801 | 941138625 | 785322840 | 941138625
24a,213713297991062,production-floor | production-no-floor | raw | shrink,369835801 | 941138625 | 785322840 | 941138625
24a,213713297991063,production-floor | production-no-floor | raw | shrink,369835801 | 941138625 | 785322840 | 941138625
24a,213713297991064,production-floor | production-no-floor | raw | shrink,369835801 | 941138625 | 785322840 | 941138625
24a,213713297991065,production-floor | production-no-floor | raw | shrink,369835801 | 941138625 | 785322840 | 941138625
24a,213713297991066,production-floor | production-no-floor | raw | shrink,369835801 | 941138625 | 785322840 | 941138625
24a,213713297991067,production-floor | production-no-floor | raw | shrink,369835801 | 941138625 | 785322840 | 941138625
24a,213713297991068,production-floor | production-no-floor | raw | shrink,916074739 | 672276191 | -520825330 | 672276191
24a,213713297991069,production-floor | production-no-floor | raw | shrink,369835801 | 941138625 | 785322840 | 941138625
24a,213713297991070,production-floor | production-no-floor | raw | shrink,369835801 | 941138625 | 785322840 | 941138625
24a,213713297991072,production-floor | production-no-floor | raw | shrink,916074739 | 941138625 | -520825330 | 941138625
24a,213713297991073,production-floor | production-no-floor | raw | shrink,369835801 | 941138625 | 785322840 | 941138625
24a,213713297991074,production-floor | production-no-floor | raw | shrink,369835801 | 941138625 | 785322840 | 941138625
24a,213713297991075,production-floor | production-no-floor | raw | shrink,369835801 | 941138625 | 1810971046 | 941138625
24a,213713297991076,production-floor | production-no-floor | raw | shrink,369835801 | 941138625 | 785322840 | 941138625
24a,213713297991077,production-floor | production-no-floor | raw | shrink,916074739 | 941138625 | -520825330 | 941138625
24a,213713297991078,production-floor | production-no-floor | raw | shrink,369835801 | 941138625 | 785322840 | 941138625
24a,213713297991079,production-floor | production-no-floor | raw | shrink,369835801 | 941138625 | 785322840 | 941138625
24a,213713297991080,production-floor | production-no-floor | raw | shrink,916074739 | 672276191 | -520825330 | 672276191
24a,213713297991081,production-floor | production-no-floor | raw | shrink,916074739 | 941138625 | -520825330 | 941138625
24a,213713297991082,production-floor | production-no-floor | raw | shrink,369835801 | 941138625 | 785322840 | 941138625
24a,213713297991083,production-floor | production-no-floor | raw | shrink,369835801 | 941138625 | 1810971046 | 941138625
24a,213713297991084,production-floor | production-no-floor | raw | shrink,916074739 | 941138625 | -520825330 | 941138625
24a,213713297991085,production-floor | production-no-floor | raw | shrink,369835801 | 941138625 | 785322840 | 941138625
24a,213713297991086,production-floor | production-no-floor | raw | shrink,369835801 | 941138625 | 785322840 | 941138625
24a,213713297991087,production-floor | production-no-floor | raw | shrink,369835801 | 672276191 | 785322840 | 672276191
24a,213713297991088,production-floor | production-no-floor | raw | shrink,369835801 | 672276191 | 785322840 | 672276191
24a,213713297991089,production-floor | production-no-floor | raw | shrink,369835801 | 941138625 | 785322840 | 941138625
24a,213713297991090,production-floor | production-no-floor | raw | shrink,916074739 | 672276191 | -520825330 | 672276191
24a,213713297991091,production-floor | production-no-floor | raw | shrink,916074739 | 941138625 | -520825330 | 941138625
24a,213713297991092,production-floor | production-no-floor | raw | shrink,369835801 | 941138625 | 785322840 | 941138625
24a,213713297991093,production-floor | production-no-floor | raw | shrink,369835801 | 941138625 | 785322840 | 941138625
24a,213713297991094,production-floor | production-no-floor | raw | shrink,369835801 | 941138625 | 785322840 | 941138625
24a,213713297991095,production-floor | production-no-floor | raw | shrink,916074739 | 672276191 | -520825330 | 672276191
24a,213713297991096,production-floor | production-no-floor | raw | shrink,369835801 | 941138625 | 785322840 | 941138625
24a,213713297991097,production-floor | production-no-floor | raw | shrink,916074739 | 672276191 | -520825330 | 672276191
24a,213713297991098,production-floor | production-no-floor | raw | shrink,916074739 | 941138625 | -520825330 | 941138625
24a,213713297991099,production-floor | production-no-floor | raw | shrink,369835801 | 941138625 | 785322840 | 941138625
24a,213713297991100,production-floor | production-no-floor | raw | shrink,369835801 | 941138625 | 785322840 | 941138625
24a,213713297991101,production-floor | production-no-floor | raw | shrink,369835801 | 941138625 | 1810971046 | 941138625
24a,213713297991102,production-floor | production-no-floor | raw | shrink,916074739 | 672276191 | -520825330 | 672276191
24a,213713297991103,production-floor | production-no-floor | raw | shrink,369835801 | 941138625 | 1810971046 | 941138625
24a,213713297992256,production-floor | production-no-floor | raw | shrink,369835801 | 941138625 | 785322840 | 941138625
24a,213713297992257,production-floor | production-no-floor | raw | shrink,369835801 | 941138625 | 785322840 | 941138625
24a,213713297992258,production-floor | production-no-floor | raw | shrink,369835801 | 941138625 | 785322840 | 941138625
24a,213713297992259,production-floor | production-no-floor | raw | shrink,369835801 | 941138625 | 785322840 | 941138625
24a,213713297992260,production-floor | production-no-floor | raw | shrink,369835801 | 941138625 | 1810971046 | 941138625
24a,213713297992261,production-floor | production-no-floor | raw | shrink,369835801 | 941138625 | 785322840 | 941138625
24a,213713297992262,production-floor | production-no-floor | raw | shrink,369835801 | 941138625 | 785322840 | 941138625
24a,213713297992263,production-floor | production-no-floor | raw | shrink,369835801 | 941138625 | 785322840 | 941138625
24a,213713297992264,production-floor | production-no-floor | raw | shrink,916074739 | 941138625 | -520825330 | 941138625
24a,213713297992265,production-floor | production-no-floor | raw | shrink,916074739 | 672276191 | -520825330 | 672276191
24a,213713297992266,production-floor | production-no-floor | raw | shrink,369835801 | 941138625 | 785322840 | 941138625
24a,213713297992267,production-floor | production-no-floor | raw | shrink,369835801 | 941138625 | 785322840 | 941138625
24a,213713297992268,production-floor | production-no-floor | raw | shrink,916074739 | 941138625 | -520825330 | 941138625
24a,213713297992269,production-floor | production-no-floor | raw | shrink,369835801 | 941138625 | 785322840 | 941138625
24a,213713297992270,production-floor | production-no-floor | raw | shrink,369835801 | 941138625 | 785322840 | 941138625
24a,213713297992271,production-floor | production-no-floor | raw | shrink,369835801 | 941138625 | 785322840 | 941138625
24a,213713297992272,production-floor | production-no-floor | raw | shrink,369835801 | 941138625 | 1810971046 | 941138625
24a,213713297992273,production-floor | production-no-floor | raw | shrink,916074739 | 941138625 | -520825330 | 941138625
24a,213713297992274,production-floor | production-no-floor | raw | shrink,369835801 | 941138625 | 785322840 | 941138625
24a,213713297992275,production-floor | production-no-floor | raw | shrink,369835801 | 941138625 | 785322840 | 941138625
24a,213713297992276,production-floor | production-no-floor | raw | shrink,369835801 | 941138625 | 1810971046 | 941138625
24a,213713297992277,production-floor | production-no-floor | raw | shrink,369835801 | 941138625 | 1810971046 | 941138625
24a,213713297992278,production-floor | production-no-floor | raw | shrink,369835801 | 941138625 | 785322840 | 941138625
24a,213713297992279,production-floor | production-no-floor | raw | shrink,916074739 | 941138625 | -520825330 | 941138625
24a,213713297992280,production-floor | production-no-floor | raw | shrink,916074739 | 672276191 | -520825330 | 672276191
24a,213713297992281,production-floor | production-no-floor | raw | shrink,369835801 | 941138625 | 785322840 | 941138625
24a,213713297992282,production-floor | production-no-floor | raw | shrink,369835801 | 941138625 | 1810971046 | 941138625
24a,213713297992283,production-floor | production-no-floor | raw | shrink,916074739 | 941138625 | -520825330 | 941138625
24a,213713297992284,production-floor | production-no-floor | raw | shrink,369835801 | 941138625 | 785322840 | 941138625
24a,213713297992285,production-floor | production-no-floor | raw | shrink,369835801 | 941138625 | 785322840 | 941138625
24a,213713297992286,production-floor | production-no-floor | raw | shrink,369835801 | 941138625 | 785322840 | 941138625
24a,213713297992287,production-floor | production-no-floor | raw | shrink,916074739 | 672276191 | -520825330 | 672276191
24a,213713297992315,production-floor | production-no-floor | raw | shrink,369835801 | 941138625 | 785322840 | 941138625
24a,213713297992316,production-floor | production-no-floor | raw | shrink,369835801 | 941138625 | 785322840 | 941138625
24a,213713297992317,production-floor | production-no-floor | raw | shrink,369835801 | 941138625 | 785322840 | 941138625
24a,213713297992318,production-floor | production-no-floor | raw | shrink,369835801 | 941138625 | 785322840 | 941138625
24a,213713297992319,production-floor | production-no-floor | raw | shrink,369835801 | 941138625 | 785322840 | 941138625
24b,213717592958336,production-floor | production-no-floor | raw | shrink,644596804 | 644596804 | -11808397 | 644596804
24b,213717592958337,production-floor | production-no-floor | raw | shrink,644596804 | 644596804 | -1434757897 | 644596804
24b,213717592958338,production-floor | production-no-floor | raw | shrink,-870534348 | -870534348 | -452589321 | -870534348
24b,213717592958339,production-floor | production-no-floor | raw | shrink,-870534348 | -870534348 | -452589321 | -870534348
24b,213717592958340,production-floor | production-no-floor | raw | shrink,-870534348 | -870534348 | 53629030 | -870534348
24b,213717592958341,production-floor | production-no-floor | raw | shrink,644596804 | 644596804 | -11808397 | 644596804
24b,213717592958342,production-floor | production-no-floor | raw | shrink,-870534348 | -870534348 | 1706487781 | -870534348
24b,213717592958343,production-floor | production-no-floor | raw | shrink,644596804 | 644596804 | 1314643678 | 644596804
24b,213717592958344,production-floor | production-no-floor | raw | shrink,-870534348 | -870534348 | 1706487781 | -870534348
24b,213717592958345,production-floor | production-no-floor | raw | shrink,-870534348 | -870534348 | 1706487781 | -870534348
24b,213717592958346,production-floor | production-no-floor | raw | shrink,-870534348 | -870534348 | -11808397 | -870534348
24b,213717592958347,production-floor | production-no-floor | raw | shrink,-870534348 | -870534348 | -452589321 | -870534348
24b,213717592958348,production-floor | production-no-floor | raw | shrink,-870534348 | -870534348 | -11808397 | -870534348
24b,213717592958349,production-floor | production-no-floor | raw | shrink,-870534348 | -870534348 | -452589321 | -870534348
24b,213717592958350,production-floor | production-no-floor | raw | shrink,644596804 | 644596804 | -11808397 | 644596804
24b,213717592958351,production-floor | production-no-floor | raw | shrink,644596804 | 644596804 | -11808397 | 644596804
24b,213717592958352,production-floor | production-no-floor | raw | shrink,644596804 | 644596804 | -11808397 | 644596804
24b,213717592958353,production-floor | production-no-floor | raw | shrink,-870534348 | -870534348 | -452589321 | -870534348
24b,213717592958354,production-floor | production-no-floor | raw | shrink,-870534348 | -870534348 | -452589321 | -870534348
24b,213717592958355,production-floor | production-no-floor | raw | shrink,-870534348 | 644596804 | 1706487781 | 644596804
24b,213717592958356,production-floor | production-no-floor | raw | shrink,644596804 | -870534348 | -11808397 | -870534348
24b,213717592958357,production-floor | production-no-floor | raw | shrink,644596804 | 644596804 | 576851097 | 644596804
24b,213717592958358,production-floor | production-no-floor | raw | shrink,-870534348 | -870534348 | -452589321 | -870534348
24b,213717592958359,production-floor | production-no-floor | raw | shrink,644596804 | 644596804 | -11808397 | 644596804
24b,213717592958360,production-floor | production-no-floor | raw | shrink,644596804 | 644596804 | 576851097 | 644596804
24b,213717592958361,production-floor | production-no-floor | raw | shrink,644596804 | 644596804 | -1434757897 | 644596804
24b,213717592958362,production-floor | production-no-floor | raw | shrink,-870534348 | -870534348 | -1434757897 | -870534348
24b,213717592958363,production-floor | production-no-floor | raw | shrink,-870534348 | -870534348 | -452589321 | -870534348
24b,213717592958364,production-floor | production-no-floor | raw | shrink,-792574233 | -870534348 | 1706487781 | -870534348
24b,213717592958365,production-floor | production-no-floor | raw | shrink,-870534348 | 644596804 | 53629030 | 644596804
24b,213717592958366,production-floor | production-no-floor | raw | shrink,-870534348 | -870534348 | 53629030 | -870534348
24b,213717592958367,production-floor | production-no-floor | raw | shrink,644596804 | 644596804 | 576851097 | 644596804
24b,213717592958369,production-floor | production-no-floor | raw | shrink,-870534348 | -870534348 | 1706487781 | -870534348
24b,213717592958370,production-floor | production-no-floor | raw | shrink,-870534348 | -870534348 | 1706487781 | -870534348
24b,213717592958371,production-floor | production-no-floor | raw | shrink,644596804 | 644596804 | -11808397 | 644596804
24b,213717592958372,production-floor | production-no-floor | raw | shrink,644596804 | 644596804 | 576851097 | 644596804
24b,213717592958373,production-floor | production-no-floor | raw | shrink,-870534348 | -870534348 | -452589321 | -870534348
24b,213717592958374,production-floor | production-no-floor | raw | shrink,644596804 | 644596804 | 576851097 | 644596804
24b,213717592958375,production-floor | production-no-floor | raw | shrink,-870534348 | -870534348 | -452589321 | -870534348
24b,213717592958376,production-floor | production-no-floor | raw | shrink,644596804 | 644596804 | 576851097 | 644596804
24b,213717592958377,production-floor | production-no-floor | raw | shrink,-870534348 | -870534348 | -452589321 | -870534348
24b,213717592958378,production-floor | production-no-floor | raw | shrink,-870534348 | -870534348 | -452589321 | -870534348
24b,213717592958379,production-floor | production-no-floor | raw | shrink,644596804 | 644596804 | -11808397 | 644596804
24b,213717592958380,production-floor | production-no-floor | raw | shrink,-870534348 | 644596804 | -1434757897 | 644596804
24b,213717592958381,production-floor | production-no-floor | raw | shrink,-870534348 | -870534348 | 53629030 | -870534348
24b,213717592958382,production-floor | production-no-floor | raw | shrink,644596804 | 644596804 | -11808397 | 644596804
24b,213717592958383,production-floor | production-no-floor | raw | shrink,-870534348 | -870534348 | 1706487781 | -870534348
24b,213717592958384,production-floor | production-no-floor | raw | shrink,644596804 | 644596804 | -11808397 | 644596804
24b,213717592958385,production-floor | production-no-floor | raw | shrink,644596804 | 644596804 | -11808397 | 644596804
24b,213717592958386,production-floor | production-no-floor | raw | shrink,-870534348 | -870534348 | 1706487781 | -870534348
24b,213717592958387,production-floor | production-no-floor | raw | shrink,644596804 | 644596804 | 576851097 | 644596804
24b,213717592958388,production-floor | production-no-floor | raw | shrink,644596804 | 644596804 | -11808397 | 644596804
24b,213717592958389,production-floor | production-no-floor | raw | shrink,-870534348 | -870534348 | -452589321 | -870534348
24b,213717592958390,production-floor | production-no-floor | raw | shrink,644596804 | 644596804 | 576851097 | 644596804
24b,213717592958391,production-floor | production-no-floor | raw | shrink,-870534348 | -870534348 | -1434757897 | -870534348
24b,213717592958392,production-floor | production-no-floor | raw | shrink,644596804 | 644596804 | 1314643678 | 644596804
24b,213717592958393,production-floor | production-no-floor | raw | shrink,-870534348 | -870534348 | -11808397 | -870534348
24b,213717592958394,production-floor | production-no-floor | raw | shrink,644596804 | 644596804 | 576851097 | 644596804
24b,213717592958395,production-floor | production-no-floor | raw | shrink,-870534348 | -870534348 | 1706487781 | -870534348
24b,213717592958396,production-floor | production-no-floor | raw | shrink,644596804 | 644596804 | -11808397 | 644596804
24b,213717592958397,production-floor | production-no-floor | raw | shrink,-870534348 | -870534348 | -11808397 | -870534348
24b,213717592958398,production-floor | production-no-floor | raw | shrink,644596804 | 644596804 | -1434757897 | 644596804
24b,213717592958399,production-floor | production-no-floor | raw | shrink,644596804 | 644596804 | -11808397 | 644596804
24b,213717592959552,production-floor | production-no-floor | raw | shrink,-870534348 | -870534348 | 1706487781 | -870534348
24b,213717592959553,production-floor | production-no-floor | raw | shrink,644596804 | 644596804 | -11808397 | 644596804
24b,213717592959554,production-floor | production-no-floor | raw | shrink,-870534348 | 644596804 | 1706487781 | 644596804
24b,213717592959555,production-floor | production-no-floor | raw | shrink,644596804 | 644596804 | 576851097 | 644596804
24b,213717592959556,production-floor | production-no-floor | raw | shrink,-870534348 | -870534348 | 1706487781 | -870534348
24b,213717592959584,production-floor | production-no-floor | raw | shrink,-870534348 | -870534348 | -452589321 | -870534348
24b,213717592959585,production-floor | production-no-floor | raw | shrink,-870534348 | -870534348 | 1706487781 | -870534348
24b,213717592959586,production-floor | production-no-floor | raw | shrink,-870534348 | -870534348 | 1706487781 | -870534348
24b,213717592959587,production-floor | production-no-floor | raw | shrink,644596804 | -870534348 | 1314643678 | -870534348
24b,213717592959588,production-floor | production-no-floor | raw | shrink,644596804 | 644596804 | -11808397 | 644596804
24b,213717592959589,production-floor | production-no-floor | raw | shrink,644596804 | 644596804 | 576851097 | 644596804
24b,213717592959590,production-floor | production-no-floor | raw | shrink,644596804 | 644596804 | -11808397 | 644596804
24b,213717592959591,production-floor | production-no-floor | raw | shrink,-870534348 | -870534348 | -452589321 | -870534348
24b,213717592959592,production-floor | production-no-floor | raw | shrink,-870534348 | 644596804 | 1706487781 | 644596804
24b,213717592959593,production-floor | production-no-floor | raw | shrink,644596804 | 644596804 | 576851097 | 644596804
24b,213717592959594,production-floor | production-no-floor | raw | shrink,-870534348 | 644596804 | 1706487781 | 644596804
24b,213717592959595,production-floor | production-no-floor | raw | shrink,644596804 | 644596804 | 576851097 | 644596804
24b,213717592959596,production-floor | production-no-floor | raw | shrink,644596804 | 644596804 | 576851097 | 644596804
24b,213717592959597,production-floor | production-no-floor | raw | shrink,-870534348 | -870534348 | 1706487781 | -870534348
24b,213717592959598,production-floor | production-no-floor | raw | shrink,-870534348 | -870534348 | -11808397 | -870534348
24b,213717592959599,production-floor | production-no-floor | raw | shrink,-870534348 | -870534348 | 1706487781 | -870534348
24b,213717592959600,production-floor | production-no-floor | raw | shrink,-870534348 | -870534348 | 1706487781 | -870534348
24b,213717592959601,production-floor | production-no-floor | raw | shrink,644596804 | 644596804 | -11808397 | 644596804
24b,213717592959602,production-floor | production-no-floor | raw | shrink,644596804 | -870534348 | -11808397 | -870534348
24b,213717592959603,production-floor | production-no-floor | raw | shrink,644596804 | 644596804 | 576851097 | 644596804
24b,213717592959604,production-floor | production-no-floor | raw | shrink,644596804 | 644596804 | 576851097 | 644596804
24b,213717592959605,production-floor | production-no-floor | raw | shrink,-870534348 | -870534348 | 1706487781 | -870534348
24b,213717592959606,production-floor | production-no-floor | raw | shrink,644596804 | 644596804 | -11808397 | 644596804
24b,213717592959607,production-floor | production-no-floor | raw | shrink,644596804 | 644596804 | -1434757897 | 644596804
24b,213717592959608,production-floor | production-no-floor | raw | shrink,-870534348 | -870534348 | -452589321 | -870534348
24b,213717592959609,production-floor | production-no-floor | raw | shrink,-870534348 | -870534348 | -11808397 | -870534348
24b,213717592959610,production-floor | production-no-floor | raw | shrink,-870534348 | -870534348 | -452589321 | -870534348
24b,213717592959611,production-floor | production-no-floor | raw | shrink,644596804 | 644596804 | 576851097 | 644596804
24b,213717592959612,production-floor | production-no-floor | raw | shrink,644596804 | 644596804 | 576851097 | 644596804
24b,213717592959613,production-floor | production-no-floor | raw | shrink,644596804 | 644596804 | -11808397 | 644596804
24b,213717592959614,production-floor | production-no-floor | raw | shrink,644596804 | 644596804 | -11808397 | 644596804
24b,213717592959615,production-floor | production-no-floor | raw | shrink,644596804 | 644596804 | -1314949700 | 644596804
25a,213846441977216,production-floor | production-no-floor | raw | shrink,1296202811 | 1296202811 | 1810676377 | 1296202811
25a,213846441977217,production-floor | production-no-floor | raw | shrink,1296202811 | 1296202811 | 1810676377 | 1296202811
25a,213846441977218,production-floor | production-no-floor | raw | shrink,1296202811 | 1296202811 | 1810676377 | 1296202811
25a,213846441977219,production-floor | production-no-floor | raw | shrink,1296202811 | 1296202811 | 1810676377 | 1296202811
25a,213846441977220,production-floor | production-no-floor | raw | shrink,1296202811 | 1296202811 | 1810676377 | 1296202811
25a,213846441977221,production-floor | production-no-floor | raw | shrink,1296202811 | 1296202811 | 1810676377 | 1296202811
25a,213846441977222,production-floor | production-no-floor | raw | shrink,1296202811 | 1296202811 | 1810676377 | 1296202811
25a,213846441977223,production-floor | production-no-floor | raw | shrink,1296202811 | 1296202811 | 1810676377 | 1296202811
25a,213846441977224,production-floor | production-no-floor | raw | shrink,1296202811 | 1296202811 | 1810676377 | 1296202811
25a,213846441977225,production-floor | production-no-floor | raw | shrink,1296202811 | 1296202811 | 1810676377 | 1296202811
25a,213846441977226,production-floor | production-no-floor | raw | shrink,1296202811 | 1296202811 | 1810676377 | 1296202811
25a,213846441977227,production-floor | production-no-floor | raw | shrink,1296202811 | 1296202811 | 1810676377 | 1296202811
25a,213846441977228,production-floor | production-no-floor | raw | shrink,1296202811 | 1296202811 | 1810676377 | 1296202811
25a,213846441977229,production-floor | production-no-floor | raw | shrink,1296202811 | 1296202811 | 1810676377 | 1296202811
25a,213846441977230,production-floor | production-no-floor | raw | shrink,-1152094815 | 1296202811 | 1810676377 | 1296202811
25a,213846441977231,production-floor | production-no-floor | raw | shrink,1296202811 | 1296202811 | 1810676377 | 1296202811
25a,213846441977232,production-floor | production-no-floor | raw | shrink,1296202811 | 1296202811 | 1810676377 | 1296202811
25a,213846441977233,production-floor | production-no-floor | raw | shrink,1296202811 | 1296202811 | 1810676377 | 1296202811
25a,213846441977234,production-floor | production-no-floor | raw | shrink,1296202811 | 1296202811 | 1810676377 | 1296202811
25a,213846441977235,production-floor | production-no-floor | raw | shrink,1296202811 | 1296202811 | 1810676377 | 1296202811
25a,213846441977236,production-floor | production-no-floor | raw | shrink,1296202811 | 1296202811 | 1810676377 | 1296202811
25a,213846441977237,production-floor | production-no-floor | raw | shrink,-1152094815 | -1152094815 | 1810676377 | -1152094815
25a,213846441977238,production-floor | production-no-floor | raw | shrink,1296202811 | 1296202811 | 1810676377 | 1296202811
25a,213846441977239,production-floor | production-no-floor | raw | shrink,1296202811 | 1296202811 | 1810676377 | 1296202811
25a,213846441977240,production-floor | production-no-floor | raw | shrink,1296202811 | 1296202811 | 1810676377 | 1296202811
25a,213846441977241,production-floor | production-no-floor | raw | shrink,1296202811 | 1296202811 | 1810676377 | 1296202811
25a,213846441977242,production-floor | production-no-floor | raw | shrink,1296202811 | 1296202811 | 1810676377 | 1296202811
25a,213846441977243,production-floor | production-no-floor | raw | shrink,1296202811 | 1296202811 | 1810676377 | 1296202811
25a,213846441977244,production-floor | production-no-floor | raw | shrink,1296202811 | 1296202811 | 1810676377 | 1296202811
25a,213846441977245,production-floor | production-no-floor | raw | shrink,1296202811 | 1296202811 | 1810676377 | 1296202811
25a,213846441977246,production-floor | production-no-floor | raw | shrink,1296202811 | 1296202811 | 1810676377 | 1296202811
25a,213846441977247,production-floor | production-no-floor | raw | shrink,1296202811 | 1296202811 | 1810676377 | 1296202811
25a,213846441977248,production-floor | production-no-floor | raw | shrink,1296202811 | 1296202811 | 1810676377 | 1296202811
25a,213846441977249,production-floor | production-no-floor | raw | shrink,1296202811 | 1296202811 | 1810676377 | 1296202811
25a,213846441977250,production-floor | production-no-floor | raw | shrink,1296202811 | 1296202811 | 1810676377 | 1296202811
25a,213846441977251,production-floor | production-no-floor | raw | shrink,1296202811 | 1296202811 | 1810676377 | 1296202811
25a,213846441977252,production-floor | production-no-floor | raw | shrink,1296202811 | 1296202811 | 1810676377 | 1296202811
25a,213846441977253,production-floor | production-no-floor | raw | shrink,1296202811 | 1296202811 | 1810676377 | 1296202811
25a,213846441977254,production-floor | production-no-floor | raw | shrink,-1152094815 | -1152094815 | 1810676377 | -1152094815
25a,213846441977255,production-floor | production-no-floor | raw | shrink,1296202811 | 1296202811 | 1810676377 | 1296202811
25a,213846441977256,production-floor | production-no-floor | raw | shrink,1296202811 | 1296202811 | 1810676377 | 1296202811
25a,213846441977257,production-floor | production-no-floor | raw | shrink,1296202811 | 1296202811 | 1810676377 | 1296202811
25a,213846441977258,production-floor | production-no-floor | raw | shrink,1296202811 | 1296202811 | 1810676377 | 1296202811
25a,213846441977259,production-floor | production-no-floor | raw | shrink,1296202811 | 1296202811 | 1810676377 | 1296202811
25a,213846441977260,production-floor | production-no-floor | raw | shrink,1296202811 | 1296202811 | 1810676377 | 1296202811
25a,213846441977261,production-floor | production-no-floor | raw | shrink,1296202811 | 1296202811 | 1810676377 | 1296202811
25a,213846441977262,production-floor | production-no-floor | raw | shrink,1296202811 | 1296202811 | 1810676377 | 1296202811
25a,213846441977263,production-floor | production-no-floor | raw | shrink,1296202811 | 1296202811 | 1810676377 | 1296202811
25a,213846441977264,production-floor | production-no-floor | raw | shrink,1296202811 | 1296202811 | 1810676377 | 1296202811
25a,213846441977265,production-floor | production-no-floor | raw | shrink,1296202811 | 1296202811 | 1810676377 | 1296202811
25a,213846441977266,production-floor | production-no-floor | raw | shrink,1296202811 | 1296202811 | 1810676377 | 1296202811
25a,213846441977267,production-floor | production-no-floor | raw | shrink,1296202811 | 1296202811 | 1810676377 | 1296202811
25a,213846441977268,production-floor | production-no-floor | raw | shrink,1296202811 | 1296202811 | 1810676377 | 1296202811
25a,213846441977269,production-floor | production-no-floor | raw | shrink,1296202811 | 1296202811 | 1810676377 | 1296202811
25a,213846441977270,production-floor | production-no-floor | raw | shrink,1296202811 | 1296202811 | 1810676377 | 1296202811
25a,213846441977271,production-floor | production-no-floor | raw | shrink,1296202811 | 1296202811 | 1810676377 | 1296202811
25a,213846441977272,production-floor | production-no-floor | raw | shrink,1296202811 | 1296202811 | 1810676377 | 1296202811
25a,213846441977273,production-floor | production-no-floor | raw | shrink,1296202811 | 1296202811 | 1810676377 | 1296202811
25a,213846441977274,production-floor | production-no-floor | raw | shrink,1296202811 | 1296202811 | 1810676377 | 1296202811
25a,213846441977275,production-floor | production-no-floor | raw | shrink,1296202811 | 1296202811 | 1810676377 | 1296202811
25a,213846441977276,production-floor | production-no-floor | raw | shrink,1296202811 | 1296202811 | 1810676377 | 1296202811
25a,213846441977277,production-floor | production-no-floor | raw | shrink,1296202811 | 1296202811 | 1810676377 | 1296202811
25a,213846441977279,production-floor | production-no-floor | raw | shrink,1296202811 | 1296202811 | 1810676377 | 1296202811
25a,213846441978458,production-floor | production-no-floor | raw | shrink,1296202811 | 1296202811 | 1810676377 | 1296202811
25a,213846441978460,production-floor | production-no-floor | raw | shrink,1296202811 | 1296202811 | 1810676377 | 1296202811
25a,213846441978461,production-floor | production-no-floor | raw | shrink,1296202811 | 1296202811 | 1810676377 | 1296202811
25a,213846441978462,production-floor | production-no-floor | raw | shrink,1296202811 | 1296202811 | 1810676377 | 1296202811
25a,213846441978463,production-floor | production-no-floor | raw | shrink,1296202811 | 1296202811 | 1810676377 | 1296202811
25a,213846441978464,production-floor | production-no-floor | raw | shrink,1296202811 | 1296202811 | 1810676377 | 1296202811
25a,213846441978465,production-floor | production-no-floor | raw | shrink,1296202811 | 1296202811 | 1810676377 | 1296202811
25a,213846441978466,production-floor | production-no-floor | raw | shrink,1296202811 | 1296202811 | 1810676377 | 1296202811
25a,213846441978467,production-floor | production-no-floor | raw | shrink,1296202811 | 1296202811 | 1810676377 | 1296202811
25a,213846441978468,production-floor | production-no-floor | raw | shrink,1296202811 | 1296202811 | 1810676377 | 1296202811
25a,213846441978469,production-floor | production-no-floor | raw | shrink,1296202811 | 1296202811 | 1810676377 | 1296202811
25a,213846441978470,production-floor | production-no-floor | raw | shrink,1296202811 | 1296202811 | 1810676377 | 1296202811
25a,213846441978471,production-floor | production-no-floor | raw | shrink,1296202811 | 1296202811 | 1810676377 | 1296202811
25a,213846441978472,production-floor | production-no-floor | raw | shrink,-1152094815 | -1152094815 | 1810676377 | -1152094815
25a,213846441978473,production-floor | production-no-floor | raw | shrink,1586792420 | 1296202811 | 1810676377 | 1296202811
25a,213846441978474,production-floor | production-no-floor | raw | shrink,1296202811 | 1296202811 | 1810676377 | 1296202811
25a,213846441978475,production-floor | production-no-floor | raw | shrink,1296202811 | 1296202811 | 1810676377 | 1296202811
25a,213846441978476,production-floor | production-no-floor | raw | shrink,1296202811 | 1296202811 | 1810676377 | 1296202811
25a,213846441978477,production-floor | production-no-floor | raw | shrink,1296202811 | 1296202811 | 1810676377 | 1296202811
25a,213846441978478,production-floor | production-no-floor | raw | shrink,1296202811 | 1296202811 | 1810676377 | 1296202811
25a,213846441978479,production-floor | production-no-floor | raw | shrink,1296202811 | 1296202811 | 1810676377 | 1296202811
25a,213846441978480,production-floor | production-no-floor | raw | shrink,1296202811 | 1296202811 | 1810676377 | 1296202811
25a,213846441978481,production-floor | production-no-floor | raw | shrink,1296202811 | 1296202811 | 1810676377 | 1296202811
25a,213846441978482,production-floor | production-no-floor | raw | shrink,1296202811 | 1296202811 | 1810676377 | 1296202811
25a,213846441978483,production-floor | production-no-floor | raw | shrink,1296202811 | 1296202811 | 1810676377 | 1296202811
25a,213846441978484,production-floor | production-no-floor | raw | shrink,1296202811 | 1296202811 | 1810676377 | 1296202811
25a,213846441978485,production-floor | production-no-floor | raw | shrink,1296202811 | 1296202811 | 1810676377 | 1296202811
25a,213846441978486,production-floor | production-no-floor | raw | shrink,1296202811 | 1296202811 | 1810676377 | 1296202811
25a,213846441978487,production-floor | production-no-floor | raw | shrink,1296202811 | 1296202811 | 1810676377 | 1296202811
25a,213846441978488,production-floor | production-no-floor | raw | shrink,-1152094815 | 1296202811 | 1810676377 | 1296202811
25a,213846441978489,production-floor | production-no-floor | raw | shrink,1296202811 | 1296202811 | 1810676377 | 1296202811
25a,213846441978490,production-floor | production-no-floor | raw | shrink,1296202811 | 1296202811 | 1810676377 | 1296202811
25a,213846441978491,production-floor | production-no-floor | raw | shrink,1296202811 | 1296202811 | 1810676377 | 1296202811
25a,213846441978492,production-floor | production-no-floor | raw | shrink,1296202811 | 1296202811 | 1810676377 | 1296202811
25a,213846441978493,production-floor | production-no-floor | raw | shrink,1296202811 | 1296202811 | 1810676377 | 1296202811
25a,213846441978494,production-floor | production-no-floor | raw | shrink,1296202811 | 1296202811 | 1810676377 | 1296202811
25a,213846441978495,production-floor | production-no-floor | raw | shrink,1296202811 | 1296202811 | 1810676377 | 1296202811
25c,213855031911745,production-floor | production-no-floor | raw | shrink,-472157051 | 35421457 | 35421457 | 35421457
25c,213855031911746,production-floor | production-no-floor | raw | shrink,-472157051 | 35421457 | 35421457 | 35421457
25c,213855031911747,production-floor | production-no-floor | raw | shrink,-472157051 | 35421457 | 35421457 | 35421457
25c,213855031911748,production-floor | production-no-floor | raw | shrink,-472157051 | 35421457 | 35421457 | 35421457
25c,213855031911749,production-floor | production-no-floor | raw | shrink,-472157051 | 35421457 | 35421457 | 35421457
25c,213855031911750,production-floor | production-no-floor | raw | shrink,-472157051 | 35421457 | 35421457 | 35421457
25c,213855031911751,production-floor | production-no-floor | raw | shrink,-472157051 | 35421457 | 35421457 | 35421457
25c,213855031911752,production-floor | production-no-floor | raw | shrink,-472157051 | 35421457 | 35421457 | 35421457
25c,213855031911753,production-floor | production-no-floor | raw | shrink,-472157051 | 35421457 | 35421457 | 35421457
25c,213855031911754,production-floor | production-no-floor | raw | shrink,-472157051 | 35421457 | 35421457 | 35421457
25c,213855031911755,production-floor | production-no-floor | raw | shrink,-472157051 | 35421457 | 35421457 | 35421457
25c,213855031911756,production-floor | production-no-floor | raw | shrink,-472157051 | 35421457 | 35421457 | 35421457
25c,213855031911757,production-floor | production-no-floor | raw | shrink,-472157051 | 35421457 | 35421457 | 35421457
25c,213855031911758,production-floor | production-no-floor | raw | shrink,-472157051 | 35421457 | 35421457 | 35421457
25c,213855031911759,production-floor | production-no-floor | raw | shrink,-472157051 | 35421457 | 35421457 | 35421457
25c,213855031911760,production-floor | production-no-floor | raw | shrink,-472157051 | 35421457 | 35421457 | 35421457
25c,213855031911761,production-floor | production-no-floor | raw | shrink,-472157051 | 35421457 | 35421457 | 35421457
25c,213855031911762,production-floor | production-no-floor | raw | shrink,-472157051 | 35421457 | 35421457 | 35421457
25c,213855031911763,production-floor | production-no-floor | raw | shrink,-472157051 | 35421457 | 35421457 | 35421457
25c,213855031911764,production-floor | production-no-floor | raw | shrink,-472157051 | 35421457 | 35421457 | 35421457
25c,213855031911765,production-floor | production-no-floor | raw | shrink,-472157051 | 35421457 | 35421457 | 35421457
25c,213855031911766,production-floor | production-no-floor | raw | shrink,-472157051 | 35421457 | 35421457 | 35421457
25c,213855031911767,production-floor | production-no-floor | raw | shrink,-472157051 | 35421457 | 35421457 | 35421457
25c,213855031911768,production-floor | production-no-floor | raw | shrink,-472157051 | 35421457 | 35421457 | 35421457
25c,213855031911769,production-floor | production-no-floor | raw | shrink,-472157051 | 35421457 | 35421457 | 35421457
25c,213855031911770,production-floor | production-no-floor | raw | shrink,-472157051 | 35421457 | 35421457 | 35421457
25c,213855031911771,production-floor | production-no-floor | raw | shrink,-472157051 | 35421457 | 35421457 | 35421457
25c,213855031911772,production-floor | production-no-floor | raw | shrink,-472157051 | 35421457 | 35421457 | 35421457
25c,213855031911773,production-floor | production-no-floor | raw | shrink,-472157051 | 35421457 | 35421457 | 35421457
25c,213855031911774,production-floor | production-no-floor | raw | shrink,-1608939935 | 35421457 | 674462572 | 35421457
25c,213855031911775,production-floor | production-no-floor | raw | shrink,-472157051 | 35421457 | 35421457 | 35421457
25c,213855031911776,production-floor | production-no-floor | raw | shrink,-472157051 | 35421457 | 35421457 | 35421457
25c,213855031911777,production-floor | production-no-floor | raw | shrink,-472157051 | 35421457 | 35421457 | 35421457
25c,213855031911778,production-floor | production-no-floor | raw | shrink,-1608939935 | 35421457 | 674462572 | 35421457
25c,213855031911779,production-floor | production-no-floor | raw | shrink,-472157051 | 35421457 | 35421457 | 35421457
25c,213855031911780,production-floor | production-no-floor | raw | shrink,-472157051 | 35421457 | 35421457 | 35421457
25c,213855031911781,production-floor | production-no-floor | raw | shrink,-472157051 | 35421457 | 35421457 | 35421457
25c,213855031911782,production-floor | production-no-floor | raw | shrink,-472157051 | 35421457 | 35421457 | 35421457
25c,213855031911783,production-floor | production-no-floor | raw | shrink,-472157051 | 35421457 | 35421457 | 35421457
25c,213855031911784,production-floor | production-no-floor | raw | shrink,-472157051 | 35421457 | 35421457 | 35421457
25c,213855031911785,production-floor | production-no-floor | raw | shrink,-472157051 | 35421457 | 35421457 | 35421457
25c,213855031911786,production-floor | production-no-floor | raw | shrink,-472157051 | 35421457 | 35421457 | 35421457
25c,213855031911787,production-floor | production-no-floor | raw | shrink,-472157051 | 35421457 | 35421457 | 35421457
25c,213855031911788,production-floor | production-no-floor | raw | shrink,-1608939935 | 674462572 | 674462572 | 674462572
25c,213855031911789,production-floor | production-no-floor | raw | shrink,-472157051 | 35421457 | 35421457 | 35421457
25c,213855031911790,production-floor | production-no-floor | raw | shrink,-472157051 | 35421457 | 35421457 | 35421457
25c,213855031911791,production-floor | production-no-floor | raw | shrink,-472157051 | 35421457 | 35421457 | 35421457
25c,213855031911792,production-floor | production-no-floor | raw | shrink,-472157051 | 35421457 | 35421457 | 35421457
25c,213855031911793,production-floor | production-no-floor | raw | shrink,-472157051 | 35421457 | 35421457 | 35421457
25c,213855031911794,production-floor | production-no-floor | raw | shrink,-472157051 | 35421457 | 35421457 | 35421457
25c,213855031911795,production-floor | production-no-floor | raw | shrink,-472157051 | 35421457 | 35421457 | 35421457
25c,213855031911796,production-floor | production-no-floor | raw | shrink,-472157051 | 35421457 | 35421457 | 35421457
25c,213855031911797,production-floor | production-no-floor | raw | shrink,-472157051 | 35421457 | 35421457 | 35421457
25c,213855031911798,production-floor | production-no-floor | raw | shrink,-472157051 | 35421457 | 35421457 | 35421457
25c,213855031911799,production-floor | production-no-floor | raw | shrink,-472157051 | 35421457 | 35421457 | 35421457
25c,213855031911800,production-floor | production-no-floor | raw | shrink,-472157051 | 35421457 | 35421457 | 35421457
25c,213855031911801,production-floor | production-no-floor | raw | shrink,-472157051 | 35421457 | 35421457 | 35421457
25c,213855031911802,production-floor | production-no-floor | raw | shrink,-472157051 | 35421457 | 35421457 | 35421457
25c,213855031911803,production-floor | production-no-floor | raw | shrink,-472157051 | 35421457 | 35421457 | 35421457
25c,213855031911804,production-floor | production-no-floor | raw | shrink,-472157051 | 35421457 | 35421457 | 35421457
25c,213855031911805,production-floor | production-no-floor | raw | shrink,-472157051 | 35421457 | 35421457 | 35421457
25c,213855031911806,production-floor | production-no-floor | raw | shrink,-472157051 | 35421457 | 35421457 | 35421457
25c,213855031911807,production-floor | production-no-floor | raw | shrink,-472157051 | 35421457 | 35421457 | 35421457
25c,213855031913088,production-floor | production-no-floor | raw | shrink,-472157051 | 35421457 | 35421457 | 35421457
25c,213855031913089,production-floor | production-no-floor | raw | shrink,-472157051 | 35421457 | 35421457 | 35421457
25c,213855031913090,production-floor | production-no-floor | raw | shrink,-472157051 | 35421457 | 35421457 | 35421457
25c,213855031913091,production-floor | production-no-floor | raw | shrink,-472157051 | 35421457 | 35421457 | 35421457
25c,213855031913092,production-floor | production-no-floor | raw | shrink,-472157051 | 35421457 | 35421457 | 35421457
25c,213855031913093,production-floor | production-no-floor | raw | shrink,-472157051 | 35421457 | 35421457 | 35421457
25c,213855031913094,production-floor | production-no-floor | raw | shrink,-472157051 | 35421457 | 35421457 | 35421457
25c,213855031913095,production-floor | production-no-floor | raw | shrink,-472157051 | 35421457 | 35421457 | 35421457
25c,213855031913096,production-floor | production-no-floor | raw | shrink,-472157051 | 35421457 | 35421457 | 35421457
25c,213855031913097,production-floor | production-no-floor | raw | shrink,-472157051 | 35421457 | 35421457 | 35421457
25c,213855031913098,production-floor | production-no-floor | raw | shrink,-472157051 | 35421457 | 35421457 | 35421457
25c,213855031913099,production-floor | production-no-floor | raw | shrink,-472157051 | 35421457 | 35421457 | 35421457
25c,213855031913100,production-floor | production-no-floor | raw | shrink,-472157051 | 35421457 | 35421457 | 35421457
25c,213855031913101,production-floor | production-no-floor | raw | shrink,-472157051 | 35421457 | 35421457 | 35421457
25c,213855031913102,production-floor | production-no-floor | raw | shrink,-472157051 | 35421457 | 35421457 | 35421457
25c,213855031913103,production-floor | production-no-floor | raw | shrink,-472157051 | 35421457 | 35421457 | 35421457
25c,213855031913104,production-floor | production-no-floor | raw | shrink,-472157051 | 35421457 | 35421457 | 35421457
25c,213855031913105,production-floor | production-no-floor | raw | shrink,-472157051 | 35421457 | 35421457 | 35421457
25c,213855031913106,production-floor | production-no-floor | raw | shrink,-472157051 | 35421457 | 35421457 | 35421457
25c,213855031913107,production-floor | production-no-floor | raw | shrink,-472157051 | 35421457 | 35421457 | 35421457
25c,213855031913108,production-floor | production-no-floor | raw | shrink,-1608939935 | 674462572 | 674462572 | 674462572
25c,213855031913109,production-floor | production-no-floor | raw | shrink,-472157051 | 35421457 | 35421457 | 35421457
25c,213855031913110,production-floor | production-no-floor | raw | shrink,-472157051 | 35421457 | 35421457 | 35421457
25c,213855031913111,production-floor | production-no-floor | raw | shrink,-472157051 | 35421457 | 35421457 | 35421457
25c,213855031913112,production-floor | production-no-floor | raw | shrink,-472157051 | 35421457 | 35421457 | 35421457
25c,213855031913113,production-floor | production-no-floor | raw | shrink,-472157051 | 35421457 | 35421457 | 35421457
25c,213855031913114,production-floor | production-no-floor | raw | shrink,-472157051 | 35421457 | 35421457 | 35421457
25c,213855031913115,production-floor | production-no-floor | raw | shrink,-472157051 | 35421457 | 35421457 | 35421457
25c,213855031913116,production-floor | production-no-floor | raw | shrink,-472157051 | 35421457 | 35421457 | 35421457
25c,213855031913117,production-floor | production-no-floor | raw | shrink,-472157051 | 35421457 | 35421457 | 35421457
25c,213855031913118,production-floor | production-no-floor | raw | shrink,-472157051 | 35421457 | 35421457 | 35421457
25c,213855031913119,production-floor | production-no-floor | raw | shrink,-472157051 | 35421457 | 35421457 | 35421457
25c,213855031913120,production-floor | production-no-floor | raw | shrink,-472157051 | 35421457 | 35421457 | 35421457
25c,213855031913121,production-floor | production-no-floor | raw | shrink,-472157051 | 35421457 | 35421457 | 35421457
25c,213855031913122,production-floor | production-no-floor | raw | shrink,-472157051 | 35421457 | 35421457 | 35421457
25c,213855031913123,production-floor | production-no-floor | raw | shrink,-472157051 | 35421457 | 35421457 | 35421457
25c,213855031913124,production-floor | production-no-floor | raw | shrink,-472157051 | 35421457 | 35421457 | 35421457
26a,213979585963328,production-floor | production-no-floor | raw | shrink,-2144714912 | 656756387 | 946569817 | 656756387
26a,213979585963329,production-floor | production-no-floor | raw | shrink,-2144714912 | 656756387 | 946569817 | 656756387
26a,213979585963330,production-floor | production-no-floor | raw | shrink,-2144714912 | 656756387 | 946569817 | 656756387
26a,213979585963331,production-floor | production-no-floor | raw | shrink,-2144714912 | 656756387 | 946569817 | 656756387
26a,213979585963332,production-floor | production-no-floor | raw | shrink,-2144714912 | 656756387 | 946569817 | 656756387
26a,213979585963333,production-floor | production-no-floor | raw | shrink,-2144714912 | 656756387 | 946569817 | 656756387
26a,213979585963334,production-floor | production-no-floor | raw | shrink,-2144714912 | 656756387 | 946569817 | 656756387
26a,213979585963335,production-floor | production-no-floor | raw | shrink,-2144714912 | 656756387 | 946569817 | 656756387
26a,213979585963336,production-floor | production-no-floor | raw | shrink,-2144714912 | 656756387 | 946569817 | 656756387
26a,213979585963337,production-floor | production-no-floor | raw | shrink,-2144714912 | 656756387 | 946569817 | 656756387
26a,213979585963338,production-floor | production-no-floor | raw | shrink,-2144714912 | 656756387 | 946569817 | 656756387
26a,213979585963339,production-floor | production-no-floor | raw | shrink,-2144714912 | 656756387 | 946569817 | 656756387
26a,213979585963340,production-floor | production-no-floor | raw | shrink,-2144714912 | 656756387 | 946569817 | 656756387
26a,213979585963341,production-floor | production-no-floor | raw | shrink,-2144714912 | 656756387 | 946569817 | 656756387
26a,213979585963342,production-floor | production-no-floor | raw | shrink,-2144714912 | 656756387 | 946569817 | 656756387
26a,213979585963343,production-floor | production-no-floor | raw | shrink,-2144714912 | 656756387 | 946569817 | 656756387
26a,213979585963344,production-floor | production-no-floor | raw | shrink,-2144714912 | 656756387 | 946569817 | 656756387
26a,213979585963345,production-floor | production-no-floor | raw | shrink,-2144714912 | 656756387 | 946569817 | 656756387
26a,213979585963346,production-floor | production-no-floor | raw | shrink,-2144714912 | 656756387 | 946569817 | 656756387
26a,213979585963347,production-floor | production-no-floor | raw | shrink,-2144714912 | 656756387 | 946569817 | 656756387
26a,213979585963348,production-floor | production-no-floor | raw | shrink,-2144714912 | 656756387 | 946569817 | 656756387
26a,213979585963349,production-floor | production-no-floor | raw | shrink,-2144714912 | 656756387 | 946569817 | 656756387
26a,213979585963350,production-floor | production-no-floor | raw | shrink,-2144714912 | 656756387 | 946569817 | 656756387
26a,213979585963351,production-floor | production-no-floor | raw | shrink,-2144714912 | 656756387 | 946569817 | 656756387
26a,213979585963352,production-floor | production-no-floor | raw | shrink,-2144714912 | 656756387 | 946569817 | 656756387
26a,213979585963353,production-floor | production-no-floor | raw | shrink,-2144714912 | 656756387 | 946569817 | 656756387
26a,213979585963354,production-floor | production-no-floor | raw | shrink,-2144714912 | 656756387 | 946569817 | 656756387
26a,213979585963355,production-floor | production-no-floor | raw | shrink,-2144714912 | 656756387 | 946569817 | 656756387
26a,213979585963356,production-floor | production-no-floor | raw | shrink,-2144714912 | 656756387 | 946569817 | 656756387
26a,213979585963358,production-floor | production-no-floor | raw | shrink,-2144714912 | 656756387 | 946569817 | 656756387
26a,213979585963359,production-floor | production-no-floor | raw | shrink,-2144714912 | 656756387 | 946569817 | 656756387
26a,213979585963360,production-floor | production-no-floor | raw | shrink,-2144714912 | 656756387 | 946569817 | 656756387
26a,213979585963361,production-floor | production-no-floor | raw | shrink,-2144714912 | 656756387 | 946569817 | 656756387
26a,213979585963362,production-floor | production-no-floor | raw | shrink,-2144714912 | 656756387 | 946569817 | 656756387
26a,213979585963363,production-floor | production-no-floor | raw | shrink,-2144714912 | 656756387 | 946569817 | 656756387
26a,213979585963364,production-floor | production-no-floor | raw | shrink,-2144714912 | 656756387 | 946569817 | 656756387
26a,213979585963365,production-floor | production-no-floor | raw | shrink,-2144714912 | 656756387 | 946569817 | 656756387
26a,213979585963366,production-floor | production-no-floor | raw | shrink,-2144714912 | 656756387 | 946569817 | 656756387
26a,213979585963367,production-floor | production-no-floor | raw | shrink,-2144714912 | 656756387 | 946569817 | 656756387
26a,213979585963368,production-floor | production-no-floor | raw | shrink,-2144714912 | 656756387 | 946569817 | 656756387
26a,213979585963369,production-floor | production-no-floor | raw | shrink,-2144714912 | 656756387 | 946569817 | 656756387
26a,213979585963370,production-floor | production-no-floor | raw | shrink,-2144714912 | 656756387 | 946569817 | 656756387
26a,213979585963371,production-floor | production-no-floor | raw | shrink,-2144714912 | 656756387 | 946569817 | 656756387
26a,213979585963372,production-floor | production-no-floor | raw | shrink,-2144714912 | 656756387 | 946569817 | 656756387
26a,213979585963373,production-floor | production-no-floor | raw | shrink,-2144714912 | 656756387 | 946569817 | 656756387
26a,213979585963374,production-floor | production-no-floor | raw | shrink,-2144714912 | 656756387 | 946569817 | 656756387
26a,213979585963375,production-floor | production-no-floor | raw | shrink,-2144714912 | 656756387 | 946569817 | 656756387
26a,213979585963376,production-floor | production-no-floor | raw | shrink,-2144714912 | 656756387 | 946569817 | 656756387
26a,213979585963377,production-floor | production-no-floor | raw | shrink,-2144714912 | 656756387 | 946569817 | 656756387
26a,213979585963378,production-floor | production-no-floor | raw | shrink,-2144714912 | 656756387 | 946569817 | 656756387
26a,213979585963379,production-floor | production-no-floor | raw | shrink,-2144714912 | 656756387 | 946569817 | 656756387
26a,213979585963380,production-floor | production-no-floor | raw | shrink,-2144714912 | 656756387 | 946569817 | 656756387
26a,213979585963381,production-floor | production-no-floor | raw | shrink,-2144714912 | 656756387 | 946569817 | 656756387
26a,213979585963382,production-floor | production-no-floor | raw | shrink,-2144714912 | 656756387 | 946569817 | 656756387
26a,213979585963383,production-floor | production-no-floor | raw | shrink,-2144714912 | 656756387 | 946569817 | 656756387
26a,213979585963384,production-floor | production-no-floor | raw | shrink,-2144714912 | 656756387 | 946569817 | 656756387
26a,213979585963385,production-floor | production-no-floor | raw | shrink,-2144714912 | 656756387 | 946569817 | 656756387
26a,213979585963386,production-floor | production-no-floor | raw | shrink,-2144714912 | 656756387 | 946569817 | 656756387
26a,213979585963387,production-floor | production-no-floor | raw | shrink,-2144714912 | 656756387 | 946569817 | 656756387
26a,213979585963388,production-floor | production-no-floor | raw | shrink,-2144714912 | 656756387 | 946569817 | 656756387
26a,213979585963389,production-floor | production-no-floor | raw | shrink,-2144714912 | 656756387 | 946569817 | 656756387
26a,213979585963390,production-floor | production-no-floor | raw | shrink,-2144714912 | 656756387 | 946569817 | 656756387
26a,213979585963391,production-floor | production-no-floor | raw | shrink,-2144714912 | 656756387 | 946569817 | 656756387
26a,213979585964672,production-floor | production-no-floor | raw | shrink,-2144714912 | 656756387 | 946569817 | 656756387
26a,213979585964673,production-floor | production-no-floor | raw | shrink,-2144714912 | 656756387 | 946569817 | 656756387
26a,213979585964674,production-floor | production-no-floor | raw | shrink,-2144714912 | 656756387 | 946569817 | 656756387
26a,213979585964675,production-floor | production-no-floor | raw | shrink,-2144714912 | 656756387 | 946569817 | 656756387
26a,213979585964676,production-floor | production-no-floor | raw | shrink,-2144714912 | 656756387 | 946569817 | 656756387
26a,213979585964677,production-floor | production-no-floor | raw | shrink,-2144714912 | 656756387 | 946569817 | 656756387
26a,213979585964678,production-floor | production-no-floor | raw | shrink,-2144714912 | 656756387 | 946569817 | 656756387
26a,213979585964679,production-floor | production-no-floor | raw | shrink,-2144714912 | 656756387 | 946569817 | 656756387
26a,213979585964680,production-floor | production-no-floor | raw | shrink,-2144714912 | 656756387 | 946569817 | 656756387
26a,213979585964681,production-floor | production-no-floor | raw | shrink,-2144714912 | 656756387 | 946569817 | 656756387
26a,213979585964682,production-floor | production-no-floor | raw | shrink,-2144714912 | 656756387 | 946569817 | 656756387
26a,213979585964683,production-floor | production-no-floor | raw | shrink,-2144714912 | 656756387 | 946569817 | 656756387
26a,213979585964684,production-floor | production-no-floor | raw | shrink,-2144714912 | 656756387 | 946569817 | 656756387
26a,213979585964685,production-floor | production-no-floor | raw | shrink,-2144714912 | 656756387 | 946569817 | 656756387
26a,213979585964686,production-floor | production-no-floor | raw | shrink,-2144714912 | 656756387 | 946569817 | 656756387
26a,213979585964687,production-floor | production-no-floor | raw | shrink,-2144714912 | 656756387 | 946569817 | 656756387
26a,213979585964688,production-floor | production-no-floor | raw | shrink,-2144714912 | 656756387 | 946569817 | 656756387
26a,213979585964689,production-floor | production-no-floor | raw | shrink,-2144714912 | 656756387 | 946569817 | 656756387
26a,213979585964690,production-floor | production-no-floor | raw | shrink,-2144714912 | 656756387 | 946569817 | 656756387
26a,213979585964691,production-floor | production-no-floor | raw | shrink,-2144714912 | 656756387 | 946569817 | 656756387
26a,213979585964692,production-floor | production-no-floor | raw | shrink,-2144714912 | 656756387 | 946569817 | 656756387
26a,213979585964693,production-floor | production-no-floor | raw | shrink,-2144714912 | 656756387 | 946569817 | 656756387
26a,213979585964694,production-floor | production-no-floor | raw | shrink,-2144714912 | 656756387 | 946569817 | 656756387
26a,213979585964695,production-floor | production-no-floor | raw | shrink,-2144714912 | 656756387 | 946569817 | 656756387
26a,213979585964696,production-floor | production-no-floor | raw | shrink,-2144714912 | 656756387 | 946569817 | 656756387
26a,213979585964697,production-floor | production-no-floor | raw | shrink,-2144714912 | 656756387 | 946569817 | 656756387
26a,213979585964698,production-floor | production-no-floor | raw | shrink,-2144714912 | 656756387 | 946569817 | 656756387
26a,213979585964699,production-floor | production-no-floor | raw | shrink,-2144714912 | 656756387 | 946569817 | 656756387
26a,213979585964700,production-floor | production-no-floor | raw | shrink,-2144714912 | 656756387 | 946569817 | 656756387
26a,213979585964701,production-floor | production-no-floor | raw | shrink,-2144714912 | 656756387 | 946569817 | 656756387
26a,213979585964702,production-floor | production-no-floor | raw | shrink,-2144714912 | 656756387 | 946569817 | 656756387
26a,213979585964703,production-floor | production-no-floor | raw | shrink,-2144714912 | 656756387 | 946569817 | 656756387
26a,213979585964729,production-floor | production-no-floor | raw | shrink,-2144714912 | 656756387 | 946569817 | 656756387
26a,213979585964732,production-floor | production-no-floor | raw | shrink,-2144714912 | 656756387 | 946569817 | 656756387
26a,213979585964733,production-floor | production-no-floor | raw | shrink,-2144714912 | 656756387 | 946569817 | 656756387
26a,213979585964734,production-floor | production-no-floor | raw | shrink,-2144714912 | 656756387 | 946569817 | 656756387
26a,213979585964735,production-floor | production-no-floor | raw | shrink,-2144714912 | 656756387 | 946569817 | 656756387
26b,213983880930624,production-floor | production-no-floor | raw | shrink,1839472673 | -664699807 | 1208215963 | -664699807
26b,213983880930625,production-floor | production-no-floor | raw | shrink,1839472673 | -664699807 | 1208215963 | -664699807
26b,213983880930626,production-floor | production-no-floor | raw | shrink,1839472673 | -664699807 | 1208215963 | -664699807
26b,213983880930627,production-floor | production-no-floor | raw | shrink,1839472673 | -664699807 | 1208215963 | -664699807
26b,213983880930628,production-floor | production-no-floor | raw | shrink,1839472673 | -664699807 | 1208215963 | -664699807
26b,213983880930629,production-floor | production-no-floor | raw | shrink,1839472673 | -664699807 | 1208215963 | -664699807
26b,213983880930630,production-floor | production-no-floor | raw | shrink,1839472673 | -664699807 | 1208215963 | -664699807
26b,213983880930631,production-floor | production-no-floor | raw | shrink,1839472673 | -664699807 | 1208215963 | -664699807
26b,213983880930632,production-floor | production-no-floor | raw | shrink,1839472673 | -664699807 | 1208215963 | -664699807
26b,213983880930633,production-floor | production-no-floor | raw | shrink,1839472673 | -664699807 | 1208215963 | -664699807
26b,213983880930634,production-floor | production-no-floor | raw | shrink,1839472673 | -664699807 | 1208215963 | -664699807
26b,213983880930635,production-floor | production-no-floor | raw | shrink,1839472673 | -664699807 | 1208215963 | -664699807
26b,213983880930636,production-floor | production-no-floor | raw | shrink,1839472673 | -664699807 | 1208215963 | -664699807
26b,213983880930637,production-floor | production-no-floor | raw | shrink,1839472673 | -664699807 | 1208215963 | -664699807
26b,213983880930638,production-floor | production-no-floor | raw | shrink,1839472673 | -664699807 | 1208215963 | -664699807
26b,213983880930639,production-floor | production-no-floor | raw | shrink,1839472673 | -664699807 | 1208215963 | -664699807
26b,213983880930640,production-floor | production-no-floor | raw | shrink,1839472673 | -664699807 | 1208215963 | -664699807
26b,213983880930641,production-floor | production-no-floor | raw | shrink,1839472673 | -664699807 | 1208215963 | -664699807
26b,213983880930642,production-floor | production-no-floor | raw | shrink,1839472673 | -664699807 | 1208215963 | -664699807
26b,213983880930643,production-floor | production-no-floor | raw | shrink,1839472673 | -664699807 | 1208215963 | -664699807
26b,213983880930644,production-floor | production-no-floor | raw | shrink,1839472673 | -664699807 | 1208215963 | -664699807
26b,213983880930645,production-floor | production-no-floor | raw | shrink,1839472673 | -664699807 | 1208215963 | -664699807
26b,213983880930646,production-floor | production-no-floor | raw | shrink,1839472673 | -664699807 | 1208215963 | -664699807
26b,213983880930647,production-floor | production-no-floor | raw | shrink,1839472673 | -664699807 | 1208215963 | -664699807
26b,213983880930648,production-floor | production-no-floor | raw | shrink,1839472673 | -664699807 | 1208215963 | -664699807
26b,213983880930649,production-floor | production-no-floor | raw | shrink,1839472673 | -664699807 | 1208215963 | -664699807
26b,213983880930650,production-floor | production-no-floor | raw | shrink,1839472673 | -664699807 | 1208215963 | -664699807
26b,213983880930651,production-floor | production-no-floor | raw | shrink,1839472673 | -664699807 | 1208215963 | -664699807
26b,213983880930652,production-floor | production-no-floor | raw | shrink,1839472673 | -664699807 | 1208215963 | -664699807
26b,213983880930653,production-floor | production-no-floor | raw | shrink,1839472673 | -664699807 | 1208215963 | -664699807
26b,213983880930655,production-floor | production-no-floor | raw | shrink,1839472673 | -664699807 | 1208215963 | -664699807
26b,213983880930656,production-floor | production-no-floor | raw | shrink,1839472673 | -664699807 | 1208215963 | -664699807
26b,213983880930657,production-floor | production-no-floor | raw | shrink,1839472673 | -664699807 | 1208215963 | -664699807
26b,213983880930658,production-floor | production-no-floor | raw | shrink,1839472673 | -664699807 | 1208215963 | -664699807
26b,213983880930659,production-floor | production-no-floor | raw | shrink,1839472673 | -664699807 | 1208215963 | -664699807
26b,213983880930660,production-floor | production-no-floor | raw | shrink,1839472673 | -664699807 | 1208215963 | -664699807
26b,213983880930661,production-floor | production-no-floor | raw | shrink,1839472673 | -664699807 | 1208215963 | -664699807
26b,213983880930662,production-floor | production-no-floor | raw | shrink,1839472673 | -664699807 | 1208215963 | -664699807
26b,213983880930663,production-floor | production-no-floor | raw | shrink,1839472673 | -664699807 | 1208215963 | -664699807
26b,213983880930664,production-floor | production-no-floor | raw | shrink,1839472673 | -664699807 | 1208215963 | -664699807
26b,213983880930665,production-floor | production-no-floor | raw | shrink,1839472673 | -664699807 | 1208215963 | -664699807
26b,213983880930666,production-floor | production-no-floor | raw | shrink,1839472673 | -664699807 | 1208215963 | -664699807
26b,213983880930667,production-floor | production-no-floor | raw | shrink,1839472673 | -664699807 | 1208215963 | -664699807
26b,213983880930668,production-floor | production-no-floor | raw | shrink,1839472673 | -664699807 | 1208215963 | -664699807
26b,213983880930669,production-floor | production-no-floor | raw | shrink,1839472673 | -664699807 | 1208215963 | -664699807
26b,213983880930670,production-floor | production-no-floor | raw | shrink,1839472673 | -664699807 | 1208215963 | -664699807
26b,213983880930671,production-floor | production-no-floor | raw | shrink,1839472673 | -664699807 | 1208215963 | -664699807
26b,213983880930672,production-floor | production-no-floor | raw | shrink,1839472673 | -664699807 | 1208215963 | -664699807
26b,213983880930673,production-floor | production-no-floor | raw | shrink,1839472673 | -664699807 | 1208215963 | -664699807
26b,213983880930674,production-floor | production-no-floor | raw | shrink,1839472673 | -664699807 | 1208215963 | -664699807
26b,213983880930675,production-floor | production-no-floor | raw | shrink,1839472673 | -664699807 | 1208215963 | -664699807
26b,213983880930676,production-floor | production-no-floor | raw | shrink,1839472673 | -664699807 | 1208215963 | -664699807
26b,213983880930677,production-floor | production-no-floor | raw | shrink,1839472673 | -664699807 | 1208215963 | -664699807
26b,213983880930678,production-floor | production-no-floor | raw | shrink,1839472673 | -664699807 | 1208215963 | -664699807
26b,213983880930679,production-floor | production-no-floor | raw | shrink,1839472673 | -664699807 | 1208215963 | -664699807
26b,213983880930680,production-floor | production-no-floor | raw | shrink,1839472673 | -664699807 | 1208215963 | -664699807
26b,213983880930681,production-floor | production-no-floor | raw | shrink,1839472673 | -664699807 | 1208215963 | -664699807
26b,213983880930682,production-floor | production-no-floor | raw | shrink,1839472673 | -664699807 | 1208215963 | -664699807
26b,213983880930683,production-floor | production-no-floor | raw | shrink,1839472673 | -664699807 | 1208215963 | -664699807
26b,213983880930684,production-floor | production-no-floor | raw | shrink,1839472673 | -664699807 | 1208215963 | -664699807
26b,213983880930685,production-floor | production-no-floor | raw | shrink,1839472673 | -664699807 | 1208215963 | -664699807
26b,213983880930686,production-floor | production-no-floor | raw | shrink,1839472673 | -664699807 | 1208215963 | -664699807
26b,213983880930687,production-floor | production-no-floor | raw | shrink,1839472673 | -664699807 | 1208215963 | -664699807
26b,213983880931968,production-floor | production-no-floor | raw | shrink,1839472673 | -664699807 | 1208215963 | -664699807
26b,213983880931969,production-floor | production-no-floor | raw | shrink,1839472673 | -664699807 | 1208215963 | -664699807
26b,213983880931970,production-floor | production-no-floor | raw | shrink,1839472673 | -664699807 | 1208215963 | -664699807
26b,213983880931971,production-floor | production-no-floor | raw | shrink,1839472673 | -664699807 | 1208215963 | -664699807
26b,213983880931972,production-floor | production-no-floor | raw | shrink,1839472673 | -664699807 | 1208215963 | -664699807
26b,213983880931973,production-floor | production-no-floor | raw | shrink,1839472673 | -664699807 | 1208215963 | -664699807
26b,213983880931974,production-floor | production-no-floor | raw | shrink,1839472673 | -664699807 | 1208215963 | -664699807
26b,213983880931975,production-floor | production-no-floor | raw | shrink,1839472673 | -664699807 | 1208215963 | -664699807
26b,213983880931976,production-floor | production-no-floor | raw | shrink,1839472673 | -664699807 | 1208215963 | -664699807
26b,213983880931977,production-floor | production-no-floor | raw | shrink,1839472673 | -664699807 | 1208215963 | -664699807
26b,213983880931978,production-floor | production-no-floor | raw | shrink,1839472673 | -664699807 | 1208215963 | -664699807
26b,213983880931979,production-floor | production-no-floor | raw | shrink,1839472673 | -664699807 | 1208215963 | -664699807
26b,213983880931980,production-floor | production-no-floor | raw | shrink,1839472673 | -664699807 | 1208215963 | -664699807
26b,213983880931981,production-floor | production-no-floor | raw | shrink,1839472673 | -664699807 | 1208215963 | -664699807
26b,213983880931982,production-floor | production-no-floor | raw | shrink,1839472673 | -664699807 | 1208215963 | -664699807
26b,213983880931983,production-floor | production-no-floor | raw | shrink,1839472673 | -664699807 | 1208215963 | -664699807
26b,213983880931984,production-floor | production-no-floor | raw | shrink,1839472673 | -664699807 | 1208215963 | -664699807
26b,213983880931985,production-floor | production-no-floor | raw | shrink,1839472673 | -664699807 | 1208215963 | -664699807
26b,213983880931986,production-floor | production-no-floor | raw | shrink,1839472673 | -664699807 | 1208215963 | -664699807
26b,213983880931987,production-floor | production-no-floor | raw | shrink,1839472673 | -664699807 | 1208215963 | -664699807
26b,213983880931988,production-floor | production-no-floor | raw | shrink,1839472673 | -664699807 | 1208215963 | -664699807
26b,213983880931989,production-floor | production-no-floor | raw | shrink,1839472673 | -664699807 | 1208215963 | -664699807
26b,213983880931990,production-floor | production-no-floor | raw | shrink,1839472673 | -664699807 | 1208215963 | -664699807
26b,213983880931991,production-floor | production-no-floor | raw | shrink,1839472673 | -664699807 | 1208215963 | -664699807
26b,213983880931992,production-floor | production-no-floor | raw | shrink,1839472673 | -664699807 | 1208215963 | -664699807
26b,213983880931993,production-floor | production-no-floor | raw | shrink,1839472673 | -664699807 | 1208215963 | -664699807
26b,213983880931994,production-floor | production-no-floor | raw | shrink,1839472673 | -664699807 | 1208215963 | -664699807
26b,213983880931995,production-floor | production-no-floor | raw | shrink,1839472673 | -664699807 | 1208215963 | -664699807
26b,213983880931996,production-floor | production-no-floor | raw | shrink,1839472673 | -664699807 | 1208215963 | -664699807
26b,213983880931997,production-floor | production-no-floor | raw | shrink,1839472673 | -664699807 | 1208215963 | -664699807
26b,213983880931998,production-floor | production-no-floor | raw | shrink,1839472673 | -664699807 | 1208215963 | -664699807
26b,213983880931999,production-floor | production-no-floor | raw | shrink,1839472673 | -664699807 | 1208215963 | -664699807
26b,213983880932026,production-floor | production-no-floor | raw | shrink,1839472673 | -664699807 | 1208215963 | -664699807
26b,213983880932028,production-floor | production-no-floor | raw | shrink,1839472673 | -664699807 | 1208215963 | -664699807
26b,213983880932029,production-floor | production-no-floor | raw | shrink,1839472673 | -664699807 | 1208215963 | -664699807
26b,213983880932030,production-floor | production-no-floor | raw | shrink,1839472673 | -664699807 | 1208215963 | -664699807
26b,213983880932031,production-floor | production-no-floor | raw | shrink,1839472673 | -664699807 | 1208215963 | -664699807
26c,213988175897920,production-floor | production-no-floor | raw | shrink,-824637688 | -321495561 | 628672308 | -321495561
26c,213988175897921,production-floor | production-no-floor | raw | shrink,279814670 | -321495561 | 628672308 | -321495561
26c,213988175897922,production-floor | production-no-floor | raw | shrink,279814670 | -321495561 | 628672308 | -321495561
26c,213988175897923,production-floor | production-no-floor | raw | shrink,279814670 | -321495561 | 628672308 | -321495561
26c,213988175897924,production-floor | production-no-floor | raw | shrink,-824637688 | -321495561 | 628672308 | -321495561
26c,213988175897925,production-floor | production-no-floor | raw | shrink,279814670 | -321495561 | 628672308 | -321495561
26c,213988175897926,production-floor | production-no-floor | raw | shrink,279814670 | -321495561 | 628672308 | -321495561
26c,213988175897927,production-floor | production-no-floor | raw | shrink,279814670 | -321495561 | 628672308 | -321495561
26c,213988175897928,production-floor | production-no-floor | raw | shrink,-824637688 | -321495561 | 628672308 | -321495561
26c,213988175897929,production-floor | production-no-floor | raw | shrink,-824637688 | -321495561 | 628672308 | -321495561
26c,213988175897930,production-floor | production-no-floor | raw | shrink,-824637688 | -321495561 | 628672308 | -321495561
26c,213988175897931,production-floor | production-no-floor | raw | shrink,-824637688 | -321495561 | 628672308 | -321495561
26c,213988175897932,production-floor | production-no-floor | raw | shrink,279814670 | -321495561 | 628672308 | -321495561
26c,213988175897933,production-floor | production-no-floor | raw | shrink,279814670 | -321495561 | 628672308 | -321495561
26c,213988175897934,production-floor | production-no-floor | raw | shrink,279814670 | -321495561 | 628672308 | -321495561
26c,213988175897935,production-floor | production-no-floor | raw | shrink,279814670 | -321495561 | 628672308 | -321495561
26c,213988175897936,production-floor | production-no-floor | raw | shrink,279814670 | -321495561 | 628672308 | -321495561
26c,213988175897937,production-floor | production-no-floor | raw | shrink,-824637688 | -321495561 | 628672308 | -321495561
26c,213988175897938,production-floor | production-no-floor | raw | shrink,279814670 | -321495561 | 628672308 | -321495561
26c,213988175897939,production-floor | production-no-floor | raw | shrink,279814670 | -321495561 | 628672308 | -321495561
26c,213988175897940,production-floor | production-no-floor | raw | shrink,279814670 | -321495561 | 628672308 | -321495561
26c,213988175897941,production-floor | production-no-floor | raw | shrink,279814670 | -321495561 | 628672308 | -321495561
26c,213988175897942,production-floor | production-no-floor | raw | shrink,-824637688 | -321495561 | 628672308 | -321495561
26c,213988175897943,production-floor | production-no-floor | raw | shrink,-824637688 | -321495561 | 628672308 | -321495561
26c,213988175897944,production-floor | production-no-floor | raw | shrink,-824637688 | -321495561 | 628672308 | -321495561
26c,213988175897945,production-floor | production-no-floor | raw | shrink,279814670 | -321495561 | 628672308 | -321495561
26c,213988175897946,production-floor | production-no-floor | raw | shrink,-824637688 | -321495561 | 628672308 | -321495561
26c,213988175897947,production-floor | production-no-floor | raw | shrink,279814670 | -321495561 | 628672308 | -321495561
26c,213988175897948,production-floor | production-no-floor | raw | shrink,-824637688 | -321495561 | 628672308 | -321495561
26c,213988175897949,production-floor | production-no-floor | raw | shrink,279814670 | -321495561 | 628672308 | -321495561
26c,213988175897950,production-floor | production-no-floor | raw | shrink,279814670 | -321495561 | 628672308 | -321495561
26c,213988175897952,production-floor | production-no-floor | raw | shrink,279814670 | -321495561 | 628672308 | -321495561
26c,213988175897953,production-floor | production-no-floor | raw | shrink,-824637688 | -321495561 | 628672308 | -321495561
26c,213988175897954,production-floor | production-no-floor | raw | shrink,279814670 | -321495561 | 628672308 | -321495561
26c,213988175897955,production-floor | production-no-floor | raw | shrink,-824637688 | -321495561 | 628672308 | -321495561
26c,213988175897956,production-floor | production-no-floor | raw | shrink,279814670 | -321495561 | 628672308 | -321495561
26c,213988175897957,production-floor | production-no-floor | raw | shrink,279814670 | -321495561 | 628672308 | -321495561
26c,213988175897958,production-floor | production-no-floor | raw | shrink,-824637688 | -321495561 | 628672308 | -321495561
26c,213988175897959,production-floor | production-no-floor | raw | shrink,279814670 | -321495561 | 628672308 | -321495561
26c,213988175897960,production-floor | production-no-floor | raw | shrink,-824637688 | -321495561 | 628672308 | -321495561
26c,213988175897961,production-floor | production-no-floor | raw | shrink,279814670 | -321495561 | 628672308 | -321495561
26c,213988175897962,production-floor | production-no-floor | raw | shrink,279814670 | -321495561 | 628672308 | -321495561
26c,213988175897963,production-floor | production-no-floor | raw | shrink,-824637688 | -321495561 | 628672308 | -321495561
26c,213988175897964,production-floor | production-no-floor | raw | shrink,279814670 | -321495561 | 628672308 | -321495561
26c,213988175897965,production-floor | production-no-floor | raw | shrink,279814670 | -321495561 | 628672308 | -321495561
26c,213988175897966,production-floor | production-no-floor | raw | shrink,279814670 | -321495561 | 628672308 | -321495561
26c,213988175897967,production-floor | production-no-floor | raw | shrink,279814670 | -321495561 | 628672308 | -321495561
26c,213988175897968,production-floor | production-no-floor | raw | shrink,279814670 | -321495561 | 628672308 | -321495561
26c,213988175897969,production-floor | production-no-floor | raw | shrink,279814670 | -321495561 | 628672308 | -321495561
26c,213988175897970,production-floor | production-no-floor | raw | shrink,-824637688 | -321495561 | 628672308 | -321495561
26c,213988175897971,production-floor | production-no-floor | raw | shrink,-824637688 | -321495561 | 628672308 | -321495561
26c,213988175897972,production-floor | production-no-floor | raw | shrink,-824637688 | -321495561 | 628672308 | -321495561
26c,213988175897973,production-floor | production-no-floor | raw | shrink,-824637688 | -321495561 | 628672308 | -321495561
26c,213988175897974,production-floor | production-no-floor | raw | shrink,-824637688 | -321495561 | 628672308 | -321495561
26c,213988175897975,production-floor | production-no-floor | raw | shrink,-824637688 | -321495561 | 628672308 | -321495561
26c,213988175897976,production-floor | production-no-floor | raw | shrink,-824637688 | -321495561 | 628672308 | -321495561
26c,213988175897977,production-floor | production-no-floor | raw | shrink,-824637688 | -321495561 | 628672308 | -321495561
26c,213988175897978,production-floor | production-no-floor | raw | shrink,-824637688 | -321495561 | 628672308 | -321495561
26c,213988175897979,production-floor | production-no-floor | raw | shrink,279814670 | -321495561 | 628672308 | -321495561
26c,213988175897980,production-floor | production-no-floor | raw | shrink,279814670 | -321495561 | 628672308 | -321495561
26c,213988175897981,production-floor | production-no-floor | raw | shrink,279814670 | -321495561 | 628672308 | -321495561
26c,213988175897982,production-floor | production-no-floor | raw | shrink,279814670 | -321495561 | 628672308 | -321495561
26c,213988175897983,production-floor | production-no-floor | raw | shrink,279814670 | -321495561 | 628672308 | -321495561
26c,213988175899264,production-floor | production-no-floor | raw | shrink,279814670 | -321495561 | 628672308 | -321495561
26c,213988175899265,production-floor | production-no-floor | raw | shrink,-824637688 | -321495561 | 628672308 | -321495561
26c,213988175899266,production-floor | production-no-floor | raw | shrink,-824637688 | -321495561 | 628672308 | -321495561
26c,213988175899267,production-floor | production-no-floor | raw | shrink,279814670 | -321495561 | 628672308 | -321495561
26c,213988175899268,production-floor | production-no-floor | raw | shrink,-824637688 | -321495561 | 628672308 | -321495561
26c,213988175899269,production-floor | production-no-floor | raw | shrink,-824637688 | -321495561 | 628672308 | -321495561
26c,213988175899270,production-floor | production-no-floor | raw | shrink,-824637688 | -321495561 | 628672308 | -321495561
26c,213988175899271,production-floor | production-no-floor | raw | shrink,279814670 | -321495561 | 628672308 | -321495561
26c,213988175899272,production-floor | production-no-floor | raw | shrink,-824637688 | -321495561 | 628672308 | -321495561
26c,213988175899273,production-floor | production-no-floor | raw | shrink,-824637688 | -321495561 | 628672308 | -321495561
26c,213988175899274,production-floor | production-no-floor | raw | shrink,279814670 | -321495561 | 628672308 | -321495561
26c,213988175899275,production-floor | production-no-floor | raw | shrink,-824637688 | -321495561 | 628672308 | -321495561
26c,213988175899276,production-floor | production-no-floor | raw | shrink,-824637688 | -321495561 | 628672308 | -321495561
26c,213988175899277,production-floor | production-no-floor | raw | shrink,-824637688 | -321495561 | 628672308 | -321495561
26c,213988175899278,production-floor | production-no-floor | raw | shrink,279814670 | -321495561 | 628672308 | -321495561
26c,213988175899279,production-floor | production-no-floor | raw | shrink,-824637688 | -321495561 | 628672308 | -321495561
26c,213988175899280,production-floor | production-no-floor | raw | shrink,279814670 | -321495561 | 628672308 | -321495561
26c,213988175899281,production-floor | production-no-floor | raw | shrink,279814670 | -321495561 | 628672308 | -321495561
26c,213988175899282,production-floor | production-no-floor | raw | shrink,279814670 | -321495561 | 628672308 | -321495561
26c,213988175899283,production-floor | production-no-floor | raw | shrink,279814670 | -321495561 | 628672308 | -321495561
26c,213988175899284,production-floor | production-no-floor | raw | shrink,279814670 | -321495561 | 628672308 | -321495561
26c,213988175899285,production-floor | production-no-floor | raw | shrink,-824637688 | -321495561 | 628672308 | -321495561
26c,213988175899286,production-floor | production-no-floor | raw | shrink,-824637688 | -321495561 | 628672308 | -321495561
26c,213988175899287,production-floor | production-no-floor | raw | shrink,-824637688 | -321495561 | 628672308 | -321495561
26c,213988175899288,production-floor | production-no-floor | raw | shrink,279814670 | -321495561 | 628672308 | -321495561
26c,213988175899289,production-floor | production-no-floor | raw | shrink,279814670 | -321495561 | 628672308 | -321495561
26c,213988175899290,production-floor | production-no-floor | raw | shrink,-824637688 | -321495561 | 628672308 | -321495561
26c,213988175899291,production-floor | production-no-floor | raw | shrink,279814670 | -321495561 | 628672308 | -321495561
26c,213988175899292,production-floor | production-no-floor | raw | shrink,-824637688 | -321495561 | 628672308 | -321495561
26c,213988175899293,production-floor | production-no-floor | raw | shrink,279814670 | -321495561 | 628672308 | -321495561
26c,213988175899294,production-floor | production-no-floor | raw | shrink,-824637688 | -321495561 | 628672308 | -321495561
26c,213988175899295,production-floor | production-no-floor | raw | shrink,-824637688 | -321495561 | 628672308 | -321495561
26c,213988175899323,production-floor | production-no-floor | raw | shrink,279814670 | -321495561 | 628672308 | -321495561
26c,213988175899324,production-floor | production-no-floor | raw | shrink,-824637688 | -321495561 | 628672308 | -321495561
26c,213988175899325,production-floor | production-no-floor | raw | shrink,279814670 | -321495561 | 628672308 | -321495561
26c,213988175899326,production-floor | production-no-floor | raw | shrink,-824637688 | -321495561 | 628672308 | -321495561
26c,213988175899327,production-floor | production-no-floor | raw | shrink,279814670 | -321495561 | 628672308 | -321495561
27a,214112729949504,production-floor | production-no-floor | raw | shrink,1608906155 | -1953543145 | -1953543145 | -1953543145
27a,214112729949505,production-floor | production-no-floor | raw | shrink,1608906155 | -1953543145 | -1953543145 | -1953543145
27a,214112729949506,production-floor | production-no-floor | raw | shrink,1608906155 | -1953543145 | -1953543145 | -1953543145
27a,214112729949507,production-floor | production-no-floor | raw | shrink,1608906155 | -1953543145 | -1953543145 | -1953543145
27a,214112729949508,production-floor | production-no-floor | raw | shrink,1608906155 | -1953543145 | 1430642209 | -1953543145
27a,214112729949509,production-floor | production-no-floor | raw | shrink,1608906155 | -1953543145 | 1430642209 | -1953543145
27a,214112729949510,production-floor | production-no-floor | raw | shrink,1608906155 | -1953543145 | 1430642209 | -1953543145
27a,214112729949511,production-floor | production-no-floor | raw | shrink,1608906155 | -1953543145 | -1953543145 | -1953543145
27a,214112729949512,production-floor | production-no-floor | raw | shrink,1608906155 | -1953543145 | -1953543145 | -1953543145
27a,214112729949513,production-floor | production-no-floor | raw | shrink,1608906155 | -1953543145 | -1953543145 | -1953543145
27a,214112729949514,production-floor | production-no-floor | raw | shrink,1608906155 | -1953543145 | -1953543145 | -1953543145
27a,214112729949515,production-floor | production-no-floor | raw | shrink,1608906155 | -1953543145 | -1953543145 | -1953543145
27a,214112729949516,production-floor | production-no-floor | raw | shrink,1608906155 | -1953543145 | -1953543145 | -1953543145
27a,214112729949517,production-floor | production-no-floor | raw | shrink,1608906155 | -1953543145 | -1953543145 | -1953543145
27a,214112729949518,production-floor | production-no-floor | raw | shrink,1608906155 | -1953543145 | 1430642209 | -1953543145
27a,214112729949519,production-floor | production-no-floor | raw | shrink,1608906155 | -1953543145 | -1953543145 | -1953543145
27a,214112729949520,production-floor | production-no-floor | raw | shrink,1608906155 | -1953543145 | 1430642209 | -1953543145
27a,214112729949521,production-floor | production-no-floor | raw | shrink,1608906155 | -1953543145 | -1953543145 | -1953543145
27a,214112729949522,production-floor | production-no-floor | raw | shrink,1608906155 | -1953543145 | -1953543145 | -1953543145
27a,214112729949523,production-floor | production-no-floor | raw | shrink,1608906155 | -1953543145 | -1953543145 | -1953543145
27a,214112729949524,production-floor | production-no-floor | raw | shrink,1608906155 | -1953543145 | 1430642209 | -1953543145
27a,214112729949525,production-floor | production-no-floor | raw | shrink,1608906155 | -1953543145 | -1953543145 | -1953543145
27a,214112729949526,production-floor | production-no-floor | raw | shrink,1608906155 | -1953543145 | -1953543145 | -1953543145
27a,214112729949527,production-floor | production-no-floor | raw | shrink,1608906155 | -1953543145 | 1430642209 | -1953543145
27a,214112729949528,production-floor | production-no-floor | raw | shrink,1608906155 | -1953543145 | 1430642209 | -1953543145
27a,214112729949529,production-floor | production-no-floor | raw | shrink,1608906155 | -1953543145 | 1430642209 | -1953543145
27a,214112729949530,production-floor | production-no-floor | raw | shrink,1608906155 | -1953543145 | -1953543145 | -1953543145
27a,214112729949531,production-floor | production-no-floor | raw | shrink,1608906155 | -1953543145 | -1953543145 | -1953543145
27a,214112729949532,production-floor | production-no-floor | raw | shrink,1608906155 | -1953543145 | -1953543145 | -1953543145
27a,214112729949533,production-floor | production-no-floor | raw | shrink,1608906155 | -1953543145 | -1953543145 | -1953543145
27a,214112729949534,production-floor | production-no-floor | raw | shrink,1608906155 | -1953543145 | 1430642209 | -1953543145
27a,214112729949535,production-floor | production-no-floor | raw | shrink,1608906155 | -1953543145 | -1953543145 | -1953543145
27a,214112729949536,production-floor | production-no-floor | raw | shrink,1608906155 | -1953543145 | -1953543145 | -1953543145
27a,214112729949537,production-floor | production-no-floor | raw | shrink,1608906155 | -1953543145 | -1953543145 | -1953543145
27a,214112729949538,production-floor | production-no-floor | raw | shrink,1608906155 | -1953543145 | -1953543145 | -1953543145
27a,214112729949539,production-floor | production-no-floor | raw | shrink,1608906155 | -1953543145 | -1953543145 | -1953543145
27a,214112729949540,production-floor | production-no-floor | raw | shrink,1608906155 | -1953543145 | 1430642209 | -1953543145
27a,214112729949541,production-floor | production-no-floor | raw | shrink,1608906155 | -1953543145 | 1430642209 | -1953543145
27a,214112729949542,production-floor | production-no-floor | raw | shrink,1608906155 | -1953543145 | 1430642209 | -1953543145
27a,214112729949543,production-floor | production-no-floor | raw | shrink,1608906155 | -1953543145 | -1953543145 | -1953543145
27a,214112729949544,production-floor | production-no-floor | raw | shrink,1608906155 | -1953543145 | -1953543145 | -1953543145
27a,214112729949545,production-floor | production-no-floor | raw | shrink,1608906155 | -1953543145 | -1953543145 | -1953543145
27a,214112729949546,production-floor | production-no-floor | raw | shrink,1608906155 | -1953543145 | -1953543145 | -1953543145
27a,214112729949547,production-floor | production-no-floor | raw | shrink,1608906155 | -1953543145 | -1953543145 | -1953543145
27a,214112729949548,production-floor | production-no-floor | raw | shrink,1608906155 | -1953543145 | 1430642209 | -1953543145
27a,214112729949549,production-floor | production-no-floor | raw | shrink,1608906155 | -1953543145 | -1953543145 | -1953543145
27a,214112729949550,production-floor | production-no-floor | raw | shrink,1608906155 | -1953543145 | 1430642209 | -1953543145
27a,214112729949551,production-floor | production-no-floor | raw | shrink,1608906155 | -1953543145 | -1953543145 | -1953543145
27a,214112729949552,production-floor | production-no-floor | raw | shrink,1608906155 | -1953543145 | -1953543145 | -1953543145
27a,214112729949553,production-floor | production-no-floor | raw | shrink,1608906155 | -1953543145 | -1953543145 | -1953543145
27a,214112729949554,production-floor | production-no-floor | raw | shrink,1608906155 | -1953543145 | -1953543145 | -1953543145
27a,214112729949555,production-floor | production-no-floor | raw | shrink,1608906155 | -1953543145 | -1953543145 | -1953543145
27a,214112729949556,production-floor | production-no-floor | raw | shrink,1608906155 | -1953543145 | -1953543145 | -1953543145
27a,214112729949557,production-floor | production-no-floor | raw | shrink,1608906155 | -1953543145 | -1953543145 | -1953543145
27a,214112729949558,production-floor | production-no-floor | raw | shrink,1608906155 | -1953543145 | 1430642209 | -1953543145
27a,214112729949559,production-floor | production-no-floor | raw | shrink,1608906155 | -1953543145 | 1430642209 | -1953543145
27a,214112729949560,production-floor | production-no-floor | raw | shrink,1608906155 | -1953543145 | -1953543145 | -1953543145
27a,214112729949561,production-floor | production-no-floor | raw | shrink,1608906155 | -1953543145 | -1953543145 | -1953543145
27a,214112729949562,production-floor | production-no-floor | raw | shrink,1608906155 | -1953543145 | 1430642209 | -1953543145
27a,214112729949563,production-floor | production-no-floor | raw | shrink,1608906155 | -1953543145 | -1953543145 | -1953543145
27a,214112729949565,production-floor | production-no-floor | raw | shrink,1608906155 | -1953543145 | 1430642209 | -1953543145
27a,214112729949566,production-floor | production-no-floor | raw | shrink,1608906155 | -1953543145 | -1953543145 | -1953543145
27a,214112729949567,production-floor | production-no-floor | raw | shrink,1608906155 | -1953543145 | 1430642209 | -1953543145
27a,214112729950872,production-floor | production-no-floor | raw | shrink,1608906155 | -1953543145 | 1430642209 | -1953543145
27a,214112729950876,production-floor | production-no-floor | raw | shrink,1608906155 | -1953543145 | -1953543145 | -1953543145
27a,214112729950877,production-floor | production-no-floor | raw | shrink,1608906155 | -1953543145 | 1430642209 | -1953543145
27a,214112729950878,production-floor | production-no-floor | raw | shrink,1608906155 | -1953543145 | -1953543145 | -1953543145
27a,214112729950879,production-floor | production-no-floor | raw | shrink,1608906155 | -1953543145 | -1953543145 | -1953543145
27a,214112729950880,production-floor | production-no-floor | raw | shrink,1608906155 | -1953543145 | -1953543145 | -1953543145
27a,214112729950881,production-floor | production-no-floor | raw | shrink,1608906155 | -1953543145 | -1953543145 | -1953543145
27a,214112729950882,production-floor | production-no-floor | raw | shrink,1608906155 | -1953543145 | -1953543145 | -1953543145
27a,214112729950883,production-floor | production-no-floor | raw | shrink,1608906155 | -1953543145 | -1953543145 | -1953543145
27a,214112729950884,production-floor | production-no-floor | raw | shrink,1608906155 | -1953543145 | -1953543145 | -1953543145
27a,214112729950885,production-floor | production-no-floor | raw | shrink,1608906155 | -1953543145 | 1430642209 | -1953543145
27a,214112729950886,production-floor | production-no-floor | raw | shrink,1608906155 | -1953543145 | -1953543145 | -1953543145
27a,214112729950887,production-floor | production-no-floor | raw | shrink,1608906155 | -1953543145 | -1953543145 | -1953543145
27a,214112729950888,production-floor | production-no-floor | raw | shrink,1608906155 | -1953543145 | -1953543145 | -1953543145
27a,214112729950889,production-floor | production-no-floor | raw | shrink,1608906155 | -1953543145 | 1430642209 | -1953543145
27a,214112729950890,production-floor | production-no-floor | raw | shrink,1608906155 | -1953543145 | -1953543145 | -1953543145
27a,214112729950891,production-floor | production-no-floor | raw | shrink,1608906155 | -1953543145 | -1953543145 | -1953543145
27a,214112729950892,production-floor | production-no-floor | raw | shrink,1608906155 | -1953543145 | 1430642209 | -1953543145
27a,214112729950893,production-floor | production-no-floor | raw | shrink,1608906155 | -1953543145 | 1430642209 | -1953543145
27a,214112729950894,production-floor | production-no-floor | raw | shrink,1608906155 | -1953543145 | -1953543145 | -1953543145
27a,214112729950895,production-floor | production-no-floor | raw | shrink,1608906155 | -1953543145 | -1953543145 | -1953543145
27a,214112729950896,production-floor | production-no-floor | raw | shrink,1608906155 | -1953543145 | 1430642209 | -1953543145
27a,214112729950897,production-floor | production-no-floor | raw | shrink,1608906155 | -1953543145 | -1953543145 | -1953543145
27a,214112729950898,production-floor | production-no-floor | raw | shrink,1608906155 | -1953543145 | -1953543145 | -1953543145
27a,214112729950899,production-floor | production-no-floor | raw | shrink,1608906155 | -1953543145 | 1430642209 | -1953543145
27a,214112729950900,production-floor | production-no-floor | raw | shrink,1608906155 | -1953543145 | 1430642209 | -1953543145
27a,214112729950901,production-floor | production-no-floor | raw | shrink,1608906155 | -1953543145 | 1430642209 | -1953543145
27a,214112729950902,production-floor | production-no-floor | raw | shrink,1608906155 | -1953543145 | -1953543145 | -1953543145
27a,214112729950903,production-floor | production-no-floor | raw | shrink,1608906155 | -1953543145 | -1953543145 | -1953543145
27a,214112729950904,production-floor | production-no-floor | raw | shrink,1608906155 | -1953543145 | -1953543145 | -1953543145
27a,214112729950905,production-floor | production-no-floor | raw | shrink,1608906155 | -1953543145 | 1430642209 | -1953543145
27a,214112729950906,production-floor | production-no-floor | raw | shrink,1608906155 | -1953543145 | -1953543145 | -1953543145
27a,214112729950907,production-floor | production-no-floor | raw | shrink,1608906155 | -1953543145 | -1953543145 | -1953543145
27a,214112729950908,production-floor | production-no-floor | raw | shrink,1608906155 | -1953543145 | 1430642209 | -1953543145
27a,214112729950909,production-floor | production-no-floor | raw | shrink,1608906155 | -1953543145 | 1430642209 | -1953543145
27a,214112729950910,production-floor | production-no-floor | raw | shrink,1608906155 | -1953543145 | 1430642209 | -1953543145
27a,214112729950911,production-floor | production-no-floor | raw | shrink,1608906155 | -1953543145 | 1430642209 | -1953543145
27b,214117024916800,production-floor | production-no-floor | raw | shrink,1367252878 | 1728540501 | 1728540501 | 1728540501
27b,214117024916801,production-floor | production-no-floor | raw | shrink,1367252878 | 1728540501 | 1728540501 | 1728540501
27b,214117024916802,production-floor | production-no-floor | raw | shrink,1367252878 | -1505844372 | 1728540501 | -1505844372
27b,214117024916803,production-floor | production-no-floor | raw | shrink,1367252878 | 1728540501 | 1728540501 | 1728540501
27b,214117024916804,production-floor | production-no-floor | raw | shrink,1367252878 | 1728540501 | 1728540501 | 1728540501
27b,214117024916805,production-floor | production-no-floor | raw | shrink,1367252878 | 1728540501 | 1728540501 | 1728540501
27b,214117024916806,production-floor | production-no-floor | raw | shrink,1367252878 | 1728540501 | 1728540501 | 1728540501
27b,214117024916807,production-floor | production-no-floor | raw | shrink,1367252878 | 1728540501 | -882439461 | 1728540501
27b,214117024916808,production-floor | production-no-floor | raw | shrink,1367252878 | -1505844372 | 1728540501 | -1505844372
27b,214117024916809,production-floor | production-no-floor | raw | shrink,1367252878 | -1505844372 | 1728540501 | -1505844372
27b,214117024916810,production-floor | production-no-floor | raw | shrink,1367252878 | 1728540501 | 1728540501 | 1728540501
27b,214117024916811,production-floor | production-no-floor | raw | shrink,1367252878 | 1728540501 | 1728540501 | 1728540501
27b,214117024916812,production-floor | production-no-floor | raw | shrink,1367252878 | 1728540501 | 1728540501 | 1728540501
27b,214117024916813,production-floor | production-no-floor | raw | shrink,1367252878 | 1728540501 | 1728540501 | 1728540501
27b,214117024916814,production-floor | production-no-floor | raw | shrink,1367252878 | 1728540501 | 1728540501 | 1728540501
27b,214117024916815,production-floor | production-no-floor | raw | shrink,1367252878 | -1505844372 | 1728540501 | -1505844372
27b,214117024916816,production-floor | production-no-floor | raw | shrink,1367252878 | 1728540501 | 1728540501 | 1728540501
27b,214117024916817,production-floor | production-no-floor | raw | shrink,1367252878 | 1728540501 | 1728540501 | 1728540501
27b,214117024916818,production-floor | production-no-floor | raw | shrink,1367252878 | -1505844372 | 1728540501 | -1505844372
27b,214117024916819,production-floor | production-no-floor | raw | shrink,1367252878 | -1505844372 | 1728540501 | -1505844372
27b,214117024916820,production-floor | production-no-floor | raw | shrink,1367252878 | 1728540501 | 1728540501 | 1728540501
27b,214117024916821,production-floor | production-no-floor | raw | shrink,1367252878 | 1728540501 | 1728540501 | 1728540501
27b,214117024916822,production-floor | production-no-floor | raw | shrink,1367252878 | 1728540501 | 1728540501 | 1728540501
27b,214117024916823,production-floor | production-no-floor | raw | shrink,1367252878 | 1728540501 | 1728540501 | 1728540501
27b,214117024916824,production-floor | production-no-floor | raw | shrink,1367252878 | -1505844372 | 1728540501 | -1505844372
27b,214117024916825,production-floor | production-no-floor | raw | shrink,1367252878 | 1728540501 | -882439461 | 1728540501
27b,214117024916826,production-floor | production-no-floor | raw | shrink,1367252878 | 1728540501 | 1728540501 | 1728540501
27b,214117024916827,production-floor | production-no-floor | raw | shrink,1367252878 | -1505844372 | -882439461 | -1505844372
27b,214117024916828,production-floor | production-no-floor | raw | shrink,1367252878 | -1505844372 | 1728540501 | -1505844372
27b,214117024916829,production-floor | production-no-floor | raw | shrink,1367252878 | 1728540501 | 1728540501 | 1728540501
27b,214117024916830,production-floor | production-no-floor | raw | shrink,1367252878 | 1728540501 | 1728540501 | 1728540501
27b,214117024916831,production-floor | production-no-floor | raw | shrink,1367252878 | 1728540501 | 1728540501 | 1728540501
27b,214117024916832,production-floor | production-no-floor | raw | shrink,1367252878 | 1728540501 | -882439461 | 1728540501
27b,214117024916833,production-floor | production-no-floor | raw | shrink,1367252878 | -1505844372 | 1728540501 | -1505844372
27b,214117024916834,production-floor | production-no-floor | raw | shrink,1367252878 | 1728540501 | 1728540501 | 1728540501
27b,214117024916835,production-floor | production-no-floor | raw | shrink,1367252878 | 1728540501 | 1728540501 | 1728540501
27b,214117024916836,production-floor | production-no-floor | raw | shrink,1367252878 | -1505844372 | 1728540501 | -1505844372
27b,214117024916837,production-floor | production-no-floor | raw | shrink,1367252878 | 1728540501 | 1728540501 | 1728540501
27b,214117024916838,production-floor | production-no-floor | raw | shrink,1367252878 | 1728540501 | 1728540501 | 1728540501
27b,214117024916839,production-floor | production-no-floor | raw | shrink,1367252878 | 1728540501 | 1728540501 | 1728540501
27b,214117024916840,production-floor | production-no-floor | raw | shrink,1367252878 | 1728540501 | 1728540501 | 1728540501
27b,214117024916841,production-floor | production-no-floor | raw | shrink,1367252878 | -1505844372 | 1728540501 | -1505844372
27b,214117024916842,production-floor | production-no-floor | raw | shrink,1367252878 | 1728540501 | 1728540501 | 1728540501
27b,214117024916843,production-floor | production-no-floor | raw | shrink,1367252878 | 1728540501 | 1728540501 | 1728540501
27b,214117024916844,production-floor | production-no-floor | raw | shrink,1367252878 | 1728540501 | 1728540501 | 1728540501
27b,214117024916845,production-floor | production-no-floor | raw | shrink,1367252878 | 1728540501 | 1728540501 | 1728540501
27b,214117024916846,production-floor | production-no-floor | raw | shrink,1367252878 | 1728540501 | 1728540501 | 1728540501
27b,214117024916847,production-floor | production-no-floor | raw | shrink,1367252878 | 1728540501 | 1728540501 | 1728540501
27b,214117024916848,production-floor | production-no-floor | raw | shrink,1367252878 | 1728540501 | 1728540501 | 1728540501
27b,214117024916849,production-floor | production-no-floor | raw | shrink,1367252878 | 1728540501 | 1728540501 | 1728540501
27b,214117024916850,production-floor | production-no-floor | raw | shrink,1367252878 | 1728540501 | 1728540501 | 1728540501
27b,214117024916851,production-floor | production-no-floor | raw | shrink,1367252878 | 1728540501 | 1728540501 | 1728540501
27b,214117024916852,production-floor | production-no-floor | raw | shrink,1367252878 | 1728540501 | 1728540501 | 1728540501
27b,214117024916853,production-floor | production-no-floor | raw | shrink,1367252878 | 1728540501 | 1728540501 | 1728540501
27b,214117024916854,production-floor | production-no-floor | raw | shrink,1367252878 | 1728540501 | 1728540501 | 1728540501
27b,214117024916855,production-floor | production-no-floor | raw | shrink,1367252878 | 1728540501 | -882439461 | 1728540501
27b,214117024916856,production-floor | production-no-floor | raw | shrink,1367252878 | 1728540501 | 1728540501 | 1728540501
27b,214117024916857,production-floor | production-no-floor | raw | shrink,1367252878 | 1728540501 | 1728540501 | 1728540501
27b,214117024916858,production-floor | production-no-floor | raw | shrink,1367252878 | 1728540501 | 1728540501 | 1728540501
27b,214117024916859,production-floor | production-no-floor | raw | shrink,1367252878 | 1728540501 | 1728540501 | 1728540501
27b,214117024916860,production-floor | production-no-floor | raw | shrink,1367252878 | 1728540501 | 1728540501 | 1728540501
27b,214117024916862,production-floor | production-no-floor | raw | shrink,1367252878 | 1728540501 | 1728540501 | 1728540501
27b,214117024916863,production-floor | production-no-floor | raw | shrink,1367252878 | 1728540501 | 1728540501 | 1728540501
27b,214117024918169,production-floor | production-no-floor | raw | shrink,1367252878 | 1728540501 | 1728540501 | 1728540501
27b,214117024918172,production-floor | production-no-floor | raw | shrink,1367252878 | -1505844372 | 1728540501 | -1505844372
27b,214117024918173,production-floor | production-no-floor | raw | shrink,1367252878 | -1505844372 | 1728540501 | -1505844372
27b,214117024918174,production-floor | production-no-floor | raw | shrink,1367252878 | 1728540501 | 1728540501 | 1728540501
27b,214117024918175,production-floor | production-no-floor | raw | shrink,1367252878 | 1728540501 | 1728540501 | 1728540501
27b,214117024918176,production-floor | production-no-floor | raw | shrink,1367252878 | 1728540501 | 1728540501 | 1728540501
27b,214117024918177,production-floor | production-no-floor | raw | shrink,1367252878 | 1728540501 | 1728540501 | 1728540501
27b,214117024918178,production-floor | production-no-floor | raw | shrink,1367252878 | 1728540501 | 1728540501 | 1728540501
27b,214117024918179,production-floor | production-no-floor | raw | shrink,1367252878 | 1728540501 | 1728540501 | 1728540501
27b,214117024918180,production-floor | production-no-floor | raw | shrink,1367252878 | 1728540501 | 1728540501 | 1728540501
27b,214117024918181,production-floor | production-no-floor | raw | shrink,1367252878 | 1728540501 | 1728540501 | 1728540501
27b,214117024918182,production-floor | production-no-floor | raw | shrink,1367252878 | 1728540501 | 1728540501 | 1728540501
27b,214117024918183,production-floor | production-no-floor | raw | shrink,1367252878 | 1728540501 | 1728540501 | 1728540501
27b,214117024918184,production-floor | production-no-floor | raw | shrink,1367252878 | 1728540501 | 1728540501 | 1728540501
27b,214117024918185,production-floor | production-no-floor | raw | shrink,1367252878 | 1728540501 | 1728540501 | 1728540501
27b,214117024918186,production-floor | production-no-floor | raw | shrink,1367252878 | 1728540501 | 1728540501 | 1728540501
27b,214117024918187,production-floor | production-no-floor | raw | shrink,1367252878 | 1728540501 | 1728540501 | 1728540501
27b,214117024918188,production-floor | production-no-floor | raw | shrink,1367252878 | 1728540501 | 1728540501 | 1728540501
27b,214117024918189,production-floor | production-no-floor | raw | shrink,1367252878 | -1505844372 | 1728540501 | -1505844372
27b,214117024918190,production-floor | production-no-floor | raw | shrink,1367252878 | -1505844372 | 1728540501 | -1505844372
27b,214117024918191,production-floor | production-no-floor | raw | shrink,1367252878 | -1505844372 | 1728540501 | -1505844372
27b,214117024918192,production-floor | production-no-floor | raw | shrink,1367252878 | 1728540501 | 1728540501 | 1728540501
27b,214117024918193,production-floor | production-no-floor | raw | shrink,1367252878 | 1728540501 | 1728540501 | 1728540501
27b,214117024918194,production-floor | production-no-floor | raw | shrink,1367252878 | 1728540501 | 1728540501 | 1728540501
27b,214117024918195,production-floor | production-no-floor | raw | shrink,1367252878 | 1728540501 | -882439461 | 1728540501
27b,214117024918196,production-floor | production-no-floor | raw | shrink,1367252878 | 1728540501 | 1728540501 | 1728540501
27b,214117024918197,production-floor | production-no-floor | raw | shrink,1367252878 | 1728540501 | 1728540501 | 1728540501
27b,214117024918198,production-floor | production-no-floor | raw | shrink,1367252878 | -1505844372 | 1728540501 | -1505844372
27b,214117024918199,production-floor | production-no-floor | raw | shrink,1367252878 | 1728540501 | 1728540501 | 1728540501
27b,214117024918200,production-floor | production-no-floor | raw | shrink,1367252878 | 1728540501 | 1728540501 | 1728540501
27b,214117024918201,production-floor | production-no-floor | raw | shrink,1367252878 | 1728540501 | -882439461 | 1728540501
27b,214117024918202,production-floor | production-no-floor | raw | shrink,1367252878 | 1728540501 | 1728540501 | 1728540501
27b,214117024918203,production-floor | production-no-floor | raw | shrink,1367252878 | 1728540501 | 1728540501 | 1728540501
27b,214117024918204,production-floor | production-no-floor | raw | shrink,1367252878 | 1728540501 | 1728540501 | 1728540501
27b,214117024918205,production-floor | production-no-floor | raw | shrink,1367252878 | 1728540501 | 1728540501 | 1728540501
27b,214117024918206,production-floor | production-no-floor | raw | shrink,1367252878 | 1728540501 | 1728540501 | 1728540501
27b,214117024918207,production-floor | production-no-floor | raw | shrink,1367252878 | 1728540501 | 1728540501 | 1728540501
27c,214121319884096,production-floor | production-no-floor | raw | shrink,-622492985 | -1273730499 | 2087529319 | -1273730499
27c,214121319884097,production-floor | production-no-floor | raw | shrink,-622492985 | -1273730499 | -1273730499 | -1273730499
27c,214121319884098,production-floor | production-no-floor | raw | shrink,-622492985 | -1273730499 | -1273730499 | -1273730499
27c,214121319884099,production-floor | production-no-floor | raw | shrink,-622492985 | -1273730499 | 2087529319 | -1273730499
27c,214121319884100,production-floor | production-no-floor | raw | shrink,-622492985 | -1273730499 | 2087529319 | -1273730499
27c,214121319884101,production-floor | production-no-floor | raw | shrink,-622492985 | -1273730499 | -496094261 | -1273730499
27c,214121319884102,production-floor | production-no-floor | raw | shrink,-622492985 | -1273730499 | -1273730499 | -1273730499
27c,214121319884103,production-floor | production-no-floor | raw | shrink,-622492985 | -1273730499 | -1273730499 | -1273730499
27c,214121319884104,production-floor | production-no-floor | raw | shrink,-622492985 | -1273730499 | 2087529319 | -1273730499
27c,214121319884105,production-floor | production-no-floor | raw | shrink,-622492985 | -1273730499 | -1273730499 | -1273730499
27c,214121319884106,production-floor | production-no-floor | raw | shrink,-622492985 | -1273730499 | 2087529319 | -1273730499
27c,214121319884107,production-floor | production-no-floor | raw | shrink,-622492985 | -1273730499 | 2087529319 | -1273730499
27c,214121319884108,production-floor | production-no-floor | raw | shrink,-622492985 | -1273730499 | 2087529319 | -1273730499
27c,214121319884109,production-floor | production-no-floor | raw | shrink,-622492985 | -1273730499 | 2087529319 | -1273730499
27c,214121319884110,production-floor | production-no-floor | raw | shrink,-622492985 | -1273730499 | -1273730499 | -1273730499
27c,214121319884111,production-floor | production-no-floor | raw | shrink,-622492985 | -1273730499 | 2087529319 | -1273730499
27c,214121319884112,production-floor | production-no-floor | raw | shrink,-622492985 | -1273730499 | -1273730499 | -1273730499
27c,214121319884113,production-floor | production-no-floor | raw | shrink,-622492985 | -1273730499 | 2087529319 | -1273730499
27c,214121319884114,production-floor | production-no-floor | raw | shrink,-622492985 | -1273730499 | -1273730499 | -1273730499
27c,214121319884115,production-floor | production-no-floor | raw | shrink,-622492985 | -1273730499 | -496094261 | -1273730499
27c,214121319884116,production-floor | production-no-floor | raw | shrink,-622492985 | -1273730499 | -1273730499 | -1273730499
27c,214121319884117,production-floor | production-no-floor | raw | shrink,-622492985 | -1273730499 | -1273730499 | -1273730499
27c,214121319884118,production-floor | production-no-floor | raw | shrink,-622492985 | -1273730499 | 2087529319 | -1273730499
27c,214121319884119,production-floor | production-no-floor | raw | shrink,-622492985 | -1273730499 | -1273730499 | -1273730499
27c,214121319884120,production-floor | production-no-floor | raw | shrink,-622492985 | -1273730499 | 2087529319 | -1273730499
27c,214121319884121,production-floor | production-no-floor | raw | shrink,-622492985 | -1273730499 | 2087529319 | -1273730499
27c,214121319884122,production-floor | production-no-floor | raw | shrink,-622492985 | -1273730499 | 2087529319 | -1273730499
27c,214121319884123,production-floor | production-no-floor | raw | shrink,-622492985 | -1273730499 | 2087529319 | -1273730499
27c,214121319884124,production-floor | production-no-floor | raw | shrink,-622492985 | -1273730499 | 2087529319 | -1273730499
27c,214121319884125,production-floor | production-no-floor | raw | shrink,-622492985 | -1273730499 | -1273730499 | -1273730499
27c,214121319884126,production-floor | production-no-floor | raw | shrink,-622492985 | -1273730499 | -1273730499 | -1273730499
27c,214121319884127,production-floor | production-no-floor | raw | shrink,-622492985 | -1273730499 | -496094261 | -1273730499
27c,214121319884128,production-floor | production-no-floor | raw | shrink,-622492985 | -1273730499 | 2087529319 | -1273730499
27c,214121319884129,production-floor | production-no-floor | raw | shrink,-622492985 | -1273730499 | 2087529319 | -1273730499
27c,214121319884130,production-floor | production-no-floor | raw | shrink,-622492985 | -1273730499 | -496094261 | -1273730499
27c,214121319884131,production-floor | production-no-floor | raw | shrink,-622492985 | -1273730499 | 2087529319 | -1273730499
27c,214121319884132,production-floor | production-no-floor | raw | shrink,-622492985 | -1273730499 | -1273730499 | -1273730499
27c,214121319884133,production-floor | production-no-floor | raw | shrink,-622492985 | -1273730499 | -1273730499 | -1273730499
27c,214121319884134,production-floor | production-no-floor | raw | shrink,-622492985 | -1273730499 | -496094261 | -1273730499
27c,214121319884135,production-floor | production-no-floor | raw | shrink,-622492985 | -1273730499 | -1273730499 | -1273730499
27c,214121319884136,production-floor | production-no-floor | raw | shrink,-622492985 | -1273730499 | -496094261 | -1273730499
27c,214121319884137,production-floor | production-no-floor | raw | shrink,-622492985 | -1273730499 | 2087529319 | -1273730499
27c,214121319884138,production-floor | production-no-floor | raw | shrink,-622492985 | -1273730499 | 2087529319 | -1273730499
27c,214121319884139,production-floor | production-no-floor | raw | shrink,-622492985 | -1273730499 | 2087529319 | -1273730499
27c,214121319884140,production-floor | production-no-floor | raw | shrink,-622492985 | -1273730499 | 2087529319 | -1273730499
27c,214121319884141,production-floor | production-no-floor | raw | shrink,-622492985 | -1273730499 | 2087529319 | -1273730499
27c,214121319884142,production-floor | production-no-floor | raw | shrink,-622492985 | -1273730499 | -1273730499 | -1273730499
27c,214121319884143,production-floor | production-no-floor | raw | shrink,-622492985 | -1093302568 | 2087529319 | -1093302568
27c,214121319884144,production-floor | production-no-floor | raw | shrink,-622492985 | -1273730499 | 2087529319 | -1273730499
27c,214121319884145,production-floor | production-no-floor | raw | shrink,-622492985 | -1273730499 | 2087529319 | -1273730499
27c,214121319884146,production-floor | production-no-floor | raw | shrink,-622492985 | -1273730499 | 2087529319 | -1273730499
27c,214121319884147,production-floor | production-no-floor | raw | shrink,-622492985 | -1273730499 | 2087529319 | -1273730499
27c,214121319884148,production-floor | production-no-floor | raw | shrink,-622492985 | -1273730499 | -1273730499 | -1273730499
27c,214121319884149,production-floor | production-no-floor | raw | shrink,-622492985 | -1273730499 | -1273730499 | -1273730499
27c,214121319884150,production-floor | production-no-floor | raw | shrink,-622492985 | -1273730499 | 2087529319 | -1273730499
27c,214121319884151,production-floor | production-no-floor | raw | shrink,-622492985 | -1273730499 | 2087529319 | -1273730499
27c,214121319884152,production-floor | production-no-floor | raw | shrink,-622492985 | -1273730499 | 2087529319 | -1273730499
27c,214121319884153,production-floor | production-no-floor | raw | shrink,-622492985 | -1273730499 | -1273730499 | -1273730499
27c,214121319884154,production-floor | production-no-floor | raw | shrink,-622492985 | -1273730499 | 2087529319 | -1273730499
27c,214121319884155,production-floor | production-no-floor | raw | shrink,-622492985 | -1273730499 | 2087529319 | -1273730499
27c,214121319884156,production-floor | production-no-floor | raw | shrink,-622492985 | -1273730499 | 2087529319 | -1273730499
27c,214121319884157,production-floor | production-no-floor | raw | shrink,-622492985 | -1273730499 | -496094261 | -1273730499
27c,214121319884159,production-floor | production-no-floor | raw | shrink,-622492985 | -1273730499 | 2087529319 | -1273730499
27c,214121319885466,production-floor | production-no-floor | raw | shrink,-622492985 | -1273730499 | -496094261 | -1273730499
27c,214121319885468,production-floor | production-no-floor | raw | shrink,-622492985 | -1273730499 | -1273730499 | -1273730499
27c,214121319885469,production-floor | production-no-floor | raw | shrink,-622492985 | -1273730499 | 2087529319 | -1273730499
27c,214121319885470,production-floor | production-no-floor | raw | shrink,-622492985 | -1273730499 | -1273730499 | -1273730499
27c,214121319885471,production-floor | production-no-floor | raw | shrink,-622492985 | -1273730499 | 2087529319 | -1273730499
27c,214121319885472,production-floor | production-no-floor | raw | shrink,-622492985 | -1273730499 | 2087529319 | -1273730499
27c,214121319885473,production-floor | production-no-floor | raw | shrink,-622492985 | -1273730499 | -1273730499 | -1273730499
27c,214121319885474,production-floor | production-no-floor | raw | shrink,-622492985 | -1273730499 | -1273730499 | -1273730499
27c,214121319885475,production-floor | production-no-floor | raw | shrink,-622492985 | -1273730499 | 2087529319 | -1273730499
27c,214121319885476,production-floor | production-no-floor | raw | shrink,-622492985 | -1273730499 | -1273730499 | -1273730499
27c,214121319885477,production-floor | production-no-floor | raw | shrink,-622492985 | -1273730499 | 2087529319 | -1273730499
27c,214121319885478,production-floor | production-no-floor | raw | shrink,-622492985 | -1273730499 | 2087529319 | -1273730499
27c,214121319885479,production-floor | production-no-floor | raw | shrink,-622492985 | -1273730499 | -1273730499 | -1273730499
27c,214121319885480,production-floor | production-no-floor | raw | shrink,-622492985 | -1273730499 | 2087529319 | -1273730499
27c,214121319885481,production-floor | production-no-floor | raw | shrink,-622492985 | -1273730499 | -496094261 | -1273730499
27c,214121319885482,production-floor | production-no-floor | raw | shrink,-622492985 | -1273730499 | -1273730499 | -1273730499
27c,214121319885483,production-floor | production-no-floor | raw | shrink,-622492985 | -1273730499 | 2087529319 | -1273730499
27c,214121319885484,production-floor | production-no-floor | raw | shrink,-622492985 | -1273730499 | -1273730499 | -1273730499
27c,214121319885485,production-floor | production-no-floor | raw | shrink,1755181686 | -1273730499 | -1273730499 | -1273730499
27c,214121319885486,production-floor | production-no-floor | raw | shrink,-622492985 | -1273730499 | -1273730499 | -1273730499
27c,214121319885487,production-floor | production-no-floor | raw | shrink,-622492985 | -1273730499 | -1273730499 | -1273730499
27c,214121319885488,production-floor | production-no-floor | raw | shrink,-622492985 | -1273730499 | -1273730499 | -1273730499
27c,214121319885489,production-floor | production-no-floor | raw | shrink,-622492985 | -1273730499 | 2087529319 | -1273730499
27c,214121319885490,production-floor | production-no-floor | raw | shrink,-622492985 | -1273730499 | 2087529319 | -1273730499
27c,214121319885491,production-floor | production-no-floor | raw | shrink,-622492985 | -1273730499 | -1273730499 | -1273730499
27c,214121319885492,production-floor | production-no-floor | raw | shrink,-622492985 | -1273730499 | -496094261 | -1273730499
27c,214121319885493,production-floor | production-no-floor | raw | shrink,-622492985 | -1273730499 | -496094261 | -1273730499
27c,214121319885494,production-floor | production-no-floor | raw | shrink,-622492985 | -1273730499 | 2087529319 | -1273730499
27c,214121319885495,production-floor | production-no-floor | raw | shrink,-622492985 | -1273730499 | -1273730499 | -1273730499
27c,214121319885496,production-floor | production-no-floor | raw | shrink,-622492985 | -1273730499 | -1273730499 | -1273730499
27c,214121319885497,production-floor | production-no-floor | raw | shrink,-622492985 | -1273730499 | 2087529319 | -1273730499
27c,214121319885498,production-floor | production-no-floor | raw | shrink,-622492985 | -1273730499 | 2087529319 | -1273730499
27c,214121319885499,production-floor | production-no-floor | raw | shrink,-622492985 | -1273730499 | 2087529319 | -1273730499
27c,214121319885500,production-floor | production-no-floor | raw | shrink,-622492985 | -1273730499 | 2087529319 | -1273730499
27c,214121319885501,production-floor | production-no-floor | raw | shrink,-622492985 | -1273730499 | 2087529319 | -1273730499
27c,214121319885502,production-floor | production-no-floor | raw | shrink,-622492985 | -1273730499 | -496094261 | -1273730499
27c,214121319885503,production-floor | production-no-floor | raw | shrink,-622492985 | -1273730499 | 2087529319 | -1273730499
28a,214245873935616,production-floor | production-no-floor | raw | shrink,-1614013504 | -351635764 | 96586315 | -351635764
28a,214245873935617,production-floor | production-no-floor | raw | shrink,-1614013504 | -1129740832 | 96586315 | -1129740832
28a,214245873935618,production-floor | production-no-floor | raw | shrink,-1614013504 | -351635764 | 96586315 | -351635764
28a,214245873935619,production-floor | production-no-floor | raw | shrink,-1614013504 | -1129740832 | 96586315 | -1129740832
28a,214245873935620,production-floor | production-no-floor | raw | shrink,-1614013504 | -937872645 | 96586315 | -937872645
28a,214245873935621,production-floor | production-no-floor | raw | shrink,-1614013504 | -937872645 | 96586315 | -937872645
28a,214245873935622,production-floor | production-no-floor | raw | shrink,-1614013504 | -351635764 | 96586315 | -351635764
28a,214245873935623,production-floor | production-no-floor | raw | shrink,-1614013504 | -937872645 | 96586315 | -937872645
28a,214245873935624,production-floor | production-no-floor | raw | shrink,-1614013504 | -351635764 | 96586315 | -351635764
28a,214245873935625,production-floor | production-no-floor | raw | shrink,-1614013504 | -530087754 | 96586315 | -530087754
28a,214245873935626,production-floor | production-no-floor | raw | shrink,-1614013504 | -1129740832 | 96586315 | -1129740832
28a,214245873935627,production-floor | production-no-floor | raw | shrink,-1614013504 | -351635764 | 96586315 | -351635764
28a,214245873935628,production-floor | production-no-floor | raw | shrink,-1614013504 | -937872645 | 96586315 | -937872645
28a,214245873935629,production-floor | production-no-floor | raw | shrink,-1614013504 | -351635764 | 96586315 | -351635764
28a,214245873935630,production-floor | production-no-floor | raw | shrink,-1614013504 | -937872645 | 96586315 | -937872645
28a,214245873935631,production-floor | production-no-floor | raw | shrink,-1614013504 | -937872645 | 96586315 | -937872645
28a,214245873935632,production-floor | production-no-floor | raw | shrink,-1614013504 | -351635764 | 96586315 | -351635764
28a,214245873935633,production-floor | production-no-floor | raw | shrink,-1614013504 | -351635764 | 96586315 | -351635764
28a,214245873935634,production-floor | production-no-floor | raw | shrink,-1614013504 | -937872645 | 96586315 | -937872645
28a,214245873935635,production-floor | production-no-floor | raw | shrink,-1614013504 | -937872645 | 96586315 | -937872645
28a,214245873935636,production-floor | production-no-floor | raw | shrink,-1614013504 | -351635764 | 96586315 | -351635764
28a,214245873935637,production-floor | production-no-floor | raw | shrink,-1614013504 | -351635764 | 96586315 | -351635764
28a,214245873935638,production-floor | production-no-floor | raw | shrink,-1614013504 | -530087754 | 96586315 | -530087754
28a,214245873935639,production-floor | production-no-floor | raw | shrink,-1614013504 | -937872645 | 96586315 | -937872645
28a,214245873935640,production-floor | production-no-floor | raw | shrink,-1614013504 | -937872645 | 96586315 | -937872645
28a,214245873935641,production-floor | production-no-floor | raw | shrink,-1614013504 | -937872645 | 96586315 | -937872645
28a,214245873935642,production-floor | production-no-floor | raw | shrink,-1614013504 | -1129740832 | 96586315 | -1129740832
28a,214245873935644,production-floor | production-no-floor | raw | shrink,-1614013504 | -1129740832 | 96586315 | -1129740832
28a,214245873935645,production-floor | production-no-floor | raw | shrink,-1614013504 | -937872645 | 96586315 | -937872645
28a,214245873935646,production-floor | production-no-floor | raw | shrink,-1614013504 | -351635764 | 96586315 | -351635764
28a,214245873935647,production-floor | production-no-floor | raw | shrink,-1614013504 | -351635764 | 96586315 | -351635764
28a,214245873935648,production-floor | production-no-floor | raw | shrink,-1614013504 | -937872645 | 96586315 | -937872645
28a,214245873935649,production-floor | production-no-floor | raw | shrink,-1614013504 | -937872645 | 96586315 | -937872645
28a,214245873935650,production-floor | production-no-floor | raw | shrink,-1614013504 | -937872645 | 96586315 | -937872645
28a,214245873935651,production-floor | production-no-floor | raw | shrink,-1614013504 | -937872645 | 96586315 | -937872645
28a,214245873935652,production-floor | production-no-floor | raw | shrink,-1614013504 | -937872645 | 96586315 | -937872645
28a,214245873935653,production-floor | production-no-floor | raw | shrink,-1614013504 | -937872645 | 96586315 | -937872645
28a,214245873935654,production-floor | production-no-floor | raw | shrink,-1614013504 | -937872645 | 96586315 | -937872645
28a,214245873935655,production-floor | production-no-floor | raw | shrink,-1614013504 | -937872645 | 96586315 | -937872645
28a,214245873935656,production-floor | production-no-floor | raw | shrink,-1614013504 | -937872645 | 96586315 | -937872645
28a,214245873935657,production-floor | production-no-floor | raw | shrink,-1614013504 | -937872645 | 96586315 | -937872645
28a,214245873935658,production-floor | production-no-floor | raw | shrink,-1614013504 | -1129740832 | 96586315 | -1129740832
28a,214245873935659,production-floor | production-no-floor | raw | shrink,-1614013504 | -937872645 | 96586315 | -937872645
28a,214245873935660,production-floor | production-no-floor | raw | shrink,-1614013504 | -1129740832 | 96586315 | -1129740832
28a,214245873935661,production-floor | production-no-floor | raw | shrink,-1614013504 | -351635764 | 96586315 | -351635764
28a,214245873935662,production-floor | production-no-floor | raw | shrink,-1614013504 | -937872645 | 96586315 | -937872645
28a,214245873935663,production-floor | production-no-floor | raw | shrink,-1614013504 | -351635764 | 96586315 | -351635764
28a,214245873935664,production-floor | production-no-floor | raw | shrink,-1614013504 | -351635764 | 96586315 | -351635764
28a,214245873935665,production-floor | production-no-floor | raw | shrink,-1614013504 | -937872645 | 96586315 | -937872645
28a,214245873935666,production-floor | production-no-floor | raw | shrink,-1614013504 | -937872645 | 96586315 | -937872645
28a,214245873935667,production-floor | production-no-floor | raw | shrink,-1614013504 | -1129740832 | 96586315 | -1129740832
28a,214245873935668,production-floor | production-no-floor | raw | shrink,-1614013504 | -937872645 | 96586315 | -937872645
28a,214245873935669,production-floor | production-no-floor | raw | shrink,-1614013504 | -937872645 | 96586315 | -937872645
28a,214245873935670,production-floor | production-no-floor | raw | shrink,-1614013504 | -1129740832 | 96586315 | -1129740832
28a,214245873935671,production-floor | production-no-floor | raw | shrink,-1614013504 | -351635764 | 96586315 | -351635764
28a,214245873935672,production-floor | production-no-floor | raw | shrink,-1614013504 | -937872645 | 96586315 | -937872645
28a,214245873935673,production-floor | production-no-floor | raw | shrink,-1614013504 | -351635764 | 96586315 | -351635764
28a,214245873935674,production-floor | production-no-floor | raw | shrink,-1614013504 | -937872645 | 96586315 | -937872645
28a,214245873935675,production-floor | production-no-floor | raw | shrink,-1614013504 | -937872645 | 96586315 | -937872645
28a,214245873935676,production-floor | production-no-floor | raw | shrink,-1614013504 | -937872645 | 96586315 | -937872645
28a,214245873935677,production-floor | production-no-floor | raw | shrink,-1614013504 | -937872645 | 96586315 | -937872645
28a,214245873935678,production-floor | production-no-floor | raw | shrink,-1614013504 | -937872645 | 96586315 | -937872645
28a,214245873935679,production-floor | production-no-floor | raw | shrink,-1614013504 | -937872645 | 96586315 | -937872645
28a,214245873937088,production-floor | production-no-floor | raw | shrink,-1614013504 | -937872645 | -641950978 | -937872645
28a,214245873937089,production-floor | production-no-floor | raw | shrink,-1614013504 | -937872645 | 96586315 | -937872645
28a,214245873937090,production-floor | production-no-floor | raw | shrink,-1614013504 | -937872645 | 96586315 | -937872645
28a,214245873937091,production-floor | production-no-floor | raw | shrink,-1614013504 | -1129740832 | 96586315 | -1129740832
28a,214245873937092,production-floor | production-no-floor | raw | shrink,-1614013504 | -937872645 | 96586315 | -937872645
28a,214245873937093,production-floor | production-no-floor | raw | shrink,-1614013504 | -1129740832 | 96586315 | -1129740832
28a,214245873937094,production-floor | production-no-floor | raw | shrink,-1614013504 | -351635764 | 96586315 | -351635764
28a,214245873937095,production-floor | production-no-floor | raw | shrink,-1614013504 | -937872645 | 96586315 | -937872645
28a,214245873937096,production-floor | production-no-floor | raw | shrink,-1614013504 | -351635764 | 96586315 | -351635764
28a,214245873937097,production-floor | production-no-floor | raw | shrink,-1614013504 | -937872645 | 96586315 | -937872645
28a,214245873937098,production-floor | production-no-floor | raw | shrink,-1614013504 | -937872645 | 96586315 | -937872645
28a,214245873937099,production-floor | production-no-floor | raw | shrink,-1614013504 | -351635764 | 96586315 | -351635764
28a,214245873937100,production-floor | production-no-floor | raw | shrink,-1614013504 | -1129740832 | 96586315 | -1129740832
28a,214245873937101,production-floor | production-no-floor | raw | shrink,-1614013504 | -351635764 | 96586315 | -351635764
28a,214245873937102,production-floor | production-no-floor | raw | shrink,-1614013504 | -937872645 | 96586315 | -937872645
28a,214245873937103,production-floor | production-no-floor | raw | shrink,-1614013504 | -937872645 | 96586315 | -937872645
28a,214245873937104,production-floor | production-no-floor | raw | shrink,-1614013504 | -937872645 | 96586315 | -937872645
28a,214245873937105,production-floor | production-no-floor | raw | shrink,-1614013504 | -937872645 | 96586315 | -937872645
28a,214245873937106,production-floor | production-no-floor | raw | shrink,-1614013504 | -1129740832 | 96586315 | -1129740832
28a,214245873937107,production-floor | production-no-floor | raw | shrink,-1614013504 | -351635764 | 96586315 | -351635764
28a,214245873937108,production-floor | production-no-floor | raw | shrink,-1614013504 | -937872645 | 96586315 | -937872645
28a,214245873937109,production-floor | production-no-floor | raw | shrink,-1614013504 | -937872645 | 96586315 | -937872645
28a,214245873937110,production-floor | production-no-floor | raw | shrink,-1614013504 | -1129740832 | 96586315 | -1129740832
28a,214245873937111,production-floor | production-no-floor | raw | shrink,-1614013504 | -937872645 | 96586315 | -937872645
28a,214245873937112,production-floor | production-no-floor | raw | shrink,-1614013504 | -351635764 | 96586315 | -351635764
28a,214245873937113,production-floor | production-no-floor | raw | shrink,-1614013504 | -351635764 | 96586315 | -351635764
28a,214245873937114,production-floor | production-no-floor | raw | shrink,-1614013504 | -1129740832 | 96586315 | -1129740832
28a,214245873937115,production-floor | production-no-floor | raw | shrink,-1614013504 | -1129740832 | 96586315 | -1129740832
28a,214245873937116,production-floor | production-no-floor | raw | shrink,-1614013504 | -1129740832 | 96586315 | -1129740832
28a,214245873937117,production-floor | production-no-floor | raw | shrink,-1614013504 | -937872645 | 96586315 | -937872645
28a,214245873937118,production-floor | production-no-floor | raw | shrink,-1614013504 | -1129740832 | 96586315 | -1129740832
28a,214245873937119,production-floor | production-no-floor | raw | shrink,-1614013504 | -351635764 | 96586315 | -351635764
28a,214245873937144,production-floor | production-no-floor | raw | shrink,-1614013504 | -1129740832 | 96586315 | -1129740832
28a,214245873937145,production-floor | production-no-floor | raw | shrink,-1614013504 | -937872645 | 96586315 | -937872645
28a,214245873937146,production-floor | production-no-floor | raw | shrink,-1614013504 | -937872645 | 96586315 | -937872645
28a,214245873937147,production-floor | production-no-floor | raw | shrink,-1614013504 | -351635764 | 96586315 | -351635764
28a,214245873937151,production-floor | production-no-floor | raw | shrink,-1614013504 | -1129740832 | 96586315 | -1129740832
28b,214250168902912,production-floor | production-no-floor | raw | shrink,-1614013504 | -2038163606 | 1300118193 | -2038163606
28b,214250168902913,production-floor | production-no-floor | raw | shrink,-1614013504 | -461396360 | 1300118193 | -461396360
28b,214250168902914,production-floor | production-no-floor | raw | shrink,-1614013504 | -461396360 | 1300118193 | -461396360
28b,214250168902915,production-floor | production-no-floor | raw | shrink,-1614013504 | -461396360 | 1300118193 | -461396360
28b,214250168902916,production-floor | production-no-floor | raw | shrink,-1614013504 | -2038163606 | 1300118193 | -2038163606
28b,214250168902917,production-floor | production-no-floor | raw | shrink,-1614013504 | -2038163606 | 1300118193 | -2038163606
28b,214250168902918,production-floor | production-no-floor | raw | shrink,-1614013504 | -461396360 | 1300118193 | -461396360
28b,214250168902919,production-floor | production-no-floor | raw | shrink,-1614013504 | -2038163606 | 1300118193 | -2038163606
28b,214250168902920,production-floor | production-no-floor | raw | shrink,-1614013504 | -2038163606 | 1300118193 | -2038163606
28b,214250168902921,production-floor | production-no-floor | raw | shrink,-1614013504 | -2038163606 | 1300118193 | -2038163606
28b,214250168902922,production-floor | production-no-floor | raw | shrink,-1614013504 | -2038163606 | 1300118193 | -2038163606
28b,214250168902923,production-floor | production-no-floor | raw | shrink,-1614013504 | -2038163606 | 1300118193 | -2038163606
28b,214250168902924,production-floor | production-no-floor | raw | shrink,-1614013504 | -461396360 | 1300118193 | -461396360
28b,214250168902925,production-floor | production-no-floor | raw | shrink,-1614013504 | -2038163606 | 1300118193 | -2038163606
28b,214250168902926,production-floor | production-no-floor | raw | shrink,-1614013504 | -2038163606 | 1300118193 | -2038163606
28b,214250168902927,production-floor | production-no-floor | raw | shrink,-1614013504 | -2038163606 | 1300118193 | -2038163606
28b,214250168902928,production-floor | production-no-floor | raw | shrink,-1614013504 | -461396360 | 1300118193 | -461396360
28b,214250168902929,production-floor | production-no-floor | raw | shrink,-1614013504 | -461396360 | 1300118193 | -461396360
28b,214250168902930,production-floor | production-no-floor | raw | shrink,-1614013504 | -2038163606 | 1300118193 | -2038163606
28b,214250168902931,production-floor | production-no-floor | raw | shrink,-1614013504 | -461396360 | 1300118193 | -461396360
28b,214250168902932,production-floor | production-no-floor | raw | shrink,-1614013504 | -2038163606 | 1300118193 | -2038163606
28b,214250168902933,production-floor | production-no-floor | raw | shrink,-1614013504 | -2038163606 | 1300118193 | -2038163606
28b,214250168902934,production-floor | production-no-floor | raw | shrink,-1614013504 | -461396360 | 1300118193 | -461396360
28b,214250168902935,production-floor | production-no-floor | raw | shrink,-1614013504 | -2038163606 | 1300118193 | -2038163606
28b,214250168902936,production-floor | production-no-floor | raw | shrink,-1614013504 | -2038163606 | 1300118193 | -2038163606
28b,214250168902937,production-floor | production-no-floor | raw | shrink,-1614013504 | -2038163606 | 1300118193 | -2038163606
28b,214250168902938,production-floor | production-no-floor | raw | shrink,-1614013504 | -2038163606 | 1300118193 | -2038163606
28b,214250168902939,production-floor | production-no-floor | raw | shrink,-1614013504 | -2038163606 | 1300118193 | -2038163606
28b,214250168902941,production-floor | production-no-floor | raw | shrink,-1614013504 | -461396360 | 1300118193 | -461396360
28b,214250168902942,production-floor | production-no-floor | raw | shrink,-1614013504 | -461396360 | 1300118193 | -461396360
28b,214250168902943,production-floor | production-no-floor | raw | shrink,-1614013504 | -2038163606 | 1300118193 | -2038163606
28b,214250168902944,production-floor | production-no-floor | raw | shrink,-1614013504 | -2038163606 | 1300118193 | -2038163606
28b,214250168902945,production-floor | production-no-floor | raw | shrink,-1614013504 | -461396360 | 1300118193 | -461396360
28b,214250168902946,production-floor | production-no-floor | raw | shrink,-1614013504 | -2038163606 | 1300118193 | -2038163606
28b,214250168902947,production-floor | production-no-floor | raw | shrink,-1614013504 | -2038163606 | 1300118193 | -2038163606
28b,214250168902948,production-floor | production-no-floor | raw | shrink,-1614013504 | -2038163606 | 1300118193 | -2038163606
28b,214250168902949,production-floor | production-no-floor | raw | shrink,-1614013504 | -2038163606 | 1300118193 | -2038163606
28b,214250168902950,production-floor | production-no-floor | raw | shrink,-1614013504 | -2038163606 | 1300118193 | -2038163606
28b,214250168902951,production-floor | production-no-floor | raw | shrink,-1614013504 | -2038163606 | 1300118193 | -2038163606
28b,214250168902952,production-floor | production-no-floor | raw | shrink,-1614013504 | -461396360 | 1300118193 | -461396360
28b,214250168902953,production-floor | production-no-floor | raw | shrink,-1614013504 | -461396360 | 1300118193 | -461396360
28b,214250168902954,production-floor | production-no-floor | raw | shrink,-1614013504 | -2038163606 | 1300118193 | -2038163606
28b,214250168902955,production-floor | production-no-floor | raw | shrink,-1614013504 | -2038163606 | 1300118193 | -2038163606
28b,214250168902956,production-floor | production-no-floor | raw | shrink,-1614013504 | -2038163606 | 1300118193 | -2038163606
28b,214250168902957,production-floor | production-no-floor | raw | shrink,-1614013504 | -461396360 | 1300118193 | -461396360
28b,214250168902958,production-floor | production-no-floor | raw | shrink,-1614013504 | -2038163606 | 1300118193 | -2038163606
28b,214250168902959,production-floor | production-no-floor | raw | shrink,-1614013504 | -2038163606 | 1300118193 | -2038163606
28b,214250168902960,production-floor | production-no-floor | raw | shrink,-1614013504 | -461396360 | 1300118193 | -461396360
28b,214250168902961,production-floor | production-no-floor | raw | shrink,-1614013504 | -2038163606 | 1300118193 | -2038163606
28b,214250168902962,production-floor | production-no-floor | raw | shrink,-1614013504 | -461396360 | 1300118193 | -461396360
28b,214250168902963,production-floor | production-no-floor | raw | shrink,-1614013504 | -2038163606 | 1300118193 | -2038163606
28b,214250168902964,production-floor | production-no-floor | raw | shrink,-1614013504 | -2038163606 | 1300118193 | -2038163606
28b,214250168902965,production-floor | production-no-floor | raw | shrink,-1614013504 | -461396360 | 1300118193 | -461396360
28b,214250168902966,production-floor | production-no-floor | raw | shrink,-1614013504 | -2038163606 | 1300118193 | -2038163606
28b,214250168902967,production-floor | production-no-floor | raw | shrink,-1614013504 | -2038163606 | 1300118193 | -2038163606
28b,214250168902968,production-floor | production-no-floor | raw | shrink,-1614013504 | -461396360 | 1300118193 | -461396360
28b,214250168902969,production-floor | production-no-floor | raw | shrink,-1614013504 | -2038163606 | 1300118193 | -2038163606
28b,214250168902970,production-floor | production-no-floor | raw | shrink,-1614013504 | -461396360 | 1300118193 | -461396360
28b,214250168902971,production-floor | production-no-floor | raw | shrink,-1614013504 | -461396360 | 1300118193 | -461396360
28b,214250168902972,production-floor | production-no-floor | raw | shrink,-1614013504 | -2038163606 | 1300118193 | -2038163606
28b,214250168902973,production-floor | production-no-floor | raw | shrink,-1614013504 | -2038163606 | 1300118193 | -2038163606
28b,214250168902974,production-floor | production-no-floor | raw | shrink,-1614013504 | -461396360 | 1300118193 | -461396360
28b,214250168902975,production-floor | production-no-floor | raw | shrink,-1614013504 | -2038163606 | 1300118193 | -2038163606
28b,214250168904384,production-floor | production-no-floor | raw | shrink,-1614013504 | -461396360 | 1300118193 | -461396360
28b,214250168904385,production-floor | production-no-floor | raw | shrink,-1614013504 | -461396360 | 1300118193 | -461396360
28b,214250168904386,production-floor | production-no-floor | raw | shrink,-1614013504 | -2038163606 | 1300118193 | -2038163606
28b,214250168904387,production-floor | production-no-floor | raw | shrink,-1614013504 | -461396360 | 1300118193 | -461396360
28b,214250168904388,production-floor | production-no-floor | raw | shrink,-1614013504 | -2038163606 | 1300118193 | -2038163606
28b,214250168904389,production-floor | production-no-floor | raw | shrink,-1614013504 | -2038163606 | 1300118193 | -2038163606
28b,214250168904390,production-floor | production-no-floor | raw | shrink,-1614013504 | -461396360 | 1300118193 | -461396360
28b,214250168904391,production-floor | production-no-floor | raw | shrink,-1614013504 | -461396360 | 1300118193 | -461396360
28b,214250168904392,production-floor | production-no-floor | raw | shrink,-1614013504 | -461396360 | 1300118193 | -461396360
28b,214250168904393,production-floor | production-no-floor | raw | shrink,-1614013504 | -2038163606 | 1300118193 | -2038163606
28b,214250168904394,production-floor | production-no-floor | raw | shrink,-1614013504 | -2038163606 | 1300118193 | -2038163606
28b,214250168904395,production-floor | production-no-floor | raw | shrink,-1614013504 | -461396360 | 1300118193 | -461396360
28b,214250168904396,production-floor | production-no-floor | raw | shrink,-1614013504 | -2038163606 | 1300118193 | -2038163606
28b,214250168904397,production-floor | production-no-floor | raw | shrink,-1614013504 | -2038163606 | 1300118193 | -2038163606
28b,214250168904398,production-floor | production-no-floor | raw | shrink,-1614013504 | -2038163606 | 1300118193 | -2038163606
28b,214250168904399,production-floor | production-no-floor | raw | shrink,-1614013504 | -2038163606 | 1300118193 | -2038163606
28b,214250168904400,production-floor | production-no-floor | raw | shrink,-1614013504 | -461396360 | 1300118193 | -461396360
28b,214250168904401,production-floor | production-no-floor | raw | shrink,-1614013504 | -461396360 | 1300118193 | -461396360
28b,214250168904402,production-floor | production-no-floor | raw | shrink,-1614013504 | -2038163606 | 1300118193 | -2038163606
28b,214250168904403,production-floor | production-no-floor | raw | shrink,-1614013504 | -461396360 | 1300118193 | -461396360
28b,214250168904404,production-floor | production-no-floor | raw | shrink,-1614013504 | -2038163606 | 1300118193 | -2038163606
28b,214250168904405,production-floor | production-no-floor | raw | shrink,-1614013504 | -2038163606 | 1300118193 | -2038163606
28b,214250168904406,production-floor | production-no-floor | raw | shrink,-1614013504 | -461396360 | 1300118193 | -461396360
28b,214250168904407,production-floor | production-no-floor | raw | shrink,-1614013504 | -2038163606 | 1300118193 | -2038163606
28b,214250168904408,production-floor | production-no-floor | raw | shrink,-1614013504 | -2038163606 | 1300118193 | -2038163606
28b,214250168904409,production-floor | production-no-floor | raw | shrink,-1614013504 | -2038163606 | 1300118193 | -2038163606
28b,214250168904410,production-floor | production-no-floor | raw | shrink,-1614013504 | -461396360 | 1300118193 | -461396360
28b,214250168904411,production-floor | production-no-floor | raw | shrink,-1614013504 | -461396360 | 1300118193 | -461396360
28b,214250168904412,production-floor | production-no-floor | raw | shrink,-1614013504 | -2038163606 | 1300118193 | -2038163606
28b,214250168904413,production-floor | production-no-floor | raw | shrink,-1614013504 | -2038163606 | 1300118193 | -2038163606
28b,214250168904414,production-floor | production-no-floor | raw | shrink,-1614013504 | -2038163606 | 1300118193 | -2038163606
28b,214250168904415,production-floor | production-no-floor | raw | shrink,-1614013504 | -2038163606 | 1300118193 | -2038163606
28b,214250168904440,production-floor | production-no-floor | raw | shrink,-1614013504 | -461396360 | 1300118193 | -461396360
28b,214250168904444,production-floor | production-no-floor | raw | shrink,-1614013504 | -2038163606 | 1300118193 | -2038163606
28b,214250168904445,production-floor | production-no-floor | raw | shrink,-1614013504 | -2038163606 | 1300118193 | -2038163606
28b,214250168904446,production-floor | production-no-floor | raw | shrink,-1614013504 | -2038163606 | 1300118193 | -2038163606
28b,214250168904447,production-floor | production-no-floor | raw | shrink,-1614013504 | -2038163606 | 1300118193 | -2038163606
28c,214254463870208,production-floor | production-no-floor | raw | shrink,-127293549 | -1613403286 | -1040088321 | -1613403286
28c,214254463870209,production-floor | production-no-floor | raw | shrink,-127293549 | -676166940 | -1040088321 | -676166940
28c,214254463870210,production-floor | production-no-floor | raw | shrink,-127293549 | -1613403286 | -1040088321 | -1613403286
28c,214254463870211,production-floor | production-no-floor | raw | shrink,-127293549 | -676166940 | -1040088321 | -676166940
28c,214254463870212,production-floor | production-no-floor | raw | shrink,-127293549 | -1613403286 | -1040088321 | -1613403286
28c,214254463870213,production-floor | production-no-floor | raw | shrink,-127293549 | -676166940 | -1040088321 | -676166940
28c,214254463870214,production-floor | production-no-floor | raw | shrink,-127293549 | -676166940 | -1040088321 | -676166940
28c,214254463870215,production-floor | production-no-floor | raw | shrink,-127293549 | -676166940 | -1040088321 | -676166940
28c,214254463870216,production-floor | production-no-floor | raw | shrink,-127293549 | 1852837913 | -1040088321 | 1852837913
28c,214254463870217,production-floor | production-no-floor | raw | shrink,-127293549 | -676166940 | -1040088321 | -676166940
28c,214254463870218,production-floor | production-no-floor | raw | shrink,-127293549 | -1613403286 | -1040088321 | -1613403286
28c,214254463870219,production-floor | production-no-floor | raw | shrink,-127293549 | -676166940 | -1040088321 | -676166940
28c,214254463870220,production-floor | production-no-floor | raw | shrink,-127293549 | -676166940 | -1040088321 | -676166940
28c,214254463870221,production-floor | production-no-floor | raw | shrink,-127293549 | -1331141441 | -1040088321 | -1331141441
28c,214254463870222,production-floor | production-no-floor | raw | shrink,-127293549 | -676166940 | -1040088321 | -676166940
28c,214254463870223,production-floor | production-no-floor | raw | shrink,-127293549 | -676166940 | -1040088321 | -676166940
28c,214254463870224,production-floor | production-no-floor | raw | shrink,-127293549 | -1613403286 | -1040088321 | -1613403286
28c,214254463870225,production-floor | production-no-floor | raw | shrink,-127293549 | -676166940 | -1040088321 | -676166940
28c,214254463870226,production-floor | production-no-floor | raw | shrink,-127293549 | -1613403286 | -1040088321 | -1613403286
28c,214254463870227,production-floor | production-no-floor | raw | shrink,-127293549 | -1331141441 | -1040088321 | -1331141441
28c,214254463870228,production-floor | production-no-floor | raw | shrink,-127293549 | -1331141441 | -1040088321 | -1331141441
28c,214254463870229,production-floor | production-no-floor | raw | shrink,-127293549 | -1613403286 | -1040088321 | -1613403286
28c,214254463870230,production-floor | production-no-floor | raw | shrink,-127293549 | -676166940 | -1040088321 | -676166940
28c,214254463870231,production-floor | production-no-floor | raw | shrink,-127293549 | -1613403286 | -1040088321 | -1613403286
28c,214254463870232,production-floor | production-no-floor | raw | shrink,-127293549 | -676166940 | -1040088321 | -676166940
28c,214254463870233,production-floor | production-no-floor | raw | shrink,-127293549 | -1613403286 | -1040088321 | -1613403286
28c,214254463870234,production-floor | production-no-floor | raw | shrink,-127293549 | -1613403286 | -1040088321 | -1613403286
28c,214254463870235,production-floor | production-no-floor | raw | shrink,-127293549 | -1613403286 | -1040088321 | -1613403286
28c,214254463870236,production-floor | production-no-floor | raw | shrink,-127293549 | -1613403286 | -1040088321 | -1613403286
28c,214254463870238,production-floor | production-no-floor | raw | shrink,-127293549 | -1613403286 | -1040088321 | -1613403286
28c,214254463870239,production-floor | production-no-floor | raw | shrink,-127293549 | -676166940 | -1040088321 | -676166940
28c,214254463870240,production-floor | production-no-floor | raw | shrink,-127293549 | -1613403286 | -1040088321 | -1613403286
28c,214254463870241,production-floor | production-no-floor | raw | shrink,-127293549 | -1613403286 | -1040088321 | -1613403286
28c,214254463870242,production-floor | production-no-floor | raw | shrink,-127293549 | -1613403286 | -1040088321 | -1613403286
28c,214254463870243,production-floor | production-no-floor | raw | shrink,-127293549 | -1613403286 | -1040088321 | -1613403286
28c,214254463870244,production-floor | production-no-floor | raw | shrink,-127293549 | -1613403286 | -1040088321 | -1613403286
28c,214254463870245,production-floor | production-no-floor | raw | shrink,-127293549 | -1613403286 | -1040088321 | -1613403286
28c,214254463870246,production-floor | production-no-floor | raw | shrink,-127293549 | -1613403286 | -1040088321 | -1613403286
28c,214254463870247,production-floor | production-no-floor | raw | shrink,-127293549 | -1613403286 | -1040088321 | -1613403286
28c,214254463870248,production-floor | production-no-floor | raw | shrink,-127293549 | -1613403286 | -1040088321 | -1613403286
28c,214254463870249,production-floor | production-no-floor | raw | shrink,-127293549 | -676166940 | -1040088321 | -676166940
28c,214254463870250,production-floor | production-no-floor | raw | shrink,-127293549 | -676166940 | -1040088321 | -676166940
28c,214254463870251,production-floor | production-no-floor | raw | shrink,-127293549 | -1613403286 | -1040088321 | -1613403286
28c,214254463870252,production-floor | production-no-floor | raw | shrink,-127293549 | -1613403286 | -1040088321 | -1613403286
28c,214254463870253,production-floor | production-no-floor | raw | shrink,-127293549 | -1613403286 | -1040088321 | -1613403286
28c,214254463870254,production-floor | production-no-floor | raw | shrink,-127293549 | -1613403286 | -1040088321 | -1613403286
28c,214254463870255,production-floor | production-no-floor | raw | shrink,-127293549 | -1613403286 | -1040088321 | -1613403286
28c,214254463870256,production-floor | production-no-floor | raw | shrink,-127293549 | -676166940 | -1040088321 | -676166940
28c,214254463870257,production-floor | production-no-floor | raw | shrink,-127293549 | -1613403286 | -1040088321 | -1613403286
28c,214254463870258,production-floor | production-no-floor | raw | shrink,-127293549 | -1613403286 | -1040088321 | -1613403286
28c,214254463870259,production-floor | production-no-floor | raw | shrink,-127293549 | -1613403286 | -1040088321 | -1613403286
28c,214254463870260,production-floor | production-no-floor | raw | shrink,-127293549 | -1613403286 | -1040088321 | -1613403286
28c,214254463870261,production-floor | production-no-floor | raw | shrink,-127293549 | -1613403286 | -1040088321 | -1613403286
28c,214254463870262,production-floor | production-no-floor | raw | shrink,-127293549 | -1331141441 | -1040088321 | -1331141441
28c,214254463870263,production-floor | production-no-floor | raw | shrink,-127293549 | -1613403286 | -1040088321 | -1613403286
28c,214254463870264,production-floor | production-no-floor | raw | shrink,-127293549 | -1613403286 | -1040088321 | -1613403286
28c,214254463870265,production-floor | production-no-floor | raw | shrink,-127293549 | -676166940 | -1040088321 | -676166940
28c,214254463870266,production-floor | production-no-floor | raw | shrink,-127293549 | -1613403286 | -1040088321 | -1613403286
28c,214254463870267,production-floor | production-no-floor | raw | shrink,-127293549 | -676166940 | -1040088321 | -676166940
28c,214254463870268,production-floor | production-no-floor | raw | shrink,-127293549 | -1613403286 | -1040088321 | -1613403286
28c,214254463870269,production-floor | production-no-floor | raw | shrink,-127293549 | -676166940 | -1040088321 | -676166940
28c,214254463870270,production-floor | production-no-floor | raw | shrink,-127293549 | -676166940 | -1040088321 | -676166940
28c,214254463870271,production-floor | production-no-floor | raw | shrink,-127293549 | -676166940 | -1040088321 | -676166940
28c,214254463871680,production-floor | production-no-floor | raw | shrink,-127293549 | -1613403286 | -1040088321 | -1613403286
28c,214254463871681,production-floor | production-no-floor | raw | shrink,-127293549 | -1613403286 | -1040088321 | -1613403286
28c,214254463871682,production-floor | production-no-floor | raw | shrink,-127293549 | -1331141441 | -1040088321 | -1331141441
28c,214254463871683,production-floor | production-no-floor | raw | shrink,-127293549 | -1613403286 | -1040088321 | -1613403286
28c,214254463871684,production-floor | production-no-floor | raw | shrink,-127293549 | -1331141441 | -1040088321 | -1331141441
28c,214254463871685,production-floor | production-no-floor | raw | shrink,-127293549 | -1613403286 | -1040088321 | -1613403286
28c,214254463871686,production-floor | production-no-floor | raw | shrink,-127293549 | -1613403286 | -1040088321 | -1613403286
28c,214254463871687,production-floor | production-no-floor | raw | shrink,-127293549 | -1331141441 | -1040088321 | -1331141441
28c,214254463871688,production-floor | production-no-floor | raw | shrink,-127293549 | -676166940 | -1040088321 | -676166940
28c,214254463871689,production-floor | production-no-floor | raw | shrink,-127293549 | -1613403286 | -1040088321 | -1613403286
28c,214254463871690,production-floor | production-no-floor | raw | shrink,-127293549 | -1613403286 | -1040088321 | -1613403286
28c,214254463871691,production-floor | production-no-floor | raw | shrink,-127293549 | -1613403286 | -1040088321 | -1613403286
28c,214254463871692,production-floor | production-no-floor | raw | shrink,-127293549 | -1331141441 | -1040088321 | -1331141441
28c,214254463871693,production-floor | production-no-floor | raw | shrink,-127293549 | -1613403286 | -1040088321 | -1613403286
28c,214254463871694,production-floor | production-no-floor | raw | shrink,-127293549 | -1613403286 | -1040088321 | -1613403286
28c,214254463871695,production-floor | production-no-floor | raw | shrink,-127293549 | -1613403286 | -1040088321 | -1613403286
28c,214254463871696,production-floor | production-no-floor | raw | shrink,-127293549 | -1613403286 | -1040088321 | -1613403286
28c,214254463871697,production-floor | production-no-floor | raw | shrink,-127293549 | -1613403286 | -1040088321 | -1613403286
28c,214254463871698,production-floor | production-no-floor | raw | shrink,-127293549 | -676166940 | -1040088321 | -676166940
28c,214254463871699,production-floor | production-no-floor | raw | shrink,-127293549 | -1613403286 | -1040088321 | -1613403286
28c,214254463871700,production-floor | production-no-floor | raw | shrink,-127293549 | -1613403286 | -1040088321 | -1613403286
28c,214254463871701,production-floor | production-no-floor | raw | shrink,-127293549 | -1613403286 | -1040088321 | -1613403286
28c,214254463871702,production-floor | production-no-floor | raw | shrink,-127293549 | -1613403286 | -1040088321 | -1613403286
28c,214254463871703,production-floor | production-no-floor | raw | shrink,-127293549 | -1331141441 | -1040088321 | -1331141441
28c,214254463871704,production-floor | production-no-floor | raw | shrink,-127293549 | -1613403286 | -1040088321 | -1613403286
28c,214254463871705,production-floor | production-no-floor | raw | shrink,-127293549 | -1613403286 | -1040088321 | -1613403286
28c,214254463871706,production-floor | production-no-floor | raw | shrink,-127293549 | -1613403286 | -1040088321 | -1613403286
28c,214254463871707,production-floor | production-no-floor | raw | shrink,-127293549 | -676166940 | -1040088321 | -676166940
28c,214254463871708,production-floor | production-no-floor | raw | shrink,-127293549 | -1613403286 | -1040088321 | -1613403286
28c,214254463871709,production-floor | production-no-floor | raw | shrink,-127293549 | -1613403286 | -1040088321 | -1613403286
28c,214254463871710,production-floor | production-no-floor | raw | shrink,-127293549 | -1613403286 | -1040088321 | -1613403286
28c,214254463871711,production-floor | production-no-floor | raw | shrink,-127293549 | -676166940 | -1040088321 | -676166940
28c,214254463871737,production-floor | production-no-floor | raw | shrink,-127293549 | -1613403286 | -1040088321 | -1613403286
28c,214254463871740,production-floor | production-no-floor | raw | shrink,-127293549 | -1331141441 | -1040088321 | -1331141441
28c,214254463871741,production-floor | production-no-floor | raw | shrink,-127293549 | -1613403286 | -1040088321 | -1613403286
28c,214254463871742,production-floor | production-no-floor | raw | shrink,-127293549 | -676166940 | -1040088321 | -676166940
28c,214254463871743,production-floor | production-no-floor | raw | shrink,-127293549 | -676166940 | -1040088321 | -676166940
29a,214379017921792,production-floor | production-no-floor | raw | shrink,-858518681 | -858518681 | -1092631929 | -858518681
29a,214379017921793,production-floor | production-no-floor | raw | shrink,-858518681 | -858518681 | -20100233 | -858518681
29a,214379017921794,production-floor | production-no-floor | raw | shrink,-858518681 | -858518681 | 1698827784 | -858518681
29a,214379017921795,production-floor | production-no-floor | raw | shrink,1310082460 | -858518681 | -1339255407 | -858518681
29a,214379017921796,production-floor | production-no-floor | raw | shrink,-858518681 | -858518681 | 2069007779 | -858518681
29a,214379017921797,production-floor | production-no-floor | raw | shrink,-858518681 | -858518681 | -529581098 | -858518681
29a,214379017921798,production-floor | production-no-floor | raw | shrink,-858518681 | -858518681 | 90246412 | -858518681
29a,214379017921799,production-floor | production-no-floor | raw | shrink,-858518681 | -858518681 | -2068277166 | -858518681
29a,214379017921800,production-floor | production-no-floor | raw | shrink,-858518681 | -858518681 | -20100233 | -858518681
29a,214379017921801,production-floor | production-no-floor | raw | shrink,-858518681 | -858518681 | -529581098 | -858518681
29a,214379017921802,production-floor | production-no-floor | raw | shrink,-858518681 | -858518681 | 2069007779 | -858518681
29a,214379017921803,production-floor | production-no-floor | raw | shrink,-858518681 | -858518681 | -20100233 | -858518681
29a,214379017921804,production-floor | production-no-floor | raw | shrink,-858518681 | -858518681 | 90246412 | -858518681
29a,214379017921805,production-floor | production-no-floor | raw | shrink,-858518681 | 898180284 | -1339255407 | 898180284
29a,214379017921806,production-floor | production-no-floor | raw | shrink,-858518681 | 1252656684 | -20100233 | 1252656684
29a,214379017921807,production-floor | production-no-floor | raw | shrink,-858518681 | -858518681 | -20100233 | -858518681
29a,214379017921808,production-floor | production-no-floor | raw | shrink,-858518681 | -858518681 | -1092631929 | -858518681
29a,214379017921809,production-floor | production-no-floor | raw | shrink,-858518681 | -858518681 | -529581098 | -858518681
29a,214379017921810,production-floor | production-no-floor | raw | shrink,-858518681 | -858518681 | 1779844943 | -858518681
29a,214379017921811,production-floor | production-no-floor | raw | shrink,-858518681 | -858518681 | 2031714299 | -858518681
29a,214379017921812,production-floor | production-no-floor | raw | shrink,-858518681 | -858518681 | -529581098 | -858518681
29a,214379017921813,production-floor | production-no-floor | raw | shrink,-858518681 | -1907074882 | -20100233 | -1907074882
29a,214379017921814,production-floor | production-no-floor | raw | shrink,-858518681 | -858518681 | -107667875 | -858518681
29a,214379017921815,production-floor | production-no-floor | raw | shrink,-858518681 | -858518681 | -529581098 | -858518681
29a,214379017921816,production-floor | production-no-floor | raw | shrink,-858518681 | -858518681 | -1092631929 | -858518681
29a,214379017921817,production-floor | production-no-floor | raw | shrink,-858518681 | -858518681 | -20100233 | -858518681
29a,214379017921818,production-floor | production-no-floor | raw | shrink,-858518681 | -858518681 | -20100233 | -858518681
29a,214379017921819,production-floor | production-no-floor | raw | shrink,-858518681 | -858518681 | 2069007779 | -858518681
29a,214379017921820,production-floor | production-no-floor | raw | shrink,898180284 | -1907074882 | -1092631929 | -1907074882
29a,214379017921821,production-floor | production-no-floor | raw | shrink,-858518681 | -858518681 | -20100233 | -858518681
29a,214379017921822,production-floor | production-no-floor | raw | shrink,-858518681 | -858518681 | 1779844943 | -858518681
29a,214379017921823,production-floor | production-no-floor | raw | shrink,-858518681 | -858518681 | -529581098 | -858518681
29a,214379017921824,production-floor | production-no-floor | raw | shrink,-858518681 | -1907074882 | -529581098 | -1907074882
29a,214379017921825,production-floor | production-no-floor | raw | shrink,-858518681 | 898180284 | -1339255407 | 898180284
29a,214379017921826,production-floor | production-no-floor | raw | shrink,898180284 | 1252656684 | 1698827784 | 1252656684
29a,214379017921827,production-floor | production-no-floor | raw | shrink,-858518681 | -858518681 | -2068277166 | -858518681
29a,214379017921828,production-floor | production-no-floor | raw | shrink,-858518681 | -858518681 | -2068277166 | -858518681
29a,214379017921829,production-floor | production-no-floor | raw | shrink,898180284 | 1252656684 | -809758409 | 1252656684
29a,214379017921830,production-floor | production-no-floor | raw | shrink,-858518681 | -858518681 | -20100233 | -858518681
29a,214379017921831,production-floor | production-no-floor | raw | shrink,-858518681 | -1907074882 | -529581098 | -1907074882
29a,214379017921832,production-floor | production-no-floor | raw | shrink,-858518681 | -858518681 | -2068277166 | -858518681
29a,214379017921833,production-floor | production-no-floor | raw | shrink,-858518681 | -858518681 | -20100233 | -858518681
29a,214379017921834,production-floor | production-no-floor | raw | shrink,-858518681 | -858518681 | -20100233 | -858518681
29a,214379017921835,production-floor | production-no-floor | raw | shrink,-858518681 | -858518681 | -529581098 | -858518681
29a,214379017921836,production-floor | production-no-floor | raw | shrink,-858518681 | -858518681 | -1339255407 | -858518681
29a,214379017921837,production-floor | production-no-floor | raw | shrink,-858518681 | -858518681 | -20100233 | -858518681
29a,214379017921838,production-floor | production-no-floor | raw | shrink,-858518681 | -858518681 | -529581098 | -858518681
29a,214379017921839,production-floor | production-no-floor | raw | shrink,-858518681 | -858518681 | 2069007779 | -858518681
29a,214379017921840,production-floor | production-no-floor | raw | shrink,-858518681 | -858518681 | -20100233 | -858518681
29a,214379017921841,production-floor | production-no-floor | raw | shrink,-858518681 | -1457033271 | -529581098 | -1457033271
29a,214379017921842,production-floor | production-no-floor | raw | shrink,-858518681 | -858518681 | -20100233 | -858518681
29a,214379017921843,production-floor | production-no-floor | raw | shrink,-858518681 | -858518681 | -529581098 | -858518681
29a,214379017921844,production-floor | production-no-floor | raw | shrink,-858518681 | -858518681 | 1698827784 | -858518681
29a,214379017921845,production-floor | production-no-floor | raw | shrink,-858518681 | -858518681 | 90246412 | -858518681
29a,214379017921846,production-floor | production-no-floor | raw | shrink,-858518681 | -858518681 | -107667875 | -858518681
29a,214379017921847,production-floor | production-no-floor | raw | shrink,1310082460 | -858518681 | -1567069588 | -858518681
29a,214379017921848,production-floor | production-no-floor | raw | shrink,-858518681 | -858518681 | -1339255407 | -858518681
29a,214379017921849,production-floor | production-no-floor | raw | shrink,-858518681 | -858518681 | -529581098 | -858518681
29a,214379017921851,production-floor | production-no-floor | raw | shrink,-858518681 | -858518681 | -529581098 | -858518681
29a,214379017921852,production-floor | production-no-floor | raw | shrink,-858518681 | -858518681 | -107667875 | -858518681
29a,214379017921853,production-floor | production-no-floor | raw | shrink,-858518681 | -858518681 | -809758409 | -858518681
29a,214379017921854,production-floor | production-no-floor | raw | shrink,-858518681 | -858518681 | -20100233 | -858518681
29a,214379017921855,production-floor | production-no-floor | raw | shrink,-858518681 | -858518681 | -20100233 | -858518681
29a,214379017923288,production-floor | production-no-floor | raw | shrink,1310082460 | -858518681 | -696713909 | -858518681
29a,214379017923289,production-floor | production-no-floor | raw | shrink,-858518681 | -1457033271 | 1698827784 | -1457033271
29a,214379017923290,production-floor | production-no-floor | raw | shrink,-858518681 | -858518681 | 90246412 | -858518681
29a,214379017923291,production-floor | production-no-floor | raw | shrink,-858518681 | -858518681 | -696713909 | -858518681
29a,214379017923294,production-floor | production-no-floor | raw | shrink,-858518681 | -858518681 | -1339255407 | -858518681
29a,214379017923296,production-floor | production-no-floor | raw | shrink,-858518681 | -858518681 | -20100233 | -858518681
29a,214379017923297,production-floor | production-no-floor | raw | shrink,-858518681 | -858518681 | -809758409 | -858518681
29a,214379017923298,production-floor | production-no-floor | raw | shrink,-858518681 | -858518681 | -1339255407 | -858518681
29a,214379017923299,production-floor | production-no-floor | raw | shrink,-858518681 | -858518681 | -1339255407 | -858518681
29a,214379017923300,production-floor | production-no-floor | raw | shrink,-858518681 | -1457033271 | -529581098 | -1457033271
29a,214379017923301,production-floor | production-no-floor | raw | shrink,-858518681 | -858518681 | 2069007779 | -858518681
29a,214379017923302,production-floor | production-no-floor | raw | shrink,-858518681 | -858518681 | -2068277166 | -858518681
29a,214379017923303,production-floor | production-no-floor | raw | shrink,-858518681 | -858518681 | -20100233 | -858518681
29a,214379017923304,production-floor | production-no-floor | raw | shrink,-858518681 | -858518681 | -20100233 | -858518681
29a,214379017923305,production-floor | production-no-floor | raw | shrink,-858518681 | -858518681 | -20100233 | -858518681
29a,214379017923306,production-floor | production-no-floor | raw | shrink,-858518681 | -858518681 | -1092631929 | -858518681
29a,214379017923307,production-floor | production-no-floor | raw | shrink,-858518681 | -858518681 | -20100233 | -858518681
29a,214379017923308,production-floor | production-no-floor | raw | shrink,1310082460 | -858518681 | -696713909 | -858518681
29a,214379017923309,production-floor | production-no-floor | raw | shrink,-858518681 | -858518681 | -529581098 | -858518681
29a,214379017923310,production-floor | production-no-floor | raw | shrink,-858518681 | -858518681 | 1698827784 | -858518681
29a,214379017923311,production-floor | production-no-floor | raw | shrink,-858518681 | -858518681 | -1339255407 | -858518681
29a,214379017923312,production-floor | production-no-floor | raw | shrink,-858518681 | -858518681 | 1698827784 | -858518681
29a,214379017923313,production-floor | production-no-floor | raw | shrink,-858518681 | -858518681 | -2068277166 | -858518681
29a,214379017923314,production-floor | production-no-floor | raw | shrink,-858518681 | -858518681 | -529581098 | -858518681
29a,214379017923315,production-floor | production-no-floor | raw | shrink,1310082460 | -858518681 | -696713909 | -858518681
29a,214379017923316,production-floor | production-no-floor | raw | shrink,-858518681 | -858518681 | 90246412 | -858518681
29a,214379017923317,production-floor | production-no-floor | raw | shrink,-858518681 | -858518681 | -529581098 | -858518681
29a,214379017923318,production-floor | production-no-floor | raw | shrink,-858518681 | -858518681 | -20100233 | -858518681
29a,214379017923319,production-floor | production-no-floor | raw | shrink,-858518681 | -858518681 | -529581098 | -858518681
29a,214379017923320,production-floor | production-no-floor | raw | shrink,-858518681 | -858518681 | -20100233 | -858518681
29a,214379017923321,production-floor | production-no-floor | raw | shrink,-858518681 | -858518681 | -529581098 | -858518681
29a,214379017923322,production-floor | production-no-floor | raw | shrink,898180284 | -1907074882 | -20100233 | -1907074882
29a,214379017923323,production-floor | production-no-floor | raw | shrink,-858518681 | -858518681 | 90246412 | -858518681
29a,214379017923324,production-floor | production-no-floor | raw | shrink,-858518681 | -858518681 | 2069007779 | -858518681
29a,214379017923325,production-floor | production-no-floor | raw | shrink,-858518681 | -858518681 | -2068277166 | -858518681
29a,214379017923326,production-floor | production-no-floor | raw | shrink,-858518681 | -1907074882 | -529581098 | -1907074882
29a,214379017923327,production-floor | production-no-floor | raw | shrink,-858518681 | -858518681 | -529581098 | -858518681
29b,214383312889088,production-floor | production-no-floor | raw | shrink,-665152500 | -665152500 | -290208566 | -665152500
29b,214383312889089,production-floor | production-no-floor | raw | shrink,-665152500 | -665152500 | -1637348541 | -665152500
29b,214383312889090,production-floor | production-no-floor | raw | shrink,-665152500 | -665152500 | -452640197 | -665152500
29b,214383312889091,production-floor | production-no-floor | raw | shrink,-665152500 | -665152500 | -452640197 | -665152500
29b,214383312889092,production-floor | production-no-floor | raw | shrink,-665152500 | -665152500 | -290208566 | -665152500
29b,214383312889093,production-floor | production-no-floor | raw | shrink,-665152500 | -665152500 | -290208566 | -665152500
29b,214383312889094,production-floor | production-no-floor | raw | shrink,-665152500 | -665152500 | -290208566 | -665152500
29b,214383312889095,production-floor | production-no-floor | raw | shrink,-665152500 | -665152500 | -290208566 | -665152500
29b,214383312889096,production-floor | production-no-floor | raw | shrink,-665152500 | -665152500 | -1637348541 | -665152500
29b,214383312889097,production-floor | production-no-floor | raw | shrink,-665152500 | -665152500 | -1637348541 | -665152500
29b,214383312889098,production-floor | production-no-floor | raw | shrink,-665152500 | -665152500 | -290208566 | -665152500
29b,214383312889099,production-floor | production-no-floor | raw | shrink,-665152500 | -665152500 | -290208566 | -665152500
29b,214383312889100,production-floor | production-no-floor | raw | shrink,-665152500 | -665152500 | -1637348541 | -665152500
29b,214383312889101,production-floor | production-no-floor | raw | shrink,-665152500 | -665152500 | -1637348541 | -665152500
29b,214383312889102,production-floor | production-no-floor | raw | shrink,-665152500 | -665152500 | -290208566 | -665152500
29b,214383312889103,production-floor | production-no-floor | raw | shrink,-665152500 | -665152500 | -290208566 | -665152500
29b,214383312889104,production-floor | production-no-floor | raw | shrink,-665152500 | -665152500 | -290208566 | -665152500
29b,214383312889105,production-floor | production-no-floor | raw | shrink,-665152500 | -665152500 | -290208566 | -665152500
29b,214383312889106,production-floor | production-no-floor | raw | shrink,-665152500 | -665152500 | -290208566 | -665152500
29b,214383312889107,production-floor | production-no-floor | raw | shrink,-665152500 | -665152500 | -290208566 | -665152500
29b,214383312889108,production-floor | production-no-floor | raw | shrink,-665152500 | -665152500 | -290208566 | -665152500
29b,214383312889109,production-floor | production-no-floor | raw | shrink,-665152500 | -665152500 | -290208566 | -665152500
29b,214383312889110,production-floor | production-no-floor | raw | shrink,-665152500 | -665152500 | -452640197 | -665152500
29b,214383312889111,production-floor | production-no-floor | raw | shrink,-665152500 | -665152500 | -1637348541 | -665152500
29b,214383312889112,production-floor | production-no-floor | raw | shrink,-665152500 | -665152500 | -290208566 | -665152500
29b,214383312889113,production-floor | production-no-floor | raw | shrink,-665152500 | -665152500 | -290208566 | -665152500
29b,214383312889114,production-floor | production-no-floor | raw | shrink,-665152500 | -665152500 | -290208566 | -665152500
29b,214383312889115,production-floor | production-no-floor | raw | shrink,-665152500 | -665152500 | -290208566 | -665152500
29b,214383312889116,production-floor | production-no-floor | raw | shrink,-665152500 | -665152500 | -290208566 | -665152500
29b,214383312889117,production-floor | production-no-floor | raw | shrink,-665152500 | -665152500 | -1637348541 | -665152500
29b,214383312889118,production-floor | production-no-floor | raw | shrink,-665152500 | -665152500 | -290208566 | -665152500
29b,214383312889119,production-floor | production-no-floor | raw | shrink,-665152500 | -665152500 | -290208566 | -665152500
29b,214383312889120,production-floor | production-no-floor | raw | shrink,-665152500 | -665152500 | -290208566 | -665152500
29b,214383312889121,production-floor | production-no-floor | raw | shrink,-665152500 | -665152500 | -290208566 | -665152500
29b,214383312889122,production-floor | production-no-floor | raw | shrink,-665152500 | -665152500 | -290208566 | -665152500
29b,214383312889123,production-floor | production-no-floor | raw | shrink,-665152500 | -665152500 | -452640197 | -665152500
29b,214383312889124,production-floor | production-no-floor | raw | shrink,-665152500 | -665152500 | -290208566 | -665152500
29b,214383312889125,production-floor | production-no-floor | raw | shrink,-665152500 | -665152500 | -290208566 | -665152500
29b,214383312889126,production-floor | production-no-floor | raw | shrink,-665152500 | -665152500 | -290208566 | -665152500
29b,214383312889127,production-floor | production-no-floor | raw | shrink,-665152500 | -665152500 | -290208566 | -665152500
29b,214383312889128,production-floor | production-no-floor | raw | shrink,-665152500 | -665152500 | -290208566 | -665152500
29b,214383312889129,production-floor | production-no-floor | raw | shrink,-665152500 | -665152500 | -1637348541 | -665152500
29b,214383312889130,production-floor | production-no-floor | raw | shrink,-665152500 | -665152500 | -290208566 | -665152500
29b,214383312889131,production-floor | production-no-floor | raw | shrink,-665152500 | -665152500 | -1637348541 | -665152500
29b,214383312889132,production-floor | production-no-floor | raw | shrink,-665152500 | -665152500 | -290208566 | -665152500
29b,214383312889133,production-floor | production-no-floor | raw | shrink,-665152500 | -665152500 | -452640197 | -665152500
29b,214383312889134,production-floor | production-no-floor | raw | shrink,-665152500 | -665152500 | -290208566 | -665152500
29b,214383312889135,production-floor | production-no-floor | raw | shrink,-665152500 | -665152500 | -290208566 | -665152500
29b,214383312889136,production-floor | production-no-floor | raw | shrink,-665152500 | -665152500 | -1637348541 | -665152500
29b,214383312889137,production-floor | production-no-floor | raw | shrink,-665152500 | -665152500 | -290208566 | -665152500
29b,214383312889138,production-floor | production-no-floor | raw | shrink,-665152500 | -665152500 | -290208566 | -665152500
29b,214383312889139,production-floor | production-no-floor | raw | shrink,-665152500 | -665152500 | -290208566 | -665152500
29b,214383312889140,production-floor | production-no-floor | raw | shrink,-665152500 | -665152500 | -290208566 | -665152500
29b,214383312889141,production-floor | production-no-floor | raw | shrink,-665152500 | -665152500 | -290208566 | -665152500
29b,214383312889142,production-floor | production-no-floor | raw | shrink,-665152500 | -665152500 | -290208566 | -665152500
29b,214383312889143,production-floor | production-no-floor | raw | shrink,-665152500 | -665152500 | -290208566 | -665152500
29b,214383312889144,production-floor | production-no-floor | raw | shrink,-665152500 | -665152500 | -1637348541 | -665152500
29b,214383312889145,production-floor | production-no-floor | raw | shrink,-665152500 | -665152500 | -290208566 | -665152500
29b,214383312889146,production-floor | production-no-floor | raw | shrink,-665152500 | -665152500 | -290208566 | -665152500
29b,214383312889148,production-floor | production-no-floor | raw | shrink,-665152500 | -665152500 | -290208566 | -665152500
29b,214383312889149,production-floor | production-no-floor | raw | shrink,-665152500 | -665152500 | -290208566 | -665152500
29b,214383312889150,production-floor | production-no-floor | raw | shrink,-665152500 | -665152500 | -290208566 | -665152500
29b,214383312889151,production-floor | production-no-floor | raw | shrink,-665152500 | -665152500 | -290208566 | -665152500
29b,214383312890584,production-floor | production-no-floor | raw | shrink,-665152500 | -665152500 | -1637348541 | -665152500
29b,214383312890585,production-floor | production-no-floor | raw | shrink,-665152500 | -665152500 | -290208566 | -665152500
29b,214383312890586,production-floor | production-no-floor | raw | shrink,-665152500 | -665152500 | -290208566 | -665152500
29b,214383312890587,production-floor | production-no-floor | raw | shrink,-665152500 | -665152500 | -452640197 | -665152500
29b,214383312890591,production-floor | production-no-floor | raw | shrink,-665152500 | -665152500 | -1637348541 | -665152500
29b,214383312890592,production-floor | production-no-floor | raw | shrink,-665152500 | -665152500 | -1969124343 | -665152500
29b,214383312890593,production-floor | production-no-floor | raw | shrink,-665152500 | -665152500 | -290208566 | -665152500
29b,214383312890594,production-floor | production-no-floor | raw | shrink,-665152500 | -665152500 | -290208566 | -665152500
29b,214383312890595,production-floor | production-no-floor | raw | shrink,-665152500 | -665152500 | -290208566 | -665152500
29b,214383312890596,production-floor | production-no-floor | raw | shrink,-665152500 | -665152500 | -290208566 | -665152500
29b,214383312890597,production-floor | production-no-floor | raw | shrink,-665152500 | -665152500 | -1637348541 | -665152500
29b,214383312890598,production-floor | production-no-floor | raw | shrink,-665152500 | -665152500 | -290208566 | -665152500
29b,214383312890599,production-floor | production-no-floor | raw | shrink,-665152500 | -665152500 | -290208566 | -665152500
29b,214383312890600,production-floor | production-no-floor | raw | shrink,-665152500 | -665152500 | -290208566 | -665152500
29b,214383312890601,production-floor | production-no-floor | raw | shrink,-665152500 | -665152500 | -290208566 | -665152500
29b,214383312890602,production-floor | production-no-floor | raw | shrink,-665152500 | -665152500 | -1969124343 | -665152500
29b,214383312890603,production-floor | production-no-floor | raw | shrink,-665152500 | -665152500 | -290208566 | -665152500
29b,214383312890604,production-floor | production-no-floor | raw | shrink,-665152500 | -665152500 | 2045487534 | -665152500
29b,214383312890605,production-floor | production-no-floor | raw | shrink,-665152500 | -665152500 | -290208566 | -665152500
29b,214383312890606,production-floor | production-no-floor | raw | shrink,-665152500 | -665152500 | -290208566 | -665152500
29b,214383312890607,production-floor | production-no-floor | raw | shrink,-665152500 | -665152500 | -290208566 | -665152500
29b,214383312890608,production-floor | production-no-floor | raw | shrink,-665152500 | -665152500 | -290208566 | -665152500
29b,214383312890609,production-floor | production-no-floor | raw | shrink,-665152500 | -665152500 | -290208566 | -665152500
29b,214383312890610,production-floor | production-no-floor | raw | shrink,-665152500 | -665152500 | -290208566 | -665152500
29b,214383312890611,production-floor | production-no-floor | raw | shrink,-665152500 | -665152500 | -290208566 | -665152500
29b,214383312890612,production-floor | production-no-floor | raw | shrink,-665152500 | -665152500 | -452640197 | -665152500
29b,214383312890613,production-floor | production-no-floor | raw | shrink,-665152500 | -665152500 | -290208566 | -665152500
29b,214383312890614,production-floor | production-no-floor | raw | shrink,-665152500 | -665152500 | -290208566 | -665152500
29b,214383312890615,production-floor | production-no-floor | raw | shrink,-665152500 | -665152500 | -452640197 | -665152500
29b,214383312890616,production-floor | production-no-floor | raw | shrink,-665152500 | -665152500 | -290208566 | -665152500
29b,214383312890617,production-floor | production-no-floor | raw | shrink,-665152500 | -665152500 | -290208566 | -665152500
29b,214383312890618,production-floor | production-no-floor | raw | shrink,-665152500 | -665152500 | -452640197 | -665152500
29b,214383312890619,production-floor | production-no-floor | raw | shrink,-665152500 | -665152500 | 541110912 | -665152500
29b,214383312890620,production-floor | production-no-floor | raw | shrink,-665152500 | -665152500 | -290208566 | -665152500
29b,214383312890621,production-floor | production-no-floor | raw | shrink,-665152500 | -665152500 | -290208566 | -665152500
29b,214383312890622,production-floor | production-no-floor | raw | shrink,-665152500 | -665152500 | -290208566 | -665152500
29b,214383312890623,production-floor | production-no-floor | raw | shrink,-665152500 | -665152500 | -1637348541 | -665152500
29c,214387607856384,production-floor | production-no-floor | raw | shrink,-839131028 | 2081534655 | 254816621 | 2081534655
29c,214387607856385,production-floor | production-no-floor | raw | shrink,-839131028 | 2081534655 | -482989254 | 2081534655
29c,214387607856386,production-floor | production-no-floor | raw | shrink,-839131028 | 2081534655 | -482989254 | 2081534655
29c,214387607856387,production-floor | production-no-floor | raw | shrink,-839131028 | 2081534655 | 254816621 | 2081534655
29c,214387607856388,production-floor | production-no-floor | raw | shrink,-839131028 | 2081534655 | 254816621 | 2081534655
29c,214387607856389,production-floor | production-no-floor | raw | shrink,-839131028 | 2081534655 | 254816621 | 2081534655
29c,214387607856390,production-floor | production-no-floor | raw | shrink,-839131028 | 1216159973 | 254816621 | 1216159973
29c,214387607856391,production-floor | production-no-floor | raw | shrink,-839131028 | 2081534655 | 254816621 | 2081534655
29c,214387607856392,production-floor | production-no-floor | raw | shrink,-839131028 | 2081534655 | -482989254 | 2081534655
29c,214387607856393,production-floor | production-no-floor | raw | shrink,-839131028 | 2081534655 | 254816621 | 2081534655
29c,214387607856394,production-floor | production-no-floor | raw | shrink,-839131028 | 2081534655 | 254816621 | 2081534655
29c,214387607856395,production-floor | production-no-floor | raw | shrink,-839131028 | 2081534655 | 254816621 | 2081534655
29c,214387607856396,production-floor | production-no-floor | raw | shrink,-839131028 | 2081534655 | -482989254 | 2081534655
29c,214387607856397,production-floor | production-no-floor | raw | shrink,-839131028 | 2081534655 | 254816621 | 2081534655
29c,214387607856398,production-floor | production-no-floor | raw | shrink,-839131028 | 2081534655 | 254816621 | 2081534655
29c,214387607856399,production-floor | production-no-floor | raw | shrink,-839131028 | 2081534655 | 254816621 | 2081534655
29c,214387607856400,production-floor | production-no-floor | raw | shrink,-839131028 | 2081534655 | -482989254 | 2081534655
29c,214387607856401,production-floor | production-no-floor | raw | shrink,-839131028 | 2081534655 | 254816621 | 2081534655
29c,214387607856402,production-floor | production-no-floor | raw | shrink,-839131028 | 2081534655 | 254816621 | 2081534655
29c,214387607856403,production-floor | production-no-floor | raw | shrink,-839131028 | 2081534655 | 254816621 | 2081534655
29c,214387607856404,production-floor | production-no-floor | raw | shrink,-839131028 | 1982492668 | -1603277565 | 1982492668
29c,214387607856405,production-floor | production-no-floor | raw | shrink,-839131028 | 2081534655 | 254816621 | 2081534655
29c,214387607856406,production-floor | production-no-floor | raw | shrink,-839131028 | 2081534655 | 254816621 | 2081534655
29c,214387607856407,production-floor | production-no-floor | raw | shrink,-839131028 | 2081534655 | 254816621 | 2081534655
29c,214387607856408,production-floor | production-no-floor | raw | shrink,-839131028 | 2081534655 | 254816621 | 2081534655
29c,214387607856409,production-floor | production-no-floor | raw | shrink,-839131028 | 2081534655 | -482989254 | 2081534655
29c,214387607856410,production-floor | production-no-floor | raw | shrink,-839131028 | 2081534655 | 1898710879 | 2081534655
29c,214387607856411,production-floor | production-no-floor | raw | shrink,894113721 | 2081534655 | 1343818434 | 2081534655
29c,214387607856412,production-floor | production-no-floor | raw | shrink,-839131028 | 2081534655 | 254816621 | 2081534655
29c,214387607856413,production-floor | production-no-floor | raw | shrink,-839131028 | 2081534655 | -482989254 | 2081534655
29c,214387607856414,production-floor | production-no-floor | raw | shrink,-839131028 | 2081534655 | 254816621 | 2081534655
29c,214387607856415,production-floor | production-no-floor | raw | shrink,-839131028 | 2081534655 | -482989254 | 2081534655
29c,214387607856416,production-floor | production-no-floor | raw | shrink,-839131028 | 2081534655 | 254816621 | 2081534655
29c,214387607856417,production-floor | production-no-floor | raw | shrink,-839131028 | 2081534655 | 254816621 | 2081534655
29c,214387607856418,production-floor | production-no-floor | raw | shrink,-839131028 | 2081534655 | 254816621 | 2081534655
29c,214387607856419,production-floor | production-no-floor | raw | shrink,-839131028 | 2081534655 | -482989254 | 2081534655
29c,214387607856420,production-floor | production-no-floor | raw | shrink,-839131028 | 2081534655 | 254816621 | 2081534655
29c,214387607856421,production-floor | production-no-floor | raw | shrink,-839131028 | 2081534655 | 308565705 | 2081534655
29c,214387607856422,production-floor | production-no-floor | raw | shrink,-839131028 | 2081534655 | 254816621 | 2081534655
29c,214387607856423,production-floor | production-no-floor | raw | shrink,894113721 | 2081534655 | 1674867630 | 2081534655
29c,214387607856424,production-floor | production-no-floor | raw | shrink,-839131028 | 2081534655 | 308565705 | 2081534655
29c,214387607856425,production-floor | production-no-floor | raw | shrink,-839131028 | 2081534655 | 254816621 | 2081534655
29c,214387607856426,production-floor | production-no-floor | raw | shrink,-839131028 | 2081534655 | -482989254 | 2081534655
29c,214387607856427,production-floor | production-no-floor | raw | shrink,-839131028 | 2081534655 | -482989254 | 2081534655
29c,214387607856428,production-floor | production-no-floor | raw | shrink,-839131028 | 2081534655 | 254816621 | 2081534655
29c,214387607856429,production-floor | production-no-floor | raw | shrink,-839131028 | 2081534655 | -482989254 | 2081534655
29c,214387607856430,production-floor | production-no-floor | raw | shrink,-839131028 | 2081534655 | 254816621 | 2081534655
29c,214387607856431,production-floor | production-no-floor | raw | shrink,-839131028 | 1216159973 | 254816621 | 1216159973
29c,214387607856432,production-floor | production-no-floor | raw | shrink,-839131028 | 2081534655 | -482989254 | 2081534655
29c,214387607856433,production-floor | production-no-floor | raw | shrink,-839131028 | 2081534655 | 254816621 | 2081534655
29c,214387607856434,production-floor | production-no-floor | raw | shrink,-839131028 | 2081534655 | -482989254 | 2081534655
29c,214387607856435,production-floor | production-no-floor | raw | shrink,-839131028 | 2081534655 | 254816621 | 2081534655
29c,214387607856436,production-floor | production-no-floor | raw | shrink,-839131028 | 2081534655 | 308565705 | 2081534655
29c,214387607856437,production-floor | production-no-floor | raw | shrink,-839131028 | 2081534655 | 254816621 | 2081534655
29c,214387607856438,production-floor | production-no-floor | raw | shrink,-839131028 | 2081534655 | 254816621 | 2081534655
29c,214387607856439,production-floor | production-no-floor | raw | shrink,-839131028 | 2081534655 | 254816621 | 2081534655
29c,214387607856440,production-floor | production-no-floor | raw | shrink,-839131028 | 2081534655 | 254816621 | 2081534655
29c,214387607856441,production-floor | production-no-floor | raw | shrink,-839131028 | 2081534655 | 254816621 | 2081534655
29c,214387607856442,production-floor | production-no-floor | raw | shrink,-839131028 | 2081534655 | 254816621 | 2081534655
29c,214387607856443,production-floor | production-no-floor | raw | shrink,-839131028 | 2081534655 | 254816621 | 2081534655
29c,214387607856445,production-floor | production-no-floor | raw | shrink,-839131028 | 2081534655 | 254816621 | 2081534655
29c,214387607856446,production-floor | production-no-floor | raw | shrink,-839131028 | 2081534655 | 254816621 | 2081534655
29c,214387607856447,production-floor | production-no-floor | raw | shrink,2037379965 | 2081534655 | 308565705 | 2081534655
29c,214387607857880,production-floor | production-no-floor | raw | shrink,-839131028 | 2081534655 | 254816621 | 2081534655
29c,214387607857884,production-floor | production-no-floor | raw | shrink,-839131028 | 2081534655 | 254816621 | 2081534655
29c,214387607857885,production-floor | production-no-floor | raw | shrink,-839131028 | 2081534655 | 254816621 | 2081534655
29c,214387607857886,production-floor | production-no-floor | raw | shrink,-839131028 | 2081534655 | 254816621 | 2081534655
29c,214387607857887,production-floor | production-no-floor | raw | shrink,-839131028 | 2081534655 | 254816621 | 2081534655
29c,214387607857888,production-floor | production-no-floor | raw | shrink,-839131028 | 2081534655 | 254816621 | 2081534655
29c,214387607857889,production-floor | production-no-floor | raw | shrink,-839131028 | 2081534655 | -482989254 | 2081534655
29c,214387607857890,production-floor | production-no-floor | raw | shrink,-839131028 | 2081534655 | 1898710879 | 2081534655
29c,214387607857891,production-floor | production-no-floor | raw | shrink,-839131028 | 2081534655 | 254816621 | 2081534655
29c,214387607857892,production-floor | production-no-floor | raw | shrink,-839131028 | 2081534655 | 254816621 | 2081534655
29c,214387607857893,production-floor | production-no-floor | raw | shrink,-839131028 | 2081534655 | 254816621 | 2081534655
29c,214387607857894,production-floor | production-no-floor | raw | shrink,-839131028 | 2081534655 | 254816621 | 2081534655
29c,214387607857895,production-floor | production-no-floor | raw | shrink,-839131028 | 2081534655 | -482989254 | 2081534655
29c,214387607857896,production-floor | production-no-floor | raw | shrink,-839131028 | 2081534655 | -482989254 | 2081534655
29c,214387607857897,production-floor | production-no-floor | raw | shrink,-839131028 | 2081534655 | -482989254 | 2081534655
29c,214387607857898,production-floor | production-no-floor | raw | shrink,-839131028 | 2081534655 | -482989254 | 2081534655
29c,214387607857899,production-floor | production-no-floor | raw | shrink,-839131028 | 2081534655 | 254816621 | 2081534655
29c,214387607857900,production-floor | production-no-floor | raw | shrink,-839131028 | 2081534655 | 254816621 | 2081534655
29c,214387607857901,production-floor | production-no-floor | raw | shrink,-839131028 | 2081534655 | -482989254 | 2081534655
29c,214387607857902,production-floor | production-no-floor | raw | shrink,-839131028 | 2081534655 | 254816621 | 2081534655
29c,214387607857903,production-floor | production-no-floor | raw | shrink,-839131028 | 2081534655 | 308565705 | 2081534655
29c,214387607857904,production-floor | production-no-floor | raw | shrink,-839131028 | 2081534655 | -482989254 | 2081534655
29c,214387607857905,production-floor | production-no-floor | raw | shrink,-839131028 | 2081534655 | -482989254 | 2081534655
29c,214387607857906,production-floor | production-no-floor | raw | shrink,-839131028 | 2081534655 | -482989254 | 2081534655
29c,214387607857907,production-floor | production-no-floor | raw | shrink,-839131028 | 2081534655 | 254816621 | 2081534655
29c,214387607857908,production-floor | production-no-floor | raw | shrink,-839131028 | 2081534655 | 254816621 | 2081534655
29c,214387607857909,production-floor | production-no-floor | raw | shrink,-839131028 | 2081534655 | -482989254 | 2081534655
29c,214387607857910,production-floor | production-no-floor | raw | shrink,-839131028 | 2081534655 | -482989254 | 2081534655
29c,214387607857911,production-floor | production-no-floor | raw | shrink,-839131028 | 2081534655 | 254816621 | 2081534655
29c,214387607857912,production-floor | production-no-floor | raw | shrink,-839131028 | 2081534655 | 254816621 | 2081534655
29c,214387607857913,production-floor | production-no-floor | raw | shrink,-839131028 | 2081534655 | 254816621 | 2081534655
29c,214387607857914,production-floor | production-no-floor | raw | shrink,-839131028 | 2081534655 | 254816621 | 2081534655
29c,214387607857915,production-floor | production-no-floor | raw | shrink,-839131028 | 2081534655 | 254816621 | 2081534655
29c,214387607857916,production-floor | production-no-floor | raw | shrink,-839131028 | 2081534655 | 254816621 | 2081534655
29c,214387607857917,production-floor | production-no-floor | raw | shrink,2037379965 | 2081534655 | 254816621 | 2081534655
29c,214387607857918,production-floor | production-no-floor | raw | shrink,-839131028 | 2081534655 | 254816621 | 2081534655
29c,214387607857919,production-floor | production-no-floor | raw | shrink,-839131028 | 2081534655 | 254816621 | 2081534655
30a,217308185616960,production-floor | production-no-floor | raw | shrink,204795277 | 216250776 | -358644662 | 216250776
30a,217308185616961,production-floor | production-no-floor | raw | shrink,204795277 | 216250776 | 1041678136 | 216250776
30a,217308185616962,production-floor | production-no-floor | raw | shrink,204795277 | 216250776 | 1041678136 | 216250776
30a,217308185616963,production-floor | production-no-floor | raw | shrink,204795277 | 216250776 | 1041678136 | 216250776
30a,217308185616964,production-floor | production-no-floor | raw | shrink,204795277 | 216250776 | 1041678136 | 216250776
30a,217308185616965,production-floor | production-no-floor | raw | shrink,204795277 | 216250776 | 1041678136 | 216250776
30a,217308185616966,production-floor | production-no-floor | raw | shrink,204795277 | 216250776 | -358644662 | 216250776
30a,217308185616967,production-floor | production-no-floor | raw | shrink,204795277 | 216250776 | -358644662 | 216250776
30a,217308185616968,production-floor | production-no-floor | raw | shrink,204795277 | 216250776 | -358644662 | 216250776
30a,217308185616969,production-floor | production-no-floor | raw | shrink,204795277 | 216250776 | -358644662 | 216250776
30a,217308185616970,production-floor | production-no-floor | raw | shrink,204795277 | 216250776 | 1041678136 | 216250776
30a,217308185616971,production-floor | production-no-floor | raw | shrink,204795277 | 216250776 | 1041678136 | 216250776
30a,217308185616972,production-floor | production-no-floor | raw | shrink,204795277 | 216250776 | 1041678136 | 216250776
30a,217308185616973,production-floor | production-no-floor | raw | shrink,204795277 | 216250776 | 1041678136 | 216250776
30a,217308185616974,production-floor | production-no-floor | raw | shrink,204795277 | 216250776 | 1041678136 | 216250776
30a,217308185616975,production-floor | production-no-floor | raw | shrink,204795277 | 216250776 | -358644662 | 216250776
30a,217308185616976,production-floor | production-no-floor | raw | shrink,204795277 | 216250776 | 1041678136 | 216250776
30a,217308185616977,production-floor | production-no-floor | raw | shrink,204795277 | 216250776 | 1041678136 | 216250776
30a,217308185616978,production-floor | production-no-floor | raw | shrink,204795277 | 216250776 | 1041678136 | 216250776
30a,217308185616979,production-floor | production-no-floor | raw | shrink,204795277 | 216250776 | 1041678136 | 216250776
30a,217308185616980,production-floor | production-no-floor | raw | shrink,204795277 | 216250776 | -358644662 | 216250776
30a,217308185616981,production-floor | production-no-floor | raw | shrink,204795277 | 216250776 | 1041678136 | 216250776
30a,217308185616982,production-floor | production-no-floor | raw | shrink,204795277 | 216250776 | -358644662 | 216250776
30a,217308185616983,production-floor | production-no-floor | raw | shrink,204795277 | 216250776 | 1041678136 | 216250776
30a,217308185616984,production-floor | production-no-floor | raw | shrink,204795277 | 216250776 | -358644662 | 216250776
30a,217308185616985,production-floor | production-no-floor | raw | shrink,204795277 | 216250776 | 1041678136 | 216250776
30a,217308185616986,production-floor | production-no-floor | raw | shrink,204795277 | 216250776 | -358644662 | 216250776
30a,217308185616987,production-floor | production-no-floor | raw | shrink,204795277 | 216250776 | -358644662 | 216250776
30a,217308185616988,production-floor | production-no-floor | raw | shrink,204795277 | 216250776 | 1041678136 | 216250776
30a,217308185616989,production-floor | production-no-floor | raw | shrink,204795277 | 216250776 | 1041678136 | 216250776
30a,217308185616990,production-floor | production-no-floor | raw | shrink,204795277 | 216250776 | -358644662 | 216250776
30a,217308185616991,production-floor | production-no-floor | raw | shrink,204795277 | 216250776 | 1041678136 | 216250776
30a,217308185616992,production-floor | production-no-floor | raw | shrink,204795277 | 216250776 | 1041678136 | 216250776
30a,217308185616993,production-floor | production-no-floor | raw | shrink,204795277 | 216250776 | 1041678136 | 216250776
30a,217308185616994,production-floor | production-no-floor | raw | shrink,204795277 | 216250776 | -358644662 | 216250776
30a,217308185616995,production-floor | production-no-floor | raw | shrink,204795277 | 216250776 | 1041678136 | 216250776
30a,217308185616997,production-floor | production-no-floor | raw | shrink,204795277 | 216250776 | 1041678136 | 216250776
30a,217308185616998,production-floor | production-no-floor | raw | shrink,204795277 | 216250776 | -358644662 | 216250776
30a,217308185616999,production-floor | production-no-floor | raw | shrink,204795277 | 216250776 | -358644662 | 216250776
30a,217308185617000,production-floor | production-no-floor | raw | shrink,204795277 | 216250776 | 1041678136 | 216250776
30a,217308185617001,production-floor | production-no-floor | raw | shrink,204795277 | 216250776 | -358644662 | 216250776
30a,217308185617002,production-floor | production-no-floor | raw | shrink,204795277 | 216250776 | 1041678136 | 216250776
30a,217308185617003,production-floor | production-no-floor | raw | shrink,204795277 | 216250776 | -358644662 | 216250776
30a,217308185617004,production-floor | production-no-floor | raw | shrink,204795277 | 216250776 | 1041678136 | 216250776
30a,217308185617005,production-floor | production-no-floor | raw | shrink,204795277 | 216250776 | -358644662 | 216250776
30a,217308185617006,production-floor | production-no-floor | raw | shrink,204795277 | 216250776 | -358644662 | 216250776
30a,217308185617007,production-floor | production-no-floor | raw | shrink,204795277 | 216250776 | -358644662 | 216250776
30a,217308185617008,production-floor | production-no-floor | raw | shrink,204795277 | 216250776 | -358644662 | 216250776
30a,217308185617009,production-floor | production-no-floor | raw | shrink,204795277 | 216250776 | -358644662 | 216250776
30a,217308185617010,production-floor | production-no-floor | raw | shrink,204795277 | 216250776 | -358644662 | 216250776
30a,217308185617011,production-floor | production-no-floor | raw | shrink,204795277 | 216250776 | -358644662 | 216250776
30a,217308185617012,production-floor | production-no-floor | raw | shrink,204795277 | 216250776 | 1041678136 | 216250776
30a,217308185617013,production-floor | production-no-floor | raw | shrink,204795277 | 216250776 | -358644662 | 216250776
30a,217308185617014,production-floor | production-no-floor | raw | shrink,204795277 | 216250776 | -358644662 | 216250776
30a,217308185617015,production-floor | production-no-floor | raw | shrink,204795277 | 216250776 | -358644662 | 216250776
30a,217308185617016,production-floor | production-no-floor | raw | shrink,204795277 | 216250776 | -358644662 | 216250776
30a,217308185617017,production-floor | production-no-floor | raw | shrink,204795277 | 216250776 | -358644662 | 216250776
30a,217308185617018,production-floor | production-no-floor | raw | shrink,204795277 | 216250776 | 1041678136 | 216250776
30a,217308185617019,production-floor | production-no-floor | raw | shrink,204795277 | 216250776 | -358644662 | 216250776
30a,217308185617020,production-floor | production-no-floor | raw | shrink,204795277 | 216250776 | -358644662 | 216250776
30a,217308185617021,production-floor | production-no-floor | raw | shrink,204795277 | 216250776 | -358644662 | 216250776
30a,217308185617022,production-floor | production-no-floor | raw | shrink,204795277 | 216250776 | -358644662 | 216250776
30a,217308185617023,production-floor | production-no-floor | raw | shrink,204795277 | 216250776 | -358644662 | 216250776
30a,217308185619840,production-floor | production-no-floor | raw | shrink,204795277 | 216250776 | -358644662 | 216250776
30a,217308185619844,production-floor | production-no-floor | raw | shrink,204795277 | 216250776 | -358644662 | 216250776
30a,217308185619845,production-floor | production-no-floor | raw | shrink,204795277 | 216250776 | 1041678136 | 216250776
30a,217308185619846,production-floor | production-no-floor | raw | shrink,204795277 | 216250776 | -358644662 | 216250776
30a,217308185619847,production-floor | production-no-floor | raw | shrink,204795277 | 216250776 | -358644662 | 216250776
30a,217308185619872,production-floor | production-no-floor | raw | shrink,204795277 | 216250776 | 1041678136 | 216250776
30a,217308185619873,production-floor | production-no-floor | raw | shrink,204795277 | 216250776 | 1041678136 | 216250776
30a,217308185619874,production-floor | production-no-floor | raw | shrink,204795277 | 216250776 | 1041678136 | 216250776
30a,217308185619875,production-floor | production-no-floor | raw | shrink,204795277 | 216250776 | 1041678136 | 216250776
30a,217308185619876,production-floor | production-no-floor | raw | shrink,204795277 | 216250776 | -358644662 | 216250776
30a,217308185619877,production-floor | production-no-floor | raw | shrink,204795277 | 216250776 | 1041678136 | 216250776
30a,217308185619878,production-floor | production-no-floor | raw | shrink,204795277 | 216250776 | -358644662 | 216250776
30a,217308185619879,production-floor | production-no-floor | raw | shrink,204795277 | 216250776 | -358644662 | 216250776
30a,217308185619880,production-floor | production-no-floor | raw | shrink,204795277 | 216250776 | -358644662 | 216250776
30a,217308185619881,production-floor | production-no-floor | raw | shrink,204795277 | 216250776 | -358644662 | 216250776
30a,217308185619882,production-floor | production-no-floor | raw | shrink,204795277 | 216250776 | 1041678136 | 216250776
30a,217308185619883,production-floor | production-no-floor | raw | shrink,204795277 | 216250776 | 1041678136 | 216250776
30a,217308185619884,production-floor | production-no-floor | raw | shrink,204795277 | 216250776 | 1041678136 | 216250776
30a,217308185619885,production-floor | production-no-floor | raw | shrink,204795277 | 216250776 | -358644662 | 216250776
30a,217308185619886,production-floor | production-no-floor | raw | shrink,204795277 | 216250776 | 1041678136 | 216250776
30a,217308185619887,production-floor | production-no-floor | raw | shrink,204795277 | 216250776 | 1041678136 | 216250776
30a,217308185619888,production-floor | production-no-floor | raw | shrink,204795277 | 216250776 | -358644662 | 216250776
30a,217308185619889,production-floor | production-no-floor | raw | shrink,204795277 | 216250776 | 1041678136 | 216250776
30a,217308185619890,production-floor | production-no-floor | raw | shrink,204795277 | 216250776 | 1041678136 | 216250776
30a,217308185619891,production-floor | production-no-floor | raw | shrink,204795277 | 216250776 | 1041678136 | 216250776
30a,217308185619892,production-floor | production-no-floor | raw | shrink,204795277 | 216250776 | 1041678136 | 216250776
30a,217308185619893,production-floor | production-no-floor | raw | shrink,204795277 | 216250776 | -358644662 | 216250776
30a,217308185619894,production-floor | production-no-floor | raw | shrink,204795277 | 216250776 | 1041678136 | 216250776
30a,217308185619895,production-floor | production-no-floor | raw | shrink,204795277 | 216250776 | -358644662 | 216250776
30a,217308185619896,production-floor | production-no-floor | raw | shrink,204795277 | 216250776 | -358644662 | 216250776
30a,217308185619897,production-floor | production-no-floor | raw | shrink,204795277 | 216250776 | 1041678136 | 216250776
30a,217308185619898,production-floor | production-no-floor | raw | shrink,204795277 | 216250776 | 1041678136 | 216250776
30a,217308185619899,production-floor | production-no-floor | raw | shrink,204795277 | 216250776 | -358644662 | 216250776
30a,217308185619900,production-floor | production-no-floor | raw | shrink,204795277 | 216250776 | -358644662 | 216250776
30a,217308185619901,production-floor | production-no-floor | raw | shrink,204795277 | 216250776 | -358644662 | 216250776
30a,217308185619902,production-floor | production-no-floor | raw | shrink,204795277 | 216250776 | 1041678136 | 216250776
30a,217308185619903,production-floor | production-no-floor | raw | shrink,204795277 | 216250776 | 1041678136 | 216250776
30b,217312480584256,production-floor | production-no-floor | raw | shrink,1105094357 | 1910947129 | 223990836 | 1910947129
30b,217312480584257,production-floor | production-no-floor | raw | shrink,352978464 | -1031970200 | 1910947129 | -1031970200
30b,217312480584258,production-floor | production-no-floor | raw | shrink,352978464 | 1910947129 | 1910947129 | 1910947129
30b,217312480584259,production-floor | production-no-floor | raw | shrink,352978464 | -1031970200 | 1910947129 | -1031970200
30b,217312480584260,production-floor | production-no-floor | raw | shrink,352978464 | 1910947129 | 1910947129 | 1910947129
30b,217312480584261,production-floor | production-no-floor | raw | shrink,352978464 | 1910947129 | 1910947129 | 1910947129
30b,217312480584262,production-floor | production-no-floor | raw | shrink,352978464 | 1910947129 | 1314685080 | 1910947129
30b,217312480584263,production-floor | production-no-floor | raw | shrink,352978464 | 1910947129 | 1910947129 | 1910947129
30b,217312480584264,production-floor | production-no-floor | raw | shrink,352978464 | 1910947129 | 1314685080 | 1910947129
30b,217312480584265,production-floor | production-no-floor | raw | shrink,352978464 | 1910947129 | 1314685080 | 1910947129
30b,217312480584266,production-floor | production-no-floor | raw | shrink,352978464 | 1910947129 | 1910947129 | 1910947129
30b,217312480584267,production-floor | production-no-floor | raw | shrink,352978464 | -1031970200 | 1910947129 | -1031970200
30b,217312480584268,production-floor | production-no-floor | raw | shrink,352978464 | 1910947129 | 1910947129 | 1910947129
30b,217312480584269,production-floor | production-no-floor | raw | shrink,352978464 | 1910947129 | 1910947129 | 1910947129
30b,217312480584270,production-floor | production-no-floor | raw | shrink,352978464 | 1910947129 | 1910947129 | 1910947129
30b,217312480584271,production-floor | production-no-floor | raw | shrink,352978464 | 1910947129 | 1910947129 | 1910947129
30b,217312480584272,production-floor | production-no-floor | raw | shrink,352978464 | 1910947129 | 1910947129 | 1910947129
30b,217312480584273,production-floor | production-no-floor | raw | shrink,352978464 | 1910947129 | 1910947129 | 1910947129
30b,217312480584274,production-floor | production-no-floor | raw | shrink,352978464 | 1910947129 | 1910947129 | 1910947129
30b,217312480584275,production-floor | production-no-floor | raw | shrink,352978464 | -1031970200 | 1910947129 | -1031970200
30b,217312480584276,production-floor | production-no-floor | raw | shrink,352978464 | -1031970200 | 1910947129 | -1031970200
30b,217312480584277,production-floor | production-no-floor | raw | shrink,352978464 | -1031970200 | 1910947129 | -1031970200
30b,217312480584278,production-floor | production-no-floor | raw | shrink,352978464 | 1910947129 | 1910947129 | 1910947129
30b,217312480584279,production-floor | production-no-floor | raw | shrink,781916712 | 1910947129 | 1278165864 | 1910947129
30b,217312480584280,production-floor | production-no-floor | raw | shrink,352978464 | -1031970200 | 1910947129 | -1031970200
30b,217312480584281,production-floor | production-no-floor | raw | shrink,352978464 | 1910947129 | 1910947129 | 1910947129
30b,217312480584282,production-floor | production-no-floor | raw | shrink,352978464 | -1031970200 | 1910947129 | -1031970200
30b,217312480584283,production-floor | production-no-floor | raw | shrink,352978464 | 1910947129 | 1910947129 | 1910947129
30b,217312480584284,production-floor | production-no-floor | raw | shrink,352978464 | 1910947129 | 1910947129 | 1910947129
30b,217312480584285,production-floor | production-no-floor | raw | shrink,352978464 | 1910947129 | 1314685080 | 1910947129
30b,217312480584286,production-floor | production-no-floor | raw | shrink,352978464 | 1910947129 | 1910947129 | 1910947129
30b,217312480584287,production-floor | production-no-floor | raw | shrink,352978464 | -1031970200 | 1314685080 | -1031970200
30b,217312480584288,production-floor | production-no-floor | raw | shrink,352978464 | -1031970200 | 1910947129 | -1031970200
30b,217312480584289,production-floor | production-no-floor | raw | shrink,352978464 | 1910947129 | 1910947129 | 1910947129
30b,217312480584290,production-floor | production-no-floor | raw | shrink,352978464 | 1910947129 | 1910947129 | 1910947129
30b,217312480584291,production-floor | production-no-floor | raw | shrink,352978464 | 1910947129 | 1910947129 | 1910947129
30b,217312480584292,production-floor | production-no-floor | raw | shrink,352978464 | 1910947129 | 1910947129 | 1910947129
30b,217312480584294,production-floor | production-no-floor | raw | shrink,352978464 | 1910947129 | 1910947129 | 1910947129
30b,217312480584295,production-floor | production-no-floor | raw | shrink,-939410790 | 1910947129 | 1402943387 | 1910947129
30b,217312480584296,production-floor | production-no-floor | raw | shrink,352978464 | 1910947129 | 1910947129 | 1910947129
30b,217312480584297,production-floor | production-no-floor | raw | shrink,352978464 | -1031970200 | 1910947129 | -1031970200
30b,217312480584298,production-floor | production-no-floor | raw | shrink,352978464 | 1910947129 | 1910947129 | 1910947129
30b,217312480584299,production-floor | production-no-floor | raw | shrink,352978464 | 1910947129 | 1910947129 | 1910947129
30b,217312480584300,production-floor | production-no-floor | raw | shrink,352978464 | 1910947129 | 1910947129 | 1910947129
30b,217312480584301,production-floor | production-no-floor | raw | shrink,352978464 | 1910947129 | 1910947129 | 1910947129
30b,217312480584302,production-floor | production-no-floor | raw | shrink,352978464 | 1910947129 | 1910947129 | 1910947129
30b,217312480584303,production-floor | production-no-floor | raw | shrink,352978464 | 1910947129 | 1910947129 | 1910947129
30b,217312480584304,production-floor | production-no-floor | raw | shrink,352978464 | -1031970200 | 1910947129 | -1031970200
30b,217312480584305,production-floor | production-no-floor | raw | shrink,352978464 | 1910947129 | 1910947129 | 1910947129
30b,217312480584306,production-floor | production-no-floor | raw | shrink,352978464 | -1031970200 | 1910947129 | -1031970200
30b,217312480584307,production-floor | production-no-floor | raw | shrink,352978464 | 1910947129 | 1910947129 | 1910947129
30b,217312480584308,production-floor | production-no-floor | raw | shrink,352978464 | -1031970200 | 1910947129 | -1031970200
30b,217312480584309,production-floor | production-no-floor | raw | shrink,352978464 | 1910947129 | 1910947129 | 1910947129
30b,217312480584310,production-floor | production-no-floor | raw | shrink,352978464 | 1910947129 | 1910947129 | 1910947129
30b,217312480584311,production-floor | production-no-floor | raw | shrink,352978464 | 1910947129 | 1910947129 | 1910947129
30b,217312480584312,production-floor | production-no-floor | raw | shrink,1048534400 | 1910947129 | -2021406120 | 1910947129
30b,217312480584313,production-floor | production-no-floor | raw | shrink,352978464 | 1910947129 | 1910947129 | 1910947129
30b,217312480584314,production-floor | production-no-floor | raw | shrink,352978464 | -1031970200 | 1910947129 | -1031970200
30b,217312480584315,production-floor | production-no-floor | raw | shrink,352978464 | 1910947129 | 1910947129 | 1910947129
30b,217312480584316,production-floor | production-no-floor | raw | shrink,352978464 | 1910947129 | 1910947129 | 1910947129
30b,217312480584317,production-floor | production-no-floor | raw | shrink,352978464 | 1910947129 | 1910947129 | 1910947129
30b,217312480584318,production-floor | production-no-floor | raw | shrink,352978464 | -1031970200 | 1314685080 | -1031970200
30b,217312480584319,production-floor | production-no-floor | raw | shrink,352978464 | -1031970200 | 1910947129 | -1031970200
30b,217312480587137,production-floor | production-no-floor | raw | shrink,-939410790 | 1910947129 | 1745057228 | 1910947129
30b,217312480587140,production-floor | production-no-floor | raw | shrink,352978464 | -1031970200 | 1314685080 | -1031970200
30b,217312480587141,production-floor | production-no-floor | raw | shrink,352978464 | -1031970200 | 1910947129 | -1031970200
30b,217312480587142,production-floor | production-no-floor | raw | shrink,352978464 | -1031970200 | 1314685080 | -1031970200
30b,217312480587143,production-floor | production-no-floor | raw | shrink,352978464 | 1910947129 | 1910947129 | 1910947129
30b,217312480587168,production-floor | production-no-floor | raw | shrink,352978464 | 1910947129 | 1910947129 | 1910947129
30b,217312480587169,production-floor | production-no-floor | raw | shrink,352978464 | -1031970200 | 1910947129 | -1031970200
30b,217312480587170,production-floor | production-no-floor | raw | shrink,352978464 | -1031970200 | 1910947129 | -1031970200
30b,217312480587171,production-floor | production-no-floor | raw | shrink,352978464 | -1031970200 | -461427698 | -1031970200
30b,217312480587172,production-floor | production-no-floor | raw | shrink,352978464 | 1910947129 | 1910947129 | 1910947129
30b,217312480587173,production-floor | production-no-floor | raw | shrink,352978464 | -1031970200 | 1910947129 | -1031970200
30b,217312480587174,production-floor | production-no-floor | raw | shrink,352978464 | 1910947129 | 1910947129 | 1910947129
30b,217312480587175,production-floor | production-no-floor | raw | shrink,352978464 | 1910947129 | 1910947129 | 1910947129
30b,217312480587176,production-floor | production-no-floor | raw | shrink,352978464 | -1031970200 | 1314685080 | -1031970200
30b,217312480587177,production-floor | production-no-floor | raw | shrink,352978464 | -1031970200 | 1910947129 | -1031970200
30b,217312480587178,production-floor | production-no-floor | raw | shrink,352978464 | 1910947129 | 1910947129 | 1910947129
30b,217312480587179,production-floor | production-no-floor | raw | shrink,352978464 | 1910947129 | 1910947129 | 1910947129
30b,217312480587180,production-floor | production-no-floor | raw | shrink,352978464 | 1910947129 | 1910947129 | 1910947129
30b,217312480587181,production-floor | production-no-floor | raw | shrink,352978464 | 1910947129 | 1910947129 | 1910947129
30b,217312480587182,production-floor | production-no-floor | raw | shrink,352978464 | 1910947129 | 1910947129 | 1910947129
30b,217312480587183,production-floor | production-no-floor | raw | shrink,352978464 | 1910947129 | 1314685080 | 1910947129
30b,217312480587184,production-floor | production-no-floor | raw | shrink,352978464 | -1031970200 | 1910947129 | -1031970200
30b,217312480587185,production-floor | production-no-floor | raw | shrink,352978464 | -1031970200 | 1910947129 | -1031970200
30b,217312480587186,production-floor | production-no-floor | raw | shrink,352978464 | -1031970200 | 1910947129 | -1031970200
30b,217312480587187,production-floor | production-no-floor | raw | shrink,352978464 | 1910947129 | 1910947129 | 1910947129
30b,217312480587188,production-floor | production-no-floor | raw | shrink,352978464 | -1031970200 | 1910947129 | -1031970200
30b,217312480587189,production-floor | production-no-floor | raw | shrink,781916712 | 1910947129 | 1278165864 | 1910947129
30b,217312480587190,production-floor | production-no-floor | raw | shrink,-1787531024 | 1910947129 | 1402943387 | 1910947129
30b,217312480587191,production-floor | production-no-floor | raw | shrink,352978464 | -1031970200 | 1910947129 | -1031970200
30b,217312480587192,production-floor | production-no-floor | raw | shrink,352978464 | -1031970200 | 1910947129 | -1031970200
30b,217312480587193,production-floor | production-no-floor | raw | shrink,352978464 | -1031970200 | 1910947129 | -1031970200
30b,217312480587194,production-floor | production-no-floor | raw | shrink,352978464 | 1910947129 | 1910947129 | 1910947129
30b,217312480587195,production-floor | production-no-floor | raw | shrink,352978464 | 1910947129 | 1910947129 | 1910947129
30b,217312480587196,production-floor | production-no-floor | raw | shrink,352978464 | 1910947129 | 1910947129 | 1910947129
30b,217312480587197,production-floor | production-no-floor | raw | shrink,352978464 | -1031970200 | 1910947129 | -1031970200
30b,217312480587198,production-floor | production-no-floor | raw | shrink,352978464 | 1910947129 | 1910947129 | 1910947129
30b,217312480587199,production-floor | production-no-floor | raw | shrink,352978464 | 1910947129 | 1314685080 | 1910947129
30c,217316775551552,production-floor | production-no-floor | raw | shrink,-1836733028 | -804478301 | -1451103391 | -804478301
30c,217316775551553,production-floor | production-no-floor | raw | shrink,-1836733028 | -804478301 | -1451103391 | -804478301
30c,217316775551554,production-floor | production-no-floor | raw | shrink,-1836733028 | -804478301 | -1451103391 | -804478301
30c,217316775551555,production-floor | production-no-floor | raw | shrink,-1836733028 | -804478301 | -1451103391 | -804478301
30c,217316775551556,production-floor | production-no-floor | raw | shrink,-1836733028 | -804478301 | -1451103391 | -804478301
30c,217316775551557,production-floor | production-no-floor | raw | shrink,-1836733028 | -804478301 | -1451103391 | -804478301
30c,217316775551558,production-floor | production-no-floor | raw | shrink,-1836733028 | -804478301 | -1451103391 | -804478301
30c,217316775551559,production-floor | production-no-floor | raw | shrink,-1836733028 | -804478301 | -1451103391 | -804478301
30c,217316775551560,production-floor | production-no-floor | raw | shrink,-1836733028 | -804478301 | -1451103391 | -804478301
30c,217316775551561,production-floor | production-no-floor | raw | shrink,-1836733028 | -804478301 | -1451103391 | -804478301
30c,217316775551562,production-floor | production-no-floor | raw | shrink,-1836733028 | -804478301 | -1451103391 | -804478301
30c,217316775551563,production-floor | production-no-floor | raw | shrink,-1836733028 | -804478301 | -1451103391 | -804478301
30c,217316775551564,production-floor | production-no-floor | raw | shrink,-1836733028 | -804478301 | -1451103391 | -804478301
30c,217316775551565,production-floor | production-no-floor | raw | shrink,-1836733028 | -804478301 | -1451103391 | -804478301
30c,217316775551566,production-floor | production-no-floor | raw | shrink,-1836733028 | -804478301 | -1451103391 | -804478301
30c,217316775551567,production-floor | production-no-floor | raw | shrink,-1836733028 | -804478301 | -1451103391 | -804478301
30c,217316775551568,production-floor | production-no-floor | raw | shrink,-1836733028 | -804478301 | -1451103391 | -804478301
30c,217316775551569,production-floor | production-no-floor | raw | shrink,-1836733028 | -804478301 | -1451103391 | -804478301
30c,217316775551570,production-floor | production-no-floor | raw | shrink,-1836733028 | -804478301 | -1451103391 | -804478301
30c,217316775551571,production-floor | production-no-floor | raw | shrink,-1836733028 | -804478301 | -1451103391 | -804478301
30c,217316775551572,production-floor | production-no-floor | raw | shrink,-1836733028 | -804478301 | -1451103391 | -804478301
30c,217316775551573,production-floor | production-no-floor | raw | shrink,-1836733028 | -804478301 | -1451103391 | -804478301
30c,217316775551574,production-floor | production-no-floor | raw | shrink,-1836733028 | -804478301 | -1451103391 | -804478301
30c,217316775551575,production-floor | production-no-floor | raw | shrink,-1836733028 | -804478301 | -1451103391 | -804478301
30c,217316775551576,production-floor | production-no-floor | raw | shrink,-1836733028 | -804478301 | -1451103391 | -804478301
30c,217316775551577,production-floor | production-no-floor | raw | shrink,-1836733028 | -804478301 | -1451103391 | -804478301
30c,217316775551578,production-floor | production-no-floor | raw | shrink,-1836733028 | -804478301 | -1451103391 | -804478301
30c,217316775551579,production-floor | production-no-floor | raw | shrink,-1836733028 | -804478301 | -1451103391 | -804478301
30c,217316775551580,production-floor | production-no-floor | raw | shrink,-1836733028 | -804478301 | -1451103391 | -804478301
30c,217316775551581,production-floor | production-no-floor | raw | shrink,-1836733028 | -804478301 | -1451103391 | -804478301
30c,217316775551582,production-floor | production-no-floor | raw | shrink,-1836733028 | -804478301 | -1451103391 | -804478301
30c,217316775551583,production-floor | production-no-floor | raw | shrink,-1836733028 | -804478301 | -1451103391 | -804478301
30c,217316775551584,production-floor | production-no-floor | raw | shrink,-1836733028 | -804478301 | -1451103391 | -804478301
30c,217316775551585,production-floor | production-no-floor | raw | shrink,-1836733028 | -804478301 | -1451103391 | -804478301
30c,217316775551586,production-floor | production-no-floor | raw | shrink,-1836733028 | -804478301 | -1451103391 | -804478301
30c,217316775551587,production-floor | production-no-floor | raw | shrink,-1836733028 | -804478301 | -1451103391 | -804478301
30c,217316775551588,production-floor | production-no-floor | raw | shrink,-1836733028 | -804478301 | -1451103391 | -804478301
30c,217316775551589,production-floor | production-no-floor | raw | shrink,-1836733028 | -804478301 | -1451103391 | -804478301
30c,217316775551591,production-floor | production-no-floor | raw | shrink,-1836733028 | -804478301 | -1451103391 | -804478301
30c,217316775551592,production-floor | production-no-floor | raw | shrink,-1836733028 | -804478301 | -1451103391 | -804478301
30c,217316775551593,production-floor | production-no-floor | raw | shrink,-1836733028 | -804478301 | -1451103391 | -804478301
30c,217316775551594,production-floor | production-no-floor | raw | shrink,-1836733028 | -804478301 | -1451103391 | -804478301
30c,217316775551595,production-floor | production-no-floor | raw | shrink,-1836733028 | -804478301 | -1451103391 | -804478301
30c,217316775551596,production-floor | production-no-floor | raw | shrink,-450381402 | -804478301 | -146736928 | -804478301
30c,217316775551597,production-floor | production-no-floor | raw | shrink,-1836733028 | -804478301 | -1451103391 | -804478301
30c,217316775551598,production-floor | production-no-floor | raw | shrink,-1836733028 | -804478301 | -1451103391 | -804478301
30c,217316775551599,production-floor | production-no-floor | raw | shrink,-1836733028 | -804478301 | -1451103391 | -804478301
30c,217316775551600,production-floor | production-no-floor | raw | shrink,-1836733028 | -804478301 | -1451103391 | -804478301
30c,217316775551601,production-floor | production-no-floor | raw | shrink,-1836733028 | -804478301 | -1451103391 | -804478301
30c,217316775551602,production-floor | production-no-floor | raw | shrink,-1836733028 | -804478301 | -1451103391 | -804478301
30c,217316775551603,production-floor | production-no-floor | raw | shrink,-1836733028 | -804478301 | -1451103391 | -804478301
30c,217316775551604,production-floor | production-no-floor | raw | shrink,-1836733028 | -804478301 | -1451103391 | -804478301
30c,217316775551605,production-floor | production-no-floor | raw | shrink,-1836733028 | -804478301 | -1451103391 | -804478301
30c,217316775551606,production-floor | production-no-floor | raw | shrink,-1836733028 | -804478301 | -1451103391 | -804478301
30c,217316775551607,production-floor | production-no-floor | raw | shrink,-1836733028 | -804478301 | -1451103391 | -804478301
30c,217316775551608,production-floor | production-no-floor | raw | shrink,-1836733028 | -804478301 | -1451103391 | -804478301
30c,217316775551609,production-floor | production-no-floor | raw | shrink,-1836733028 | -804478301 | -1451103391 | -804478301
30c,217316775551610,production-floor | production-no-floor | raw | shrink,-450381402 | -804478301 | -146736928 | -804478301
30c,217316775551611,production-floor | production-no-floor | raw | shrink,-1836733028 | -804478301 | -1451103391 | -804478301
30c,217316775551612,production-floor | production-no-floor | raw | shrink,-1836733028 | -804478301 | -1451103391 | -804478301
30c,217316775551613,production-floor | production-no-floor | raw | shrink,-1836733028 | -804478301 | -1451103391 | -804478301
30c,217316775551614,production-floor | production-no-floor | raw | shrink,-1836733028 | -804478301 | -1451103391 | -804478301
30c,217316775551615,production-floor | production-no-floor | raw | shrink,-1836733028 | -804478301 | -1451103391 | -804478301
30c,217316775554434,production-floor | production-no-floor | raw | shrink,-1836733028 | -804478301 | -1451103391 | -804478301
30c,217316775554436,production-floor | production-no-floor | raw | shrink,-1836733028 | -804478301 | -1451103391 | -804478301
30c,217316775554437,production-floor | production-no-floor | raw | shrink,-1836733028 | -804478301 | -1451103391 | -804478301
30c,217316775554438,production-floor | production-no-floor | raw | shrink,-1836733028 | -804478301 | -1451103391 | -804478301
30c,217316775554439,production-floor | production-no-floor | raw | shrink,-1836733028 | -804478301 | -1451103391 | -804478301
30c,217316775554464,production-floor | production-no-floor | raw | shrink,-1836733028 | -804478301 | -1451103391 | -804478301
30c,217316775554465,production-floor | production-no-floor | raw | shrink,-1836733028 | -804478301 | -1451103391 | -804478301
30c,217316775554466,production-floor | production-no-floor | raw | shrink,-1836733028 | -804478301 | -1451103391 | -804478301
30c,217316775554467,production-floor | production-no-floor | raw | shrink,-1836733028 | -804478301 | -1451103391 | -804478301
30c,217316775554468,production-floor | production-no-floor | raw | shrink,-1836733028 | -804478301 | -1451103391 | -804478301
30c,217316775554469,production-floor | production-no-floor | raw | shrink,-1836733028 | -804478301 | -1451103391 | -804478301
30c,217316775554470,production-floor | production-no-floor | raw | shrink,-1836733028 | -804478301 | -1451103391 | -804478301
30c,217316775554471,production-floor | production-no-floor | raw | shrink,-1836733028 | -804478301 | -1451103391 | -804478301
30c,217316775554472,production-floor | production-no-floor | raw | shrink,-1836733028 | -804478301 | -1451103391 | -804478301
30c,217316775554473,production-floor | production-no-floor | raw | shrink,-1836733028 | -804478301 | -1451103391 | -804478301
30c,217316775554474,production-floor | production-no-floor | raw | shrink,-1836733028 | -804478301 | -1451103391 | -804478301
30c,217316775554475,production-floor | production-no-floor | raw | shrink,-1836733028 | -804478301 | -1451103391 | -804478301
30c,217316775554476,production-floor | production-no-floor | raw | shrink,-1836733028 | -804478301 | -1451103391 | -804478301
30c,217316775554477,production-floor | production-no-floor | raw | shrink,-1836733028 | -804478301 | -1451103391 | -804478301
30c,217316775554478,production-floor | production-no-floor | raw | shrink,-1836733028 | -804478301 | -1451103391 | -804478301
30c,217316775554479,production-floor | production-no-floor | raw | shrink,-1836733028 | -804478301 | -1451103391 | -804478301
30c,217316775554480,production-floor | production-no-floor | raw | shrink,-1836733028 | -804478301 | -1451103391 | -804478301
30c,217316775554481,production-floor | production-no-floor | raw | shrink,-1836733028 | -804478301 | -1451103391 | -804478301
30c,217316775554482,production-floor | production-no-floor | raw | shrink,-1836733028 | -804478301 | -1451103391 | -804478301
30c,217316775554483,production-floor | production-no-floor | raw | shrink,-1836733028 | -804478301 | -1451103391 | -804478301
30c,217316775554484,production-floor | production-no-floor | raw | shrink,-1836733028 | -804478301 | -1451103391 | -804478301
30c,217316775554485,production-floor | production-no-floor | raw | shrink,-1836733028 | -804478301 | -1451103391 | -804478301
30c,217316775554486,production-floor | production-no-floor | raw | shrink,-1836733028 | -804478301 | -1451103391 | -804478301
30c,217316775554487,production-floor | production-no-floor | raw | shrink,-1836733028 | -804478301 | -1451103391 | -804478301
30c,217316775554488,production-floor | production-no-floor | raw | shrink,-1836733028 | -804478301 | -1451103391 | -804478301
30c,217316775554489,production-floor | production-no-floor | raw | shrink,-1836733028 | -804478301 | -1451103391 | -804478301
30c,217316775554490,production-floor | production-no-floor | raw | shrink,-1836733028 | -804478301 | -1451103391 | -804478301
30c,217316775554491,production-floor | production-no-floor | raw | shrink,-1836733028 | -804478301 | -1451103391 | -804478301
30c,217316775554492,production-floor | production-no-floor | raw | shrink,-450381402 | -804478301 | -146736928 | -804478301
30c,217316775554493,production-floor | production-no-floor | raw | shrink,-1836733028 | -804478301 | -1451103391 | -804478301
30c,217316775554494,production-floor | production-no-floor | raw | shrink,-450381402 | 1235453522 | -146736928 | 1235453522
30c,217316775554495,production-floor | production-no-floor | raw | shrink,-1836733028 | -804478301 | -1451103391 | -804478301
31a,217441329603072,production-floor | production-no-floor | raw | shrink,-1860427610 | 499229554 | 2133672151 | 499229554
31a,217441329603073,production-floor | production-no-floor | raw | shrink,-1860427610 | 499229554 | 2133672151 | 499229554
31a,217441329603074,production-floor | production-no-floor | raw | shrink,-1860427610 | 499229554 | 2133672151 | 499229554
31a,217441329603076,production-floor | production-no-floor | raw | shrink,-1860427610 | 499229554 | 2133672151 | 499229554
31a,217441329603077,production-floor | production-no-floor | raw | shrink,-1860427610 | 499229554 | 2133672151 | 499229554
31a,217441329603078,production-floor | production-no-floor | raw | shrink,-1860427610 | 499229554 | 2133672151 | 499229554
31a,217441329603079,production-floor | production-no-floor | raw | shrink,-1860427610 | 499229554 | 2133672151 | 499229554
31a,217441329603080,production-floor | production-no-floor | raw | shrink,-1860427610 | 499229554 | 2133672151 | 499229554
31a,217441329603081,production-floor | production-no-floor | raw | shrink,-1860427610 | 499229554 | 2133672151 | 499229554
31a,217441329603082,production-floor | production-no-floor | raw | shrink,-1860427610 | 499229554 | 2133672151 | 499229554
31a,217441329603083,production-floor | production-no-floor | raw | shrink,-1860427610 | 499229554 | 2133672151 | 499229554
31a,217441329603084,production-floor | production-no-floor | raw | shrink,-1860427610 | 499229554 | 499229554 | 499229554
31a,217441329603085,production-floor | production-no-floor | raw | shrink,-1860427610 | 499229554 | 2133672151 | 499229554
31a,217441329603086,production-floor | production-no-floor | raw | shrink,-1860427610 | 499229554 | 499229554 | 499229554
31a,217441329603087,production-floor | production-no-floor | raw | shrink,-1860427610 | 499229554 | 2133672151 | 499229554
31a,217441329603088,production-floor | production-no-floor | raw | shrink,-1947248051 | -1719355474 | -1719355474 | -1719355474
31a,217441329603089,production-floor | production-no-floor | raw | shrink,-1860427610 | 499229554 | 2133672151 | 499229554
31a,217441329603090,production-floor | production-no-floor | raw | shrink,-1947248051 | 499229554 | 615050969 | 499229554
31a,217441329603091,production-floor | production-no-floor | raw | shrink,-1860427610 | 499229554 | 2133672151 | 499229554
31a,217441329603092,production-floor | production-no-floor | raw | shrink,-1860427610 | 499229554 | 2133672151 | 499229554
31a,217441329603093,production-floor | production-no-floor | raw | shrink,-1860427610 | 499229554 | 2133672151 | 499229554
31a,217441329603094,production-floor | production-no-floor | raw | shrink,-1860427610 | 499229554 | 2133672151 | 499229554
31a,217441329603095,production-floor | production-no-floor | raw | shrink,-1860427610 | 499229554 | 2133672151 | 499229554
31a,217441329603096,production-floor | production-no-floor | raw | shrink,-1860427610 | 499229554 | 2133672151 | 499229554
31a,217441329603097,production-floor | production-no-floor | raw | shrink,-1860427610 | 499229554 | 2133672151 | 499229554
31a,217441329603098,production-floor | production-no-floor | raw | shrink,-1947248051 | -1719355474 | 615050969 | -1719355474
31a,217441329603099,production-floor | production-no-floor | raw | shrink,-1947248051 | -1719355474 | -1719355474 | -1719355474
31a,217441329603100,production-floor | production-no-floor | raw | shrink,-1860427610 | 499229554 | 2133672151 | 499229554
31a,217441329603101,production-floor | production-no-floor | raw | shrink,-1860427610 | 499229554 | 2133672151 | 499229554
31a,217441329603102,production-floor | production-no-floor | raw | shrink,-1860427610 | 499229554 | 2133672151 | 499229554
31a,217441329603103,production-floor | production-no-floor | raw | shrink,-1860427610 | 499229554 | 2133672151 | 499229554
31a,217441329603104,production-floor | production-no-floor | raw | shrink,-1860427610 | 499229554 | 2133672151 | 499229554
31a,217441329603105,production-floor | production-no-floor | raw | shrink,-1860427610 | 499229554 | 2133672151 | 499229554
31a,217441329603106,production-floor | production-no-floor | raw | shrink,-1860427610 | 499229554 | 2133672151 | 499229554
31a,217441329603107,production-floor | production-no-floor | raw | shrink,-1860427610 | 499229554 | 2133672151 | 499229554
31a,217441329603108,production-floor | production-no-floor | raw | shrink,-1860427610 | 499229554 | 2133672151 | 499229554
31a,217441329603109,production-floor | production-no-floor | raw | shrink,-1860427610 | 499229554 | 2133672151 | 499229554
31a,217441329603110,production-floor | production-no-floor | raw | shrink,-1860427610 | 499229554 | 2133672151 | 499229554
31a,217441329603111,production-floor | production-no-floor | raw | shrink,-1860427610 | 499229554 | 2133672151 | 499229554
31a,217441329603112,production-floor | production-no-floor | raw | shrink,-1860427610 | 499229554 | 2133672151 | 499229554
31a,217441329603113,production-floor | production-no-floor | raw | shrink,-1860427610 | 499229554 | 2133672151 | 499229554
31a,217441329603114,production-floor | production-no-floor | raw | shrink,-1860427610 | 499229554 | 2133672151 | 499229554
31a,217441329603115,production-floor | production-no-floor | raw | shrink,-1860427610 | 499229554 | 2133672151 | 499229554
31a,217441329603116,production-floor | production-no-floor | raw | shrink,-1860427610 | 499229554 | 2133672151 | 499229554
31a,217441329603117,production-floor | production-no-floor | raw | shrink,-1860427610 | 499229554 | 2133672151 | 499229554
31a,217441329603118,production-floor | production-no-floor | raw | shrink,-1860427610 | 499229554 | 2133672151 | 499229554
31a,217441329603119,production-floor | production-no-floor | raw | shrink,-1860427610 | 499229554 | 2133672151 | 499229554
31a,217441329603120,production-floor | production-no-floor | raw | shrink,-1860427610 | 499229554 | 2133672151 | 499229554
31a,217441329603121,production-floor | production-no-floor | raw | shrink,-1860427610 | 499229554 | 2133672151 | 499229554
31a,217441329603122,production-floor | production-no-floor | raw | shrink,-1860427610 | 499229554 | 499229554 | 499229554
31a,217441329603123,production-floor | production-no-floor | raw | shrink,-1947248051 | 499229554 | 615050969 | 499229554
31a,217441329603124,production-floor | production-no-floor | raw | shrink,-1860427610 | 499229554 | 2133672151 | 499229554
31a,217441329603125,production-floor | production-no-floor | raw | shrink,-1860427610 | 499229554 | 2133672151 | 499229554
31a,217441329603126,production-floor | production-no-floor | raw | shrink,-1860427610 | 499229554 | 2133672151 | 499229554
31a,217441329603127,production-floor | production-no-floor | raw | shrink,-1860427610 | 499229554 | 2133672151 | 499229554
31a,217441329603128,production-floor | production-no-floor | raw | shrink,-1860427610 | 499229554 | 2133672151 | 499229554
31a,217441329603129,production-floor | production-no-floor | raw | shrink,-1860427610 | 499229554 | 2133672151 | 499229554
31a,217441329603130,production-floor | production-no-floor | raw | shrink,-1860427610 | 499229554 | 2133672151 | 499229554
31a,217441329603131,production-floor | production-no-floor | raw | shrink,-1860427610 | 499229554 | 2133672151 | 499229554
31a,217441329603132,production-floor | production-no-floor | raw | shrink,-1860427610 | 499229554 | 2133672151 | 499229554
31a,217441329603133,production-floor | production-no-floor | raw | shrink,-1860427610 | 499229554 | 2133672151 | 499229554
31a,217441329603134,production-floor | production-no-floor | raw | shrink,-1860427610 | 499229554 | 2133672151 | 499229554
31a,217441329603135,production-floor | production-no-floor | raw | shrink,-1860427610 | 499229554 | 2133672151 | 499229554
31a,217441329606080,production-floor | production-no-floor | raw | shrink,-1860427610 | 499229554 | 2133672151 | 499229554
31a,217441329606081,production-floor | production-no-floor | raw | shrink,-1860427610 | 499229554 | 2133672151 | 499229554
31a,217441329606082,production-floor | production-no-floor | raw | shrink,-1860427610 | 499229554 | 2133672151 | 499229554
31a,217441329606083,production-floor | production-no-floor | raw | shrink,-1860427610 | 499229554 | 2133672151 | 499229554
31a,217441329606084,production-floor | production-no-floor | raw | shrink,-1860427610 | 499229554 | 2133672151 | 499229554
31a,217441329606085,production-floor | production-no-floor | raw | shrink,-1860427610 | 499229554 | 2133672151 | 499229554
31a,217441329606086,production-floor | production-no-floor | raw | shrink,-1860427610 | 499229554 | -1553513961 | 499229554
31a,217441329606087,production-floor | production-no-floor | raw | shrink,-1860427610 | 499229554 | 2133672151 | 499229554
31a,217441329606088,production-floor | production-no-floor | raw | shrink,-1860427610 | 499229554 | 2133672151 | 499229554
31a,217441329606089,production-floor | production-no-floor | raw | shrink,-1860427610 | 499229554 | 2133672151 | 499229554
31a,217441329606090,production-floor | production-no-floor | raw | shrink,-1860427610 | 499229554 | 2133672151 | 499229554
31a,217441329606091,production-floor | production-no-floor | raw | shrink,-1860427610 | 499229554 | 2133672151 | 499229554
31a,217441329606092,production-floor | production-no-floor | raw | shrink,-1860427610 | 499229554 | 2133672151 | 499229554
31a,217441329606093,production-floor | production-no-floor | raw | shrink,-1860427610 | 499229554 | 2133672151 | 499229554
31a,217441329606094,production-floor | production-no-floor | raw | shrink,-1860427610 | 499229554 | 2133672151 | 499229554
31a,217441329606095,production-floor | production-no-floor | raw | shrink,-1860427610 | 499229554 | 2133672151 | 499229554
31a,217441329606096,production-floor | production-no-floor | raw | shrink,-1860427610 | 499229554 | 2133672151 | 499229554
31a,217441329606097,production-floor | production-no-floor | raw | shrink,-1860427610 | 499229554 | 2133672151 | 499229554
31a,217441329606098,production-floor | production-no-floor | raw | shrink,-1860427610 | 499229554 | 2133672151 | 499229554
31a,217441329606099,production-floor | production-no-floor | raw | shrink,-1860427610 | 499229554 | 2133672151 | 499229554
31a,217441329606100,production-floor | production-no-floor | raw | shrink,-1860427610 | 499229554 | 2133672151 | 499229554
31a,217441329606101,production-floor | production-no-floor | raw | shrink,-1860427610 | 499229554 | 499229554 | 499229554
31a,217441329606102,production-floor | production-no-floor | raw | shrink,-1947248051 | -1719355474 | 615050969 | -1719355474
31a,217441329606103,production-floor | production-no-floor | raw | shrink,-1860427610 | 499229554 | 2133672151 | 499229554
31a,217441329606104,production-floor | production-no-floor | raw | shrink,-1860427610 | 499229554 | 2133672151 | 499229554
31a,217441329606105,production-floor | production-no-floor | raw | shrink,-1860427610 | 499229554 | 2133672151 | 499229554
31a,217441329606106,production-floor | production-no-floor | raw | shrink,-1860427610 | 499229554 | 2133672151 | 499229554
31a,217441329606107,production-floor | production-no-floor | raw | shrink,-1860427610 | 499229554 | 2133672151 | 499229554
31a,217441329606108,production-floor | production-no-floor | raw | shrink,-1860427610 | 499229554 | 2133672151 | 499229554
31a,217441329606109,production-floor | production-no-floor | raw | shrink,-1860427610 | 499229554 | 2133672151 | 499229554
31a,217441329606110,production-floor | production-no-floor | raw | shrink,-1860427610 | 499229554 | 2133672151 | 499229554
31a,217441329606111,production-floor | production-no-floor | raw | shrink,-1860427610 | 499229554 | 2133672151 | 499229554
31a,217441329606112,production-floor | production-no-floor | raw | shrink,-1860427610 | 499229554 | 2133672151 | 499229554
31a,217441329606113,production-floor | production-no-floor | raw | shrink,-1860427610 | 499229554 | 2133672151 | 499229554
31a,217441329606114,production-floor | production-no-floor | raw | shrink,-1860427610 | 499229554 | 2133672151 | 499229554
31a,217441329606115,production-floor | production-no-floor | raw | shrink,-1860427610 | 499229554 | 2133672151 | 499229554
31a,217441329606119,production-floor | production-no-floor | raw | shrink,-1860427610 | 499229554 | 2133672151 | 499229554
31b,217445624570368,production-floor | production-no-floor | raw | shrink,1092791141 | -744571733 | -744571733 | -744571733
31b,217445624570369,production-floor | production-no-floor | raw | shrink,1092791141 | -1529700024 | -744571733 | -1529700024
31b,217445624570370,production-floor | production-no-floor | raw | shrink,1092791141 | -744571733 | -744571733 | -744571733
31b,217445624570371,production-floor | production-no-floor | raw | shrink,1092791141 | -536655723 | -744571733 | -536655723
31b,217445624570373,production-floor | production-no-floor | raw | shrink,1092791141 | -536655723 | 1691909910 | -536655723
31b,217445624570374,production-floor | production-no-floor | raw | shrink,1092791141 | -744571733 | -744571733 | -744571733
31b,217445624570375,production-floor | production-no-floor | raw | shrink,1092791141 | -536655723 | -744571733 | -536655723
31b,217445624570376,production-floor | production-no-floor | raw | shrink,1092791141 | -744571733 | -744571733 | -744571733
31b,217445624570377,production-floor | production-no-floor | raw | shrink,1092791141 | -744571733 | -744571733 | -744571733
31b,217445624570378,production-floor | production-no-floor | raw | shrink,1092791141 | -744571733 | -744571733 | -744571733
31b,217445624570379,production-floor | production-no-floor | raw | shrink,-1877702195 | -744571733 | -281228033 | -744571733
31b,217445624570380,production-floor | production-no-floor | raw | shrink,1092791141 | -744571733 | -744571733 | -744571733
31b,217445624570381,production-floor | production-no-floor | raw | shrink,1092791141 | -744571733 | -744571733 | -744571733
31b,217445624570382,production-floor | production-no-floor | raw | shrink,1092791141 | -744571733 | -1700081200 | -744571733
31b,217445624570383,production-floor | production-no-floor | raw | shrink,1092791141 | -744571733 | -744571733 | -744571733
31b,217445624570384,production-floor | production-no-floor | raw | shrink,1092791141 | -744571733 | -744571733 | -744571733
31b,217445624570385,production-floor | production-no-floor | raw | shrink,1092791141 | -536655723 | -744571733 | -536655723
31b,217445624570386,production-floor | production-no-floor | raw | shrink,1092791141 | -536655723 | -744571733 | -536655723
31b,217445624570387,production-floor | production-no-floor | raw | shrink,1092791141 | -536655723 | -744571733 | -536655723
31b,217445624570388,production-floor | production-no-floor | raw | shrink,1092791141 | -744571733 | -744571733 | -744571733
31b,217445624570389,production-floor | production-no-floor | raw | shrink,1092791141 | -744571733 | -744571733 | -744571733
31b,217445624570390,production-floor | production-no-floor | raw | shrink,1092791141 | -536655723 | -994589333 | -536655723
31b,217445624570391,production-floor | production-no-floor | raw | shrink,1092791141 | -744571733 | -744571733 | -744571733
31b,217445624570392,production-floor | production-no-floor | raw | shrink,1092791141 | -536655723 | 1691909910 | -536655723
31b,217445624570393,production-floor | production-no-floor | raw | shrink,1092791141 | -744571733 | -744571733 | -744571733
31b,217445624570394,production-floor | production-no-floor | raw | shrink,1092791141 | -744571733 | -744571733 | -744571733
31b,217445624570395,production-floor | production-no-floor | raw | shrink,1092791141 | -744571733 | -744571733 | -744571733
31b,217445624570396,production-floor | production-no-floor | raw | shrink,1092791141 | -744571733 | -744571733 | -744571733
31b,217445624570397,production-floor | production-no-floor | raw | shrink,1092791141 | -744571733 | 1691909910 | -744571733
31b,217445624570398,production-floor | production-no-floor | raw | shrink,1092791141 | -744571733 | -744571733 | -744571733
31b,217445624570399,production-floor | production-no-floor | raw | shrink,1092791141 | -1529700024 | -744571733 | -1529700024
31b,217445624570400,production-floor | production-no-floor | raw | shrink,1092791141 | -536655723 | -744571733 | -536655723
31b,217445624570401,production-floor | production-no-floor | raw | shrink,1092791141 | -536655723 | -744571733 | -536655723
31b,217445624570402,production-floor | production-no-floor | raw | shrink,1092791141 | -744571733 | -1700081200 | -744571733
31b,217445624570403,production-floor | production-no-floor | raw | shrink,1092791141 | -744571733 | -744571733 | -744571733
31b,217445624570404,production-floor | production-no-floor | raw | shrink,1092791141 | -744571733 | -744571733 | -744571733
31b,217445624570405,production-floor | production-no-floor | raw | shrink,1092791141 | -744571733 | -744571733 | -744571733
31b,217445624570406,production-floor | production-no-floor | raw | shrink,1092791141 | -536655723 | -744571733 | -536655723
31b,217445624570407,production-floor | production-no-floor | raw | shrink,-1877702195 | -536655723 | -281228033 | -536655723
31b,217445624570408,production-floor | production-no-floor | raw | shrink,1092791141 | -744571733 | -744571733 | -744571733
31b,217445624570409,production-floor | production-no-floor | raw | shrink,1092791141 | -744571733 | -744571733 | -744571733
31b,217445624570410,production-floor | production-no-floor | raw | shrink,1092791141 | -744571733 | -744571733 | -744571733
31b,217445624570411,production-floor | production-no-floor | raw | shrink,1092791141 | -744571733 | -744571733 | -744571733
31b,217445624570412,production-floor | production-no-floor | raw | shrink,1092791141 | -744571733 | -744571733 | -744571733
31b,217445624570413,production-floor | production-no-floor | raw | shrink,1092791141 | -536655723 | -744571733 | -536655723
31b,217445624570414,production-floor | production-no-floor | raw | shrink,1092791141 | -536655723 | -744571733 | -536655723
31b,217445624570415,production-floor | production-no-floor | raw | shrink,1092791141 | -744571733 | -744571733 | -744571733
31b,217445624570416,production-floor | production-no-floor | raw | shrink,1092791141 | -536655723 | -744571733 | -536655723
31b,217445624570417,production-floor | production-no-floor | raw | shrink,1092791141 | -744571733 | -744571733 | -744571733
31b,217445624570418,production-floor | production-no-floor | raw | shrink,1092791141 | 439149451 | -744571733 | 439149451
31b,217445624570419,production-floor | production-no-floor | raw | shrink,194030027 | -744571733 | 1205941623 | -744571733
31b,217445624570420,production-floor | production-no-floor | raw | shrink,1092791141 | -536655723 | 1691909910 | -536655723
31b,217445624570421,production-floor | production-no-floor | raw | shrink,1092791141 | -744571733 | -744571733 | -744571733
31b,217445624570422,production-floor | production-no-floor | raw | shrink,1092791141 | -744571733 | -744571733 | -744571733
31b,217445624570423,production-floor | production-no-floor | raw | shrink,1092791141 | -536655723 | -744571733 | -536655723
31b,217445624570424,production-floor | production-no-floor | raw | shrink,1092791141 | -536655723 | -744571733 | -536655723
31b,217445624570425,production-floor | production-no-floor | raw | shrink,1092791141 | -536655723 | -744571733 | -536655723
31b,217445624570426,production-floor | production-no-floor | raw | shrink,1092791141 | -1529700024 | -744571733 | -1529700024
31b,217445624570427,production-floor | production-no-floor | raw | shrink,1092791141 | -536655723 | -744571733 | -536655723
31b,217445624570428,production-floor | production-no-floor | raw | shrink,1092791141 | -744571733 | -744571733 | -744571733
31b,217445624570429,production-floor | production-no-floor | raw | shrink,730199536 | 1671376112 | 730199536 | 1671376112
31b,217445624570430,production-floor | production-no-floor | raw | shrink,1092791141 | -536655723 | -744571733 | -536655723
31b,217445624570431,production-floor | production-no-floor | raw | shrink,1092791141 | -744571733 | -744571733 | -744571733
31b,217445624573376,production-floor | production-no-floor | raw | shrink,1092791141 | -536655723 | 1691909910 | -536655723
31b,217445624573377,production-floor | production-no-floor | raw | shrink,1092791141 | -536655723 | -994589333 | -536655723
31b,217445624573378,production-floor | production-no-floor | raw | shrink,1092791141 | -744571733 | -744571733 | -744571733
31b,217445624573379,production-floor | production-no-floor | raw | shrink,1092791141 | -536655723 | -281228033 | -536655723
31b,217445624573380,production-floor | production-no-floor | raw | shrink,1092791141 | -744571733 | -744571733 | -744571733
31b,217445624573381,production-floor | production-no-floor | raw | shrink,1092791141 | -536655723 | -994589333 | -536655723
31b,217445624573382,production-floor | production-no-floor | raw | shrink,1092791141 | -744571733 | -744571733 | -744571733
31b,217445624573383,production-floor | production-no-floor | raw | shrink,1092791141 | -536655723 | -744571733 | -536655723
31b,217445624573384,production-floor | production-no-floor | raw | shrink,194030027 | -536655723 | 1205941623 | -536655723
31b,217445624573385,production-floor | production-no-floor | raw | shrink,1092791141 | -536655723 | -744571733 | -536655723
31b,217445624573386,production-floor | production-no-floor | raw | shrink,1092791141 | -744571733 | -744571733 | -744571733
31b,217445624573387,production-floor | production-no-floor | raw | shrink,1092791141 | -744571733 | 1691909910 | -744571733
31b,217445624573388,production-floor | production-no-floor | raw | shrink,1092791141 | -536655723 | -744571733 | -536655723
31b,217445624573389,production-floor | production-no-floor | raw | shrink,1092791141 | -744571733 | -744571733 | -744571733
31b,217445624573390,production-floor | production-no-floor | raw | shrink,1092791141 | -744571733 | 1691909910 | -744571733
31b,217445624573391,production-floor | production-no-floor | raw | shrink,1092791141 | -536655723 | 1691909910 | -536655723
31b,217445624573392,production-floor | production-no-floor | raw | shrink,1092791141 | -536655723 | -744571733 | -536655723
31b,217445624573393,production-floor | production-no-floor | raw | shrink,1092791141 | -744571733 | -744571733 | -744571733
31b,217445624573394,production-floor | production-no-floor | raw | shrink,1333758801 | -79790217 | -79790217 | -79790217
31b,217445624573395,production-floor | production-no-floor | raw | shrink,1092791141 | -744571733 | -744571733 | -744571733
31b,217445624573396,production-floor | production-no-floor | raw | shrink,1092791141 | -744571733 | -606410725 | -744571733
31b,217445624573397,production-floor | production-no-floor | raw | shrink,1092791141 | -536655723 | -606410725 | -536655723
31b,217445624573398,production-floor | production-no-floor | raw | shrink,1092791141 | -744571733 | -744571733 | -744571733
31b,217445624573399,production-floor | production-no-floor | raw | shrink,1092791141 | -744571733 | -744571733 | -744571733
31b,217445624573400,production-floor | production-no-floor | raw | shrink,1092791141 | -536655723 | -744571733 | -536655723
31b,217445624573401,production-floor | production-no-floor | raw | shrink,1092791141 | -536655723 | -744571733 | -536655723
31b,217445624573402,production-floor | production-no-floor | raw | shrink,1092791141 | -744571733 | -744571733 | -744571733
31b,217445624573403,production-floor | production-no-floor | raw | shrink,1092791141 | -536655723 | -744571733 | -536655723
31b,217445624573404,production-floor | production-no-floor | raw | shrink,1092791141 | -744571733 | -744571733 | -744571733
31b,217445624573405,production-floor | production-no-floor | raw | shrink,1092791141 | -744571733 | -744571733 | -744571733
31b,217445624573406,production-floor | production-no-floor | raw | shrink,1092791141 | -536655723 | -744571733 | -536655723
31b,217445624573407,production-floor | production-no-floor | raw | shrink,1092791141 | -744571733 | -744571733 | -744571733
31b,217445624573408,production-floor | production-no-floor | raw | shrink,1092791141 | -744571733 | -744571733 | -744571733
31b,217445624573412,production-floor | production-no-floor | raw | shrink,1092791141 | -744571733 | -744571733 | -744571733
31b,217445624573413,production-floor | production-no-floor | raw | shrink,1092791141 | -536655723 | -744571733 | -536655723
31b,217445624573414,production-floor | production-no-floor | raw | shrink,1092791141 | -744571733 | -744571733 | -744571733
31b,217445624573415,production-floor | production-no-floor | raw | shrink,1092791141 | -744571733 | -744571733 | -744571733
31c,217449919537664,production-floor | production-no-floor | raw | shrink,415261907 | 1346825370 | 1346825370 | 1346825370
31c,217449919537665,production-floor | production-no-floor | raw | shrink,415261907 | 1346825370 | -105956113 | 1346825370
31c,217449919537666,production-floor | production-no-floor | raw | shrink,415261907 | 1346825370 | -105956113 | 1346825370
31c,217449919537667,production-floor | production-no-floor | raw | shrink,415261907 | 1346825370 | -105956113 | 1346825370
31c,217449919537668,production-floor | production-no-floor | raw | shrink,415261907 | 1346825370 | -105956113 | 1346825370
31c,217449919537670,production-floor | production-no-floor | raw | shrink,415261907 | 1346825370 | -105956113 | 1346825370
31c,217449919537671,production-floor | production-no-floor | raw | shrink,415261907 | 1346825370 | -105956113 | 1346825370
31c,217449919537672,production-floor | production-no-floor | raw | shrink,415261907 | 1346825370 | -105956113 | 1346825370
31c,217449919537673,production-floor | production-no-floor | raw | shrink,415261907 | 1346825370 | -105956113 | 1346825370
31c,217449919537674,production-floor | production-no-floor | raw | shrink,415261907 | 1346825370 | 221971867 | 1346825370
31c,217449919537675,production-floor | production-no-floor | raw | shrink,415261907 | 1346825370 | -105956113 | 1346825370
31c,217449919537676,production-floor | production-no-floor | raw | shrink,415261907 | 1346825370 | -105956113 | 1346825370
31c,217449919537677,production-floor | production-no-floor | raw | shrink,415261907 | 1346825370 | -105956113 | 1346825370
31c,217449919537678,production-floor | production-no-floor | raw | shrink,415261907 | 1346825370 | -105956113 | 1346825370
31c,217449919537679,production-floor | production-no-floor | raw | shrink,415261907 | 1346825370 | -105956113 | 1346825370
31c,217449919537680,production-floor | production-no-floor | raw | shrink,415261907 | 1346825370 | 221971867 | 1346825370
31c,217449919537681,production-floor | production-no-floor | raw | shrink,415261907 | 1346825370 | -105956113 | 1346825370
31c,217449919537682,production-floor | production-no-floor | raw | shrink,415261907 | 1346825370 | -105956113 | 1346825370
31c,217449919537683,production-floor | production-no-floor | raw | shrink,415261907 | 1346825370 | -105956113 | 1346825370
31c,217449919537684,production-floor | production-no-floor | raw | shrink,415261907 | 1346825370 | -105956113 | 1346825370
31c,217449919537685,production-floor | production-no-floor | raw | shrink,415261907 | 1346825370 | -105956113 | 1346825370
31c,217449919537686,production-floor | production-no-floor | raw | shrink,415261907 | 1346825370 | -105956113 | 1346825370
31c,217449919537687,production-floor | production-no-floor | raw | shrink,415261907 | 1346825370 | -105956113 | 1346825370
31c,217449919537688,production-floor | production-no-floor | raw | shrink,415261907 | 1346825370 | -105956113 | 1346825370
31c,217449919537689,production-floor | production-no-floor | raw | shrink,415261907 | 1346825370 | -105956113 | 1346825370
31c,217449919537690,production-floor | production-no-floor | raw | shrink,415261907 | 1346825370 | -105956113 | 1346825370
31c,217449919537691,production-floor | production-no-floor | raw | shrink,415261907 | 1346825370 | -105956113 | 1346825370
31c,217449919537692,production-floor | production-no-floor | raw | shrink,415261907 | 1346825370 | 1346825370 | 1346825370
31c,217449919537693,production-floor | production-no-floor | raw | shrink,415261907 | 1346825370 | -105956113 | 1346825370
31c,217449919537694,production-floor | production-no-floor | raw | shrink,415261907 | 1346825370 | -105956113 | 1346825370
31c,217449919537695,production-floor | production-no-floor | raw | shrink,415261907 | 1346825370 | -105956113 | 1346825370
31c,217449919537696,production-floor | production-no-floor | raw | shrink,415261907 | 1346825370 | -105956113 | 1346825370
31c,217449919537697,production-floor | production-no-floor | raw | shrink,415261907 | 1346825370 | 1346825370 | 1346825370
31c,217449919537698,production-floor | production-no-floor | raw | shrink,415261907 | 1346825370 | -105956113 | 1346825370
31c,217449919537699,production-floor | production-no-floor | raw | shrink,415261907 | 1346825370 | -105956113 | 1346825370
31c,217449919537700,production-floor | production-no-floor | raw | shrink,415261907 | 1346825370 | -105956113 | 1346825370
31c,217449919537701,production-floor | production-no-floor | raw | shrink,415261907 | 1346825370 | -105956113 | 1346825370
31c,217449919537702,production-floor | production-no-floor | raw | shrink,415261907 | 1346825370 | -105956113 | 1346825370
31c,217449919537703,production-floor | production-no-floor | raw | shrink,415261907 | 1346825370 | -154529501 | 1346825370
31c,217449919537704,production-floor | production-no-floor | raw | shrink,415261907 | 1346825370 | 1346825370 | 1346825370
31c,217449919537705,production-floor | production-no-floor | raw | shrink,415261907 | 1346825370 | -105956113 | 1346825370
31c,217449919537706,production-floor | production-no-floor | raw | shrink,415261907 | 1346825370 | -105956113 | 1346825370
31c,217449919537707,production-floor | production-no-floor | raw | shrink,415261907 | 1346825370 | -105956113 | 1346825370
31c,217449919537708,production-floor | production-no-floor | raw | shrink,415261907 | 1346825370 | -105956113 | 1346825370
31c,217449919537709,production-floor | production-no-floor | raw | shrink,415261907 | 1346825370 | -105956113 | 1346825370
31c,217449919537710,production-floor | production-no-floor | raw | shrink,415261907 | 1346825370 | -105956113 | 1346825370
31c,217449919537711,production-floor | production-no-floor | raw | shrink,415261907 | 1346825370 | -154529501 | 1346825370
31c,217449919537712,production-floor | production-no-floor | raw | shrink,415261907 | 1346825370 | -105956113 | 1346825370
31c,217449919537713,production-floor | production-no-floor | raw | shrink,-1509995387 | 856759930 | 856759930 | 856759930
31c,217449919537714,production-floor | production-no-floor | raw | shrink,415261907 | 1346825370 | -105956113 | 1346825370
31c,217449919537715,production-floor | production-no-floor | raw | shrink,415261907 | 1346825370 | -105956113 | 1346825370
31c,217449919537716,production-floor | production-no-floor | raw | shrink,415261907 | 1346825370 | -105956113 | 1346825370
31c,217449919537717,production-floor | production-no-floor | raw | shrink,415261907 | 1346825370 | 221971867 | 1346825370
31c,217449919537718,production-floor | production-no-floor | raw | shrink,415261907 | 1346825370 | -105956113 | 1346825370
31c,217449919537719,production-floor | production-no-floor | raw | shrink,415261907 | 1346825370 | -105956113 | 1346825370
31c,217449919537720,production-floor | production-no-floor | raw | shrink,415261907 | 1346825370 | -105956113 | 1346825370
31c,217449919537721,production-floor | production-no-floor | raw | shrink,415261907 | 1346825370 | 1346825370 | 1346825370
31c,217449919537722,production-floor | production-no-floor | raw | shrink,415261907 | 1346825370 | 221971867 | 1346825370
31c,217449919537723,production-floor | production-no-floor | raw | shrink,415261907 | 1346825370 | -105956113 | 1346825370
31c,217449919537724,production-floor | production-no-floor | raw | shrink,415261907 | 1346825370 | -105956113 | 1346825370
31c,217449919537725,production-floor | production-no-floor | raw | shrink,415261907 | 1346825370 | -105956113 | 1346825370
31c,217449919537726,production-floor | production-no-floor | raw | shrink,415261907 | 1346825370 | -154529501 | 1346825370
31c,217449919537727,production-floor | production-no-floor | raw | shrink,415261907 | 1346825370 | -105956113 | 1346825370
31c,217449919540672,production-floor | production-no-floor | raw | shrink,415261907 | 1346825370 | -105956113 | 1346825370
31c,217449919540673,production-floor | production-no-floor | raw | shrink,415261907 | 1346825370 | -105956113 | 1346825370
31c,217449919540674,production-floor | production-no-floor | raw | shrink,415261907 | 1346825370 | -105956113 | 1346825370
31c,217449919540675,production-floor | production-no-floor | raw | shrink,415261907 | 1346825370 | -105956113 | 1346825370
31c,217449919540676,production-floor | production-no-floor | raw | shrink,415261907 | 1346825370 | -105956113 | 1346825370
31c,217449919540677,production-floor | production-no-floor | raw | shrink,-1509995387 | 856759930 | 61147595 | 856759930
31c,217449919540678,production-floor | production-no-floor | raw | shrink,415261907 | 1346825370 | -105956113 | 1346825370
31c,217449919540679,production-floor | production-no-floor | raw | shrink,415261907 | 1346825370 | -105956113 | 1346825370
31c,217449919540680,production-floor | production-no-floor | raw | shrink,415261907 | 1346825370 | -105956113 | 1346825370
31c,217449919540681,production-floor | production-no-floor | raw | shrink,415261907 | 1346825370 | -105956113 | 1346825370
31c,217449919540682,production-floor | production-no-floor | raw | shrink,415261907 | 1346825370 | -105956113 | 1346825370
31c,217449919540683,production-floor | production-no-floor | raw | shrink,415261907 | 1346825370 | -105956113 | 1346825370
31c,217449919540684,production-floor | production-no-floor | raw | shrink,415261907 | 1346825370 | -105956113 | 1346825370
31c,217449919540685,production-floor | production-no-floor | raw | shrink,415261907 | 1346825370 | -105956113 | 1346825370
31c,217449919540686,production-floor | production-no-floor | raw | shrink,415261907 | 1346825370 | -105956113 | 1346825370
31c,217449919540687,production-floor | production-no-floor | raw | shrink,415261907 | 1346825370 | -105956113 | 1346825370
31c,217449919540688,production-floor | production-no-floor | raw | shrink,415261907 | 1346825370 | -105956113 | 1346825370
31c,217449919540689,production-floor | production-no-floor | raw | shrink,415261907 | 1346825370 | -105956113 | 1346825370
31c,217449919540690,production-floor | production-no-floor | raw | shrink,-1509995387 | 1346825370 | 61147595 | 1346825370
31c,217449919540691,production-floor | production-no-floor | raw | shrink,415261907 | 1346825370 | -105956113 | 1346825370
31c,217449919540692,production-floor | production-no-floor | raw | shrink,415261907 | 1346825370 | -105956113 | 1346825370
31c,217449919540693,production-floor | production-no-floor | raw | shrink,415261907 | 1346825370 | -105956113 | 1346825370
31c,217449919540694,production-floor | production-no-floor | raw | shrink,415261907 | 1346825370 | -105956113 | 1346825370
31c,217449919540695,production-floor | production-no-floor | raw | shrink,415261907 | 1346825370 | -105956113 | 1346825370
31c,217449919540696,production-floor | production-no-floor | raw | shrink,415261907 | 1346825370 | 1346825370 | 1346825370
31c,217449919540697,production-floor | production-no-floor | raw | shrink,415261907 | 1346825370 | -105956113 | 1346825370
31c,217449919540698,production-floor | production-no-floor | raw | shrink,415261907 | 1346825370 | -105956113 | 1346825370
31c,217449919540699,production-floor | production-no-floor | raw | shrink,415261907 | 1346825370 | -105956113 | 1346825370
31c,217449919540700,production-floor | production-no-floor | raw | shrink,415261907 | 1346825370 | -105956113 | 1346825370
31c,217449919540701,production-floor | production-no-floor | raw | shrink,415261907 | 1346825370 | -105956113 | 1346825370
31c,217449919540702,production-floor | production-no-floor | raw | shrink,415261907 | 1346825370 | -105956113 | 1346825370
31c,217449919540703,production-floor | production-no-floor | raw | shrink,415261907 | 1346825370 | -105956113 | 1346825370
31c,217449919540705,production-floor | production-no-floor | raw | shrink,415261907 | 1346825370 | -105956113 | 1346825370
31c,217449919540708,production-floor | production-no-floor | raw | shrink,415261907 | 1346825370 | -105956113 | 1346825370
31c,217449919540709,production-floor | production-no-floor | raw | shrink,415261907 | 1346825370 | -105956113 | 1346825370
31c,217449919540710,production-floor | production-no-floor | raw | shrink,415261907 | 1346825370 | -105956113 | 1346825370
31c,217449919540711,production-floor | production-no-floor | raw | shrink,415261907 | 1346825370 | -105956113 | 1346825370
32a,217574473589248,production-floor | production-no-floor | raw | shrink,1765267761 | -1917286155 | 957982218 | -1917286155
32a,217574473589250,production-floor | production-no-floor | raw | shrink,1765267761 | 1765267761 | 957982218 | 1765267761
32a,217574473589251,production-floor | production-no-floor | raw | shrink,1765267761 | -1917286155 | 957982218 | -1917286155
32a,217574473589252,production-floor | production-no-floor | raw | shrink,1765267761 | 1765267761 | 957982218 | 1765267761
32a,217574473589253,production-floor | production-no-floor | raw | shrink,1765267761 | -1917286155 | 957982218 | -1917286155
32a,217574473589254,production-floor | production-no-floor | raw | shrink,1765267761 | -1917286155 | 957982218 | -1917286155
32a,217574473589255,production-floor | production-no-floor | raw | shrink,1765267761 | -1917286155 | 957982218 | -1917286155
32a,217574473589256,production-floor | production-no-floor | raw | shrink,1765267761 | -1917286155 | 1765267761 | -1917286155
32a,217574473589257,production-floor | production-no-floor | raw | shrink,1765267761 | -1917286155 | 957982218 | -1917286155
32a,217574473589258,production-floor | production-no-floor | raw | shrink,1765267761 | -1917286155 | 957982218 | -1917286155
32a,217574473589259,production-floor | production-no-floor | raw | shrink,1765267761 | -1917286155 | 957982218 | -1917286155
32a,217574473589260,production-floor | production-no-floor | raw | shrink,1765267761 | -1917286155 | 957982218 | -1917286155
32a,217574473589261,production-floor | production-no-floor | raw | shrink,1765267761 | 1765267761 | 957982218 | 1765267761
32a,217574473589262,production-floor | production-no-floor | raw | shrink,1765267761 | 1765267761 | 957982218 | 1765267761
32a,217574473589263,production-floor | production-no-floor | raw | shrink,1765267761 | -1917286155 | 957982218 | -1917286155
32a,217574473589264,production-floor | production-no-floor | raw | shrink,1765267761 | -1917286155 | 957982218 | -1917286155
32a,217574473589265,production-floor | production-no-floor | raw | shrink,1765267761 | -1917286155 | 957982218 | -1917286155
32a,217574473589266,production-floor | production-no-floor | raw | shrink,1765267761 | 1765267761 | 957982218 | 1765267761
32a,217574473589267,production-floor | production-no-floor | raw | shrink,1765267761 | -1917286155 | 957982218 | -1917286155
32a,217574473589269,production-floor | production-no-floor | raw | shrink,1765267761 | 1765267761 | 957982218 | 1765267761
32a,217574473589270,production-floor | production-no-floor | raw | shrink,1765267761 | -1917286155 | 957982218 | -1917286155
32a,217574473589271,production-floor | production-no-floor | raw | shrink,1765267761 | -1917286155 | 957982218 | -1917286155
32a,217574473589272,production-floor | production-no-floor | raw | shrink,1765267761 | -1917286155 | 957982218 | -1917286155
32a,217574473589273,production-floor | production-no-floor | raw | shrink,1765267761 | -1917286155 | 957982218 | -1917286155
32a,217574473589274,production-floor | production-no-floor | raw | shrink,1765267761 | -1917286155 | 957982218 | -1917286155
32a,217574473589275,production-floor | production-no-floor | raw | shrink,1765267761 | -1917286155 | 1765267761 | -1917286155
32a,217574473589276,production-floor | production-no-floor | raw | shrink,1765267761 | 1765267761 | 957982218 | 1765267761
32a,217574473589277,production-floor | production-no-floor | raw | shrink,1765267761 | -1917286155 | 957982218 | -1917286155
32a,217574473589278,production-floor | production-no-floor | raw | shrink,1765267761 | 1765267761 | 957982218 | 1765267761
32a,217574473589279,production-floor | production-no-floor | raw | shrink,1765267761 | -1917286155 | 957982218 | -1917286155
32a,217574473589280,production-floor | production-no-floor | raw | shrink,1765267761 | -1917286155 | 957982218 | -1917286155
32a,217574473589281,production-floor | production-no-floor | raw | shrink,1765267761 | -1917286155 | 957982218 | -1917286155
32a,217574473589283,production-floor | production-no-floor | raw | shrink,1765267761 | -1917286155 | 957982218 | -1917286155
32a,217574473589284,production-floor | production-no-floor | raw | shrink,1765267761 | -1917286155 | 1765267761 | -1917286155
32a,217574473589285,production-floor | production-no-floor | raw | shrink,1765267761 | -1917286155 | 957982218 | -1917286155
32a,217574473589286,production-floor | production-no-floor | raw | shrink,1765267761 | -1917286155 | 957982218 | -1917286155
32a,217574473589287,production-floor | production-no-floor | raw | shrink,1765267761 | -1917286155 | 957982218 | -1917286155
32a,217574473589288,production-floor | production-no-floor | raw | shrink,1765267761 | -1917286155 | 957982218 | -1917286155
32a,217574473589289,production-floor | production-no-floor | raw | shrink,1765267761 | -1917286155 | 957982218 | -1917286155
32a,217574473589290,production-floor | production-no-floor | raw | shrink,1765267761 | -1917286155 | 957982218 | -1917286155
32a,217574473589291,production-floor | production-no-floor | raw | shrink,1765267761 | -1917286155 | 957982218 | -1917286155
32a,217574473589292,production-floor | production-no-floor | raw | shrink,1765267761 | -1917286155 | 957982218 | -1917286155
32a,217574473589293,production-floor | production-no-floor | raw | shrink,1765267761 | -1917286155 | 957982218 | -1917286155
32a,217574473589294,production-floor | production-no-floor | raw | shrink,1765267761 | -1917286155 | 957982218 | -1917286155
32a,217574473589295,production-floor | production-no-floor | raw | shrink,1765267761 | -1917286155 | 957982218 | -1917286155
32a,217574473589296,production-floor | production-no-floor | raw | shrink,1765267761 | 1765267761 | 957982218 | 1765267761
32a,217574473589297,production-floor | production-no-floor | raw | shrink,1765267761 | -1917286155 | 957982218 | -1917286155
32a,217574473589298,production-floor | production-no-floor | raw | shrink,1765267761 | -1917286155 | 957982218 | -1917286155
32a,217574473589299,production-floor | production-no-floor | raw | shrink,1765267761 | -1917286155 | 957982218 | -1917286155
32a,217574473589300,production-floor | production-no-floor | raw | shrink,1765267761 | -1917286155 | 957982218 | -1917286155
32a,217574473589301,production-floor | production-no-floor | raw | shrink,1765267761 | -1917286155 | 957982218 | -1917286155
32a,217574473589302,production-floor | production-no-floor | raw | shrink,1765267761 | -1917286155 | 1765267761 | -1917286155
32a,217574473589303,production-floor | production-no-floor | raw | shrink,1765267761 | -1917286155 | 957982218 | -1917286155
32a,217574473589304,production-floor | production-no-floor | raw | shrink,1765267761 | 1765267761 | 957982218 | 1765267761
32a,217574473589305,production-floor | production-no-floor | raw | shrink,1765267761 | -1917286155 | 1765267761 | -1917286155
32a,217574473589306,production-floor | production-no-floor | raw | shrink,1765267761 | 1765267761 | 957982218 | 1765267761
32a,217574473589307,production-floor | production-no-floor | raw | shrink,1765267761 | -1917286155 | 957982218 | -1917286155
32a,217574473589308,production-floor | production-no-floor | raw | shrink,1765267761 | -1917286155 | 1765267761 | -1917286155
32a,217574473589309,production-floor | production-no-floor | raw | shrink,1765267761 | -1917286155 | 957982218 | -1917286155
32a,217574473589310,production-floor | production-no-floor | raw | shrink,1765267761 | 1765267761 | 957982218 | 1765267761
32a,217574473589311,production-floor | production-no-floor | raw | shrink,1765267761 | -1917286155 | 957982218 | -1917286155
32a,217574473592256,production-floor | production-no-floor | raw | shrink,1765267761 | 1765267761 | 957982218 | 1765267761
32a,217574473592257,production-floor | production-no-floor | raw | shrink,1765267761 | -1917286155 | 957982218 | -1917286155
32a,217574473592258,production-floor | production-no-floor | raw | shrink,1765267761 | -1917286155 | 957982218 | -1917286155
32a,217574473592259,production-floor | production-no-floor | raw | shrink,1765267761 | -1917286155 | 957982218 | -1917286155
32a,217574473592262,production-floor | production-no-floor | raw | shrink,1765267761 | -1917286155 | 957982218 | -1917286155
32a,217574473592288,production-floor | production-no-floor | raw | shrink,1765267761 | -1917286155 | 957982218 | -1917286155
32a,217574473592289,production-floor | production-no-floor | raw | shrink,1765267761 | -1917286155 | 957982218 | -1917286155
32a,217574473592290,production-floor | production-no-floor | raw | shrink,1765267761 | -1917286155 | 1765267761 | -1917286155
32a,217574473592291,production-floor | production-no-floor | raw | shrink,1765267761 | 1765267761 | 957982218 | 1765267761
32a,217574473592292,production-floor | production-no-floor | raw | shrink,1765267761 | -1917286155 | 957982218 | -1917286155
32a,217574473592293,production-floor | production-no-floor | raw | shrink,1765267761 | -1917286155 | 957982218 | -1917286155
32a,217574473592294,production-floor | production-no-floor | raw | shrink,1765267761 | 1765267761 | 957982218 | 1765267761
32a,217574473592295,production-floor | production-no-floor | raw | shrink,1765267761 | -1917286155 | 957982218 | -1917286155
32a,217574473592296,production-floor | production-no-floor | raw | shrink,1765267761 | -1917286155 | 957982218 | -1917286155
32a,217574473592297,production-floor | production-no-floor | raw | shrink,1765267761 | -1917286155 | 957982218 | -1917286155
32a,217574473592298,production-floor | production-no-floor | raw | shrink,1765267761 | 1765267761 | 957982218 | 1765267761
32a,217574473592299,production-floor | production-no-floor | raw | shrink,1765267761 | -1917286155 | 957982218 | -1917286155
32a,217574473592300,production-floor | production-no-floor | raw | shrink,1765267761 | -1917286155 | 957982218 | -1917286155
32a,217574473592301,production-floor | production-no-floor | raw | shrink,1765267761 | 1765267761 | 957982218 | 1765267761
32a,217574473592302,production-floor | production-no-floor | raw | shrink,1765267761 | -1917286155 | 957982218 | -1917286155
32a,217574473592303,production-floor | production-no-floor | raw | shrink,1765267761 | -1917286155 | 957982218 | -1917286155
32a,217574473592305,production-floor | production-no-floor | raw | shrink,1765267761 | 1765267761 | 957982218 | 1765267761
32a,217574473592307,production-floor | production-no-floor | raw | shrink,1765267761 | -1917286155 | 957982218 | -1917286155
32a,217574473592308,production-floor | production-no-floor | raw | shrink,1765267761 | 1765267761 | 957982218 | 1765267761
32a,217574473592309,production-floor | production-no-floor | raw | shrink,1765267761 | -1917286155 | 957982218 | -1917286155
32a,217574473592310,production-floor | production-no-floor | raw | shrink,1765267761 | -1917286155 | 957982218 | -1917286155
32a,217574473592311,production-floor | production-no-floor | raw | shrink,1765267761 | 1765267761 | 957982218 | 1765267761
32a,217574473592312,production-floor | production-no-floor | raw | shrink,1765267761 | -1917286155 | 957982218 | -1917286155
32a,217574473592313,production-floor | production-no-floor | raw | shrink,1765267761 | -1917286155 | 957982218 | -1917286155
32a,217574473592314,production-floor | production-no-floor | raw | shrink,1765267761 | -1917286155 | 957982218 | -1917286155
32a,217574473592315,production-floor | production-no-floor | raw | shrink,1765267761 | -1917286155 | 957982218 | -1917286155
32a,217574473592316,production-floor | production-no-floor | raw | shrink,1765267761 | -1917286155 | 957982218 | -1917286155
32a,217574473592317,production-floor | production-no-floor | raw | shrink,1765267761 | 1765267761 | 957982218 | 1765267761
32a,217574473592318,production-floor | production-no-floor | raw | shrink,1765267761 | 1765267761 | 957982218 | 1765267761
32a,217574473592319,production-floor | production-no-floor | raw | shrink,1765267761 | -1917286155 | 957982218 | -1917286155
32b,217578768556544,production-floor | production-no-floor | raw | shrink,-239234728 | 1520237401 | 1520237401 | 1520237401
32b,217578768556545,production-floor | production-no-floor | raw | shrink,-239234728 | 1520237401 | 1520237401 | 1520237401
32b,217578768556546,production-floor | production-no-floor | raw | shrink,-239234728 | 1520237401 | 1520237401 | 1520237401
32b,217578768556547,production-floor | production-no-floor | raw | shrink,-239234728 | 1520237401 | 1520237401 | 1520237401
32b,217578768556548,production-floor | production-no-floor | raw | shrink,-239234728 | -888812919 | 145399798 | -888812919
32b,217578768556549,production-floor | production-no-floor | raw | shrink,-239234728 | 1520237401 | 1520237401 | 1520237401
32b,217578768556550,production-floor | production-no-floor | raw | shrink,-239234728 | -888812919 | 1520237401 | -888812919
32b,217578768556551,production-floor | production-no-floor | raw | shrink,-239234728 | -888812919 | 1520237401 | -888812919
32b,217578768556552,production-floor | production-no-floor | raw | shrink,-239234728 | 1520237401 | 1520237401 | 1520237401
32b,217578768556553,production-floor | production-no-floor | raw | shrink,-239234728 | 1520237401 | 1520237401 | 1520237401
32b,217578768556554,production-floor | production-no-floor | raw | shrink,-239234728 | 1520237401 | 1520237401 | 1520237401
32b,217578768556555,production-floor | production-no-floor | raw | shrink,-239234728 | 1520237401 | 1520237401 | 1520237401
32b,217578768556556,production-floor | production-no-floor | raw | shrink,-239234728 | -888812919 | 1520237401 | -888812919
32b,217578768556557,production-floor | production-no-floor | raw | shrink,-239234728 | 1520237401 | 1520237401 | 1520237401
32b,217578768556558,production-floor | production-no-floor | raw | shrink,-239234728 | 1520237401 | 1520237401 | 1520237401
32b,217578768556559,production-floor | production-no-floor | raw | shrink,-239234728 | -888812919 | 1520237401 | -888812919
32b,217578768556560,production-floor | production-no-floor | raw | shrink,-239234728 | 1520237401 | 1520237401 | 1520237401
32b,217578768556561,production-floor | production-no-floor | raw | shrink,-239234728 | 1520237401 | 1520237401 | 1520237401
32b,217578768556562,production-floor | production-no-floor | raw | shrink,-239234728 | 1520237401 | 1520237401 | 1520237401
32b,217578768556563,production-floor | production-no-floor | raw | shrink,-239234728 | 1520237401 | 1520237401 | 1520237401
32b,217578768556564,production-floor | production-no-floor | raw | shrink,-239234728 | 1520237401 | 1520237401 | 1520237401
32b,217578768556565,production-floor | production-no-floor | raw | shrink,-239234728 | -888812919 | 1520237401 | -888812919
32b,217578768556566,production-floor | production-no-floor | raw | shrink,-239234728 | 1520237401 | 1520237401 | 1520237401
32b,217578768556567,production-floor | production-no-floor | raw | shrink,-239234728 | -888812919 | 145399798 | -888812919
32b,217578768556568,production-floor | production-no-floor | raw | shrink,-239234728 | 1520237401 | 1520237401 | 1520237401
32b,217578768556569,production-floor | production-no-floor | raw | shrink,-239234728 | -888812919 | 1520237401 | -888812919
32b,217578768556570,production-floor | production-no-floor | raw | shrink,-239234728 | -888812919 | 1520237401 | -888812919
32b,217578768556571,production-floor | production-no-floor | raw | shrink,-239234728 | 1520237401 | 1520237401 | 1520237401
32b,217578768556572,production-floor | production-no-floor | raw | shrink,-239234728 | 1520237401 | 1520237401 | 1520237401
32b,217578768556573,production-floor | production-no-floor | raw | shrink,-239234728 | -888812919 | 1520237401 | -888812919
32b,217578768556574,production-floor | production-no-floor | raw | shrink,-239234728 | -888812919 | 1520237401 | -888812919
32b,217578768556575,production-floor | production-no-floor | raw | shrink,-239234728 | 1520237401 | 1520237401 | 1520237401
32b,217578768556576,production-floor | production-no-floor | raw | shrink,-239234728 | 1520237401 | 1520237401 | 1520237401
32b,217578768556577,production-floor | production-no-floor | raw | shrink,-239234728 | -888812919 | 1520237401 | -888812919
32b,217578768556578,production-floor | production-no-floor | raw | shrink,-239234728 | 1520237401 | 1520237401 | 1520237401
32b,217578768556580,production-floor | production-no-floor | raw | shrink,-239234728 | 1520237401 | 1520237401 | 1520237401
32b,217578768556581,production-floor | production-no-floor | raw | shrink,-239234728 | -888812919 | 1520237401 | -888812919
32b,217578768556582,production-floor | production-no-floor | raw | shrink,-239234728 | -888812919 | 1520237401 | -888812919
32b,217578768556583,production-floor | production-no-floor | raw | shrink,-239234728 | 1520237401 | 1520237401 | 1520237401
32b,217578768556584,production-floor | production-no-floor | raw | shrink,-239234728 | 1520237401 | 1520237401 | 1520237401
32b,217578768556585,production-floor | production-no-floor | raw | shrink,-239234728 | 1520237401 | 1520237401 | 1520237401
32b,217578768556586,production-floor | production-no-floor | raw | shrink,-239234728 | -888812919 | 1520237401 | -888812919
32b,217578768556587,production-floor | production-no-floor | raw | shrink,-239234728 | 1520237401 | 1520237401 | 1520237401
32b,217578768556588,production-floor | production-no-floor | raw | shrink,-239234728 | 1520237401 | 1520237401 | 1520237401
32b,217578768556589,production-floor | production-no-floor | raw | shrink,-239234728 | -888812919 | 1520237401 | -888812919
32b,217578768556590,production-floor | production-no-floor | raw | shrink,-239234728 | 1520237401 | 1520237401 | 1520237401
32b,217578768556591,production-floor | production-no-floor | raw | shrink,-239234728 | 1520237401 | 1520237401 | 1520237401
32b,217578768556592,production-floor | production-no-floor | raw | shrink,-239234728 | 1520237401 | 1520237401 | 1520237401
32b,217578768556593,production-floor | production-no-floor | raw | shrink,-239234728 | 1520237401 | 1520237401 | 1520237401
32b,217578768556594,production-floor | production-no-floor | raw | shrink,-239234728 | 1520237401 | 1520237401 | 1520237401
32b,217578768556595,production-floor | production-no-floor | raw | shrink,-239234728 | -888812919 | 1520237401 | -888812919
32b,217578768556596,production-floor | production-no-floor | raw | shrink,-239234728 | 1520237401 | 1520237401 | 1520237401
32b,217578768556597,production-floor | production-no-floor | raw | shrink,-239234728 | 1520237401 | 1520237401 | 1520237401
32b,217578768556598,production-floor | production-no-floor | raw | shrink,-239234728 | 1520237401 | 1520237401 | 1520237401
32b,217578768556599,production-floor | production-no-floor | raw | shrink,-239234728 | 1520237401 | 1520237401 | 1520237401
32b,217578768556600,production-floor | production-no-floor | raw | shrink,-239234728 | 1520237401 | 1520237401 | 1520237401
32b,217578768556601,production-floor | production-no-floor | raw | shrink,-239234728 | 1520237401 | 1520237401 | 1520237401
32b,217578768556602,production-floor | production-no-floor | raw | shrink,-239234728 | 1520237401 | 1520237401 | 1520237401
32b,217578768556603,production-floor | production-no-floor | raw | shrink,-239234728 | -888812919 | 145399798 | -888812919
32b,217578768556604,production-floor | production-no-floor | raw | shrink,-239234728 | -888812919 | 1520237401 | -888812919
32b,217578768556605,production-floor | production-no-floor | raw | shrink,-239234728 | -888812919 | 1520237401 | -888812919
32b,217578768556606,production-floor | production-no-floor | raw | shrink,-239234728 | 1520237401 | 1520237401 | 1520237401
32b,217578768556607,production-floor | production-no-floor | raw | shrink,-239234728 | -888812919 | 1520237401 | -888812919
32b,217578768559552,production-floor | production-no-floor | raw | shrink,-239234728 | 1520237401 | 1520237401 | 1520237401
32b,217578768559553,production-floor | production-no-floor | raw | shrink,-239234728 | -888812919 | 1520237401 | -888812919
32b,217578768559554,production-floor | production-no-floor | raw | shrink,-239234728 | 1520237401 | 1520237401 | 1520237401
32b,217578768559555,production-floor | production-no-floor | raw | shrink,-239234728 | 1520237401 | 1520237401 | 1520237401
32b,217578768559559,production-floor | production-no-floor | raw | shrink,-239234728 | -888812919 | 1520237401 | -888812919
32b,217578768559584,production-floor | production-no-floor | raw | shrink,-239234728 | 1520237401 | 1520237401 | 1520237401
32b,217578768559585,production-floor | production-no-floor | raw | shrink,-239234728 | 1013953437 | 1520237401 | 1013953437
32b,217578768559586,production-floor | production-no-floor | raw | shrink,-239234728 | 1520237401 | 1520237401 | 1520237401
32b,217578768559587,production-floor | production-no-floor | raw | shrink,-239234728 | -888812919 | 1520237401 | -888812919
32b,217578768559588,production-floor | production-no-floor | raw | shrink,-239234728 | -888812919 | 1520237401 | -888812919
32b,217578768559589,production-floor | production-no-floor | raw | shrink,-239234728 | 1520237401 | 1520237401 | 1520237401
32b,217578768559590,production-floor | production-no-floor | raw | shrink,-239234728 | -888812919 | 1520237401 | -888812919
32b,217578768559591,production-floor | production-no-floor | raw | shrink,-239234728 | -888812919 | 1520237401 | -888812919
32b,217578768559592,production-floor | production-no-floor | raw | shrink,-239234728 | 1520237401 | 1520237401 | 1520237401
32b,217578768559593,production-floor | production-no-floor | raw | shrink,-239234728 | 1520237401 | 1520237401 | 1520237401
32b,217578768559594,production-floor | production-no-floor | raw | shrink,-239234728 | 1520237401 | 1520237401 | 1520237401
32b,217578768559595,production-floor | production-no-floor | raw | shrink,-239234728 | 1520237401 | 1520237401 | 1520237401
32b,217578768559596,production-floor | production-no-floor | raw | shrink,-239234728 | 1520237401 | 1520237401 | 1520237401
32b,217578768559597,production-floor | production-no-floor | raw | shrink,-239234728 | 1520237401 | 1520237401 | 1520237401
32b,217578768559598,production-floor | production-no-floor | raw | shrink,-239234728 | 1520237401 | 1520237401 | 1520237401
32b,217578768559599,production-floor | production-no-floor | raw | shrink,-239234728 | -888812919 | 1520237401 | -888812919
32b,217578768559600,production-floor | production-no-floor | raw | shrink,-239234728 | 1520237401 | 1520237401 | 1520237401
32b,217578768559601,production-floor | production-no-floor | raw | shrink,-239234728 | -888812919 | 1520237401 | -888812919
32b,217578768559602,production-floor | production-no-floor | raw | shrink,-239234728 | 1520237401 | 1520237401 | 1520237401
32b,217578768559603,production-floor | production-no-floor | raw | shrink,-239234728 | 1520237401 | 1520237401 | 1520237401
32b,217578768559604,production-floor | production-no-floor | raw | shrink,-239234728 | -888812919 | 1520237401 | -888812919
32b,217578768559605,production-floor | production-no-floor | raw | shrink,-239234728 | -888812919 | 1520237401 | -888812919
32b,217578768559606,production-floor | production-no-floor | raw | shrink,-239234728 | 1520237401 | 1520237401 | 1520237401
32b,217578768559607,production-floor | production-no-floor | raw | shrink,-239234728 | 1520237401 | 1520237401 | 1520237401
32b,217578768559608,production-floor | production-no-floor | raw | shrink,-239234728 | 1520237401 | 1520237401 | 1520237401
32b,217578768559609,production-floor | production-no-floor | raw | shrink,-239234728 | -888812919 | 1520237401 | -888812919
32b,217578768559610,production-floor | production-no-floor | raw | shrink,-239234728 | 1520237401 | 1520237401 | 1520237401
32b,217578768559611,production-floor | production-no-floor | raw | shrink,-239234728 | -888812919 | 1520237401 | -888812919
32b,217578768559612,production-floor | production-no-floor | raw | shrink,-239234728 | -888812919 | 1520237401 | -888812919
32b,217578768559613,production-floor | production-no-floor | raw | shrink,-239234728 | 1520237401 | 1520237401 | 1520237401
32b,217578768559614,production-floor | production-no-floor | raw | shrink,-239234728 | 1520237401 | 1520237401 | 1520237401
32b,217578768559615,production-floor | production-no-floor | raw | shrink,-239234728 | 1520237401 | 1520237401 | 1520237401
33a,217707617575360,production-floor | production-no-floor | raw | shrink,14380942 | 1253926702 | -2124008857 | 1253926702
33a,217707617575362,production-floor | production-no-floor | raw | shrink,14380942 | 1253926702 | -2124008857 | 1253926702
33a,217707617575363,production-floor | production-no-floor | raw | shrink,14380942 | 1253926702 | -2124008857 | 1253926702
33a,217707617575364,production-floor | production-no-floor | raw | shrink,14380942 | 1253926702 | -2124008857 | 1253926702
33a,217707617575365,production-floor | production-no-floor | raw | shrink,14380942 | 1253926702 | -2124008857 | 1253926702
33a,217707617575366,production-floor | production-no-floor | raw | shrink,14380942 | 1253926702 | -2124008857 | 1253926702
33a,217707617575367,production-floor | production-no-floor | raw | shrink,14380942 | 1253926702 | -2124008857 | 1253926702
33a,217707617575368,production-floor | production-no-floor | raw | shrink,14380942 | 1514619789 | -2124008857 | 1514619789
33a,217707617575369,production-floor | production-no-floor | raw | shrink,14380942 | 1253926702 | -2124008857 | 1253926702
33a,217707617575370,production-floor | production-no-floor | raw | shrink,14380942 | 1253926702 | -2124008857 | 1253926702
33a,217707617575371,production-floor | production-no-floor | raw | shrink,14380942 | 1253926702 | -2124008857 | 1253926702
33a,217707617575372,production-floor | production-no-floor | raw | shrink,14380942 | 1253926702 | -2124008857 | 1253926702
33a,217707617575373,production-floor | production-no-floor | raw | shrink,14380942 | 1253926702 | -2124008857 | 1253926702
33a,217707617575374,production-floor | production-no-floor | raw | shrink,14380942 | 1253926702 | -2124008857 | 1253926702
33a,217707617575375,production-floor | production-no-floor | raw | shrink,14380942 | 1253926702 | -2124008857 | 1253926702
33a,217707617575376,production-floor | production-no-floor | raw | shrink,14380942 | 1253926702 | -2124008857 | 1253926702
33a,217707617575377,production-floor | production-no-floor | raw | shrink,14380942 | 1253926702 | -2124008857 | 1253926702
33a,217707617575378,production-floor | production-no-floor | raw | shrink,14380942 | 1253926702 | -2124008857 | 1253926702
33a,217707617575379,production-floor | production-no-floor | raw | shrink,14380942 | 1514619789 | -2124008857 | 1514619789
33a,217707617575380,production-floor | production-no-floor | raw | shrink,14380942 | 1253926702 | -2124008857 | 1253926702
33a,217707617575381,production-floor | production-no-floor | raw | shrink,14380942 | 1253926702 | -2124008857 | 1253926702
33a,217707617575382,production-floor | production-no-floor | raw | shrink,14380942 | 1253926702 | -2124008857 | 1253926702
33a,217707617575383,production-floor | production-no-floor | raw | shrink,14380942 | 1253926702 | -2124008857 | 1253926702
33a,217707617575384,production-floor | production-no-floor | raw | shrink,14380942 | 1253926702 | -2124008857 | 1253926702
33a,217707617575385,production-floor | production-no-floor | raw | shrink,14380942 | 1514619789 | -2124008857 | 1514619789
33a,217707617575386,production-floor | production-no-floor | raw | shrink,14380942 | 1253926702 | -2124008857 | 1253926702
33a,217707617575387,production-floor | production-no-floor | raw | shrink,14380942 | 1253926702 | -2124008857 | 1253926702
33a,217707617575388,production-floor | production-no-floor | raw | shrink,14380942 | 1253926702 | -2124008857 | 1253926702
33a,217707617575389,production-floor | production-no-floor | raw | shrink,14380942 | 1253926702 | -2124008857 | 1253926702
33a,217707617575390,production-floor | production-no-floor | raw | shrink,14380942 | 1253926702 | -2124008857 | 1253926702
33a,217707617575391,production-floor | production-no-floor | raw | shrink,14380942 | 1253926702 | -2124008857 | 1253926702
33a,217707617575392,production-floor | production-no-floor | raw | shrink,14380942 | 1253926702 | -2124008857 | 1253926702
33a,217707617575393,production-floor | production-no-floor | raw | shrink,14380942 | 1253926702 | -2124008857 | 1253926702
33a,217707617575394,production-floor | production-no-floor | raw | shrink,14380942 | 1514619789 | -2124008857 | 1514619789
33a,217707617575395,production-floor | production-no-floor | raw | shrink,14380942 | 1253926702 | -2124008857 | 1253926702
33a,217707617575396,production-floor | production-no-floor | raw | shrink,14380942 | 1253926702 | -2124008857 | 1253926702
33a,217707617575397,production-floor | production-no-floor | raw | shrink,14380942 | 1253926702 | -2124008857 | 1253926702
33a,217707617575398,production-floor | production-no-floor | raw | shrink,14380942 | 1514619789 | -2124008857 | 1514619789
33a,217707617575399,production-floor | production-no-floor | raw | shrink,14380942 | 1514619789 | -2124008857 | 1514619789
33a,217707617575400,production-floor | production-no-floor | raw | shrink,14380942 | 1253926702 | -2124008857 | 1253926702
33a,217707617575401,production-floor | production-no-floor | raw | shrink,14380942 | 1514619789 | -2124008857 | 1514619789
33a,217707617575402,production-floor | production-no-floor | raw | shrink,14380942 | 1514619789 | -2124008857 | 1514619789
33a,217707617575403,production-floor | production-no-floor | raw | shrink,14380942 | 1253926702 | -2124008857 | 1253926702
33a,217707617575404,production-floor | production-no-floor | raw | shrink,14380942 | 1253926702 | -2124008857 | 1253926702
33a,217707617575405,production-floor | production-no-floor | raw | shrink,14380942 | 1253926702 | -2124008857 | 1253926702
33a,217707617575406,production-floor | production-no-floor | raw | shrink,14380942 | 1253926702 | -2124008857 | 1253926702
33a,217707617575407,production-floor | production-no-floor | raw | shrink,14380942 | 1253926702 | -2124008857 | 1253926702
33a,217707617575408,production-floor | production-no-floor | raw | shrink,14380942 | 1253926702 | -2124008857 | 1253926702
33a,217707617575409,production-floor | production-no-floor | raw | shrink,14380942 | 1253926702 | -2124008857 | 1253926702
33a,217707617575410,production-floor | production-no-floor | raw | shrink,14380942 | 1253926702 | -2124008857 | 1253926702
33a,217707617575411,production-floor | production-no-floor | raw | shrink,14380942 | 1253926702 | -2124008857 | 1253926702
33a,217707617575412,production-floor | production-no-floor | raw | shrink,14380942 | 1253926702 | -2124008857 | 1253926702
33a,217707617575413,production-floor | production-no-floor | raw | shrink,14380942 | 1253926702 | -2124008857 | 1253926702
33a,217707617575414,production-floor | production-no-floor | raw | shrink,14380942 | 1514619789 | -2124008857 | 1514619789
33a,217707617575415,production-floor | production-no-floor | raw | shrink,14380942 | 1253926702 | -2124008857 | 1253926702
33a,217707617575416,production-floor | production-no-floor | raw | shrink,14380942 | 1253926702 | -2124008857 | 1253926702
33a,217707617575417,production-floor | production-no-floor | raw | shrink,14380942 | 1253926702 | -2124008857 | 1253926702
33a,217707617575418,production-floor | production-no-floor | raw | shrink,14380942 | 1253926702 | -2124008857 | 1253926702
33a,217707617575419,production-floor | production-no-floor | raw | shrink,14380942 | 1253926702 | -2124008857 | 1253926702
33a,217707617575420,production-floor | production-no-floor | raw | shrink,14380942 | 1253926702 | -2124008857 | 1253926702
33a,217707617575421,production-floor | production-no-floor | raw | shrink,14380942 | 1253926702 | -2124008857 | 1253926702
33a,217707617575422,production-floor | production-no-floor | raw | shrink,14380942 | 1253926702 | -2124008857 | 1253926702
33a,217707617575423,production-floor | production-no-floor | raw | shrink,14380942 | 1253926702 | -2124008857 | 1253926702
33a,217707617578496,production-floor | production-no-floor | raw | shrink,14380942 | 1253926702 | -2124008857 | 1253926702
33a,217707617578497,production-floor | production-no-floor | raw | shrink,14380942 | 1253926702 | -2124008857 | 1253926702
33a,217707617578498,production-floor | production-no-floor | raw | shrink,14380942 | 1253926702 | -2124008857 | 1253926702
33a,217707617578499,production-floor | production-no-floor | raw | shrink,14380942 | 1253926702 | -2124008857 | 1253926702
33a,217707617578500,production-floor | production-no-floor | raw | shrink,14380942 | 1253926702 | -2124008857 | 1253926702
33a,217707617578501,production-floor | production-no-floor | raw | shrink,14380942 | 1253926702 | -2124008857 | 1253926702
33a,217707617578502,production-floor | production-no-floor | raw | shrink,14380942 | 1253926702 | -2124008857 | 1253926702
33a,217707617578503,production-floor | production-no-floor | raw | shrink,14380942 | 1253926702 | -2124008857 | 1253926702
33a,217707617578504,production-floor | production-no-floor | raw | shrink,14380942 | 1253926702 | -2124008857 | 1253926702
33a,217707617578505,production-floor | production-no-floor | raw | shrink,14380942 | 1514619789 | -2124008857 | 1514619789
33a,217707617578506,production-floor | production-no-floor | raw | shrink,14380942 | 1253926702 | -2124008857 | 1253926702
33a,217707617578507,production-floor | production-no-floor | raw | shrink,14380942 | 1253926702 | -2124008857 | 1253926702
33a,217707617578508,production-floor | production-no-floor | raw | shrink,14380942 | 1514619789 | -2124008857 | 1514619789
33a,217707617578509,production-floor | production-no-floor | raw | shrink,14380942 | 1253926702 | -2124008857 | 1253926702
33a,217707617578510,production-floor | production-no-floor | raw | shrink,14380942 | 1253926702 | -2124008857 | 1253926702
33a,217707617578511,production-floor | production-no-floor | raw | shrink,14380942 | 1253926702 | -2124008857 | 1253926702
33a,217707617578512,production-floor | production-no-floor | raw | shrink,14380942 | 1253926702 | -2124008857 | 1253926702
33a,217707617578513,production-floor | production-no-floor | raw | shrink,14380942 | 1253926702 | -2124008857 | 1253926702
33a,217707617578514,production-floor | production-no-floor | raw | shrink,14380942 | 1253926702 | -2124008857 | 1253926702
33a,217707617578515,production-floor | production-no-floor | raw | shrink,14380942 | 1253926702 | -2124008857 | 1253926702
33a,217707617578516,production-floor | production-no-floor | raw | shrink,14380942 | 1253926702 | -2124008857 | 1253926702
33a,217707617578517,production-floor | production-no-floor | raw | shrink,14380942 | 1253926702 | -2124008857 | 1253926702
33a,217707617578518,production-floor | production-no-floor | raw | shrink,14380942 | 1253926702 | -2124008857 | 1253926702
33a,217707617578519,production-floor | production-no-floor | raw | shrink,14380942 | 1253926702 | -2124008857 | 1253926702
33a,217707617578520,production-floor | production-no-floor | raw | shrink,14380942 | 1253926702 | -2124008857 | 1253926702
33a,217707617578521,production-floor | production-no-floor | raw | shrink,14380942 | 1253926702 | -2124008857 | 1253926702
33a,217707617578522,production-floor | production-no-floor | raw | shrink,14380942 | 1253926702 | -2124008857 | 1253926702
33a,217707617578523,production-floor | production-no-floor | raw | shrink,14380942 | 1253926702 | -2124008857 | 1253926702
33a,217707617578524,production-floor | production-no-floor | raw | shrink,14380942 | 1253926702 | -2124008857 | 1253926702
33a,217707617578525,production-floor | production-no-floor | raw | shrink,14380942 | 1253926702 | -2124008857 | 1253926702
33a,217707617578526,production-floor | production-no-floor | raw | shrink,14380942 | 1253926702 | -2124008857 | 1253926702
33a,217707617578527,production-floor | production-no-floor | raw | shrink,14380942 | 1253926702 | -2124008857 | 1253926702
33a,217707617578528,production-floor | production-no-floor | raw | shrink,14380942 | 1253926702 | -2124008857 | 1253926702
33a,217707617578529,production-floor | production-no-floor | raw | shrink,14380942 | 1253926702 | -2124008857 | 1253926702
33a,217707617578530,production-floor | production-no-floor | raw | shrink,14380942 | -1206161715 | -2124008857 | -1206161715
33a,217707617578531,production-floor | production-no-floor | raw | shrink,14380942 | 1253926702 | -2124008857 | 1253926702
33a,217707617578533,production-floor | production-no-floor | raw | shrink,14380942 | 1253926702 | -2124008857 | 1253926702
33b,217711912542656,production-floor | production-no-floor | raw | shrink,-1215026023 | -1992524807 | 1896864069 | -1992524807
33b,217711912542657,production-floor | production-no-floor | raw | shrink,-1215026023 | -1992524807 | 1896864069 | -1992524807
33b,217711912542659,production-floor | production-no-floor | raw | shrink,-1215026023 | -1992524807 | 1896864069 | -1992524807
33b,217711912542660,production-floor | production-no-floor | raw | shrink,-1215026023 | -1992524807 | 1896864069 | -1992524807
33b,217711912542661,production-floor | production-no-floor | raw | shrink,-1215026023 | -1992524807 | 1896864069 | -1992524807
33b,217711912542662,production-floor | production-no-floor | raw | shrink,-1215026023 | -1992524807 | 1896864069 | -1992524807
33b,217711912542663,production-floor | production-no-floor | raw | shrink,-1215026023 | -1992524807 | 1896864069 | -1992524807
33b,217711912542664,production-floor | production-no-floor | raw | shrink,-1215026023 | -1992524807 | 1896864069 | -1992524807
33b,217711912542665,production-floor | production-no-floor | raw | shrink,-1215026023 | -1992524807 | -397240962 | -1992524807
33b,217711912542666,production-floor | production-no-floor | raw | shrink,-1215026023 | -1992524807 | 1896864069 | -1992524807
33b,217711912542667,production-floor | production-no-floor | raw | shrink,-1215026023 | -1992524807 | 1896864069 | -1992524807
33b,217711912542668,production-floor | production-no-floor | raw | shrink,-1215026023 | -1992524807 | 1896864069 | -1992524807
33b,217711912542669,production-floor | production-no-floor | raw | shrink,-1215026023 | -1992524807 | 1896864069 | -1992524807
33b,217711912542670,production-floor | production-no-floor | raw | shrink,-1215026023 | -1992524807 | 1896864069 | -1992524807
33b,217711912542671,production-floor | production-no-floor | raw | shrink,-1215026023 | -1992524807 | 1896864069 | -1992524807
33b,217711912542672,production-floor | production-no-floor | raw | shrink,-1215026023 | -1992524807 | 1896864069 | -1992524807
33b,217711912542673,production-floor | production-no-floor | raw | shrink,-1215026023 | -1992524807 | 1896864069 | -1992524807
33b,217711912542674,production-floor | production-no-floor | raw | shrink,-1215026023 | -1992524807 | 1896864069 | -1992524807
33b,217711912542675,production-floor | production-no-floor | raw | shrink,-1215026023 | -1992524807 | 1896864069 | -1992524807
33b,217711912542676,production-floor | production-no-floor | raw | shrink,-1215026023 | -1992524807 | 1896864069 | -1992524807
33b,217711912542677,production-floor | production-no-floor | raw | shrink,-1215026023 | -1992524807 | 1896864069 | -1992524807
33b,217711912542678,production-floor | production-no-floor | raw | shrink,-1215026023 | -1992524807 | 1896864069 | -1992524807
33b,217711912542679,production-floor | production-no-floor | raw | shrink,-1215026023 | -1992524807 | 1896864069 | -1992524807
33b,217711912542680,production-floor | production-no-floor | raw | shrink,-1215026023 | -1992524807 | 1896864069 | -1992524807
33b,217711912542681,production-floor | production-no-floor | raw | shrink,-1215026023 | -1992524807 | 1896864069 | -1992524807
33b,217711912542682,production-floor | production-no-floor | raw | shrink,-1215026023 | -1992524807 | 1896864069 | -1992524807
33b,217711912542683,production-floor | production-no-floor | raw | shrink,-1215026023 | -1992524807 | 1896864069 | -1992524807
33b,217711912542684,production-floor | production-no-floor | raw | shrink,-1215026023 | -1992524807 | 1896864069 | -1992524807
33b,217711912542685,production-floor | production-no-floor | raw | shrink,-1215026023 | -1992524807 | -397240962 | -1992524807
33b,217711912542686,production-floor | production-no-floor | raw | shrink,-1215026023 | -1992524807 | 1896864069 | -1992524807
33b,217711912542687,production-floor | production-no-floor | raw | shrink,-1215026023 | -1992524807 | 1896864069 | -1992524807
33b,217711912542688,production-floor | production-no-floor | raw | shrink,-1215026023 | -1992524807 | 1896864069 | -1992524807
33b,217711912542689,production-floor | production-no-floor | raw | shrink,-1215026023 | -1992524807 | 1896864069 | -1992524807
33b,217711912542690,production-floor | production-no-floor | raw | shrink,-1215026023 | -1992524807 | 1896864069 | -1992524807
33b,217711912542691,production-floor | production-no-floor | raw | shrink,-1215026023 | -1992524807 | 1896864069 | -1992524807
33b,217711912542692,production-floor | production-no-floor | raw | shrink,-1215026023 | -1992524807 | 1896864069 | -1992524807
33b,217711912542693,production-floor | production-no-floor | raw | shrink,-1215026023 | -1992524807 | 1896864069 | -1992524807
33b,217711912542694,production-floor | production-no-floor | raw | shrink,-1215026023 | -1992524807 | 1896864069 | -1992524807
33b,217711912542695,production-floor | production-no-floor | raw | shrink,-1215026023 | -1992524807 | 1896864069 | -1992524807
33b,217711912542696,production-floor | production-no-floor | raw | shrink,-1215026023 | -1992524807 | 1896864069 | -1992524807
33b,217711912542697,production-floor | production-no-floor | raw | shrink,-1215026023 | -1992524807 | 1896864069 | -1992524807
33b,217711912542698,production-floor | production-no-floor | raw | shrink,-1215026023 | -1992524807 | 1896864069 | -1992524807
33b,217711912542699,production-floor | production-no-floor | raw | shrink,-1215026023 | -1992524807 | 1896864069 | -1992524807
33b,217711912542700,production-floor | production-no-floor | raw | shrink,-1215026023 | -1992524807 | 1896864069 | -1992524807
33b,217711912542701,production-floor | production-no-floor | raw | shrink,-1215026023 | -1992524807 | 1896864069 | -1992524807
33b,217711912542702,production-floor | production-no-floor | raw | shrink,-1215026023 | -1992524807 | 1896864069 | -1992524807
33b,217711912542703,production-floor | production-no-floor | raw | shrink,-1215026023 | -1992524807 | 1896864069 | -1992524807
33b,217711912542704,production-floor | production-no-floor | raw | shrink,-1215026023 | -1992524807 | 1896864069 | -1992524807
33b,217711912542705,production-floor | production-no-floor | raw | shrink,-1215026023 | -1992524807 | 1896864069 | -1992524807
33b,217711912542706,production-floor | production-no-floor | raw | shrink,-1215026023 | -1992524807 | 1896864069 | -1992524807
33b,217711912542707,production-floor | production-no-floor | raw | shrink,-1215026023 | -1992524807 | 1896864069 | -1992524807
33b,217711912542708,production-floor | production-no-floor | raw | shrink,-1215026023 | -1992524807 | 1896864069 | -1992524807
33b,217711912542709,production-floor | production-no-floor | raw | shrink,-1215026023 | -1992524807 | 1896864069 | -1992524807
33b,217711912542710,production-floor | production-no-floor | raw | shrink,-1215026023 | -1992524807 | 1896864069 | -1992524807
33b,217711912542711,production-floor | production-no-floor | raw | shrink,-1215026023 | -1992524807 | 1896864069 | -1992524807
33b,217711912542712,production-floor | production-no-floor | raw | shrink,-1215026023 | -1992524807 | 1896864069 | -1992524807
33b,217711912542713,production-floor | production-no-floor | raw | shrink,-1215026023 | -1992524807 | 1896864069 | -1992524807
33b,217711912542714,production-floor | production-no-floor | raw | shrink,-1215026023 | -1992524807 | 1896864069 | -1992524807
33b,217711912542715,production-floor | production-no-floor | raw | shrink,-1215026023 | -1992524807 | 1896864069 | -1992524807
33b,217711912542716,production-floor | production-no-floor | raw | shrink,-1215026023 | -1992524807 | 1896864069 | -1992524807
33b,217711912542717,production-floor | production-no-floor | raw | shrink,-1215026023 | -1992524807 | -397240962 | -1992524807
33b,217711912542718,production-floor | production-no-floor | raw | shrink,-1215026023 | -1992524807 | 1896864069 | -1992524807
33b,217711912542719,production-floor | production-no-floor | raw | shrink,-1215026023 | -1992524807 | 1896864069 | -1992524807
33b,217711912545792,production-floor | production-no-floor | raw | shrink,-1215026023 | -1992524807 | 1896864069 | -1992524807
33b,217711912545793,production-floor | production-no-floor | raw | shrink,-1215026023 | -1992524807 | 1896864069 | -1992524807
33b,217711912545794,production-floor | production-no-floor | raw | shrink,-1215026023 | -1992524807 | 1896864069 | -1992524807
33b,217711912545795,production-floor | production-no-floor | raw | shrink,-1215026023 | -1992524807 | -397240962 | -1992524807
33b,217711912545796,production-floor | production-no-floor | raw | shrink,-1215026023 | -1992524807 | 1896864069 | -1992524807
33b,217711912545797,production-floor | production-no-floor | raw | shrink,-1215026023 | -1992524807 | 1896864069 | -1992524807
33b,217711912545798,production-floor | production-no-floor | raw | shrink,-1215026023 | -1992524807 | 1896864069 | -1992524807
33b,217711912545799,production-floor | production-no-floor | raw | shrink,-1215026023 | -1992524807 | 1896864069 | -1992524807
33b,217711912545800,production-floor | production-no-floor | raw | shrink,-1215026023 | -1992524807 | 1896864069 | -1992524807
33b,217711912545801,production-floor | production-no-floor | raw | shrink,-1215026023 | -1992524807 | 1896864069 | -1992524807
33b,217711912545802,production-floor | production-no-floor | raw | shrink,-1215026023 | -1992524807 | 1896864069 | -1992524807
33b,217711912545803,production-floor | production-no-floor | raw | shrink,-1215026023 | -1992524807 | 1896864069 | -1992524807
33b,217711912545804,production-floor | production-no-floor | raw | shrink,-1215026023 | -1992524807 | 1896864069 | -1992524807
33b,217711912545805,production-floor | production-no-floor | raw | shrink,-1215026023 | -1992524807 | 1896864069 | -1992524807
33b,217711912545806,production-floor | production-no-floor | raw | shrink,-1215026023 | -1992524807 | 1896864069 | -1992524807
33b,217711912545807,production-floor | production-no-floor | raw | shrink,-1215026023 | -1992524807 | 1896864069 | -1992524807
33b,217711912545808,production-floor | production-no-floor | raw | shrink,-1215026023 | -1992524807 | 1896864069 | -1992524807
33b,217711912545809,production-floor | production-no-floor | raw | shrink,-1215026023 | -1992524807 | 1896864069 | -1992524807
33b,217711912545810,production-floor | production-no-floor | raw | shrink,-1215026023 | -1992524807 | 1896864069 | -1992524807
33b,217711912545811,production-floor | production-no-floor | raw | shrink,-1215026023 | -1992524807 | 1896864069 | -1992524807
33b,217711912545812,production-floor | production-no-floor | raw | shrink,-1215026023 | -1992524807 | 1896864069 | -1992524807
33b,217711912545813,production-floor | production-no-floor | raw | shrink,-1215026023 | -1992524807 | 1896864069 | -1992524807
33b,217711912545814,production-floor | production-no-floor | raw | shrink,-1215026023 | -1992524807 | 1896864069 | -1992524807
33b,217711912545815,production-floor | production-no-floor | raw | shrink,-1215026023 | -1992524807 | 1896864069 | -1992524807
33b,217711912545816,production-floor | production-no-floor | raw | shrink,-1215026023 | -1992524807 | 1896864069 | -1992524807
33b,217711912545817,production-floor | production-no-floor | raw | shrink,-1215026023 | -1992524807 | 1896864069 | -1992524807
33b,217711912545818,production-floor | production-no-floor | raw | shrink,-1215026023 | -1992524807 | 1896864069 | -1992524807
33b,217711912545819,production-floor | production-no-floor | raw | shrink,-1215026023 | -1992524807 | 1896864069 | -1992524807
33b,217711912545820,production-floor | production-no-floor | raw | shrink,-1215026023 | -1992524807 | 1896864069 | -1992524807
33b,217711912545821,production-floor | production-no-floor | raw | shrink,-1215026023 | -1992524807 | 1896864069 | -1992524807
33b,217711912545822,production-floor | production-no-floor | raw | shrink,-1215026023 | -1992524807 | 1896864069 | -1992524807
33b,217711912545823,production-floor | production-no-floor | raw | shrink,-1215026023 | -1992524807 | 1896864069 | -1992524807
33b,217711912545824,production-floor | production-no-floor | raw | shrink,-1215026023 | -1992524807 | 1896864069 | -1992524807
33b,217711912545825,production-floor | production-no-floor | raw | shrink,-1215026023 | -1992524807 | 1896864069 | -1992524807
33b,217711912545826,production-floor | production-no-floor | raw | shrink,-1215026023 | -1992524807 | 1896864069 | -1992524807
33b,217711912545827,production-floor | production-no-floor | raw | shrink,-1215026023 | -1992524807 | 1896864069 | -1992524807
33b,217711912545830,production-floor | production-no-floor | raw | shrink,-1215026023 | -1992524807 | 1896864069 | -1992524807
33c,217716207509952,production-floor | production-no-floor | raw | shrink,1026233334 | -254114502 | 1219193502 | -254114502
33c,217716207509953,production-floor | production-no-floor | raw | shrink,1026233334 | -1005256317 | 1219193502 | -1005256317
33c,217716207509954,production-floor | production-no-floor | raw | shrink,1026233334 | 1177143949 | 1219193502 | 1177143949
33c,217716207509956,production-floor | production-no-floor | raw | shrink,1026233334 | 1177143949 | 1219193502 | 1177143949
33c,217716207509957,production-floor | production-no-floor | raw | shrink,1026233334 | -254114502 | 1219193502 | -254114502
33c,217716207509958,production-floor | production-no-floor | raw | shrink,1026233334 | 1177143949 | 1219193502 | 1177143949
33c,217716207509959,production-floor | production-no-floor | raw | shrink,1026233334 | -1005256317 | 1219193502 | -1005256317
33c,217716207509960,production-floor | production-no-floor | raw | shrink,1026233334 | 1177143949 | 1219193502 | 1177143949
33c,217716207509961,production-floor | production-no-floor | raw | shrink,1026233334 | 1177143949 | 1219193502 | 1177143949
33c,217716207509962,production-floor | production-no-floor | raw | shrink,1026233334 | 1177143949 | 1219193502 | 1177143949
33c,217716207509963,production-floor | production-no-floor | raw | shrink,1026233334 | 1177143949 | 1219193502 | 1177143949
33c,217716207509964,production-floor | production-no-floor | raw | shrink,1026233334 | -1005256317 | 1219193502 | -1005256317
33c,217716207509965,production-floor | production-no-floor | raw | shrink,1026233334 | 1177143949 | 1219193502 | 1177143949
33c,217716207509966,production-floor | production-no-floor | raw | shrink,1026233334 | 1177143949 | 1219193502 | 1177143949
33c,217716207509967,production-floor | production-no-floor | raw | shrink,1026233334 | -254114502 | 1219193502 | -254114502
33c,217716207509968,production-floor | production-no-floor | raw | shrink,1026233334 | -1005256317 | 1219193502 | -1005256317
33c,217716207509969,production-floor | production-no-floor | raw | shrink,1026233334 | 1177143949 | 1219193502 | 1177143949
33c,217716207509970,production-floor | production-no-floor | raw | shrink,1026233334 | -1005256317 | 1219193502 | -1005256317
33c,217716207509971,production-floor | production-no-floor | raw | shrink,1026233334 | 1177143949 | 1219193502 | 1177143949
33c,217716207509972,production-floor | production-no-floor | raw | shrink,1026233334 | -1005256317 | 1219193502 | -1005256317
33c,217716207509973,production-floor | production-no-floor | raw | shrink,1026233334 | 1177143949 | 1219193502 | 1177143949
33c,217716207509974,production-floor | production-no-floor | raw | shrink,1026233334 | -1005256317 | 1219193502 | -1005256317
33c,217716207509975,production-floor | production-no-floor | raw | shrink,1026233334 | 1177143949 | 1219193502 | 1177143949
33c,217716207509976,production-floor | production-no-floor | raw | shrink,1026233334 | -1005256317 | 1219193502 | -1005256317
33c,217716207509977,production-floor | production-no-floor | raw | shrink,1026233334 | -1005256317 | 1219193502 | -1005256317
33c,217716207509978,production-floor | production-no-floor | raw | shrink,1026233334 | 1177143949 | 1219193502 | 1177143949
33c,217716207509979,production-floor | production-no-floor | raw | shrink,1026233334 | 1177143949 | 1219193502 | 1177143949
33c,217716207509980,production-floor | production-no-floor | raw | shrink,1026233334 | -1005256317 | 1219193502 | -1005256317
33c,217716207509981,production-floor | production-no-floor | raw | shrink,1026233334 | 1177143949 | 1219193502 | 1177143949
33c,217716207509982,production-floor | production-no-floor | raw | shrink,1026233334 | -1005256317 | 1219193502 | -1005256317
33c,217716207509983,production-floor | production-no-floor | raw | shrink,1026233334 | 1177143949 | 1219193502 | 1177143949
33c,217716207509984,production-floor | production-no-floor | raw | shrink,1026233334 | 1219193502 | 1219193502 | 1219193502
33c,217716207509985,production-floor | production-no-floor | raw | shrink,1026233334 | 1177143949 | 1219193502 | 1177143949
33c,217716207509986,production-floor | production-no-floor | raw | shrink,1026233334 | 1177143949 | 1219193502 | 1177143949
33c,217716207509987,production-floor | production-no-floor | raw | shrink,1026233334 | 1177143949 | 1219193502 | 1177143949
33c,217716207509988,production-floor | production-no-floor | raw | shrink,1026233334 | 1177143949 | 1219193502 | 1177143949
33c,217716207509989,production-floor | production-no-floor | raw | shrink,1026233334 | -1005256317 | 1219193502 | -1005256317
33c,217716207509990,production-floor | production-no-floor | raw | shrink,1026233334 | 1177143949 | 1219193502 | 1177143949
33c,217716207509991,production-floor | production-no-floor | raw | shrink,1026233334 | -1005256317 | 1219193502 | -1005256317
33c,217716207509992,production-floor | production-no-floor | raw | shrink,1026233334 | 1177143949 | 1219193502 | 1177143949
33c,217716207509993,production-floor | production-no-floor | raw | shrink,1026233334 | -1005256317 | 1219193502 | -1005256317
33c,217716207509994,production-floor | production-no-floor | raw | shrink,1026233334 | 1177143949 | 1219193502 | 1177143949
33c,217716207509995,production-floor | production-no-floor | raw | shrink,1026233334 | -1005256317 | 1219193502 | -1005256317
33c,217716207509996,production-floor | production-no-floor | raw | shrink,1026233334 | 1177143949 | 1219193502 | 1177143949
33c,217716207509997,production-floor | production-no-floor | raw | shrink,1026233334 | -1005256317 | 1219193502 | -1005256317
33c,217716207509998,production-floor | production-no-floor | raw | shrink,1026233334 | -1005256317 | 1219193502 | -1005256317
33c,217716207509999,production-floor | production-no-floor | raw | shrink,1026233334 | -1005256317 | 1219193502 | -1005256317
33c,217716207510000,production-floor | production-no-floor | raw | shrink,1026233334 | -575149658 | 1219193502 | -575149658
33c,217716207510001,production-floor | production-no-floor | raw | shrink,1026233334 | -1005256317 | 1219193502 | -1005256317
33c,217716207510002,production-floor | production-no-floor | raw | shrink,1026233334 | -1005256317 | 1219193502 | -1005256317
33c,217716207510003,production-floor | production-no-floor | raw | shrink,1026233334 | 1177143949 | 1219193502 | 1177143949
33c,217716207510004,production-floor | production-no-floor | raw | shrink,1026233334 | 1177143949 | 1219193502 | 1177143949
33c,217716207510005,production-floor | production-no-floor | raw | shrink,1026233334 | -1005256317 | 1219193502 | -1005256317
33c,217716207510006,production-floor | production-no-floor | raw | shrink,1026233334 | 1177143949 | 1219193502 | 1177143949
33c,217716207510007,production-floor | production-no-floor | raw | shrink,1026233334 | -1005256317 | 1219193502 | -1005256317
33c,217716207510008,production-floor | production-no-floor | raw | shrink,1026233334 | -1005256317 | 1219193502 | -1005256317
33c,217716207510009,production-floor | production-no-floor | raw | shrink,1026233334 | 1177143949 | 1219193502 | 1177143949
33c,217716207510010,production-floor | production-no-floor | raw | shrink,1026233334 | 1177143949 | 1219193502 | 1177143949
33c,217716207510011,production-floor | production-no-floor | raw | shrink,1026233334 | -1005256317 | 1219193502 | -1005256317
33c,217716207510012,production-floor | production-no-floor | raw | shrink,1026233334 | -1005256317 | 1219193502 | -1005256317
33c,217716207510013,production-floor | production-no-floor | raw | shrink,1026233334 | -1005256317 | 1219193502 | -1005256317
33c,217716207510014,production-floor | production-no-floor | raw | shrink,1026233334 | -1005256317 | 1219193502 | -1005256317
33c,217716207510015,production-floor | production-no-floor | raw | shrink,1026233334 | -1005256317 | 1219193502 | -1005256317
33c,217716207513088,production-floor | production-no-floor | raw | shrink,1026233334 | 1177143949 | 1219193502 | 1177143949
33c,217716207513089,production-floor | production-no-floor | raw | shrink,1026233334 | 1177143949 | 1219193502 | 1177143949
33c,217716207513090,production-floor | production-no-floor | raw | shrink,1026233334 | 1177143949 | 1219193502 | 1177143949
33c,217716207513091,production-floor | production-no-floor | raw | shrink,1026233334 | 1177143949 | 1219193502 | 1177143949
33c,217716207513092,production-floor | production-no-floor | raw | shrink,1026233334 | -254114502 | 1219193502 | -254114502
33c,217716207513093,production-floor | production-no-floor | raw | shrink,1026233334 | -1005256317 | 1219193502 | -1005256317
33c,217716207513094,production-floor | production-no-floor | raw | shrink,1026233334 | -1005256317 | 1219193502 | -1005256317
33c,217716207513095,production-floor | production-no-floor | raw | shrink,1026233334 | -1005256317 | 1219193502 | -1005256317
33c,217716207513096,production-floor | production-no-floor | raw | shrink,1026233334 | -1005256317 | 1219193502 | -1005256317
33c,217716207513097,production-floor | production-no-floor | raw | shrink,1026233334 | -1005256317 | 1219193502 | -1005256317
33c,217716207513098,production-floor | production-no-floor | raw | shrink,1026233334 | -1005256317 | 1219193502 | -1005256317
33c,217716207513099,production-floor | production-no-floor | raw | shrink,1026233334 | -1005256317 | 1219193502 | -1005256317
33c,217716207513100,production-floor | production-no-floor | raw | shrink,1026233334 | -1005256317 | 1219193502 | -1005256317
33c,217716207513101,production-floor | production-no-floor | raw | shrink,1026233334 | 1177143949 | 1219193502 | 1177143949
33c,217716207513102,production-floor | production-no-floor | raw | shrink,1026233334 | 1177143949 | 1219193502 | 1177143949
33c,217716207513103,production-floor | production-no-floor | raw | shrink,1026233334 | 1177143949 | 1219193502 | 1177143949
33c,217716207513104,production-floor | production-no-floor | raw | shrink,1026233334 | 1177143949 | 1219193502 | 1177143949
33c,217716207513105,production-floor | production-no-floor | raw | shrink,1026233334 | -1005256317 | 1219193502 | -1005256317
33c,217716207513106,production-floor | production-no-floor | raw | shrink,1026233334 | -1005256317 | 1219193502 | -1005256317
33c,217716207513107,production-floor | production-no-floor | raw | shrink,1026233334 | -1005256317 | 1219193502 | -1005256317
33c,217716207513108,production-floor | production-no-floor | raw | shrink,1026233334 | 1177143949 | 1219193502 | 1177143949
33c,217716207513109,production-floor | production-no-floor | raw | shrink,1026233334 | -1005256317 | 1219193502 | -1005256317
33c,217716207513110,production-floor | production-no-floor | raw | shrink,1026233334 | 1177143949 | 1219193502 | 1177143949
33c,217716207513111,production-floor | production-no-floor | raw | shrink,1026233334 | -1005256317 | 1219193502 | -1005256317
33c,217716207513112,production-floor | production-no-floor | raw | shrink,1026233334 | -1005256317 | 1219193502 | -1005256317
33c,217716207513113,production-floor | production-no-floor | raw | shrink,1026233334 | 1177143949 | 1219193502 | 1177143949
33c,217716207513114,production-floor | production-no-floor | raw | shrink,1026233334 | -1005256317 | 1219193502 | -1005256317
33c,217716207513115,production-floor | production-no-floor | raw | shrink,1026233334 | 1177143949 | 1219193502 | 1177143949
33c,217716207513116,production-floor | production-no-floor | raw | shrink,1026233334 | 1177143949 | 1219193502 | 1177143949
33c,217716207513117,production-floor | production-no-floor | raw | shrink,1026233334 | -1005256317 | 1219193502 | -1005256317
33c,217716207513118,production-floor | production-no-floor | raw | shrink,1026233334 | -1005256317 | 1219193502 | -1005256317
33c,217716207513119,production-floor | production-no-floor | raw | shrink,1026233334 | 1177143949 | 1219193502 | 1177143949
33c,217716207513120,production-floor | production-no-floor | raw | shrink,1026233334 | -575149658 | 1219193502 | -575149658
33c,217716207513121,production-floor | production-no-floor | raw | shrink,1026233334 | -1005256317 | 1219193502 | -1005256317
33c,217716207513122,production-floor | production-no-floor | raw | shrink,1026233334 | 1177143949 | 1219193502 | 1177143949
33c,217716207513123,production-floor | production-no-floor | raw | shrink,1026233334 | 1177143949 | 1219193502 | 1177143949
33c,217716207513127,production-floor | production-no-floor | raw | shrink,1026233334 | -1005256317 | 1219193502 | -1005256317
3a,7206975381885,production-floor | production-no-floor | raw | shrink,-1613518825 | -176194973 | -1613518825 | -176194973
3b,7211270349122,production-floor | production-no-floor | raw | shrink,129508754 | 113844438 | 129508754 | 113844438
3b,7211270349129,production-floor | production-no-floor | raw | shrink,129508754 | 113844438 | 129508754 | 113844438
3b,7211270349132,production-floor | production-no-floor | raw | shrink,129508754 | 113844438 | 129508754 | 113844438
3b,7211270349133,production-floor | production-no-floor | raw | shrink,129508754 | 113844438 | 129508754 | 113844438
3b,7211270349134,production-floor | production-no-floor | raw | shrink,129508754 | 113844438 | 129508754 | 113844438
3b,7211270349136,production-floor | production-no-floor | raw | shrink,129508754 | 113844438 | 129508754 | 113844438
3b,7211270349137,production-floor | production-no-floor | raw | shrink,129508754 | 113844438 | 129508754 | 113844438
3b,7211270349141,production-floor | production-no-floor | raw | shrink,129508754 | 113844438 | 129508754 | 113844438
3b,7211270349157,production-floor | production-no-floor | raw | shrink,129508754 | 113844438 | 129508754 | 113844438
3b,7211270349158,production-floor | production-no-floor | raw | shrink,129508754 | 113844438 | 129508754 | 113844438
3b,7211270349160,production-floor | production-no-floor | raw | shrink,129508754 | 113844438 | 129508754 | 113844438
3b,7211270349162,production-floor | production-no-floor | raw | shrink,129508754 | 113844438 | 129508754 | 113844438
3b,7211270349163,production-floor | production-no-floor | raw | shrink,129508754 | 113844438 | 129508754 | 113844438
3b,7211270349172,production-floor | production-no-floor | raw | shrink,129508754 | 113844438 | 129508754 | 113844438
3b,7211270349174,production-floor | production-no-floor | raw | shrink,129508754 | 113844438 | 129508754 | 113844438
3b,7211270349176,production-floor | production-no-floor | raw | shrink,129508754 | 113844438 | 129508754 | 113844438
3b,7211270349177,production-floor | production-no-floor | raw | shrink,129508754 | 113844438 | 129508754 | 113844438
3b,7211270349178,production-floor | production-no-floor | raw | shrink,129508754 | 113844438 | 129508754 | 113844438
3b,7211270349180,production-floor | production-no-floor | raw | shrink,129508754 | 113844438 | 129508754 | 113844438
3b,7211270349181,production-floor | production-no-floor | raw | shrink,129508754 | 113844438 | 129508754 | 113844438
3b,7211270352515,production-floor | production-no-floor | raw | shrink,129508754 | 113844438 | 129508754 | 113844438
3b,7211270352517,production-floor | production-no-floor | raw | shrink,129508754 | 113844438 | 129508754 | 113844438
3b,7211270352518,production-floor | production-no-floor | raw | shrink,129508754 | 113844438 | 129508754 | 113844438
3b,7211270352519,production-floor | production-no-floor | raw | shrink,129508754 | 113844438 | 129508754 | 113844438
3b,7211270352521,production-floor | production-no-floor | raw | shrink,129508754 | 113844438 | 129508754 | 113844438
3b,7211270352526,production-floor | production-no-floor | raw | shrink,129508754 | 113844438 | 129508754 | 113844438
3b,7211270352532,production-floor | production-no-floor | raw | shrink,129508754 | 113844438 | 129508754 | 113844438
3b,7211270352534,production-floor | production-no-floor | raw | shrink,129508754 | 113844438 | 129508754 | 113844438
3b,7211270352536,production-floor | production-no-floor | raw | shrink,129508754 | 113844438 | 129508754 | 113844438
3b,7211270352542,production-floor | production-no-floor | raw | shrink,129508754 | 113844438 | 129508754 | 113844438
3b,7211270352556,production-floor | production-no-floor | raw | shrink,129508754 | 113844438 | 129508754 | 113844438
3b,7211270352558,production-floor | production-no-floor | raw | shrink,129508754 | 113844438 | 129508754 | 113844438
3c,7215565316423,production-floor | production-no-floor | raw | shrink,-1572305105 | -1572305105 | -1433445131 | -1572305105
3c,7215565316446,production-floor | production-no-floor | raw | shrink,-1572305105 | -1572305105 | -1433445131 | -1572305105
4a,7340119368000,production-floor | production-no-floor | raw | shrink,1427000343 | -1509295857 | -1202259619 | -1509295857
4a,7340119368001,production-floor | production-no-floor | raw | shrink,1427000343 | 1427000343 | -1202259619 | 1427000343
4a,7340119368002,production-floor | production-no-floor | raw | shrink,1427000343 | 1427000343 | -1202259619 | 1427000343
4a,7340119368003,production-floor | production-no-floor | raw | shrink,1427000343 | 1427000343 | -1202259619 | 1427000343
4a,7340119368004,production-floor | production-no-floor | raw | shrink,1427000343 | 1427000343 | -1202259619 | 1427000343
4a,7340119368005,production-floor | production-no-floor | raw | shrink,1427000343 | -1509295857 | 1427000343 | -1509295857
4a,7340119368006,production-floor | production-no-floor | raw | shrink,1427000343 | -1509295857 | 1427000343 | -1509295857
4a,7340119368007,production-floor | production-no-floor | raw | shrink,1427000343 | -1509295857 | -1202259619 | -1509295857
4a,7340119368008,production-floor | production-no-floor | raw | shrink,1427000343 | 1427000343 | -1202259619 | 1427000343
4a,7340119368009,production-floor | production-no-floor | raw | shrink,1427000343 | 1427000343 | -1202259619 | 1427000343
4a,7340119368010,production-floor | production-no-floor | raw | shrink,1427000343 | 1427000343 | -1202259619 | 1427000343
4a,7340119368011,production-floor | production-no-floor | raw | shrink,1427000343 | 1427000343 | -1202259619 | 1427000343
4a,7340119368012,production-floor | production-no-floor | raw | shrink,1427000343 | 1427000343 | -1202259619 | 1427000343
4a,7340119368013,production-floor | production-no-floor | raw | shrink,1427000343 | -1509295857 | 1427000343 | -1509295857
4a,7340119368014,production-floor | production-no-floor | raw | shrink,1427000343 | -1509295857 | 1427000343 | -1509295857
4a,7340119368015,production-floor | production-no-floor | raw | shrink,1427000343 | 1427000343 | -1202259619 | 1427000343
4a,7340119368016,production-floor | production-no-floor | raw | shrink,1427000343 | 1427000343 | -1202259619 | 1427000343
4a,7340119368018,production-floor | production-no-floor | raw | shrink,1427000343 | 1427000343 | -1202259619 | 1427000343
4a,7340119368019,production-floor | production-no-floor | raw | shrink,1427000343 | -1509295857 | -1202259619 | -1509295857
4a,7340119368020,production-floor | production-no-floor | raw | shrink,1427000343 | 1427000343 | -1202259619 | 1427000343
4a,7340119368021,production-floor | production-no-floor | raw | shrink,1427000343 | 1427000343 | -1202259619 | 1427000343
4a,7340119368022,production-floor | production-no-floor | raw | shrink,1427000343 | -1509295857 | 1427000343 | -1509295857
4a,7340119368023,production-floor | production-no-floor | raw | shrink,1427000343 | 1427000343 | -1202259619 | 1427000343
4a,7340119368024,production-floor | production-no-floor | raw | shrink,1427000343 | -1509295857 | -1202259619 | -1509295857
4a,7340119368025,production-floor | production-no-floor | raw | shrink,1427000343 | -1509295857 | -1202259619 | -1509295857
4a,7340119368026,production-floor | production-no-floor | raw | shrink,1427000343 | -1509295857 | -1202259619 | -1509295857
4a,7340119368027,production-floor | production-no-floor | raw | shrink,1427000343 | -1509295857 | -1202259619 | -1509295857
4a,7340119368028,production-floor | production-no-floor | raw | shrink,1427000343 | -1509295857 | -1202259619 | -1509295857
4a,7340119368029,production-floor | production-no-floor | raw | shrink,1427000343 | 1427000343 | -1202259619 | 1427000343
4a,7340119368030,production-floor | production-no-floor | raw | shrink,1427000343 | 1427000343 | -1202259619 | 1427000343
4a,7340119368031,production-floor | production-no-floor | raw | shrink,1427000343 | -1509295857 | 1427000343 | -1509295857
4a,7340119368033,production-floor | production-no-floor | raw | shrink,1427000343 | 1427000343 | -1202259619 | 1427000343
4a,7340119368034,production-floor | production-no-floor | raw | shrink,1427000343 | -1509295857 | 1427000343 | -1509295857
4a,7340119368035,production-floor | production-no-floor | raw | shrink,1427000343 | 1427000343 | -1202259619 | 1427000343
4a,7340119368036,production-floor | production-no-floor | raw | shrink,1427000343 | -1509295857 | 1427000343 | -1509295857
4a,7340119368038,production-floor | production-no-floor | raw | shrink,1427000343 | -1509295857 | -1202259619 | -1509295857
4a,7340119368039,production-floor | production-no-floor | raw | shrink,1427000343 | 1427000343 | -1202259619 | 1427000343
4a,7340119368040,production-floor | production-no-floor | raw | shrink,1427000343 | -1509295857 | 1427000343 | -1509295857
4a,7340119368041,production-floor | production-no-floor | raw | shrink,1427000343 | 1427000343 | -1202259619 | 1427000343
4a,7340119368042,production-floor | production-no-floor | raw | shrink,1427000343 | 1427000343 | -1202259619 | 1427000343
4a,7340119368043,production-floor | production-no-floor | raw | shrink,1427000343 | 1427000343 | -1202259619 | 1427000343
4a,7340119368044,production-floor | production-no-floor | raw | shrink,1427000343 | -1509295857 | -1202259619 | -1509295857
4a,7340119368047,production-floor | production-no-floor | raw | shrink,1427000343 | 1427000343 | -1202259619 | 1427000343
4a,7340119368048,production-floor | production-no-floor | raw | shrink,1427000343 | 1427000343 | -1202259619 | 1427000343
4a,7340119368049,production-floor | production-no-floor | raw | shrink,1427000343 | 1427000343 | -1202259619 | 1427000343
4a,7340119368050,production-floor | production-no-floor | raw | shrink,1427000343 | 1427000343 | -226412603 | 1427000343
4a,7340119368051,production-floor | production-no-floor | raw | shrink,1427000343 | 1427000343 | -1202259619 | 1427000343
4a,7340119368052,production-floor | production-no-floor | raw | shrink,1427000343 | -1509295857 | 1427000343 | -1509295857
4a,7340119368053,production-floor | production-no-floor | raw | shrink,1427000343 | -1509295857 | 1427000343 | -1509295857
4a,7340119368054,production-floor | production-no-floor | raw | shrink,1427000343 | 1427000343 | -1202259619 | 1427000343
4a,7340119368055,production-floor | production-no-floor | raw | shrink,1427000343 | 1427000343 | -1202259619 | 1427000343
4a,7340119368056,production-floor | production-no-floor | raw | shrink,1427000343 | 1427000343 | -1202259619 | 1427000343
4a,7340119368057,production-floor | production-no-floor | raw | shrink,1427000343 | -1509295857 | 1427000343 | -1509295857
4a,7340119368058,production-floor | production-no-floor | raw | shrink,1427000343 | 1427000343 | -1202259619 | 1427000343
4a,7340119368059,production-floor | production-no-floor | raw | shrink,1427000343 | 1427000343 | -1202259619 | 1427000343
4a,7340119368061,production-floor | production-no-floor | raw | shrink,1427000343 | -1509295857 | 1427000343 | -1509295857
4a,7340119368062,production-floor | production-no-floor | raw | shrink,1427000343 | 1427000343 | -1202259619 | 1427000343
4a,7340119368063,production-floor | production-no-floor | raw | shrink,1427000343 | 1427000343 | -1202259619 | 1427000343
4a,7340119371401,production-floor | production-no-floor | raw | shrink,1427000343 | 1427000343 | -1202259619 | 1427000343
4a,7340119371404,production-floor | production-no-floor | raw | shrink,1427000343 | -1509295857 | 1427000343 | -1509295857
4a,7340119371405,production-floor | production-no-floor | raw | shrink,1427000343 | -1509295857 | -1202259619 | -1509295857
4a,7340119371407,production-floor | production-no-floor | raw | shrink,1427000343 | 1427000343 | -1202259619 | 1427000343
4a,7340119371424,production-floor | production-no-floor | raw | shrink,1427000343 | 1427000343 | -1202259619 | 1427000343
4a,7340119371425,production-floor | production-no-floor | raw | shrink,1427000343 | -1509295857 | 1427000343 | -1509295857
4a,7340119371426,production-floor | production-no-floor | raw | shrink,1427000343 | 1427000343 | -1202259619 | 1427000343
4a,7340119371427,production-floor | production-no-floor | raw | shrink,1427000343 | -1509295857 | -1202259619 | -1509295857
4a,7340119371428,production-floor | production-no-floor | raw | shrink,1427000343 | 1427000343 | -1202259619 | 1427000343
4a,7340119371429,production-floor | production-no-floor | raw | shrink,1427000343 | 1427000343 | -1202259619 | 1427000343
4a,7340119371430,production-floor | production-no-floor | raw | shrink,1427000343 | 1427000343 | -1202259619 | 1427000343
4a,7340119371431,production-floor | production-no-floor | raw | shrink,1427000343 | 1427000343 | -1202259619 | 1427000343
4a,7340119371432,production-floor | production-no-floor | raw | shrink,1427000343 | -1509295857 | -1202259619 | -1509295857
4a,7340119371433,production-floor | production-no-floor | raw | shrink,1427000343 | 1427000343 | -1202259619 | 1427000343
4a,7340119371434,production-floor | production-no-floor | raw | shrink,1427000343 | 1427000343 | -1202259619 | 1427000343
4a,7340119371435,production-floor | production-no-floor | raw | shrink,1427000343 | 1427000343 | -1202259619 | 1427000343
4a,7340119371437,production-floor | production-no-floor | raw | shrink,1427000343 | -1509295857 | -1202259619 | -1509295857
4a,7340119371438,production-floor | production-no-floor | raw | shrink,1427000343 | -1509295857 | -1202259619 | -1509295857
4a,7340119371439,production-floor | production-no-floor | raw | shrink,1427000343 | 1427000343 | -1202259619 | 1427000343
4a,7340119371440,production-floor | production-no-floor | raw | shrink,1427000343 | 1427000343 | -1202259619 | 1427000343
4a,7340119371441,production-floor | production-no-floor | raw | shrink,1427000343 | -1509295857 | 1427000343 | -1509295857
4a,7340119371442,production-floor | production-no-floor | raw | shrink,1427000343 | 1427000343 | -1202259619 | 1427000343
4a,7340119371443,production-floor | production-no-floor | raw | shrink,1427000343 | 1427000343 | -1202259619 | 1427000343
4a,7340119371444,production-floor | production-no-floor | raw | shrink,1427000343 | 1427000343 | -1202259619 | 1427000343
4a,7340119371445,production-floor | production-no-floor | raw | shrink,1427000343 | -1509295857 | 1427000343 | -1509295857
4a,7340119371446,production-floor | production-no-floor | raw | shrink,1427000343 | 1427000343 | -1202259619 | 1427000343
4a,7340119371447,production-floor | production-no-floor | raw | shrink,1427000343 | -1509295857 | 1427000343 | -1509295857
4a,7340119371448,production-floor | production-no-floor | raw | shrink,1427000343 | 1427000343 | -1202259619 | 1427000343
4a,7340119371449,production-floor | production-no-floor | raw | shrink,1427000343 | -1509295857 | -1202259619 | -1509295857
4a,7340119371450,production-floor | production-no-floor | raw | shrink,1427000343 | 1427000343 | -1202259619 | 1427000343
4a,7340119371452,production-floor | production-no-floor | raw | shrink,1427000343 | -1509295857 | -1202259619 | -1509295857
4a,7340119371453,production-floor | production-no-floor | raw | shrink,1427000343 | 1427000343 | -1202259619 | 1427000343
4a,7340119371454,production-floor | production-no-floor | raw | shrink,1427000343 | 1427000343 | -1202259619 | 1427000343
4a,7340119371455,production-floor | production-no-floor | raw | shrink,1427000343 | 1427000343 | -1202259619 | 1427000343
4b,7344414335296,production-floor | production-no-floor | raw | shrink,261415237 | 261415237 | 611794456 | 261415237
4b,7344414335297,production-floor | production-no-floor | raw | shrink,261415237 | 261415237 | 611794456 | 261415237
4b,7344414335298,production-floor | production-no-floor | raw | shrink,261415237 | 261415237 | 611794456 | 261415237
4b,7344414335299,production-floor | production-no-floor | raw | shrink,261415237 | 261415237 | 611794456 | 261415237
4b,7344414335300,production-floor | production-no-floor | raw | shrink,261415237 | 261415237 | 611794456 | 261415237
4b,7344414335301,production-floor | production-no-floor | raw | shrink,261415237 | 261415237 | 611794456 | 261415237
4b,7344414335302,production-floor | production-no-floor | raw | shrink,261415237 | 261415237 | 611794456 | 261415237
4b,7344414335303,production-floor | production-no-floor | raw | shrink,261415237 | 261415237 | 611794456 | 261415237
4b,7344414335304,production-floor | production-no-floor | raw | shrink,261415237 | 261415237 | 611794456 | 261415237
4b,7344414335305,production-floor | production-no-floor | raw | shrink,261415237 | 261415237 | 611794456 | 261415237
4b,7344414335306,production-floor | production-no-floor | raw | shrink,261415237 | 261415237 | 611794456 | 261415237
4b,7344414335307,production-floor | production-no-floor | raw | shrink,261415237 | 261415237 | 611794456 | 261415237
4b,7344414335308,production-floor | production-no-floor | raw | shrink,261415237 | 261415237 | 611794456 | 261415237
4b,7344414335309,production-floor | production-no-floor | raw | shrink,261415237 | 261415237 | 611794456 | 261415237
4b,7344414335310,production-floor | production-no-floor | raw | shrink,261415237 | 261415237 | 611794456 | 261415237
4b,7344414335311,production-floor | production-no-floor | raw | shrink,261415237 | 261415237 | 611794456 | 261415237
4b,7344414335312,production-floor | production-no-floor | raw | shrink,261415237 | 261415237 | 611794456 | 261415237
4b,7344414335313,production-floor | production-no-floor | raw | shrink,261415237 | 261415237 | 611794456 | 261415237
4b,7344414335314,production-floor | production-no-floor | raw | shrink,261415237 | 261415237 | 611794456 | 261415237
4b,7344414335315,production-floor | production-no-floor | raw | shrink,261415237 | 261415237 | 611794456 | 261415237
4b,7344414335316,production-floor | production-no-floor | raw | shrink,261415237 | 261415237 | 611794456 | 261415237
4b,7344414335317,production-floor | production-no-floor | raw | shrink,261415237 | 261415237 | 611794456 | 261415237
4b,7344414335318,production-floor | production-no-floor | raw | shrink,261415237 | 261415237 | 611794456 | 261415237
4b,7344414335319,production-floor | production-no-floor | raw | shrink,261415237 | 261415237 | 611794456 | 261415237
4b,7344414335320,production-floor | production-no-floor | raw | shrink,261415237 | 261415237 | 611794456 | 261415237
4b,7344414335321,production-floor | production-no-floor | raw | shrink,261415237 | 261415237 | 611794456 | 261415237
4b,7344414335322,production-floor | production-no-floor | raw | shrink,261415237 | 261415237 | 611794456 | 261415237
4b,7344414335323,production-floor | production-no-floor | raw | shrink,261415237 | 261415237 | 611794456 | 261415237
4b,7344414335324,production-floor | production-no-floor | raw | shrink,261415237 | 261415237 | 611794456 | 261415237
4b,7344414335325,production-floor | production-no-floor | raw | shrink,261415237 | 261415237 | 611794456 | 261415237
4b,7344414335326,production-floor | production-no-floor | raw | shrink,261415237 | 261415237 | 611794456 | 261415237
4b,7344414335327,production-floor | production-no-floor | raw | shrink,261415237 | 261415237 | 611794456 | 261415237
4b,7344414335328,production-floor | production-no-floor | raw | shrink,261415237 | 261415237 | 611794456 | 261415237
4b,7344414335329,production-floor | production-no-floor | raw | shrink,261415237 | 261415237 | 611794456 | 261415237
4b,7344414335330,production-floor | production-no-floor | raw | shrink,261415237 | 261415237 | 611794456 | 261415237
4b,7344414335331,production-floor | production-no-floor | raw | shrink,261415237 | 261415237 | 611794456 | 261415237
4b,7344414335332,production-floor | production-no-floor | raw | shrink,261415237 | 261415237 | 611794456 | 261415237
4b,7344414335333,production-floor | production-no-floor | raw | shrink,261415237 | 261415237 | 611794456 | 261415237
4b,7344414335334,production-floor | production-no-floor | raw | shrink,261415237 | 261415237 | 611794456 | 261415237
4b,7344414335336,production-floor | production-no-floor | raw | shrink,261415237 | 261415237 | 611794456 | 261415237
4b,7344414335337,production-floor | production-no-floor | raw | shrink,261415237 | 261415237 | 611794456 | 261415237
4b,7344414335338,production-floor | production-no-floor | raw | shrink,261415237 | 261415237 | 611794456 | 261415237
4b,7344414335339,production-floor | production-no-floor | raw | shrink,261415237 | 261415237 | 611794456 | 261415237
4b,7344414335340,production-floor | production-no-floor | raw | shrink,261415237 | 261415237 | 611794456 | 261415237
4b,7344414335341,production-floor | production-no-floor | raw | shrink,261415237 | 261415237 | 611794456 | 261415237
4b,7344414335343,production-floor | production-no-floor | raw | shrink,261415237 | 261415237 | 611794456 | 261415237
4b,7344414335344,production-floor | production-no-floor | raw | shrink,261415237 | 261415237 | 611794456 | 261415237
4b,7344414335345,production-floor | production-no-floor | raw | shrink,261415237 | 261415237 | 611794456 | 261415237
4b,7344414335346,production-floor | production-no-floor | raw | shrink,261415237 | 261415237 | 611794456 | 261415237
4b,7344414335347,production-floor | production-no-floor | raw | shrink,261415237 | 261415237 | 611794456 | 261415237
4b,7344414335348,production-floor | production-no-floor | raw | shrink,261415237 | 261415237 | 611794456 | 261415237
4b,7344414335349,production-floor | production-no-floor | raw | shrink,261415237 | 261415237 | 611794456 | 261415237
4b,7344414335350,production-floor | production-no-floor | raw | shrink,261415237 | 261415237 | 611794456 | 261415237
4b,7344414335351,production-floor | production-no-floor | raw | shrink,261415237 | 261415237 | 611794456 | 261415237
4b,7344414335352,production-floor | production-no-floor | raw | shrink,261415237 | 261415237 | 611794456 | 261415237
4b,7344414335353,production-floor | production-no-floor | raw | shrink,261415237 | 261415237 | 611794456 | 261415237
4b,7344414335354,production-floor | production-no-floor | raw | shrink,261415237 | 261415237 | 611794456 | 261415237
4b,7344414335355,production-floor | production-no-floor | raw | shrink,261415237 | 261415237 | 611794456 | 261415237
4b,7344414335356,production-floor | production-no-floor | raw | shrink,261415237 | 261415237 | 611794456 | 261415237
4b,7344414335357,production-floor | production-no-floor | raw | shrink,261415237 | 261415237 | 611794456 | 261415237
4b,7344414335358,production-floor | production-no-floor | raw | shrink,261415237 | 261415237 | 611794456 | 261415237
4b,7344414335359,production-floor | production-no-floor | raw | shrink,261415237 | 261415237 | 611794456 | 261415237
4b,7344414338698,production-floor | production-no-floor | raw | shrink,261415237 | 261415237 | 611794456 | 261415237
4b,7344414338700,production-floor | production-no-floor | raw | shrink,261415237 | 261415237 | 611794456 | 261415237
4b,7344414338701,production-floor | production-no-floor | raw | shrink,261415237 | 261415237 | 611794456 | 261415237
4b,7344414338702,production-floor | production-no-floor | raw | shrink,261415237 | 261415237 | 611794456 | 261415237
4b,7344414338703,production-floor | production-no-floor | raw | shrink,261415237 | 261415237 | 611794456 | 261415237
4b,7344414338720,production-floor | production-no-floor | raw | shrink,261415237 | 261415237 | 611794456 | 261415237
4b,7344414338721,production-floor | production-no-floor | raw | shrink,261415237 | 261415237 | 611794456 | 261415237
4b,7344414338723,production-floor | production-no-floor | raw | shrink,261415237 | 261415237 | 611794456 | 261415237
4b,7344414338724,production-floor | production-no-floor | raw | shrink,261415237 | 261415237 | 611794456 | 261415237
4b,7344414338727,production-floor | production-no-floor | raw | shrink,261415237 | 261415237 | 611794456 | 261415237
4b,7344414338728,production-floor | production-no-floor | raw | shrink,261415237 | 261415237 | 611794456 | 261415237
4b,7344414338730,production-floor | production-no-floor | raw | shrink,261415237 | 261415237 | 611794456 | 261415237
4b,7344414338731,production-floor | production-no-floor | raw | shrink,261415237 | 261415237 | 611794456 | 261415237
4b,7344414338732,production-floor | production-no-floor | raw | shrink,261415237 | 261415237 | 611794456 | 261415237
4b,7344414338733,production-floor | production-no-floor | raw | shrink,261415237 | 261415237 | 611794456 | 261415237
4b,7344414338734,production-floor | production-no-floor | raw | shrink,261415237 | 261415237 | 611794456 | 261415237
4b,7344414338735,production-floor | production-no-floor | raw | shrink,261415237 | 261415237 | 611794456 | 261415237
4b,7344414338736,production-floor | production-no-floor | raw | shrink,261415237 | 261415237 | 611794456 | 261415237
4b,7344414338737,production-floor | production-no-floor | raw | shrink,261415237 | 261415237 | 611794456 | 261415237
4b,7344414338738,production-floor | production-no-floor | raw | shrink,261415237 | 261415237 | 611794456 | 261415237
4b,7344414338739,production-floor | production-no-floor | raw | shrink,261415237 | 261415237 | 611794456 | 261415237
4b,7344414338740,production-floor | production-no-floor | raw | shrink,261415237 | 261415237 | 611794456 | 261415237
4b,7344414338742,production-floor | production-no-floor | raw | shrink,261415237 | 261415237 | 611794456 | 261415237
4b,7344414338743,production-floor | production-no-floor | raw | shrink,261415237 | 261415237 | 611794456 | 261415237
4b,7344414338744,production-floor | production-no-floor | raw | shrink,261415237 | 261415237 | 611794456 | 261415237
4b,7344414338745,production-floor | production-no-floor | raw | shrink,261415237 | 261415237 | 611794456 | 261415237
4b,7344414338746,production-floor | production-no-floor | raw | shrink,261415237 | 261415237 | 611794456 | 261415237
4b,7344414338747,production-floor | production-no-floor | raw | shrink,261415237 | 261415237 | 611794456 | 261415237
4b,7344414338748,production-floor | production-no-floor | raw | shrink,261415237 | 261415237 | 611794456 | 261415237
4b,7344414338749,production-floor | production-no-floor | raw | shrink,261415237 | 261415237 | 611794456 | 261415237
4b,7344414338750,production-floor | production-no-floor | raw | shrink,261415237 | 261415237 | 611794456 | 261415237
4b,7344414338751,production-floor | production-no-floor | raw | shrink,261415237 | 261415237 | 611794456 | 261415237
4c,7348709302592,production-floor | production-no-floor | raw | shrink,464932698 | -430037632 | -430037632 | -430037632
4c,7348709302593,production-floor | production-no-floor | raw | shrink,464932698 | 1192923874 | -1125545911 | 1192923874
4c,7348709302594,production-floor | production-no-floor | raw | shrink,464932698 | -430037632 | -430037632 | -430037632
4c,7348709302595,production-floor | production-no-floor | raw | shrink,464932698 | 1192923874 | -1125545911 | 1192923874
4c,7348709302596,production-floor | production-no-floor | raw | shrink,464932698 | -430037632 | -430037632 | -430037632
4c,7348709302597,production-floor | production-no-floor | raw | shrink,464932698 | -430037632 | -1125545911 | -430037632
4c,7348709302598,production-floor | production-no-floor | raw | shrink,464932698 | -430037632 | -226412603 | -430037632
4c,7348709302599,production-floor | production-no-floor | raw | shrink,464932698 | 1192923874 | -430037632 | 1192923874
4c,7348709302600,production-floor | production-no-floor | raw | shrink,464932698 | 1192923874 | -430037632 | 1192923874
4c,7348709302601,production-floor | production-no-floor | raw | shrink,464932698 | -430037632 | -430037632 | -430037632
4c,7348709302602,production-floor | production-no-floor | raw | shrink,464932698 | -430037632 | -430037632 | -430037632
4c,7348709302603,production-floor | production-no-floor | raw | shrink,464932698 | -430037632 | -1125545911 | -430037632
4c,7348709302604,production-floor | production-no-floor | raw | shrink,464932698 | -430037632 | -430037632 | -430037632
4c,7348709302605,production-floor | production-no-floor | raw | shrink,464932698 | -430037632 | -430037632 | -430037632
4c,7348709302606,production-floor | production-no-floor | raw | shrink,464932698 | -430037632 | -1125545911 | -430037632
4c,7348709302607,production-floor | production-no-floor | raw | shrink,464932698 | -430037632 | -430037632 | -430037632
4c,7348709302608,production-floor | production-no-floor | raw | shrink,464932698 | 1192923874 | -430037632 | 1192923874
4c,7348709302609,production-floor | production-no-floor | raw | shrink,464932698 | -430037632 | -430037632 | -430037632
4c,7348709302610,production-floor | production-no-floor | raw | shrink,464932698 | 1192923874 | -430037632 | 1192923874
4c,7348709302611,production-floor | production-no-floor | raw | shrink,464932698 | -430037632 | -1125545911 | -430037632
4c,7348709302612,production-floor | production-no-floor | raw | shrink,464932698 | 1192923874 | -430037632 | 1192923874
4c,7348709302613,production-floor | production-no-floor | raw | shrink,464932698 | -430037632 | -430037632 | -430037632
4c,7348709302614,production-floor | production-no-floor | raw | shrink,464932698 | -430037632 | -1125545911 | -430037632
4c,7348709302615,production-floor | production-no-floor | raw | shrink,464932698 | 1192923874 | -430037632 | 1192923874
4c,7348709302616,production-floor | production-no-floor | raw | shrink,464932698 | -430037632 | -1125545911 | -430037632
4c,7348709302617,production-floor | production-no-floor | raw | shrink,464932698 | -430037632 | -1125545911 | -430037632
4c,7348709302618,production-floor | production-no-floor | raw | shrink,464932698 | -430037632 | -1125545911 | -430037632
4c,7348709302619,production-floor | production-no-floor | raw | shrink,464932698 | -430037632 | -1125545911 | -430037632
4c,7348709302620,production-floor | production-no-floor | raw | shrink,464932698 | -430037632 | -430037632 | -430037632
4c,7348709302621,production-floor | production-no-floor | raw | shrink,464932698 | -430037632 | -430037632 | -430037632
4c,7348709302622,production-floor | production-no-floor | raw | shrink,464932698 | -430037632 | -1125545911 | -430037632
4c,7348709302623,production-floor | production-no-floor | raw | shrink,464932698 | -430037632 | -1125545911 | -430037632
4c,7348709302624,production-floor | production-no-floor | raw | shrink,464932698 | 1192923874 | -430037632 | 1192923874
4c,7348709302625,production-floor | production-no-floor | raw | shrink,464932698 | -430037632 | -1125545911 | -430037632
4c,7348709302626,production-floor | production-no-floor | raw | shrink,464932698 | -430037632 | -1125545911 | -430037632
4c,7348709302627,production-floor | production-no-floor | raw | shrink,464932698 | -430037632 | -1125545911 | -430037632
4c,7348709302628,production-floor | production-no-floor | raw | shrink,464932698 | -430037632 | -1125545911 | -430037632
4c,7348709302629,production-floor | production-no-floor | raw | shrink,464932698 | -430037632 | -1125545911 | -430037632
4c,7348709302630,production-floor | production-no-floor | raw | shrink,464932698 | -430037632 | -430037632 | -430037632
4c,7348709302631,production-floor | production-no-floor | raw | shrink,464932698 | 1192923874 | -1125545911 | 1192923874
4c,7348709302632,production-floor | production-no-floor | raw | shrink,464932698 | -430037632 | -430037632 | -430037632
4c,7348709302633,production-floor | production-no-floor | raw | shrink,464932698 | -430037632 | -1125545911 | -430037632
4c,7348709302634,production-floor | production-no-floor | raw | shrink,464932698 | -430037632 | -1125545911 | -430037632
4c,7348709302635,production-floor | production-no-floor | raw | shrink,464932698 | -430037632 | -1125545911 | -430037632
4c,7348709302636,production-floor | production-no-floor | raw | shrink,464932698 | -430037632 | -430037632 | -430037632
4c,7348709302637,production-floor | production-no-floor | raw | shrink,464932698 | -430037632 | -1125545911 | -430037632
4c,7348709302638,production-floor | production-no-floor | raw | shrink,464932698 | -430037632 | -1125545911 | -430037632
4c,7348709302640,production-floor | production-no-floor | raw | shrink,464932698 | 1192923874 | -771427468 | 1192923874
4c,7348709302641,production-floor | production-no-floor | raw | shrink,464932698 | -430037632 | -1125545911 | -430037632
4c,7348709302642,production-floor | production-no-floor | raw | shrink,464932698 | -430037632 | -1125545911 | -430037632
4c,7348709302643,production-floor | production-no-floor | raw | shrink,464932698 | -430037632 | -1125545911 | -430037632
4c,7348709302644,production-floor | production-no-floor | raw | shrink,464932698 | -430037632 | -430037632 | -430037632
4c,7348709302645,production-floor | production-no-floor | raw | shrink,464932698 | -430037632 | -771427468 | -430037632
4c,7348709302646,production-floor | production-no-floor | raw | shrink,464932698 | -430037632 | -1125545911 | -430037632
4c,7348709302647,production-floor | production-no-floor | raw | shrink,464932698 | -430037632 | -1125545911 | -430037632
4c,7348709302648,production-floor | production-no-floor | raw | shrink,464932698 | -430037632 | -1125545911 | -430037632
4c,7348709302649,production-floor | production-no-floor | raw | shrink,464932698 | -430037632 | -1125545911 | -430037632
4c,7348709302650,production-floor | production-no-floor | raw | shrink,464932698 | -430037632 | -1125545911 | -430037632
4c,7348709302651,production-floor | production-no-floor | raw | shrink,464932698 | -430037632 | -1125545911 | -430037632
4c,7348709302652,production-floor | production-no-floor | raw | shrink,464932698 | 1192923874 | -1125545911 | 1192923874
4c,7348709302653,production-floor | production-no-floor | raw | shrink,464932698 | -430037632 | -1125545911 | -430037632
4c,7348709302654,production-floor | production-no-floor | raw | shrink,464932698 | -430037632 | -1125545911 | -430037632
4c,7348709302655,production-floor | production-no-floor | raw | shrink,464932698 | -430037632 | -1125545911 | -430037632
4c,7348709305995,production-floor | production-no-floor | raw | shrink,464932698 | 1192923874 | -430037632 | 1192923874
4c,7348709305996,production-floor | production-no-floor | raw | shrink,464932698 | 1192923874 | -430037632 | 1192923874
4c,7348709305997,production-floor | production-no-floor | raw | shrink,464932698 | -430037632 | -1125545911 | -430037632
4c,7348709305998,production-floor | production-no-floor | raw | shrink,464932698 | 1192923874 | -430037632 | 1192923874
4c,7348709305999,production-floor | production-no-floor | raw | shrink,464932698 | 1192923874 | -430037632 | 1192923874
4c,7348709306016,production-floor | production-no-floor | raw | shrink,464932698 | -430037632 | -1125545911 | -430037632
4c,7348709306017,production-floor | production-no-floor | raw | shrink,464932698 | -430037632 | -430037632 | -430037632
4c,7348709306018,production-floor | production-no-floor | raw | shrink,464932698 | 1192923874 | -430037632 | 1192923874
4c,7348709306019,production-floor | production-no-floor | raw | shrink,464932698 | -430037632 | -1125545911 | -430037632
4c,7348709306020,production-floor | production-no-floor | raw | shrink,464932698 | 1192923874 | -430037632 | 1192923874
4c,7348709306021,production-floor | production-no-floor | raw | shrink,464932698 | -430037632 | -1125545911 | -430037632
4c,7348709306022,production-floor | production-no-floor | raw | shrink,464932698 | -430037632 | -1125545911 | -430037632
4c,7348709306023,production-floor | production-no-floor | raw | shrink,464932698 | -430037632 | -430037632 | -430037632
4c,7348709306024,production-floor | production-no-floor | raw | shrink,464932698 | -430037632 | -1125545911 | -430037632
4c,7348709306025,production-floor | production-no-floor | raw | shrink,464932698 | -430037632 | -430037632 | -430037632
4c,7348709306026,production-floor | production-no-floor | raw | shrink,464932698 | -430037632 | -1125545911 | -430037632
4c,7348709306027,production-floor | production-no-floor | raw | shrink,464932698 | -430037632 | -1125545911 | -430037632
4c,7348709306028,production-floor | production-no-floor | raw | shrink,464932698 | -430037632 | -1125545911 | -430037632
4c,7348709306029,production-floor | production-no-floor | raw | shrink,464932698 | -430037632 | -1125545911 | -430037632
4c,7348709306030,production-floor | production-no-floor | raw | shrink,464932698 | -430037632 | -1125545911 | -430037632
4c,7348709306031,production-floor | production-no-floor | raw | shrink,464932698 | -430037632 | -430037632 | -430037632
4c,7348709306032,production-floor | production-no-floor | raw | shrink,464932698 | -430037632 | -1125545911 | -430037632
4c,7348709306033,production-floor | production-no-floor | raw | shrink,464932698 | 1192923874 | -430037632 | 1192923874
4c,7348709306034,production-floor | production-no-floor | raw | shrink,464932698 | -430037632 | -1125545911 | -430037632
4c,7348709306035,production-floor | production-no-floor | raw | shrink,464932698 | -430037632 | -1125545911 | -430037632
4c,7348709306036,production-floor | production-no-floor | raw | shrink,464932698 | 1192923874 | -1125545911 | 1192923874
4c,7348709306037,production-floor | production-no-floor | raw | shrink,464932698 | -430037632 | -1125545911 | -430037632
4c,7348709306038,production-floor | production-no-floor | raw | shrink,464932698 | -430037632 | -430037632 | -430037632
4c,7348709306039,production-floor | production-no-floor | raw | shrink,464932698 | -430037632 | -430037632 | -430037632
4c,7348709306040,production-floor | production-no-floor | raw | shrink,464932698 | -430037632 | -1125545911 | -430037632
4c,7348709306041,production-floor | production-no-floor | raw | shrink,464932698 | -430037632 | -1125545911 | -430037632
4c,7348709306042,production-floor | production-no-floor | raw | shrink,464932698 | -430037632 | -1125545911 | -430037632
4c,7348709306043,production-floor | production-no-floor | raw | shrink,464932698 | -430037632 | -430037632 | -430037632
4c,7348709306044,production-floor | production-no-floor | raw | shrink,464932698 | -430037632 | -430037632 | -430037632
4c,7348709306045,production-floor | production-no-floor | raw | shrink,464932698 | -430037632 | -1125545911 | -430037632
4c,7348709306046,production-floor | production-no-floor | raw | shrink,464932698 | -430037632 | -430037632 | -430037632
4c,7348709306047,production-floor | production-no-floor | raw | shrink,464932698 | 1192923874 | -1125545911 | 1192923874
5b,7477558321408,production-floor | production-no-floor | raw | shrink,2137438787 | -1512145598 | -1512145598 | -1512145598
5b,7477558321409,production-floor | production-no-floor | raw | shrink,2137438787 | -1512145598 | -1512145598 | -1512145598
5b,7477558321415,production-floor | production-no-floor | raw | shrink,2137438787 | -1512145598 | -1512145598 | -1512145598
5b,7477558321417,production-floor | production-no-floor | raw | shrink,2137438787 | -1512145598 | -1512145598 | -1512145598
5b,7477558321418,production-floor | production-no-floor | raw | shrink,2137438787 | -1512145598 | -1512145598 | -1512145598
5b,7477558321419,production-floor | production-no-floor | raw | shrink,2137438787 | -1512145598 | -1512145598 | -1512145598
5b,7477558321422,production-floor | production-no-floor | raw | shrink,2137438787 | -1512145598 | -1512145598 | -1512145598
5b,7477558321425,production-floor | production-no-floor | raw | shrink,2137438787 | -1512145598 | -1512145598 | -1512145598
5b,7477558321426,production-floor | production-no-floor | raw | shrink,2137438787 | -1512145598 | -1512145598 | -1512145598
5b,7477558321428,production-floor | production-no-floor | raw | shrink,2137438787 | -1512145598 | -1512145598 | -1512145598
5b,7477558321429,production-floor | production-no-floor | raw | shrink,2137438787 | -1512145598 | -1512145598 | -1512145598
5b,7477558321430,production-floor | production-no-floor | raw | shrink,1969057250 | 1589551454 | 1589551454 | 1589551454
5b,7477558321432,production-floor | production-no-floor | raw | shrink,2137438787 | -1512145598 | -1512145598 | -1512145598
5b,7477558321434,production-floor | production-no-floor | raw | shrink,2137438787 | -1512145598 | -1512145598 | -1512145598
5b,7477558321435,production-floor | production-no-floor | raw | shrink,2137438787 | -1512145598 | -1512145598 | -1512145598
5b,7477558321436,production-floor | production-no-floor | raw | shrink,2137438787 | -1512145598 | -1512145598 | -1512145598
5b,7477558321438,production-floor | production-no-floor | raw | shrink,2137438787 | -1512145598 | -1512145598 | -1512145598
5b,7477558321441,production-floor | production-no-floor | raw | shrink,2137438787 | -1512145598 | -1512145598 | -1512145598
5b,7477558321442,production-floor | production-no-floor | raw | shrink,2137438787 | -1512145598 | -1512145598 | -1512145598
5b,7477558321446,production-floor | production-no-floor | raw | shrink,2137438787 | -1512145598 | -1512145598 | -1512145598
5b,7477558321447,production-floor | production-no-floor | raw | shrink,2137438787 | -1512145598 | -1512145598 | -1512145598
5b,7477558321448,production-floor | production-no-floor | raw | shrink,2137438787 | -1512145598 | -1512145598 | -1512145598
5b,7477558321449,production-floor | production-no-floor | raw | shrink,2137438787 | -1512145598 | -1512145598 | -1512145598
5b,7477558321450,production-floor | production-no-floor | raw | shrink,2137438787 | -1512145598 | -1512145598 | -1512145598
5b,7477558321451,production-floor | production-no-floor | raw | shrink,2137438787 | -1512145598 | -1512145598 | -1512145598
5b,7477558321452,production-floor | production-no-floor | raw | shrink,2137438787 | -1512145598 | -1512145598 | -1512145598
5b,7477558321453,production-floor | production-no-floor | raw | shrink,2137438787 | -1512145598 | -1512145598 | -1512145598
5b,7477558321454,production-floor | production-no-floor | raw | shrink,2137438787 | -1512145598 | -1512145598 | -1512145598
5b,7477558321455,production-floor | production-no-floor | raw | shrink,2137438787 | -1512145598 | -1512145598 | -1512145598
5b,7477558321457,production-floor | production-no-floor | raw | shrink,2137438787 | -1512145598 | -1512145598 | -1512145598
5b,7477558321458,production-floor | production-no-floor | raw | shrink,1969057250 | 1589551454 | 1589551454 | 1589551454
5b,7477558321459,production-floor | production-no-floor | raw | shrink,2137438787 | -1512145598 | -1512145598 | -1512145598
5b,7477558321460,production-floor | production-no-floor | raw | shrink,2137438787 | -1512145598 | -1512145598 | -1512145598
5b,7477558321461,production-floor | production-no-floor | raw | shrink,2137438787 | -1512145598 | -1512145598 | -1512145598
5b,7477558321462,production-floor | production-no-floor | raw | shrink,2137438787 | -1512145598 | -1512145598 | -1512145598
5b,7477558321463,production-floor | production-no-floor | raw | shrink,1969057250 | 1589551454 | 1589551454 | 1589551454
5b,7477558321464,production-floor | production-no-floor | raw | shrink,2137438787 | -1512145598 | -1512145598 | -1512145598
5b,7477558321465,production-floor | production-no-floor | raw | shrink,2137438787 | -1512145598 | -1512145598 | -1512145598
5b,7477558321468,production-floor | production-no-floor | raw | shrink,2137438787 | -1512145598 | -1512145598 | -1512145598
5b,7477558321470,production-floor | production-no-floor | raw | shrink,2137438787 | -1512145598 | -1512145598 | -1512145598
5b,7477558324929,production-floor | production-no-floor | raw | shrink,2137438787 | -1512145598 | -1512145598 | -1512145598
5b,7477558324930,production-floor | production-no-floor | raw | shrink,2137438787 | -1512145598 | -1512145598 | -1512145598
5b,7477558324931,production-floor | production-no-floor | raw | shrink,2137438787 | -1512145598 | -1512145598 | -1512145598
5b,7477558324932,production-floor | production-no-floor | raw | shrink,2137438787 | -1512145598 | -1512145598 | -1512145598
5b,7477558324933,production-floor | production-no-floor | raw | shrink,2137438787 | -1512145598 | -1512145598 | -1512145598
5b,7477558324934,production-floor | production-no-floor | raw | shrink,2137438787 | -1512145598 | -1512145598 | -1512145598
5b,7477558324938,production-floor | production-no-floor | raw | shrink,2137438787 | -1512145598 | -1512145598 | -1512145598
5b,7477558324939,production-floor | production-no-floor | raw | shrink,2137438787 | -1512145598 | -1512145598 | -1512145598
5b,7477558324940,production-floor | production-no-floor | raw | shrink,2137438787 | -1512145598 | -1512145598 | -1512145598
5b,7477558324941,production-floor | production-no-floor | raw | shrink,2137438787 | -1512145598 | -1512145598 | -1512145598
5b,7477558324943,production-floor | production-no-floor | raw | shrink,2137438787 | -1512145598 | -1512145598 | -1512145598
5b,7477558324944,production-floor | production-no-floor | raw | shrink,2137438787 | -1512145598 | -1512145598 | -1512145598
5b,7477558324945,production-floor | production-no-floor | raw | shrink,2137438787 | -1512145598 | -1512145598 | -1512145598
5b,7477558324946,production-floor | production-no-floor | raw | shrink,2137438787 | -1512145598 | -1512145598 | -1512145598
5b,7477558324948,production-floor | production-no-floor | raw | shrink,2137438787 | -1512145598 | -1512145598 | -1512145598
5b,7477558324949,production-floor | production-no-floor | raw | shrink,2137438787 | -1512145598 | -1512145598 | -1512145598
5b,7477558324950,production-floor | production-no-floor | raw | shrink,2137438787 | -1512145598 | -1512145598 | -1512145598
5b,7477558324953,production-floor | production-no-floor | raw | shrink,2137438787 | -1512145598 | -1512145598 | -1512145598
5b,7477558324955,production-floor | production-no-floor | raw | shrink,2137438787 | -1512145598 | -1512145598 | -1512145598
5b,7477558324956,production-floor | production-no-floor | raw | shrink,2137438787 | -1512145598 | -1512145598 | -1512145598
5b,7477558324957,production-floor | production-no-floor | raw | shrink,2137438787 | -1512145598 | -1512145598 | -1512145598
5b,7477558324969,production-floor | production-no-floor | raw | shrink,2137438787 | -1512145598 | -1512145598 | -1512145598
5b,7477558324972,production-floor | production-no-floor | raw | shrink,2137438787 | -1512145598 | -1512145598 | -1512145598
5b,7477558324973,production-floor | production-no-floor | raw | shrink,2137438787 | -1512145598 | -1512145598 | -1512145598
5b,7477558324974,production-floor | production-no-floor | raw | shrink,2137438787 | -1512145598 | -1512145598 | -1512145598
5b,7477558324975,production-floor | production-no-floor | raw | shrink,2137438787 | -1512145598 | -1512145598 | -1512145598
7a,7739551326400,production-floor | production-no-floor | raw | shrink,-2009290410 | -2072842629 | -2009290410 | -2072842629
7a,7739551326402,production-floor | production-no-floor | raw | shrink,-2009290410 | -2072842629 | -2009290410 | -2072842629
7a,7739551326404,production-floor | production-no-floor | raw | shrink,-2009290410 | -2072842629 | -2009290410 | -2072842629
7a,7739551326405,production-floor | production-no-floor | raw | shrink,-2009290410 | -2072842629 | -2009290410 | -2072842629
7a,7739551326406,production-floor | production-no-floor | raw | shrink,-2009290410 | -2072842629 | -2009290410 | -2072842629
7a,7739551326407,production-floor | production-no-floor | raw | shrink,-2009290410 | -2072842629 | -2009290410 | -2072842629
7a,7739551326408,production-floor | production-no-floor | raw | shrink,-2009290410 | -2072842629 | -2009290410 | -2072842629
7a,7739551326409,production-floor | production-no-floor | raw | shrink,-2009290410 | -2072842629 | -2009290410 | -2072842629
7a,7739551326411,production-floor | production-no-floor | raw | shrink,-2009290410 | -2072842629 | -2009290410 | -2072842629
7a,7739551326412,production-floor | production-no-floor | raw | shrink,-2009290410 | -2072842629 | -2009290410 | -2072842629
7a,7739551326413,production-floor | production-no-floor | raw | shrink,-2009290410 | -2072842629 | -2009290410 | -2072842629
7a,7739551326414,production-floor | production-no-floor | raw | shrink,-2009290410 | -2072842629 | -2009290410 | -2072842629
7a,7739551326415,production-floor | production-no-floor | raw | shrink,-2009290410 | -2072842629 | -2009290410 | -2072842629
7a,7739551326416,production-floor | production-no-floor | raw | shrink,-2009290410 | -2072842629 | -2009290410 | -2072842629
7a,7739551326417,production-floor | production-no-floor | raw | shrink,-2009290410 | -2072842629 | -2009290410 | -2072842629
7a,7739551326419,production-floor | production-no-floor | raw | shrink,-2009290410 | -2072842629 | -2009290410 | -2072842629
7a,7739551326420,production-floor | production-no-floor | raw | shrink,-2009290410 | -2072842629 | -2009290410 | -2072842629
7a,7739551326421,production-floor | production-no-floor | raw | shrink,-2009290410 | -2072842629 | -2009290410 | -2072842629
7a,7739551326422,production-floor | production-no-floor | raw | shrink,-2009290410 | -2072842629 | -2009290410 | -2072842629
7a,7739551326423,production-floor | production-no-floor | raw | shrink,-2009290410 | -2072842629 | -2009290410 | -2072842629
7a,7739551326424,production-floor | production-no-floor | raw | shrink,-2009290410 | -2072842629 | -2009290410 | -2072842629
7a,7739551326425,production-floor | production-no-floor | raw | shrink,-2009290410 | -2072842629 | -2009290410 | -2072842629
7a,7739551326426,production-floor | production-no-floor | raw | shrink,-2009290410 | -2072842629 | -2009290410 | -2072842629
7a,7739551326427,production-floor | production-no-floor | raw | shrink,-2009290410 | -2072842629 | -2009290410 | -2072842629
7a,7739551326428,production-floor | production-no-floor | raw | shrink,-2009290410 | -2072842629 | -2009290410 | -2072842629
7a,7739551326429,production-floor | production-no-floor | raw | shrink,-2009290410 | -2072842629 | -2009290410 | -2072842629
7a,7739551326430,production-floor | production-no-floor | raw | shrink,-2009290410 | -2072842629 | -2009290410 | -2072842629
7a,7739551326431,production-floor | production-no-floor | raw | shrink,-2009290410 | -2072842629 | -2009290410 | -2072842629
7a,7739551326432,production-floor | production-no-floor | raw | shrink,-2009290410 | -2072842629 | -2009290410 | -2072842629
7a,7739551326433,production-floor | production-no-floor | raw | shrink,-2009290410 | -2072842629 | -2009290410 | -2072842629
7a,7739551326434,production-floor | production-no-floor | raw | shrink,-2009290410 | -2072842629 | -2009290410 | -2072842629
7a,7739551326435,production-floor | production-no-floor | raw | shrink,-2009290410 | -2072842629 | -2009290410 | -2072842629
7a,7739551326436,production-floor | production-no-floor | raw | shrink,-2009290410 | -2072842629 | -2009290410 | -2072842629
7a,7739551326438,production-floor | production-no-floor | raw | shrink,-2009290410 | -2072842629 | -2009290410 | -2072842629
7a,7739551326439,production-floor | production-no-floor | raw | shrink,-2009290410 | -2072842629 | -2009290410 | -2072842629
7a,7739551326441,production-floor | production-no-floor | raw | shrink,-2009290410 | -2072842629 | -2009290410 | -2072842629
7a,7739551326442,production-floor | production-no-floor | raw | shrink,-2009290410 | -2072842629 | -2009290410 | -2072842629
7a,7739551326443,production-floor | production-no-floor | raw | shrink,-2009290410 | -2072842629 | -2009290410 | -2072842629
7a,7739551326444,production-floor | production-no-floor | raw | shrink,-2009290410 | -2072842629 | -2009290410 | -2072842629
7a,7739551326445,production-floor | production-no-floor | raw | shrink,-2009290410 | -2072842629 | -2009290410 | -2072842629
7a,7739551326446,production-floor | production-no-floor | raw | shrink,-2009290410 | -2072842629 | -2009290410 | -2072842629
7a,7739551326447,production-floor | production-no-floor | raw | shrink,-2009290410 | -2072842629 | -2009290410 | -2072842629
7a,7739551326449,production-floor | production-no-floor | raw | shrink,-2009290410 | -2072842629 | -2009290410 | -2072842629
7a,7739551326450,production-floor | production-no-floor | raw | shrink,-2009290410 | -2072842629 | -2009290410 | -2072842629
7a,7739551326451,production-floor | production-no-floor | raw | shrink,-2009290410 | -2072842629 | -2009290410 | -2072842629
7a,7739551326452,production-floor | production-no-floor | raw | shrink,-2009290410 | -2072842629 | -2009290410 | -2072842629
7a,7739551326454,production-floor | production-no-floor | raw | shrink,-2009290410 | -2072842629 | -2009290410 | -2072842629
7a,7739551326455,production-floor | production-no-floor | raw | shrink,-2009290410 | -2072842629 | -2009290410 | -2072842629
7a,7739551326457,production-floor | production-no-floor | raw | shrink,-2009290410 | -2072842629 | -2009290410 | -2072842629
7a,7739551326458,production-floor | production-no-floor | raw | shrink,-2009290410 | -2072842629 | -2009290410 | -2072842629
7a,7739551326459,production-floor | production-no-floor | raw | shrink,-2009290410 | -2072842629 | -2009290410 | -2072842629
7a,7739551326460,production-floor | production-no-floor | raw | shrink,-2009290410 | -2072842629 | -2009290410 | -2072842629
7a,7739551326461,production-floor | production-no-floor | raw | shrink,-2009290410 | -2072842629 | -2009290410 | -2072842629
7a,7739551326463,production-floor | production-no-floor | raw | shrink,-2009290410 | -2072842629 | -2009290410 | -2072842629
7a,7739551330048,production-floor | production-no-floor | raw | shrink,-2009290410 | -2072842629 | -2009290410 | -2072842629
7a,7739551330049,production-floor | production-no-floor | raw | shrink,-2009290410 | -2072842629 | -2009290410 | -2072842629
7a,7739551330050,production-floor | production-no-floor | raw | shrink,-2009290410 | -2072842629 | -2009290410 | -2072842629
7a,7739551330051,production-floor | production-no-floor | raw | shrink,-2009290410 | -2072842629 | -2009290410 | -2072842629
7a,7739551330053,production-floor | production-no-floor | raw | shrink,-2009290410 | -2072842629 | -2009290410 | -2072842629
7a,7739551330055,production-floor | production-no-floor | raw | shrink,-2009290410 | -2072842629 | -2009290410 | -2072842629
7a,7739551330056,production-floor | production-no-floor | raw | shrink,-2009290410 | -2072842629 | -2009290410 | -2072842629
7a,7739551330057,production-floor | production-no-floor | raw | shrink,-2009290410 | -2072842629 | -2009290410 | -2072842629
7a,7739551330058,production-floor | production-no-floor | raw | shrink,-2009290410 | -2072842629 | -2009290410 | -2072842629
7a,7739551330059,production-floor | production-no-floor | raw | shrink,-2009290410 | -2072842629 | -2009290410 | -2072842629
7a,7739551330060,production-floor | production-no-floor | raw | shrink,-2009290410 | -2072842629 | -2009290410 | -2072842629
7a,7739551330061,production-floor | production-no-floor | raw | shrink,-2009290410 | -2072842629 | -2009290410 | -2072842629
7a,7739551330062,production-floor | production-no-floor | raw | shrink,-2009290410 | -2072842629 | -2009290410 | -2072842629
7a,7739551330063,production-floor | production-no-floor | raw | shrink,-2009290410 | -2072842629 | -2009290410 | -2072842629
7a,7739551330067,production-floor | production-no-floor | raw | shrink,-2009290410 | -2072842629 | -2009290410 | -2072842629
7a,7739551330068,production-floor | production-no-floor | raw | shrink,-2009290410 | -2072842629 | -2009290410 | -2072842629
7a,7739551330070,production-floor | production-no-floor | raw | shrink,-2009290410 | -2072842629 | -2009290410 | -2072842629
7a,7739551330071,production-floor | production-no-floor | raw | shrink,-2009290410 | -2072842629 | -2009290410 | -2072842629
7a,7739551330072,production-floor | production-no-floor | raw | shrink,-2009290410 | -2072842629 | -2009290410 | -2072842629
7a,7739551330073,production-floor | production-no-floor | raw | shrink,-2009290410 | -2072842629 | -2009290410 | -2072842629
7a,7739551330074,production-floor | production-no-floor | raw | shrink,-2009290410 | -2072842629 | -2009290410 | -2072842629
7a,7739551330076,production-floor | production-no-floor | raw | shrink,-2009290410 | -2072842629 | -2009290410 | -2072842629
7a,7739551330077,production-floor | production-no-floor | raw | shrink,-2009290410 | -2072842629 | -2009290410 | -2072842629
7a,7739551330078,production-floor | production-no-floor | raw | shrink,-2009290410 | -2072842629 | -2009290410 | -2072842629
7a,7739551330088,production-floor | production-no-floor | raw | shrink,-2009290410 | -2072842629 | -2009290410 | -2072842629
7a,7739551330089,production-floor | production-no-floor | raw | shrink,-2009290410 | -2072842629 | -2009290410 | -2072842629
7a,7739551330094,production-floor | production-no-floor | raw | shrink,-2009290410 | -2072842629 | -2009290410 | -2072842629
7b,7743846293696,production-floor | production-no-floor | raw | shrink,-377469187 | 410474504 | -377469187 | 410474504
7b,7743846293699,production-floor | production-no-floor | raw | shrink,-377469187 | 410474504 | -377469187 | 410474504
7b,7743846293701,production-floor | production-no-floor | raw | shrink,-377469187 | 410474504 | -377469187 | 410474504
7b,7743846293702,production-floor | production-no-floor | raw | shrink,-377469187 | 410474504 | -377469187 | 410474504
7b,7743846293703,production-floor | production-no-floor | raw | shrink,-377469187 | 410474504 | -377469187 | 410474504
7b,7743846293704,production-floor | production-no-floor | raw | shrink,-377469187 | 410474504 | -377469187 | 410474504
7b,7743846293705,production-floor | production-no-floor | raw | shrink,-377469187 | 410474504 | -377469187 | 410474504
7b,7743846293706,production-floor | production-no-floor | raw | shrink,-377469187 | 410474504 | -377469187 | 410474504
7b,7743846293710,production-floor | production-no-floor | raw | shrink,-377469187 | 410474504 | -377469187 | 410474504
7b,7743846293711,production-floor | production-no-floor | raw | shrink,-377469187 | 410474504 | -377469187 | 410474504
7b,7743846293712,production-floor | production-no-floor | raw | shrink,-377469187 | 410474504 | -377469187 | 410474504
7b,7743846293713,production-floor | production-no-floor | raw | shrink,-377469187 | 410474504 | -377469187 | 410474504
7b,7743846293714,production-floor | production-no-floor | raw | shrink,-377469187 | 410474504 | -377469187 | 410474504
7b,7743846293715,production-floor | production-no-floor | raw | shrink,-377469187 | 410474504 | -377469187 | 410474504
7b,7743846293716,production-floor | production-no-floor | raw | shrink,-377469187 | 410474504 | -377469187 | 410474504
7b,7743846293717,production-floor | production-no-floor | raw | shrink,-377469187 | 410474504 | -377469187 | 410474504
7b,7743846293718,production-floor | production-no-floor | raw | shrink,-377469187 | 410474504 | -377469187 | 410474504
7b,7743846293719,production-floor | production-no-floor | raw | shrink,-377469187 | 410474504 | -377469187 | 410474504
7b,7743846293720,production-floor | production-no-floor | raw | shrink,-377469187 | 410474504 | -377469187 | 410474504
7b,7743846293721,production-floor | production-no-floor | raw | shrink,-377469187 | 410474504 | -377469187 | 410474504
7b,7743846293722,production-floor | production-no-floor | raw | shrink,-377469187 | 410474504 | -377469187 | 410474504
7b,7743846293723,production-floor | production-no-floor | raw | shrink,-377469187 | 410474504 | -377469187 | 410474504
7b,7743846293725,production-floor | production-no-floor | raw | shrink,-377469187 | 410474504 | -377469187 | 410474504
7b,7743846293726,production-floor | production-no-floor | raw | shrink,-377469187 | 410474504 | -377469187 | 410474504
7b,7743846293727,production-floor | production-no-floor | raw | shrink,-377469187 | 410474504 | -377469187 | 410474504
7b,7743846293728,production-floor | production-no-floor | raw | shrink,-377469187 | 410474504 | -377469187 | 410474504
7b,7743846293729,production-floor | production-no-floor | raw | shrink,-377469187 | 410474504 | -377469187 | 410474504
7b,7743846293731,production-floor | production-no-floor | raw | shrink,-377469187 | 410474504 | -377469187 | 410474504
7b,7743846293732,production-floor | production-no-floor | raw | shrink,-377469187 | 410474504 | -377469187 | 410474504
7b,7743846293733,production-floor | production-no-floor | raw | shrink,-377469187 | 410474504 | -377469187 | 410474504
7b,7743846293734,production-floor | production-no-floor | raw | shrink,-377469187 | 410474504 | -377469187 | 410474504
7b,7743846293735,production-floor | production-no-floor | raw | shrink,-377469187 | 410474504 | -377469187 | 410474504
7b,7743846293736,production-floor | production-no-floor | raw | shrink,-377469187 | 410474504 | -377469187 | 410474504
7b,7743846293737,production-floor | production-no-floor | raw | shrink,-377469187 | 410474504 | -377469187 | 410474504
7b,7743846293738,production-floor | production-no-floor | raw | shrink,-377469187 | 410474504 | -377469187 | 410474504
7b,7743846293739,production-floor | production-no-floor | raw | shrink,-377469187 | 410474504 | -377469187 | 410474504
7b,7743846293740,production-floor | production-no-floor | raw | shrink,-377469187 | 410474504 | -377469187 | 410474504
7b,7743846293741,production-floor | production-no-floor | raw | shrink,-377469187 | 410474504 | -377469187 | 410474504
7b,7743846293742,production-floor | production-no-floor | raw | shrink,-377469187 | 410474504 | -377469187 | 410474504
7b,7743846293743,production-floor | production-no-floor | raw | shrink,-377469187 | 410474504 | -377469187 | 410474504
7b,7743846293744,production-floor | production-no-floor | raw | shrink,-377469187 | 410474504 | -377469187 | 410474504
7b,7743846293746,production-floor | production-no-floor | raw | shrink,-377469187 | 410474504 | -377469187 | 410474504
7b,7743846293747,production-floor | production-no-floor | raw | shrink,-377469187 | 410474504 | -377469187 | 410474504
7b,7743846293749,production-floor | production-no-floor | raw | shrink,-377469187 | 410474504 | -377469187 | 410474504
7b,7743846293750,production-floor | production-no-floor | raw | shrink,-377469187 | 410474504 | -377469187 | 410474504
7b,7743846293751,production-floor | production-no-floor | raw | shrink,-377469187 | 410474504 | -377469187 | 410474504
7b,7743846293752,production-floor | production-no-floor | raw | shrink,-377469187 | 410474504 | -377469187 | 410474504
7b,7743846293754,production-floor | production-no-floor | raw | shrink,-377469187 | 410474504 | -377469187 | 410474504
7b,7743846293755,production-floor | production-no-floor | raw | shrink,-377469187 | 410474504 | -377469187 | 410474504
7b,7743846293756,production-floor | production-no-floor | raw | shrink,-377469187 | 410474504 | -377469187 | 410474504
7b,7743846293757,production-floor | production-no-floor | raw | shrink,-377469187 | 410474504 | -377469187 | 410474504
7b,7743846293758,production-floor | production-no-floor | raw | shrink,-377469187 | 410474504 | -377469187 | 410474504
7b,7743846293759,production-floor | production-no-floor | raw | shrink,-377469187 | 410474504 | -377469187 | 410474504
7b,7743846297344,production-floor | production-no-floor | raw | shrink,-377469187 | 410474504 | -377469187 | 410474504
7b,7743846297345,production-floor | production-no-floor | raw | shrink,-377469187 | 410474504 | -377469187 | 410474504
7b,7743846297346,production-floor | production-no-floor | raw | shrink,-377469187 | 410474504 | -377469187 | 410474504
7b,7743846297348,production-floor | production-no-floor | raw | shrink,-377469187 | 410474504 | -377469187 | 410474504
7b,7743846297350,production-floor | production-no-floor | raw | shrink,-377469187 | 410474504 | -377469187 | 410474504
7b,7743846297351,production-floor | production-no-floor | raw | shrink,-377469187 | 410474504 | -377469187 | 410474504
7b,7743846297352,production-floor | production-no-floor | raw | shrink,-377469187 | 410474504 | -377469187 | 410474504
7b,7743846297353,production-floor | production-no-floor | raw | shrink,-377469187 | 410474504 | -377469187 | 410474504
7b,7743846297354,production-floor | production-no-floor | raw | shrink,-377469187 | 410474504 | -377469187 | 410474504
7b,7743846297355,production-floor | production-no-floor | raw | shrink,-377469187 | 410474504 | -377469187 | 410474504
7b,7743846297356,production-floor | production-no-floor | raw | shrink,-377469187 | 410474504 | -377469187 | 410474504
7b,7743846297357,production-floor | production-no-floor | raw | shrink,-377469187 | 410474504 | -377469187 | 410474504
7b,7743846297358,production-floor | production-no-floor | raw | shrink,-377469187 | 410474504 | -377469187 | 410474504
7b,7743846297359,production-floor | production-no-floor | raw | shrink,-377469187 | 410474504 | -377469187 | 410474504
7b,7743846297361,production-floor | production-no-floor | raw | shrink,-377469187 | 410474504 | -377469187 | 410474504
7b,7743846297362,production-floor | production-no-floor | raw | shrink,-377469187 | 410474504 | -377469187 | 410474504
7b,7743846297363,production-floor | production-no-floor | raw | shrink,-377469187 | 410474504 | -377469187 | 410474504
7b,7743846297364,production-floor | production-no-floor | raw | shrink,-377469187 | 410474504 | -377469187 | 410474504
7b,7743846297365,production-floor | production-no-floor | raw | shrink,-377469187 | 410474504 | -377469187 | 410474504
7b,7743846297366,production-floor | production-no-floor | raw | shrink,-377469187 | 410474504 | -377469187 | 410474504
7b,7743846297367,production-floor | production-no-floor | raw | shrink,-377469187 | 410474504 | -377469187 | 410474504
7b,7743846297368,production-floor | production-no-floor | raw | shrink,-377469187 | 410474504 | -377469187 | 410474504
7b,7743846297369,production-floor | production-no-floor | raw | shrink,-377469187 | 410474504 | -377469187 | 410474504
7b,7743846297370,production-floor | production-no-floor | raw | shrink,-377469187 | 410474504 | -377469187 | 410474504
7b,7743846297371,production-floor | production-no-floor | raw | shrink,-377469187 | 410474504 | -377469187 | 410474504
7b,7743846297372,production-floor | production-no-floor | raw | shrink,-377469187 | 410474504 | -377469187 | 410474504
7b,7743846297373,production-floor | production-no-floor | raw | shrink,-377469187 | 410474504 | -377469187 | 410474504
7b,7743846297374,production-floor | production-no-floor | raw | shrink,-377469187 | 410474504 | -377469187 | 410474504
7b,7743846297375,production-floor | production-no-floor | raw | shrink,-377469187 | 410474504 | -377469187 | 410474504
7b,7743846297384,production-floor | production-no-floor | raw | shrink,-377469187 | 410474504 | -377469187 | 410474504
7b,7743846297385,production-floor | production-no-floor | raw | shrink,-377469187 | 410474504 | -377469187 | 410474504
7b,7743846297386,production-floor | production-no-floor | raw | shrink,-377469187 | 410474504 | -377469187 | 410474504
7b,7743846297387,production-floor | production-no-floor | raw | shrink,-377469187 | 410474504 | -377469187 | 410474504
7c,7748141260992,production-floor | production-no-floor | raw | shrink,-1004347469 | -1004347469 | 52935710 | -1004347469
7c,7748141260993,production-floor | production-no-floor | raw | shrink,-1004347469 | -1004347469 | 1723747105 | -1004347469
7c,7748141260994,production-floor | production-no-floor | raw | shrink,-1004347469 | -1004347469 | 52935710 | -1004347469
7c,7748141260995,production-floor | production-no-floor | raw | shrink,-1004347469 | -399731567 | 52935710 | -399731567
7c,7748141260997,production-floor | production-no-floor | raw | shrink,-1004347469 | -399731567 | 1723747105 | -399731567
7c,7748141260998,production-floor | production-no-floor | raw | shrink,-1004347469 | -1004347469 | 52935710 | -1004347469
7c,7748141261000,production-floor | production-no-floor | raw | shrink,-1004347469 | -1004347469 | 1723747105 | -1004347469
7c,7748141261001,production-floor | production-no-floor | raw | shrink,-1004347469 | -1004347469 | 52935710 | -1004347469
7c,7748141261002,production-floor | production-no-floor | raw | shrink,-1004347469 | 1552020490 | 52935710 | 1552020490
7c,7748141261003,production-floor | production-no-floor | raw | shrink,-1004347469 | -1004347469 | 1723747105 | -1004347469
7c,7748141261005,production-floor | production-no-floor | raw | shrink,-1004347469 | -1004347469 | 52935710 | -1004347469
7c,7748141261006,production-floor | production-no-floor | raw | shrink,-1004347469 | -1004347469 | 52935710 | -1004347469
7c,7748141261007,production-floor | production-no-floor | raw | shrink,-1004347469 | -1004347469 | 52935710 | -1004347469
7c,7748141261008,production-floor | production-no-floor | raw | shrink,-1004347469 | -1004347469 | 1723747105 | -1004347469
7c,7748141261009,production-floor | production-no-floor | raw | shrink,-1004347469 | -399731567 | 52935710 | -399731567
7c,7748141261010,production-floor | production-no-floor | raw | shrink,-1004347469 | -1004347469 | 1723747105 | -1004347469
7c,7748141261011,production-floor | production-no-floor | raw | shrink,-1004347469 | -399731567 | 1723747105 | -399731567
7c,7748141261013,production-floor | production-no-floor | raw | shrink,-1004347469 | -1004347469 | 52935710 | -1004347469
7c,7748141261014,production-floor | production-no-floor | raw | shrink,-1004347469 | -399731567 | 1723747105 | -399731567
7c,7748141261016,production-floor | production-no-floor | raw | shrink,-1004347469 | -1004347469 | 52935710 | -1004347469
7c,7748141261017,production-floor | production-no-floor | raw | shrink,-1004347469 | -1004347469 | 52935710 | -1004347469
7c,7748141261018,production-floor | production-no-floor | raw | shrink,-1004347469 | -399731567 | 1723747105 | -399731567
7c,7748141261019,production-floor | production-no-floor | raw | shrink,-1004347469 | -1004347469 | 1723747105 | -1004347469
7c,7748141261020,production-floor | production-no-floor | raw | shrink,-1004347469 | -1004347469 | 52935710 | -1004347469
7c,7748141261021,production-floor | production-no-floor | raw | shrink,-1004347469 | 1552020490 | 52935710 | 1552020490
7c,7748141261022,production-floor | production-no-floor | raw | shrink,-1004347469 | -1004347469 | 1723747105 | -1004347469
7c,7748141261023,production-floor | production-no-floor | raw | shrink,-1004347469 | -1004347469 | 52935710 | -1004347469
7c,7748141261024,production-floor | production-no-floor | raw | shrink,-1004347469 | -1004347469 | 1723747105 | -1004347469
7c,7748141261025,production-floor | production-no-floor | raw | shrink,-1004347469 | -1004347469 | 52935710 | -1004347469
7c,7748141261026,production-floor | production-no-floor | raw | shrink,-1004347469 | -399731567 | 1723747105 | -399731567
7c,7748141261027,production-floor | production-no-floor | raw | shrink,-1004347469 | -1004347469 | 1723747105 | -1004347469
7c,7748141261028,production-floor | production-no-floor | raw | shrink,-1004347469 | -1004347469 | 1723747105 | -1004347469
7c,7748141261029,production-floor | production-no-floor | raw | shrink,-1004347469 | 1552020490 | 52935710 | 1552020490
7c,7748141261030,production-floor | production-no-floor | raw | shrink,-1004347469 | -1004347469 | 1723747105 | -1004347469
7c,7748141261031,production-floor | production-no-floor | raw | shrink,-1004347469 | -1004347469 | 1723747105 | -1004347469
7c,7748141261032,production-floor | production-no-floor | raw | shrink,-1004347469 | 1552020490 | 52935710 | 1552020490
7c,7748141261033,production-floor | production-no-floor | raw | shrink,-1004347469 | 1552020490 | 52935710 | 1552020490
7c,7748141261034,production-floor | production-no-floor | raw | shrink,-1004347469 | -1004347469 | 1723747105 | -1004347469
7c,7748141261035,production-floor | production-no-floor | raw | shrink,-1004347469 | -1004347469 | 1723747105 | -1004347469
7c,7748141261036,production-floor | production-no-floor | raw | shrink,-1004347469 | 1552020490 | 52935710 | 1552020490
7c,7748141261037,production-floor | production-no-floor | raw | shrink,-1004347469 | -399731567 | 1723747105 | -399731567
7c,7748141261038,production-floor | production-no-floor | raw | shrink,-1004347469 | -399731567 | 1723747105 | -399731567
7c,7748141261039,production-floor | production-no-floor | raw | shrink,-1004347469 | -1004347469 | 1723747105 | -1004347469
7c,7748141261040,production-floor | production-no-floor | raw | shrink,-1004347469 | -399731567 | 1723747105 | -399731567
7c,7748141261041,production-floor | production-no-floor | raw | shrink,-1004347469 | -1004347469 | 1723747105 | -1004347469
7c,7748141261042,production-floor | production-no-floor | raw | shrink,-1004347469 | 1552020490 | 52935710 | 1552020490
7c,7748141261043,production-floor | production-no-floor | raw | shrink,-1004347469 | 1552020490 | 52935710 | 1552020490
7c,7748141261044,production-floor | production-no-floor | raw | shrink,-1004347469 | -399731567 | 1723747105 | -399731567
7c,7748141261045,production-floor | production-no-floor | raw | shrink,-1004347469 | -1004347469 | 1723747105 | -1004347469
7c,7748141261046,production-floor | production-no-floor | raw | shrink,-1004347469 | -1004347469 | 52935710 | -1004347469
7c,7748141261048,production-floor | production-no-floor | raw | shrink,-1004347469 | -1004347469 | 52935710 | -1004347469
7c,7748141261049,production-floor | production-no-floor | raw | shrink,-1004347469 | -1004347469 | 52935710 | -1004347469
7c,7748141261050,production-floor | production-no-floor | raw | shrink,-1004347469 | -1004347469 | 52935710 | -1004347469
7c,7748141261051,production-floor | production-no-floor | raw | shrink,-1004347469 | -1004347469 | 1723747105 | -1004347469
7c,7748141261052,production-floor | production-no-floor | raw | shrink,-1004347469 | -1004347469 | 1723747105 | -1004347469
7c,7748141261053,production-floor | production-no-floor | raw | shrink,-1004347469 | -399731567 | 1723747105 | -399731567
7c,7748141261055,production-floor | production-no-floor | raw | shrink,-1004347469 | -1004347469 | 52935710 | -1004347469
7c,7748141264640,production-floor | production-no-floor | raw | shrink,-1004347469 | -1004347469 | 1723747105 | -1004347469
7c,7748141264641,production-floor | production-no-floor | raw | shrink,-1004347469 | 1552020490 | 52935710 | 1552020490
7c,7748141264642,production-floor | production-no-floor | raw | shrink,-1004347469 | -1004347469 | 52935710 | -1004347469
7c,7748141264644,production-floor | production-no-floor | raw | shrink,-1004347469 | -1004347469 | 52935710 | -1004347469
7c,7748141264645,production-floor | production-no-floor | raw | shrink,-1004347469 | -1004347469 | 1723747105 | -1004347469
7c,7748141264646,production-floor | production-no-floor | raw | shrink,-1004347469 | -399731567 | 52935710 | -399731567
7c,7748141264647,production-floor | production-no-floor | raw | shrink,-1004347469 | -1004347469 | 1723747105 | -1004347469
7c,7748141264648,production-floor | production-no-floor | raw | shrink,-1004347469 | -1004347469 | 52935710 | -1004347469
7c,7748141264649,production-floor | production-no-floor | raw | shrink,-1004347469 | -1004347469 | 1723747105 | -1004347469
7c,7748141264650,production-floor | production-no-floor | raw | shrink,-1004347469 | -1004347469 | 1723747105 | -1004347469
7c,7748141264651,production-floor | production-no-floor | raw | shrink,-1004347469 | -1004347469 | 1723747105 | -1004347469
7c,7748141264652,production-floor | production-no-floor | raw | shrink,-1004347469 | -1004347469 | 52935710 | -1004347469
7c,7748141264653,production-floor | production-no-floor | raw | shrink,-1004347469 | 1552020490 | 52935710 | 1552020490
7c,7748141264654,production-floor | production-no-floor | raw | shrink,-1004347469 | -399731567 | -1004347469 | -399731567
7c,7748141264655,production-floor | production-no-floor | raw | shrink,-1004347469 | -1004347469 | 1723747105 | -1004347469
7c,7748141264656,production-floor | production-no-floor | raw | shrink,-1004347469 | -1004347469 | 52935710 | -1004347469
7c,7748141264658,production-floor | production-no-floor | raw | shrink,-1004347469 | -1004347469 | 52935710 | -1004347469
7c,7748141264659,production-floor | production-no-floor | raw | shrink,-1004347469 | -1004347469 | 1723747105 | -1004347469
7c,7748141264660,production-floor | production-no-floor | raw | shrink,-1004347469 | -1004347469 | 1723747105 | -1004347469
7c,7748141264661,production-floor | production-no-floor | raw | shrink,-1004347469 | -1004347469 | 52935710 | -1004347469
7c,7748141264662,production-floor | production-no-floor | raw | shrink,-1004347469 | -1004347469 | 1723747105 | -1004347469
7c,7748141264663,production-floor | production-no-floor | raw | shrink,-1004347469 | -1004347469 | 1723747105 | -1004347469
7c,7748141264664,production-floor | production-no-floor | raw | shrink,-1004347469 | -399731567 | 52935710 | -399731567
7c,7748141264666,production-floor | production-no-floor | raw | shrink,-1004347469 | -1004347469 | 1723747105 | -1004347469
7c,7748141264667,production-floor | production-no-floor | raw | shrink,-1004347469 | -399731567 | 1723747105 | -399731567
7c,7748141264668,production-floor | production-no-floor | raw | shrink,-1004347469 | -1004347469 | 1723747105 | -1004347469
7c,7748141264669,production-floor | production-no-floor | raw | shrink,-1004347469 | -399731567 | 52935710 | -399731567
7c,7748141264670,production-floor | production-no-floor | raw | shrink,-1004347469 | -1004347469 | 52935710 | -1004347469
7c,7748141264680,production-floor | production-no-floor | raw | shrink,-1004347469 | 1552020490 | 52935710 | 1552020490
7c,7748141264684,production-floor | production-no-floor | raw | shrink,-1004347469 | -399731567 | 1723747105 | -399731567
7c,7748141264686,production-floor | production-no-floor | raw | shrink,-1004347469 | -1004347469 | 1723747105 | -1004347469
7c,7748141264687,production-floor | production-no-floor | raw | shrink,-1004347469 | -399731567 | 52935710 | -399731567
8a,7872695312576,production-floor | production-no-floor | raw | shrink,-1424306548 | -1762716238 | 115582433 | -1762716238
8a,7872695312577,production-floor | production-no-floor | raw | shrink,-1424306548 | -1762716238 | 115582433 | -1762716238
8a,7872695312578,production-floor | production-no-floor | raw | shrink,-1424306548 | -1762716238 | 115582433 | -1762716238
8a,7872695312579,production-floor | production-no-floor | raw | shrink,-1424306548 | -1762716238 | 115582433 | -1762716238
8a,7872695312580,production-floor | production-no-floor | raw | shrink,-1424306548 | -1762716238 | 115582433 | -1762716238
8a,7872695312581,production-floor | production-no-floor | raw | shrink,-1424306548 | -1762716238 | 115582433 | -1762716238
8a,7872695312582,production-floor | production-no-floor | raw | shrink,-1424306548 | -1762716238 | 115582433 | -1762716238
8a,7872695312583,production-floor | production-no-floor | raw | shrink,-1424306548 | -1762716238 | 115582433 | -1762716238
8a,7872695312584,production-floor | production-no-floor | raw | shrink,-1424306548 | -1762716238 | 115582433 | -1762716238
8a,7872695312585,production-floor | production-no-floor | raw | shrink,-1424306548 | -1762716238 | 115582433 | -1762716238
8a,7872695312586,production-floor | production-no-floor | raw | shrink,-1424306548 | -1762716238 | 115582433 | -1762716238
8a,7872695312587,production-floor | production-no-floor | raw | shrink,-1424306548 | -1762716238 | 115582433 | -1762716238
8a,7872695312588,production-floor | production-no-floor | raw | shrink,-1424306548 | -1762716238 | 115582433 | -1762716238
8a,7872695312589,production-floor | production-no-floor | raw | shrink,-1424306548 | -1762716238 | 115582433 | -1762716238
8a,7872695312590,production-floor | production-no-floor | raw | shrink,-1424306548 | -1762716238 | 115582433 | -1762716238
8a,7872695312591,production-floor | production-no-floor | raw | shrink,-1424306548 | -1762716238 | 115582433 | -1762716238
8a,7872695312592,production-floor | production-no-floor | raw | shrink,-1424306548 | -1762716238 | 115582433 | -1762716238
8a,7872695312593,production-floor | production-no-floor | raw | shrink,-1424306548 | -1762716238 | 115582433 | -1762716238
8a,7872695312594,production-floor | production-no-floor | raw | shrink,-1424306548 | -1762716238 | 115582433 | -1762716238
8a,7872695312595,production-floor | production-no-floor | raw | shrink,-1424306548 | -1762716238 | 115582433 | -1762716238
8a,7872695312596,production-floor | production-no-floor | raw | shrink,-1424306548 | -1762716238 | 115582433 | -1762716238
8a,7872695312597,production-floor | production-no-floor | raw | shrink,-1424306548 | -1762716238 | 115582433 | -1762716238
8a,7872695312598,production-floor | production-no-floor | raw | shrink,-1424306548 | -1762716238 | 115582433 | -1762716238
8a,7872695312599,production-floor | production-no-floor | raw | shrink,-1424306548 | -1762716238 | 115582433 | -1762716238
8a,7872695312600,production-floor | production-no-floor | raw | shrink,-1424306548 | -1762716238 | 115582433 | -1762716238
8a,7872695312601,production-floor | production-no-floor | raw | shrink,-1424306548 | -1762716238 | 115582433 | -1762716238
8a,7872695312602,production-floor | production-no-floor | raw | shrink,-1424306548 | -1762716238 | 115582433 | -1762716238
8a,7872695312603,production-floor | production-no-floor | raw | shrink,-1424306548 | -1762716238 | 115582433 | -1762716238
8a,7872695312604,production-floor | production-no-floor | raw | shrink,-1424306548 | -1762716238 | 115582433 | -1762716238
8a,7872695312605,production-floor | production-no-floor | raw | shrink,-1424306548 | -1762716238 | 115582433 | -1762716238
8a,7872695312606,production-floor | production-no-floor | raw | shrink,-1424306548 | -1762716238 | 115582433 | -1762716238
8a,7872695312607,production-floor | production-no-floor | raw | shrink,-1424306548 | -1762716238 | 115582433 | -1762716238
8a,7872695312608,production-floor | production-no-floor | raw | shrink,-1424306548 | -1762716238 | 115582433 | -1762716238
8a,7872695312609,production-floor | production-no-floor | raw | shrink,-1424306548 | -1762716238 | 115582433 | -1762716238
8a,7872695312610,production-floor | production-no-floor | raw | shrink,-1424306548 | -1762716238 | 115582433 | -1762716238
8a,7872695312611,production-floor | production-no-floor | raw | shrink,-1424306548 | -1762716238 | 34091760 | -1762716238
8a,7872695312612,production-floor | production-no-floor | raw | shrink,-1424306548 | -1762716238 | 115582433 | -1762716238
8a,7872695312613,production-floor | production-no-floor | raw | shrink,-1424306548 | -1762716238 | 115582433 | -1762716238
8a,7872695312614,production-floor | production-no-floor | raw | shrink,-1424306548 | -1762716238 | 115582433 | -1762716238
8a,7872695312615,production-floor | production-no-floor | raw | shrink,-1424306548 | -1762716238 | 115582433 | -1762716238
8a,7872695312616,production-floor | production-no-floor | raw | shrink,-1424306548 | -1762716238 | 115582433 | -1762716238
8a,7872695312618,production-floor | production-no-floor | raw | shrink,-1424306548 | -1762716238 | 115582433 | -1762716238
8a,7872695312619,production-floor | production-no-floor | raw | shrink,-1424306548 | -1762716238 | 115582433 | -1762716238
8a,7872695312620,production-floor | production-no-floor | raw | shrink,-1424306548 | -1762716238 | 115582433 | -1762716238
8a,7872695312621,production-floor | production-no-floor | raw | shrink,-1424306548 | -1762716238 | 115582433 | -1762716238
8a,7872695312622,production-floor | production-no-floor | raw | shrink,-1424306548 | -1762716238 | 115582433 | -1762716238
8a,7872695312623,production-floor | production-no-floor | raw | shrink,-1424306548 | -1762716238 | 34091760 | -1762716238
8a,7872695312624,production-floor | production-no-floor | raw | shrink,-1424306548 | -1762716238 | 115582433 | -1762716238
8a,7872695312625,production-floor | production-no-floor | raw | shrink,-1424306548 | -1762716238 | 115582433 | -1762716238
8a,7872695312626,production-floor | production-no-floor | raw | shrink,-1424306548 | -1762716238 | 115582433 | -1762716238
8a,7872695312627,production-floor | production-no-floor | raw | shrink,-1424306548 | -1762716238 | 115582433 | -1762716238
8a,7872695312628,production-floor | production-no-floor | raw | shrink,-1424306548 | -1762716238 | 115582433 | -1762716238
8a,7872695312629,production-floor | production-no-floor | raw | shrink,-1424306548 | -1762716238 | 115582433 | -1762716238
8a,7872695312630,production-floor | production-no-floor | raw | shrink,-1424306548 | -1762716238 | 115582433 | -1762716238
8a,7872695312631,production-floor | production-no-floor | raw | shrink,-1424306548 | -1762716238 | 115582433 | -1762716238
8a,7872695312632,production-floor | production-no-floor | raw | shrink,-1424306548 | -1762716238 | 115582433 | -1762716238
8a,7872695312633,production-floor | production-no-floor | raw | shrink,-1424306548 | -1762716238 | 115582433 | -1762716238
8a,7872695312634,production-floor | production-no-floor | raw | shrink,-1424306548 | -1762716238 | 115582433 | -1762716238
8a,7872695312635,production-floor | production-no-floor | raw | shrink,-1424306548 | -1762716238 | 115582433 | -1762716238
8a,7872695312636,production-floor | production-no-floor | raw | shrink,-1424306548 | -1762716238 | 115582433 | -1762716238
8a,7872695312637,production-floor | production-no-floor | raw | shrink,-1424306548 | -1762716238 | 115582433 | -1762716238
8a,7872695312638,production-floor | production-no-floor | raw | shrink,-1424306548 | -1762716238 | 115582433 | -1762716238
8a,7872695312639,production-floor | production-no-floor | raw | shrink,-1424306548 | -1762716238 | 115582433 | -1762716238
8a,7872695316232,production-floor | production-no-floor | raw | shrink,-1424306548 | -1762716238 | 115582433 | -1762716238
8a,7872695316233,production-floor | production-no-floor | raw | shrink,-1424306548 | -1762716238 | 115582433 | -1762716238
8a,7872695316234,production-floor | production-no-floor | raw | shrink,-1424306548 | -1762716238 | 115582433 | -1762716238
8a,7872695316235,production-floor | production-no-floor | raw | shrink,-1424306548 | -1762716238 | 115582433 | -1762716238
8a,7872695316237,production-floor | production-no-floor | raw | shrink,-1424306548 | -1762716238 | 115582433 | -1762716238
8a,7872695316256,production-floor | production-no-floor | raw | shrink,-1424306548 | -1762716238 | 115582433 | -1762716238
8a,7872695316257,production-floor | production-no-floor | raw | shrink,-1424306548 | -1762716238 | 115582433 | -1762716238
8a,7872695316258,production-floor | production-no-floor | raw | shrink,-1424306548 | -1762716238 | 115582433 | -1762716238
8a,7872695316259,production-floor | production-no-floor | raw | shrink,-1424306548 | -1762716238 | 115582433 | -1762716238
8a,7872695316260,production-floor | production-no-floor | raw | shrink,-1424306548 | -1762716238 | 115582433 | -1762716238
8a,7872695316261,production-floor | production-no-floor | raw | shrink,-1424306548 | -1762716238 | 115582433 | -1762716238
8a,7872695316262,production-floor | production-no-floor | raw | shrink,-1424306548 | -1762716238 | 115582433 | -1762716238
8a,7872695316263,production-floor | production-no-floor | raw | shrink,-1424306548 | -1762716238 | 115582433 | -1762716238
8a,7872695316264,production-floor | production-no-floor | raw | shrink,-1424306548 | -1762716238 | 115582433 | -1762716238
8a,7872695316265,production-floor | production-no-floor | raw | shrink,-1424306548 | -1762716238 | 115582433 | -1762716238
8a,7872695316266,production-floor | production-no-floor | raw | shrink,-1424306548 | -1762716238 | 115582433 | -1762716238
8a,7872695316267,production-floor | production-no-floor | raw | shrink,-1424306548 | -1762716238 | 115582433 | -1762716238
8a,7872695316268,production-floor | production-no-floor | raw | shrink,-1424306548 | -1762716238 | 115582433 | -1762716238
8a,7872695316269,production-floor | production-no-floor | raw | shrink,-1424306548 | -1762716238 | 115582433 | -1762716238
8a,7872695316270,production-floor | production-no-floor | raw | shrink,-1424306548 | -1762716238 | 115582433 | -1762716238
8a,7872695316271,production-floor | production-no-floor | raw | shrink,-1424306548 | -1762716238 | 115582433 | -1762716238
8a,7872695316272,production-floor | production-no-floor | raw | shrink,-1424306548 | -1762716238 | 115582433 | -1762716238
8a,7872695316273,production-floor | production-no-floor | raw | shrink,-1424306548 | -1762716238 | 115582433 | -1762716238
8a,7872695316274,production-floor | production-no-floor | raw | shrink,-1424306548 | -1762716238 | 115582433 | -1762716238
8a,7872695316275,production-floor | production-no-floor | raw | shrink,-1424306548 | -1762716238 | 115582433 | -1762716238
8a,7872695316276,production-floor | production-no-floor | raw | shrink,-1424306548 | -1762716238 | 115582433 | -1762716238
8a,7872695316277,production-floor | production-no-floor | raw | shrink,-1424306548 | -1762716238 | 115582433 | -1762716238
8a,7872695316278,production-floor | production-no-floor | raw | shrink,-1424306548 | -1762716238 | 115582433 | -1762716238
8a,7872695316279,production-floor | production-no-floor | raw | shrink,-1424306548 | -1762716238 | 115582433 | -1762716238
8a,7872695316280,production-floor | production-no-floor | raw | shrink,-1424306548 | -1762716238 | 115582433 | -1762716238
8a,7872695316281,production-floor | production-no-floor | raw | shrink,-1424306548 | -1762716238 | 115582433 | -1762716238
8a,7872695316282,production-floor | production-no-floor | raw | shrink,-1424306548 | -1762716238 | 115582433 | -1762716238
8a,7872695316283,production-floor | production-no-floor | raw | shrink,-1424306548 | -1762716238 | 115582433 | -1762716238
8a,7872695316284,production-floor | production-no-floor | raw | shrink,-1424306548 | -1762716238 | 115582433 | -1762716238
8a,7872695316285,production-floor | production-no-floor | raw | shrink,-1424306548 | -1762716238 | 34091760 | -1762716238
8a,7872695316286,production-floor | production-no-floor | raw | shrink,-1424306548 | -1762716238 | 115582433 | -1762716238
8a,7872695316287,production-floor | production-no-floor | raw | shrink,-1424306548 | -1762716238 | 115582433 | -1762716238
8b,7876990279872,production-floor | production-no-floor | raw | shrink,-1718178947 | -1987159524 | 1478161348 | -1987159524
8b,7876990279873,production-floor | production-no-floor | raw | shrink,-1718178947 | -1987159524 | 1478161348 | -1987159524
8b,7876990279874,production-floor | production-no-floor | raw | shrink,-1718178947 | -1987159524 | 1478161348 | -1987159524
8b,7876990279875,production-floor | production-no-floor | raw | shrink,-387699444 | 798450042 | -1485134671 | 798450042
8b,7876990279876,production-floor | production-no-floor | raw | shrink,-1718178947 | -1987159524 | 1478161348 | -1987159524
8b,7876990279877,production-floor | production-no-floor | raw | shrink,-1718178947 | 798450042 | 1478161348 | 798450042
8b,7876990279878,production-floor | production-no-floor | raw | shrink,-1718178947 | -1987159524 | 1478161348 | -1987159524
8b,7876990279879,production-floor | production-no-floor | raw | shrink,-1718178947 | -1718178947 | 1478161348 | -1718178947
8b,7876990279880,production-floor | production-no-floor | raw | shrink,-1718178947 | -1987159524 | 1478161348 | -1987159524
8b,7876990279881,production-floor | production-no-floor | raw | shrink,-387699444 | -387699444 | -1485134671 | -387699444
8b,7876990279882,production-floor | production-no-floor | raw | shrink,-1718178947 | -1987159524 | 1478161348 | -1987159524
8b,7876990279883,production-floor | production-no-floor | raw | shrink,-387699444 | -1987159524 | -1485134671 | -1987159524
8b,7876990279884,production-floor | production-no-floor | raw | shrink,-387699444 | -387699444 | -1485134671 | -387699444
8b,7876990279885,production-floor | production-no-floor | raw | shrink,-1718178947 | -1718178947 | 1478161348 | -1718178947
8b,7876990279886,production-floor | production-no-floor | raw | shrink,-387699444 | -1987159524 | 1478161348 | -1987159524
8b,7876990279887,production-floor | production-no-floor | raw | shrink,-1718178947 | -1987159524 | 1478161348 | -1987159524
8b,7876990279888,production-floor | production-no-floor | raw | shrink,-387699444 | 798450042 | 1478161348 | 798450042
8b,7876990279889,production-floor | production-no-floor | raw | shrink,-1718178947 | -1718178947 | 1478161348 | -1718178947
8b,7876990279890,production-floor | production-no-floor | raw | shrink,-1718178947 | -1718178947 | 1478161348 | -1718178947
8b,7876990279891,production-floor | production-no-floor | raw | shrink,-1718178947 | -1987159524 | 1478161348 | -1987159524
8b,7876990279892,production-floor | production-no-floor | raw | shrink,-1718178947 | -1987159524 | 1478161348 | -1987159524
8b,7876990279893,production-floor | production-no-floor | raw | shrink,-1718178947 | -1987159524 | 1478161348 | -1987159524
8b,7876990279894,production-floor | production-no-floor | raw | shrink,-1718178947 | -1718178947 | 1478161348 | -1718178947
8b,7876990279895,production-floor | production-no-floor | raw | shrink,-1718178947 | 798450042 | 1478161348 | 798450042
8b,7876990279896,production-floor | production-no-floor | raw | shrink,-1718178947 | -1987159524 | 1478161348 | -1987159524
8b,7876990279897,production-floor | production-no-floor | raw | shrink,-387699444 | -387699444 | -1485134671 | -387699444
8b,7876990279898,production-floor | production-no-floor | raw | shrink,-1718178947 | -1987159524 | 1478161348 | -1987159524
8b,7876990279899,production-floor | production-no-floor | raw | shrink,-387699444 | 798450042 | -1485134671 | 798450042
8b,7876990279900,production-floor | production-no-floor | raw | shrink,-387699444 | 798450042 | -1485134671 | 798450042
8b,7876990279901,production-floor | production-no-floor | raw | shrink,1428635484 | -1987159524 | 908304665 | -1987159524
8b,7876990279902,production-floor | production-no-floor | raw | shrink,-1718178947 | -1987159524 | 1478161348 | -1987159524
8b,7876990279903,production-floor | production-no-floor | raw | shrink,-1718178947 | 798450042 | 1478161348 | 798450042
8b,7876990279904,production-floor | production-no-floor | raw | shrink,-1718178947 | -1987159524 | 1478161348 | -1987159524
8b,7876990279905,production-floor | production-no-floor | raw | shrink,-1718178947 | -1718178947 | 1478161348 | -1718178947
8b,7876990279906,production-floor | production-no-floor | raw | shrink,-1718178947 | -1987159524 | 1478161348 | -1987159524
8b,7876990279907,production-floor | production-no-floor | raw | shrink,-1718178947 | -1987159524 | 1478161348 | -1987159524
8b,7876990279908,production-floor | production-no-floor | raw | shrink,-1718178947 | -1718178947 | 1478161348 | -1718178947
8b,7876990279909,production-floor | production-no-floor | raw | shrink,-387699444 | -1987159524 | -1987159524 | -1987159524
8b,7876990279910,production-floor | production-no-floor | raw | shrink,-1718178947 | -1987159524 | 1478161348 | -1987159524
8b,7876990279911,production-floor | production-no-floor | raw | shrink,-387699444 | -1987159524 | -1485134671 | -1987159524
8b,7876990279912,production-floor | production-no-floor | raw | shrink,-1718178947 | 798450042 | 1478161348 | 798450042
8b,7876990279913,production-floor | production-no-floor | raw | shrink,-1718178947 | 798450042 | -1987159524 | 798450042
8b,7876990279915,production-floor | production-no-floor | raw | shrink,-1718178947 | 798450042 | 1478161348 | 798450042
8b,7876990279916,production-floor | production-no-floor | raw | shrink,-1718178947 | -1987159524 | 1478161348 | -1987159524
8b,7876990279917,production-floor | production-no-floor | raw | shrink,-387699444 | -1987159524 | 1478161348 | -1987159524
8b,7876990279918,production-floor | production-no-floor | raw | shrink,-387699444 | 798450042 | -1485134671 | 798450042
8b,7876990279919,production-floor | production-no-floor | raw | shrink,-1718178947 | 798450042 | 1478161348 | 798450042
8b,7876990279920,production-floor | production-no-floor | raw | shrink,-1718178947 | -1987159524 | 1478161348 | -1987159524
8b,7876990279921,production-floor | production-no-floor | raw | shrink,-387699444 | -1987159524 | 1478161348 | -1987159524
8b,7876990279922,production-floor | production-no-floor | raw | shrink,-387699444 | -1987159524 | -1485134671 | -1987159524
8b,7876990279923,production-floor | production-no-floor | raw | shrink,-1718178947 | -1718178947 | 1478161348 | -1718178947
8b,7876990279925,production-floor | production-no-floor | raw | shrink,-1718178947 | -1987159524 | 1478161348 | -1987159524
8b,7876990279926,production-floor | production-no-floor | raw | shrink,-1718178947 | -1987159524 | 1478161348 | -1987159524
8b,7876990279927,production-floor | production-no-floor | raw | shrink,-1718178947 | -1718178947 | 1478161348 | -1718178947
8b,7876990279928,production-floor | production-no-floor | raw | shrink,-1718178947 | 798450042 | 1478161348 | 798450042
8b,7876990279929,production-floor | production-no-floor | raw | shrink,-1718178947 | 798450042 | 1478161348 | 798450042
8b,7876990279930,production-floor | production-no-floor | raw | shrink,-1718178947 | -1718178947 | 1478161348 | -1718178947
8b,7876990279931,production-floor | production-no-floor | raw | shrink,-1718178947 | -1987159524 | 1478161348 | -1987159524
8b,7876990279932,production-floor | production-no-floor | raw | shrink,-387699444 | -387699444 | -1485134671 | -387699444
8b,7876990279933,production-floor | production-no-floor | raw | shrink,-387699444 | 798450042 | -1485134671 | 798450042
8b,7876990279934,production-floor | production-no-floor | raw | shrink,-1718178947 | -1718178947 | 1478161348 | -1718178947
8b,7876990279935,production-floor | production-no-floor | raw | shrink,-1718178947 | -1718178947 | 1478161348 | -1718178947
8b,7876990283528,production-floor | production-no-floor | raw | shrink,-1718178947 | -1987159524 | 1478161348 | -1987159524
8b,7876990283529,production-floor | production-no-floor | raw | shrink,-1718178947 | -1987159524 | 1478161348 | -1987159524
8b,7876990283530,production-floor | production-no-floor | raw | shrink,-1718178947 | -1987159524 | 1478161348 | -1987159524
8b,7876990283531,production-floor | production-no-floor | raw | shrink,-387699444 | -387699444 | 1478161348 | -387699444
8b,7876990283534,production-floor | production-no-floor | raw | shrink,-1718178947 | -1987159524 | 1478161348 | -1987159524
8b,7876990283552,production-floor | production-no-floor | raw | shrink,-1718178947 | -1987159524 | 1478161348 | -1987159524
8b,7876990283553,production-floor | production-no-floor | raw | shrink,-387699444 | -387699444 | 1478161348 | -387699444
8b,7876990283554,production-floor | production-no-floor | raw | shrink,-1718178947 | -1987159524 | 1478161348 | -1987159524
8b,7876990283555,production-floor | production-no-floor | raw | shrink,-387699444 | -387699444 | -1485134671 | -387699444
8b,7876990283556,production-floor | production-no-floor | raw | shrink,-1718178947 | 798450042 | 1478161348 | 798450042
8b,7876990283557,production-floor | production-no-floor | raw | shrink,-1718178947 | 798450042 | 1478161348 | 798450042
8b,7876990283558,production-floor | production-no-floor | raw | shrink,-1718178947 | -1718178947 | 1478161348 | -1718178947
8b,7876990283559,production-floor | production-no-floor | raw | shrink,-1718178947 | 798450042 | 1478161348 | 798450042
8b,7876990283560,production-floor | production-no-floor | raw | shrink,-1718178947 | -1987159524 | 1478161348 | -1987159524
8b,7876990283561,production-floor | production-no-floor | raw | shrink,-1718178947 | -1718178947 | 1478161348 | -1718178947
8b,7876990283562,production-floor | production-no-floor | raw | shrink,-1718178947 | -1718178947 | 1478161348 | -1718178947
8b,7876990283563,production-floor | production-no-floor | raw | shrink,-387699444 | -387699444 | -1485134671 | -387699444
8b,7876990283564,production-floor | production-no-floor | raw | shrink,-387699444 | -387699444 | -1485134671 | -387699444
8b,7876990283565,production-floor | production-no-floor | raw | shrink,-387699444 | -387699444 | 2098044927 | -387699444
8b,7876990283566,production-floor | production-no-floor | raw | shrink,-1718178947 | 798450042 | 1478161348 | 798450042
8b,7876990283567,production-floor | production-no-floor | raw | shrink,-387699444 | -1987159524 | -1485134671 | -1987159524
8b,7876990283568,production-floor | production-no-floor | raw | shrink,-387699444 | 798450042 | -1485134671 | 798450042
8b,7876990283569,production-floor | production-no-floor | raw | shrink,-1718178947 | 798450042 | 1478161348 | 798450042
8b,7876990283570,production-floor | production-no-floor | raw | shrink,-1718178947 | -1718178947 | 1478161348 | -1718178947
8b,7876990283571,production-floor | production-no-floor | raw | shrink,-1718178947 | -1718178947 | 1478161348 | -1718178947
8b,7876990283572,production-floor | production-no-floor | raw | shrink,-387699444 | 798450042 | -1485134671 | 798450042
8b,7876990283573,production-floor | production-no-floor | raw | shrink,-1718178947 | -1987159524 | 1478161348 | -1987159524
8b,7876990283574,production-floor | production-no-floor | raw | shrink,-1718178947 | -1987159524 | 1478161348 | -1987159524
8b,7876990283575,production-floor | production-no-floor | raw | shrink,-387699444 | 798450042 | 2098044927 | 798450042
8b,7876990283576,production-floor | production-no-floor | raw | shrink,-1718178947 | -1718178947 | 1478161348 | -1718178947
8b,7876990283577,production-floor | production-no-floor | raw | shrink,-387699444 | -1987159524 | 1478161348 | -1987159524
8b,7876990283578,production-floor | production-no-floor | raw | shrink,-1718178947 | -1987159524 | 1478161348 | -1987159524
8b,7876990283579,production-floor | production-no-floor | raw | shrink,-387699444 | 798450042 | -1485134671 | 798450042
8b,7876990283580,production-floor | production-no-floor | raw | shrink,-1718178947 | -1718178947 | 1478161348 | -1718178947
8b,7876990283581,production-floor | production-no-floor | raw | shrink,-1718178947 | -1987159524 | 1478161348 | -1987159524
8b,7876990283582,production-floor | production-no-floor | raw | shrink,-1718178947 | 798450042 | 1478161348 | 798450042
8b,7876990283583,production-floor | production-no-floor | raw | shrink,-1718178947 | -1987159524 | 1478161348 | -1987159524
8c,7881285247168,production-floor | production-no-floor | raw | shrink,1588336649 | -388506810 | -388506810 | -388506810
8c,7881285247169,production-floor | production-no-floor | raw | shrink,1588336649 | 1733352584 | -388506810 | 1733352584
8c,7881285247170,production-floor | production-no-floor | raw | shrink,1588336649 | -388506810 | -388506810 | -388506810
8c,7881285247171,production-floor | production-no-floor | raw | shrink,1588336649 | -388506810 | -388506810 | -388506810
8c,7881285247172,production-floor | production-no-floor | raw | shrink,1588336649 | -388506810 | -388506810 | -388506810
8c,7881285247173,production-floor | production-no-floor | raw | shrink,1588336649 | -388506810 | -388506810 | -388506810
8c,7881285247174,production-floor | production-no-floor | raw | shrink,1588336649 | 1733352584 | -388506810 | 1733352584
8c,7881285247175,production-floor | production-no-floor | raw | shrink,1588336649 | -388506810 | -388506810 | -388506810
8c,7881285247176,production-floor | production-no-floor | raw | shrink,1588336649 | -388506810 | -388506810 | -388506810
8c,7881285247177,production-floor | production-no-floor | raw | shrink,1588336649 | -388506810 | -388506810 | -388506810
8c,7881285247178,production-floor | production-no-floor | raw | shrink,1588336649 | 1733352584 | -388506810 | 1733352584
8c,7881285247179,production-floor | production-no-floor | raw | shrink,1588336649 | -388506810 | -388506810 | -388506810
8c,7881285247180,production-floor | production-no-floor | raw | shrink,1588336649 | -388506810 | -388506810 | -388506810
8c,7881285247181,production-floor | production-no-floor | raw | shrink,1588336649 | -388506810 | -388506810 | -388506810
8c,7881285247182,production-floor | production-no-floor | raw | shrink,1588336649 | 1733352584 | -388506810 | 1733352584
8c,7881285247183,production-floor | production-no-floor | raw | shrink,1588336649 | 1733352584 | -388506810 | 1733352584
8c,7881285247184,production-floor | production-no-floor | raw | shrink,1588336649 | 1733352584 | -388506810 | 1733352584
8c,7881285247185,production-floor | production-no-floor | raw | shrink,1588336649 | 1733352584 | -388506810 | 1733352584
8c,7881285247186,production-floor | production-no-floor | raw | shrink,1588336649 | -388506810 | -388506810 | -388506810
8c,7881285247187,production-floor | production-no-floor | raw | shrink,1588336649 | -388506810 | -388506810 | -388506810
8c,7881285247188,production-floor | production-no-floor | raw | shrink,1588336649 | -388506810 | -388506810 | -388506810
8c,7881285247189,production-floor | production-no-floor | raw | shrink,1588336649 | -388506810 | -388506810 | -388506810
8c,7881285247190,production-floor | production-no-floor | raw | shrink,1588336649 | -388506810 | -388506810 | -388506810
8c,7881285247191,production-floor | production-no-floor | raw | shrink,1588336649 | -388506810 | -388506810 | -388506810
8c,7881285247192,production-floor | production-no-floor | raw | shrink,1588336649 | -388506810 | -388506810 | -388506810
8c,7881285247193,production-floor | production-no-floor | raw | shrink,1588336649 | -388506810 | -388506810 | -388506810
8c,7881285247194,production-floor | production-no-floor | raw | shrink,1588336649 | -388506810 | -388506810 | -388506810
8c,7881285247195,production-floor | production-no-floor | raw | shrink,1588336649 | 1733352584 | -388506810 | 1733352584
8c,7881285247196,production-floor | production-no-floor | raw | shrink,1588336649 | -388506810 | -388506810 | -388506810
8c,7881285247197,production-floor | production-no-floor | raw | shrink,1588336649 | 1733352584 | -388506810 | 1733352584
8c,7881285247198,production-floor | production-no-floor | raw | shrink,1588336649 | -388506810 | -388506810 | -388506810
8c,7881285247199,production-floor | production-no-floor | raw | shrink,1588336649 | 1733352584 | -388506810 | 1733352584
8c,7881285247200,production-floor | production-no-floor | raw | shrink,1588336649 | -388506810 | -388506810 | -388506810
8c,7881285247201,production-floor | production-no-floor | raw | shrink,1588336649 | -388506810 | -388506810 | -388506810
8c,7881285247202,production-floor | production-no-floor | raw | shrink,1588336649 | 1733352584 | -388506810 | 1733352584
8c,7881285247203,production-floor | production-no-floor | raw | shrink,1588336649 | -388506810 | -388506810 | -388506810
8c,7881285247204,production-floor | production-no-floor | raw | shrink,1588336649 | 1733352584 | -388506810 | 1733352584
8c,7881285247205,production-floor | production-no-floor | raw | shrink,1588336649 | -388506810 | -388506810 | -388506810
8c,7881285247206,production-floor | production-no-floor | raw | shrink,1588336649 | 1733352584 | -388506810 | 1733352584
8c,7881285247207,production-floor | production-no-floor | raw | shrink,1588336649 | -388506810 | -388506810 | -388506810
8c,7881285247208,production-floor | production-no-floor | raw | shrink,1588336649 | -388506810 | -388506810 | -388506810
8c,7881285247209,production-floor | production-no-floor | raw | shrink,1588336649 | -388506810 | -388506810 | -388506810
8c,7881285247210,production-floor | production-no-floor | raw | shrink,1588336649 | -388506810 | -388506810 | -388506810
8c,7881285247212,production-floor | production-no-floor | raw | shrink,1588336649 | -388506810 | -388506810 | -388506810
8c,7881285247213,production-floor | production-no-floor | raw | shrink,1588336649 | -388506810 | -388506810 | -388506810
8c,7881285247214,production-floor | production-no-floor | raw | shrink,1588336649 | -388506810 | -388506810 | -388506810
8c,7881285247215,production-floor | production-no-floor | raw | shrink,1588336649 | -388506810 | -388506810 | -388506810
8c,7881285247216,production-floor | production-no-floor | raw | shrink,1588336649 | 1733352584 | -388506810 | 1733352584
8c,7881285247217,production-floor | production-no-floor | raw | shrink,1588336649 | -388506810 | -388506810 | -388506810
8c,7881285247218,production-floor | production-no-floor | raw | shrink,1588336649 | -388506810 | -388506810 | -388506810
8c,7881285247219,production-floor | production-no-floor | raw | shrink,1588336649 | 1733352584 | -388506810 | 1733352584
8c,7881285247220,production-floor | production-no-floor | raw | shrink,1588336649 | -388506810 | -388506810 | -388506810
8c,7881285247221,production-floor | production-no-floor | raw | shrink,1588336649 | 1733352584 | -388506810 | 1733352584
8c,7881285247222,production-floor | production-no-floor | raw | shrink,1588336649 | -388506810 | -388506810 | -388506810
8c,7881285247223,production-floor | production-no-floor | raw | shrink,1588336649 | -388506810 | -388506810 | -388506810
8c,7881285247224,production-floor | production-no-floor | raw | shrink,1588336649 | 1733352584 | -388506810 | 1733352584
8c,7881285247225,production-floor | production-no-floor | raw | shrink,1588336649 | -388506810 | -388506810 | -388506810
8c,7881285247226,production-floor | production-no-floor | raw | shrink,1588336649 | 1733352584 | -388506810 | 1733352584
8c,7881285247227,production-floor | production-no-floor | raw | shrink,1588336649 | 1733352584 | -388506810 | 1733352584
8c,7881285247228,production-floor | production-no-floor | raw | shrink,1588336649 | -388506810 | -388506810 | -388506810
8c,7881285247229,production-floor | production-no-floor | raw | shrink,1588336649 | -388506810 | -388506810 | -388506810
8c,7881285247230,production-floor | production-no-floor | raw | shrink,1588336649 | -388506810 | -388506810 | -388506810
8c,7881285247231,production-floor | production-no-floor | raw | shrink,1588336649 | 1733352584 | -388506810 | 1733352584
8c,7881285250824,production-floor | production-no-floor | raw | shrink,1588336649 | -388506810 | -388506810 | -388506810
8c,7881285250825,production-floor | production-no-floor | raw | shrink,1588336649 | -388506810 | -388506810 | -388506810
8c,7881285250826,production-floor | production-no-floor | raw | shrink,1588336649 | -388506810 | -388506810 | -388506810
8c,7881285250827,production-floor | production-no-floor | raw | shrink,1588336649 | 1733352584 | -388506810 | 1733352584
8c,7881285250831,production-floor | production-no-floor | raw | shrink,1588336649 | -388506810 | -388506810 | -388506810
8c,7881285250848,production-floor | production-no-floor | raw | shrink,1588336649 | -388506810 | -388506810 | -388506810
8c,7881285250849,production-floor | production-no-floor | raw | shrink,1588336649 | -388506810 | -388506810 | -388506810
8c,7881285250850,production-floor | production-no-floor | raw | shrink,1588336649 | -388506810 | -388506810 | -388506810
8c,7881285250851,production-floor | production-no-floor | raw | shrink,1588336649 | -388506810 | -388506810 | -388506810
8c,7881285250852,production-floor | production-no-floor | raw | shrink,1588336649 | -388506810 | -388506810 | -388506810
8c,7881285250853,production-floor | production-no-floor | raw | shrink,1588336649 | 1733352584 | -388506810 | 1733352584
8c,7881285250854,production-floor | production-no-floor | raw | shrink,1588336649 | -388506810 | -388506810 | -388506810
8c,7881285250855,production-floor | production-no-floor | raw | shrink,1588336649 | 1733352584 | -388506810 | 1733352584
8c,7881285250856,production-floor | production-no-floor | raw | shrink,1588336649 | -388506810 | -388506810 | -388506810
8c,7881285250857,production-floor | production-no-floor | raw | shrink,1588336649 | -388506810 | -388506810 | -388506810
8c,7881285250858,production-floor | production-no-floor | raw | shrink,1588336649 | -388506810 | -388506810 | -388506810
8c,7881285250859,production-floor | production-no-floor | raw | shrink,1588336649 | -388506810 | -388506810 | -388506810
8c,7881285250860,production-floor | production-no-floor | raw | shrink,1588336649 | 1733352584 | -388506810 | 1733352584
8c,7881285250861,production-floor | production-no-floor | raw | shrink,1588336649 | -388506810 | -388506810 | -388506810
8c,7881285250862,production-floor | production-no-floor | raw | shrink,1588336649 | -388506810 | -388506810 | -388506810
8c,7881285250863,production-floor | production-no-floor | raw | shrink,1588336649 | 1733352584 | -388506810 | 1733352584
8c,7881285250864,production-floor | production-no-floor | raw | shrink,1588336649 | 1733352584 | -388506810 | 1733352584
8c,7881285250865,production-floor | production-no-floor | raw | shrink,1588336649 | 1733352584 | -388506810 | 1733352584
8c,7881285250866,production-floor | production-no-floor | raw | shrink,1588336649 | -388506810 | -388506810 | -388506810
8c,7881285250867,production-floor | production-no-floor | raw | shrink,1588336649 | 1733352584 | -388506810 | 1733352584
8c,7881285250868,production-floor | production-no-floor | raw | shrink,1588336649 | -388506810 | -388506810 | -388506810
8c,7881285250869,production-floor | production-no-floor | raw | shrink,1588336649 | 1733352584 | -388506810 | 1733352584
8c,7881285250870,production-floor | production-no-floor | raw | shrink,1588336649 | -388506810 | -388506810 | -388506810
8c,7881285250871,production-floor | production-no-floor | raw | shrink,1588336649 | 1733352584 | -388506810 | 1733352584
8c,7881285250872,production-floor | production-no-floor | raw | shrink,1588336649 | -388506810 | -388506810 | -388506810
8c,7881285250873,production-floor | production-no-floor | raw | shrink,1588336649 | -388506810 | -388506810 | -388506810
8c,7881285250874,production-floor | production-no-floor | raw | shrink,1588336649 | -388506810 | -388506810 | -388506810
8c,7881285250875,production-floor | production-no-floor | raw | shrink,1588336649 | -388506810 | -388506810 | -388506810
8c,7881285250876,production-floor | production-no-floor | raw | shrink,1588336649 | -388506810 | -388506810 | -388506810
8c,7881285250877,production-floor | production-no-floor | raw | shrink,1588336649 | -388506810 | -388506810 | -388506810
8c,7881285250878,production-floor | production-no-floor | raw | shrink,1588336649 | -388506810 | -388506810 | -388506810
8c,7881285250879,production-floor | production-no-floor | raw | shrink,1588336649 | -388506810 | -388506810 | -388506810
8d,7885580214464,production-floor | production-no-floor | raw | shrink,1504554646 | 1142152349 | -1012298996 | 1142152349
8d,7885580214465,production-floor | production-no-floor | raw | shrink,1504554646 | -1012298996 | -1012298996 | -1012298996
8d,7885580214466,production-floor | production-no-floor | raw | shrink,1504554646 | -1012298996 | -1012298996 | -1012298996
8d,7885580214467,production-floor | production-no-floor | raw | shrink,1504554646 | -1012298996 | -1012298996 | -1012298996
8d,7885580214468,production-floor | production-no-floor | raw | shrink,1504554646 | -1012298996 | -1012298996 | -1012298996
8d,7885580214469,production-floor | production-no-floor | raw | shrink,1504554646 | -1012298996 | -1012298996 | -1012298996
8d,7885580214470,production-floor | production-no-floor | raw | shrink,1504554646 | -1012298996 | -1012298996 | -1012298996
8d,7885580214471,production-floor | production-no-floor | raw | shrink,1504554646 | 1142152349 | -1012298996 | 1142152349
8d,7885580214472,production-floor | production-no-floor | raw | shrink,1504554646 | -1012298996 | -1012298996 | -1012298996
8d,7885580214473,production-floor | production-no-floor | raw | shrink,1504554646 | -1012298996 | -1012298996 | -1012298996
8d,7885580214474,production-floor | production-no-floor | raw | shrink,1504554646 | -1012298996 | -1012298996 | -1012298996
8d,7885580214475,production-floor | production-no-floor | raw | shrink,1504554646 | -1012298996 | -1012298996 | -1012298996
8d,7885580214476,production-floor | production-no-floor | raw | shrink,1504554646 | -1012298996 | -1012298996 | -1012298996
8d,7885580214477,production-floor | production-no-floor | raw | shrink,1504554646 | -1012298996 | -1012298996 | -1012298996
8d,7885580214478,production-floor | production-no-floor | raw | shrink,1504554646 | 1142152349 | -1012298996 | 1142152349
8d,7885580214479,production-floor | production-no-floor | raw | shrink,1504554646 | -1012298996 | -1012298996 | -1012298996
8d,7885580214480,production-floor | production-no-floor | raw | shrink,1504554646 | 1142152349 | -1012298996 | 1142152349
8d,7885580214481,production-floor | production-no-floor | raw | shrink,1504554646 | 1142152349 | -1012298996 | 1142152349
8d,7885580214482,production-floor | production-no-floor | raw | shrink,1504554646 | -1012298996 | -1012298996 | -1012298996
8d,7885580214483,production-floor | production-no-floor | raw | shrink,1504554646 | -1012298996 | -1012298996 | -1012298996
8d,7885580214484,production-floor | production-no-floor | raw | shrink,1504554646 | 1142152349 | -1012298996 | 1142152349
8d,7885580214485,production-floor | production-no-floor | raw | shrink,1504554646 | -1012298996 | -1012298996 | -1012298996
8d,7885580214486,production-floor | production-no-floor | raw | shrink,1504554646 | -1012298996 | -1012298996 | -1012298996
8d,7885580214487,production-floor | production-no-floor | raw | shrink,1504554646 | -1012298996 | -1012298996 | -1012298996
8d,7885580214488,production-floor | production-no-floor | raw | shrink,1504554646 | -1012298996 | -1012298996 | -1012298996
8d,7885580214489,production-floor | production-no-floor | raw | shrink,1504554646 | -1012298996 | -1012298996 | -1012298996
8d,7885580214490,production-floor | production-no-floor | raw | shrink,1504554646 | -1012298996 | -1012298996 | -1012298996
8d,7885580214491,production-floor | production-no-floor | raw | shrink,1504554646 | -1012298996 | -1012298996 | -1012298996
8d,7885580214492,production-floor | production-no-floor | raw | shrink,1504554646 | -1012298996 | -1012298996 | -1012298996
8d,7885580214493,production-floor | production-no-floor | raw | shrink,1504554646 | -1012298996 | -1012298996 | -1012298996
8d,7885580214494,production-floor | production-no-floor | raw | shrink,1504554646 | -1012298996 | -1012298996 | -1012298996
8d,7885580214495,production-floor | production-no-floor | raw | shrink,1504554646 | -1012298996 | -1012298996 | -1012298996
8d,7885580214496,production-floor | production-no-floor | raw | shrink,1504554646 | -1012298996 | -1012298996 | -1012298996
8d,7885580214497,production-floor | production-no-floor | raw | shrink,1504554646 | -1012298996 | -1012298996 | -1012298996
8d,7885580214498,production-floor | production-no-floor | raw | shrink,1504554646 | -1012298996 | -1012298996 | -1012298996
8d,7885580214499,production-floor | production-no-floor | raw | shrink,1504554646 | -1012298996 | -1012298996 | -1012298996
8d,7885580214500,production-floor | production-no-floor | raw | shrink,1504554646 | -1012298996 | -1012298996 | -1012298996
8d,7885580214501,production-floor | production-no-floor | raw | shrink,1504554646 | -1012298996 | -1012298996 | -1012298996
8d,7885580214502,production-floor | production-no-floor | raw | shrink,1504554646 | -1012298996 | -1012298996 | -1012298996
8d,7885580214503,production-floor | production-no-floor | raw | shrink,1504554646 | 1142152349 | -1012298996 | 1142152349
8d,7885580214504,production-floor | production-no-floor | raw | shrink,1504554646 | -1012298996 | -1012298996 | -1012298996
8d,7885580214505,production-floor | production-no-floor | raw | shrink,1504554646 | -1012298996 | -1012298996 | -1012298996
8d,7885580214506,production-floor | production-no-floor | raw | shrink,1504554646 | -1012298996 | -1012298996 | -1012298996
8d,7885580214507,production-floor | production-no-floor | raw | shrink,1504554646 | -1012298996 | -1012298996 | -1012298996
8d,7885580214509,production-floor | production-no-floor | raw | shrink,1504554646 | -1012298996 | -1012298996 | -1012298996
8d,7885580214510,production-floor | production-no-floor | raw | shrink,1504554646 | -1012298996 | -1012298996 | -1012298996
8d,7885580214511,production-floor | production-no-floor | raw | shrink,1504554646 | -1012298996 | -1012298996 | -1012298996
8d,7885580214512,production-floor | production-no-floor | raw | shrink,1504554646 | 1142152349 | -1012298996 | 1142152349
8d,7885580214513,production-floor | production-no-floor | raw | shrink,1504554646 | -1012298996 | -1012298996 | -1012298996
8d,7885580214514,production-floor | production-no-floor | raw | shrink,1504554646 | -1012298996 | -1012298996 | -1012298996
8d,7885580214515,production-floor | production-no-floor | raw | shrink,1504554646 | -1012298996 | -1012298996 | -1012298996
8d,7885580214516,production-floor | production-no-floor | raw | shrink,1504554646 | 1142152349 | -1012298996 | 1142152349
8d,7885580214517,production-floor | production-no-floor | raw | shrink,1504554646 | -1012298996 | -1012298996 | -1012298996
8d,7885580214518,production-floor | production-no-floor | raw | shrink,1504554646 | -1012298996 | -1012298996 | -1012298996
8d,7885580214519,production-floor | production-no-floor | raw | shrink,1504554646 | -1012298996 | -1012298996 | -1012298996
8d,7885580214520,production-floor | production-no-floor | raw | shrink,1504554646 | -1012298996 | -1012298996 | -1012298996
8d,7885580214521,production-floor | production-no-floor | raw | shrink,1504554646 | -1012298996 | -1012298996 | -1012298996
8d,7885580214522,production-floor | production-no-floor | raw | shrink,1504554646 | 1142152349 | -1012298996 | 1142152349
8d,7885580214523,production-floor | production-no-floor | raw | shrink,1504554646 | -1012298996 | -1012298996 | -1012298996
8d,7885580214524,production-floor | production-no-floor | raw | shrink,1504554646 | -1012298996 | -1012298996 | -1012298996
8d,7885580214525,production-floor | production-no-floor | raw | shrink,1504554646 | -1012298996 | -1012298996 | -1012298996
8d,7885580214526,production-floor | production-no-floor | raw | shrink,1504554646 | -1012298996 | -1012298996 | -1012298996
8d,7885580214527,production-floor | production-no-floor | raw | shrink,1504554646 | -1012298996 | -1012298996 | -1012298996
8d,7885580218120,production-floor | production-no-floor | raw | shrink,1504554646 | -1012298996 | -1012298996 | -1012298996
8d,7885580218124,production-floor | production-no-floor | raw | shrink,1504554646 | -1012298996 | -1012298996 | -1012298996
8d,7885580218125,production-floor | production-no-floor | raw | shrink,1504554646 | -1012298996 | -1012298996 | -1012298996
8d,7885580218126,production-floor | production-no-floor | raw | shrink,1504554646 | -1012298996 | -1012298996 | -1012298996
8d,7885580218127,production-floor | production-no-floor | raw | shrink,1504554646 | -1012298996 | -1012298996 | -1012298996
8d,7885580218144,production-floor | production-no-floor | raw | shrink,1504554646 | -1012298996 | -1012298996 | -1012298996
8d,7885580218145,production-floor | production-no-floor | raw | shrink,1504554646 | -1012298996 | -1012298996 | -1012298996
8d,7885580218146,production-floor | production-no-floor | raw | shrink,1504554646 | -1012298996 | -1012298996 | -1012298996
8d,7885580218147,production-floor | production-no-floor | raw | shrink,1504554646 | -1012298996 | -1012298996 | -1012298996
8d,7885580218148,production-floor | production-no-floor | raw | shrink,1504554646 | -1012298996 | -1012298996 | -1012298996
8d,7885580218149,production-floor | production-no-floor | raw | shrink,1504554646 | -1012298996 | -1012298996 | -1012298996
8d,7885580218150,production-floor | production-no-floor | raw | shrink,1504554646 | -1012298996 | -1012298996 | -1012298996
8d,7885580218151,production-floor | production-no-floor | raw | shrink,1504554646 | -1012298996 | -1012298996 | -1012298996
8d,7885580218152,production-floor | production-no-floor | raw | shrink,1504554646 | 1142152349 | -1012298996 | 1142152349
8d,7885580218153,production-floor | production-no-floor | raw | shrink,1504554646 | 1142152349 | -1012298996 | 1142152349
8d,7885580218154,production-floor | production-no-floor | raw | shrink,1504554646 | -1012298996 | -1012298996 | -1012298996
8d,7885580218155,production-floor | production-no-floor | raw | shrink,1504554646 | -1012298996 | -1012298996 | -1012298996
8d,7885580218156,production-floor | production-no-floor | raw | shrink,1504554646 | -1012298996 | -1012298996 | -1012298996
8d,7885580218157,production-floor | production-no-floor | raw | shrink,1504554646 | -1012298996 | -1012298996 | -1012298996
8d,7885580218158,production-floor | production-no-floor | raw | shrink,1504554646 | -1012298996 | -1012298996 | -1012298996
8d,7885580218159,production-floor | production-no-floor | raw | shrink,1504554646 | 1142152349 | -1012298996 | 1142152349
8d,7885580218160,production-floor | production-no-floor | raw | shrink,1504554646 | -1012298996 | -1012298996 | -1012298996
8d,7885580218161,production-floor | production-no-floor | raw | shrink,1504554646 | -1012298996 | -1012298996 | -1012298996
8d,7885580218162,production-floor | production-no-floor | raw | shrink,1504554646 | -1012298996 | -1012298996 | -1012298996
8d,7885580218163,production-floor | production-no-floor | raw | shrink,1504554646 | 1142152349 | -1012298996 | 1142152349
8d,7885580218164,production-floor | production-no-floor | raw | shrink,1504554646 | -1012298996 | -1012298996 | -1012298996
8d,7885580218165,production-floor | production-no-floor | raw | shrink,1504554646 | 1142152349 | -1012298996 | 1142152349
8d,7885580218166,production-floor | production-no-floor | raw | shrink,1504554646 | 1142152349 | -1012298996 | 1142152349
8d,7885580218167,production-floor | production-no-floor | raw | shrink,1504554646 | 1142152349 | -1012298996 | 1142152349
8d,7885580218168,production-floor | production-no-floor | raw | shrink,1504554646 | -1012298996 | -1012298996 | -1012298996
8d,7885580218169,production-floor | production-no-floor | raw | shrink,1504554646 | -1012298996 | -1012298996 | -1012298996
8d,7885580218170,production-floor | production-no-floor | raw | shrink,1504554646 | 1142152349 | -1012298996 | 1142152349
8d,7885580218171,production-floor | production-no-floor | raw | shrink,1504554646 | -1012298996 | -1012298996 | -1012298996
8d,7885580218172,production-floor | production-no-floor | raw | shrink,1504554646 | 1142152349 | -1012298996 | 1142152349
8d,7885580218173,production-floor | production-no-floor | raw | shrink,1504554646 | -1012298996 | -1012298996 | -1012298996
8d,7885580218174,production-floor | production-no-floor | raw | shrink,1504554646 | 1142152349 | -1012298996 | 1142152349
8d,7885580218175,production-floor | production-no-floor | raw | shrink,1504554646 | -1012298996 | -1012298996 | -1012298996
9a,8005839298688,production-floor | production-no-floor | raw | shrink,612228983 | 1576652456 | -128205277 | 1576652456
9a,8005839298689,production-floor | production-no-floor | raw | shrink,1514154397 | 1576652456 | 403009818 | 1576652456
9a,8005839298690,production-floor | production-no-floor | raw | shrink,1514154397 | 1576652456 | 403009818 | 1576652456
9a,8005839298691,production-floor | production-no-floor | raw | shrink,1514154397 | 1576652456 | 403009818 | 1576652456
9a,8005839298692,production-floor | production-no-floor | raw | shrink,1514154397 | 1576652456 | 403009818 | 1576652456
9a,8005839298693,production-floor | production-no-floor | raw | shrink,1514154397 | 1576652456 | 403009818 | 1576652456
9a,8005839298694,production-floor | production-no-floor | raw | shrink,1514154397 | 1576652456 | -1746356588 | 1576652456
9a,8005839298695,production-floor | production-no-floor | raw | shrink,1514154397 | 1576652456 | -1746356588 | 1576652456
9a,8005839298697,production-floor | production-no-floor | raw | shrink,1514154397 | 1576652456 | 403009818 | 1576652456
9a,8005839298698,production-floor | production-no-floor | raw | shrink,1705227529 | 1576652456 | 403009818 | 1576652456
9a,8005839298699,production-floor | production-no-floor | raw | shrink,1514154397 | 1576652456 | 403009818 | 1576652456
9a,8005839298700,production-floor | production-no-floor | raw | shrink,1514154397 | 1576652456 | 403009818 | 1576652456
9a,8005839298701,production-floor | production-no-floor | raw | shrink,1514154397 | 1576652456 | 403009818 | 1576652456
9a,8005839298702,production-floor | production-no-floor | raw | shrink,1514154397 | 1576652456 | 403009818 | 1576652456
9a,8005839298703,production-floor | production-no-floor | raw | shrink,1514154397 | 1576652456 | 403009818 | 1576652456
9a,8005839298704,production-floor | production-no-floor | raw | shrink,1514154397 | 1576652456 | -1746356588 | 1576652456
9a,8005839298705,production-floor | production-no-floor | raw | shrink,1514154397 | 1576652456 | 403009818 | 1576652456
9a,8005839298706,production-floor | production-no-floor | raw | shrink,1514154397 | 1576652456 | -1746356588 | 1576652456
9a,8005839298707,production-floor | production-no-floor | raw | shrink,1514154397 | 1576652456 | 403009818 | 1576652456
9a,8005839298708,production-floor | production-no-floor | raw | shrink,1514154397 | 1576652456 | 403009818 | 1576652456
9a,8005839298709,production-floor | production-no-floor | raw | shrink,1705227529 | 1576652456 | 403009818 | 1576652456
9a,8005839298710,production-floor | production-no-floor | raw | shrink,1514154397 | 1576652456 | 403009818 | 1576652456
9a,8005839298711,production-floor | production-no-floor | raw | shrink,1514154397 | 1576652456 | 403009818 | 1576652456
9a,8005839298712,production-floor | production-no-floor | raw | shrink,1514154397 | 1576652456 | 403009818 | 1576652456
9a,8005839298713,production-floor | production-no-floor | raw | shrink,1514154397 | 1576652456 | -1746356588 | 1576652456
9a,8005839298714,production-floor | production-no-floor | raw | shrink,1514154397 | 1576652456 | -1746356588 | 1576652456
9a,8005839298715,production-floor | production-no-floor | raw | shrink,1514154397 | 1576652456 | -1746356588 | 1576652456
9a,8005839298716,production-floor | production-no-floor | raw | shrink,1514154397 | 1576652456 | -1746356588 | 1576652456
9a,8005839298717,production-floor | production-no-floor | raw | shrink,1514154397 | 1576652456 | 403009818 | 1576652456
9a,8005839298718,production-floor | production-no-floor | raw | shrink,1705227529 | 1576652456 | 403009818 | 1576652456
9a,8005839298719,production-floor | production-no-floor | raw | shrink,1514154397 | 1576652456 | 403009818 | 1576652456
9a,8005839298720,production-floor | production-no-floor | raw | shrink,1514154397 | 1576652456 | 403009818 | 1576652456
9a,8005839298721,production-floor | production-no-floor | raw | shrink,1514154397 | 1576652456 | 403009818 | 1576652456
9a,8005839298722,production-floor | production-no-floor | raw | shrink,1514154397 | 1576652456 | 403009818 | 1576652456
9a,8005839298723,production-floor | production-no-floor | raw | shrink,1514154397 | 1576652456 | 403009818 | 1576652456
9a,8005839298724,production-floor | production-no-floor | raw | shrink,2140763346 | 1576652456 | 403009818 | 1576652456
9a,8005839298725,production-floor | production-no-floor | raw | shrink,1514154397 | 1576652456 | 403009818 | 1576652456
9a,8005839298726,production-floor | production-no-floor | raw | shrink,1514154397 | 1576652456 | -1746356588 | 1576652456
9a,8005839298727,production-floor | production-no-floor | raw | shrink,1514154397 | 1576652456 | 403009818 | 1576652456
9a,8005839298728,production-floor | production-no-floor | raw | shrink,1514154397 | 1576652456 | 403009818 | 1576652456
9a,8005839298729,production-floor | production-no-floor | raw | shrink,1514154397 | 1576652456 | 403009818 | 1576652456
9a,8005839298730,production-floor | production-no-floor | raw | shrink,1514154397 | 1576652456 | 403009818 | 1576652456
9a,8005839298731,production-floor | production-no-floor | raw | shrink,1514154397 | 1576652456 | -1746356588 | 1576652456
9a,8005839298732,production-floor | production-no-floor | raw | shrink,1514154397 | 1576652456 | 403009818 | 1576652456
9a,8005839298733,production-floor | production-no-floor | raw | shrink,1514154397 | 1576652456 | 403009818 | 1576652456
9a,8005839298734,production-floor | production-no-floor | raw | shrink,1514154397 | 1576652456 | 403009818 | 1576652456
9a,8005839298735,production-floor | production-no-floor | raw | shrink,1514154397 | 1576652456 | 403009818 | 1576652456
9a,8005839298736,production-floor | production-no-floor | raw | shrink,1705227529 | 1576652456 | 403009818 | 1576652456
9a,8005839298737,production-floor | production-no-floor | raw | shrink,1514154397 | 1576652456 | 403009818 | 1576652456
9a,8005839298738,production-floor | production-no-floor | raw | shrink,1514154397 | 1576652456 | 403009818 | 1576652456
9a,8005839298739,production-floor | production-no-floor | raw | shrink,1514154397 | 1576652456 | 403009818 | 1576652456
9a,8005839298740,production-floor | production-no-floor | raw | shrink,1514154397 | 1576652456 | 403009818 | 1576652456
9a,8005839298741,production-floor | production-no-floor | raw | shrink,1514154397 | 1576652456 | 403009818 | 1576652456
9a,8005839298742,production-floor | production-no-floor | raw | shrink,2140763346 | 1576652456 | 403009818 | 1576652456
9a,8005839298743,production-floor | production-no-floor | raw | shrink,1514154397 | 1576652456 | 403009818 | 1576652456
9a,8005839298744,production-floor | production-no-floor | raw | shrink,1514154397 | 1576652456 | 403009818 | 1576652456
9a,8005839298745,production-floor | production-no-floor | raw | shrink,1514154397 | 1576652456 | 403009818 | 1576652456
9a,8005839298746,production-floor | production-no-floor | raw | shrink,1514154397 | 1576652456 | 403009818 | 1576652456
9a,8005839298747,production-floor | production-no-floor | raw | shrink,1514154397 | 1576652456 | 403009818 | 1576652456
9a,8005839298748,production-floor | production-no-floor | raw | shrink,1514154397 | 1576652456 | 403009818 | 1576652456
9a,8005839298749,production-floor | production-no-floor | raw | shrink,1705227529 | 1576652456 | 403009818 | 1576652456
9a,8005839298750,production-floor | production-no-floor | raw | shrink,1705227529 | 1576652456 | 403009818 | 1576652456
9a,8005839298751,production-floor | production-no-floor | raw | shrink,1705227529 | -689509317 | 403009818 | -689509317
9a,8005839302464,production-floor | production-no-floor | raw | shrink,1514154397 | 1576652456 | 403009818 | 1576652456
9a,8005839302465,production-floor | production-no-floor | raw | shrink,1514154397 | 1576652456 | 403009818 | 1576652456
9a,8005839302466,production-floor | production-no-floor | raw | shrink,1514154397 | 1576652456 | -1746356588 | 1576652456
9a,8005839302467,production-floor | production-no-floor | raw | shrink,1514154397 | 1576652456 | 403009818 | 1576652456
9a,8005839302468,production-floor | production-no-floor | raw | shrink,1705227529 | 1576652456 | 403009818 | 1576652456
9a,8005839302469,production-floor | production-no-floor | raw | shrink,2140763346 | 1576652456 | 403009818 | 1576652456
9a,8005839302470,production-floor | production-no-floor | raw | shrink,1514154397 | 1576652456 | 403009818 | 1576652456
9a,8005839302471,production-floor | production-no-floor | raw | shrink,1514154397 | 1576652456 | 403009818 | 1576652456
9a,8005839302472,production-floor | production-no-floor | raw | shrink,1514154397 | 1576652456 | 403009818 | 1576652456
9a,8005839302473,production-floor | production-no-floor | raw | shrink,1514154397 | 1576652456 | 403009818 | 1576652456
9a,8005839302474,production-floor | production-no-floor | raw | shrink,1514154397 | 1576652456 | 403009818 | 1576652456
9a,8005839302475,production-floor | production-no-floor | raw | shrink,1514154397 | 1576652456 | 403009818 | 1576652456
9a,8005839302476,production-floor | production-no-floor | raw | shrink,1514154397 | 1576652456 | 403009818 | 1576652456
9a,8005839302477,production-floor | production-no-floor | raw | shrink,1514154397 | 1576652456 | 403009818 | 1576652456
9a,8005839302478,production-floor | production-no-floor | raw | shrink,1514154397 | 1576652456 | 403009818 | 1576652456
9a,8005839302479,production-floor | production-no-floor | raw | shrink,1514154397 | 1576652456 | 403009818 | 1576652456
9a,8005839302480,production-floor | production-no-floor | raw | shrink,1514154397 | 1576652456 | 403009818 | 1576652456
9a,8005839302481,production-floor | production-no-floor | raw | shrink,1514154397 | 1576652456 | 403009818 | 1576652456
9a,8005839302482,production-floor | production-no-floor | raw | shrink,2140763346 | 1702002598 | 403009818 | 1702002598
9a,8005839302483,production-floor | production-no-floor | raw | shrink,1514154397 | 1576652456 | 403009818 | 1576652456
9a,8005839302484,production-floor | production-no-floor | raw | shrink,1514154397 | 1576652456 | 403009818 | 1576652456
9a,8005839302485,production-floor | production-no-floor | raw | shrink,1514154397 | 1576652456 | 403009818 | 1576652456
9a,8005839302486,production-floor | production-no-floor | raw | shrink,1705227529 | 1576652456 | -437045 | 1576652456
9a,8005839302487,production-floor | production-no-floor | raw | shrink,1514154397 | 1576652456 | 403009818 | 1576652456
9a,8005839302488,production-floor | production-no-floor | raw | shrink,1514154397 | 1576652456 | 403009818 | 1576652456
9a,8005839302489,production-floor | production-no-floor | raw | shrink,1705227529 | 1576652456 | 403009818 | 1576652456
9a,8005839302490,production-floor | production-no-floor | raw | shrink,1514154397 | 1576652456 | 403009818 | 1576652456
9a,8005839302491,production-floor | production-no-floor | raw | shrink,1514154397 | 1576652456 | 403009818 | 1576652456
9a,8005839302492,production-floor | production-no-floor | raw | shrink,1514154397 | 1576652456 | 403009818 | 1576652456
9a,8005839302493,production-floor | production-no-floor | raw | shrink,1514154397 | 1576652456 | 403009818 | 1576652456
9a,8005839302494,production-floor | production-no-floor | raw | shrink,612228983 | 1576652456 | -128205277 | 1576652456
9a,8005839302495,production-floor | production-no-floor | raw | shrink,1514154397 | 1576652456 | 403009818 | 1576652456
9a,8005839302504,production-floor | production-no-floor | raw | shrink,1514154397 | 1576652456 | 403009818 | 1576652456
9a,8005839302505,production-floor | production-no-floor | raw | shrink,1514154397 | 1576652456 | 403009818 | 1576652456
9a,8005839302506,production-floor | production-no-floor | raw | shrink,1514154397 | 1576652456 | 403009818 | 1576652456
9a,8005839302507,production-floor | production-no-floor | raw | shrink,1514154397 | 1576652456 | 403009818 | 1576652456
9a,8005839302508,production-floor | production-no-floor | raw | shrink,1514154397 | 1576652456 | 403009818 | 1576652456
9b,8010134265984,production-floor | production-no-floor | raw | shrink,983461370 | 140277402 | 1524708452 | 140277402
9b,8010134265985,production-floor | production-no-floor | raw | shrink,-680534966 | 140277402 | -763875521 | 140277402
9b,8010134265986,production-floor | production-no-floor | raw | shrink,-4751552 | -4751552 | 1524708452 | -4751552
9b,8010134265987,production-floor | production-no-floor | raw | shrink,-4751552 | -4751552 | 1524708452 | -4751552
9b,8010134265988,production-floor | production-no-floor | raw | shrink,983461370 | 140277402 | 1524708452 | 140277402
9b,8010134265989,production-floor | production-no-floor | raw | shrink,983461370 | 140277402 | 1524708452 | 140277402
9b,8010134265990,production-floor | production-no-floor | raw | shrink,-4751552 | 140277402 | 1524708452 | 140277402
9b,8010134265991,production-floor | production-no-floor | raw | shrink,983461370 | 140277402 | 1524708452 | 140277402
9b,8010134265992,production-floor | production-no-floor | raw | shrink,983461370 | 140277402 | 1524708452 | 140277402
9b,8010134265994,production-floor | production-no-floor | raw | shrink,983461370 | 140277402 | 1524708452 | 140277402
9b,8010134265995,production-floor | production-no-floor | raw | shrink,983461370 | 140277402 | -307149130 | 140277402
9b,8010134265996,production-floor | production-no-floor | raw | shrink,983461370 | 140277402 | 1524708452 | 140277402
9b,8010134265997,production-floor | production-no-floor | raw | shrink,-4751552 | 140277402 | 1524708452 | 140277402
9b,8010134265998,production-floor | production-no-floor | raw | shrink,983461370 | 140277402 | 1524708452 | 140277402
9b,8010134265999,production-floor | production-no-floor | raw | shrink,983461370 | 140277402 | 1524708452 | 140277402
9b,8010134266000,production-floor | production-no-floor | raw | shrink,983461370 | 140277402 | 1524708452 | 140277402
9b,8010134266001,production-floor | production-no-floor | raw | shrink,983461370 | 140277402 | 1524708452 | 140277402
9b,8010134266002,production-floor | production-no-floor | raw | shrink,983461370 | 140277402 | 1524708452 | 140277402
9b,8010134266003,production-floor | production-no-floor | raw | shrink,983461370 | 140277402 | -307149130 | 140277402
9b,8010134266004,production-floor | production-no-floor | raw | shrink,-680534966 | -1921967388 | -763875521 | -1921967388
9b,8010134266005,production-floor | production-no-floor | raw | shrink,983461370 | 140277402 | 1524708452 | 140277402
9b,8010134266006,production-floor | production-no-floor | raw | shrink,983461370 | 140277402 | 1524708452 | 140277402
9b,8010134266007,production-floor | production-no-floor | raw | shrink,983461370 | 140277402 | 1524708452 | 140277402
9b,8010134266008,production-floor | production-no-floor | raw | shrink,983461370 | 140277402 | 1524708452 | 140277402
9b,8010134266009,production-floor | production-no-floor | raw | shrink,983461370 | 140277402 | 1524708452 | 140277402
9b,8010134266010,production-floor | production-no-floor | raw | shrink,-4751552 | -1597619169 | 1148186424 | -1597619169
9b,8010134266011,production-floor | production-no-floor | raw | shrink,-4751552 | 140277402 | 1524708452 | 140277402
9b,8010134266012,production-floor | production-no-floor | raw | shrink,-4751552 | 140277402 | 1524708452 | 140277402
9b,8010134266013,production-floor | production-no-floor | raw | shrink,983461370 | 140277402 | 1524708452 | 140277402
9b,8010134266014,production-floor | production-no-floor | raw | shrink,-4751552 | 140277402 | 1524708452 | 140277402
9b,8010134266015,production-floor | production-no-floor | raw | shrink,983461370 | 140277402 | 1524708452 | 140277402
9b,8010134266016,production-floor | production-no-floor | raw | shrink,983461370 | 140277402 | 1524708452 | 140277402
9b,8010134266017,production-floor | production-no-floor | raw | shrink,983461370 | 140277402 | 1524708452 | 140277402
9b,8010134266018,production-floor | production-no-floor | raw | shrink,983461370 | 140277402 | 1524708452 | 140277402
9b,8010134266019,production-floor | production-no-floor | raw | shrink,-4751552 | 140277402 | 1148186424 | 140277402
9b,8010134266020,production-floor | production-no-floor | raw | shrink,983461370 | 140277402 | 1524708452 | 140277402
9b,8010134266021,production-floor | production-no-floor | raw | shrink,983461370 | 140277402 | 1556140202 | 140277402
9b,8010134266022,production-floor | production-no-floor | raw | shrink,983461370 | 140277402 | 1524708452 | 140277402
9b,8010134266023,production-floor | production-no-floor | raw | shrink,983461370 | 140277402 | 1524708452 | 140277402
9b,8010134266024,production-floor | production-no-floor | raw | shrink,983461370 | 140277402 | 1524708452 | 140277402
9b,8010134266025,production-floor | production-no-floor | raw | shrink,-4751552 | 140277402 | 1524708452 | 140277402
9b,8010134266026,production-floor | production-no-floor | raw | shrink,-680534966 | -4751552 | -763875521 | -4751552
9b,8010134266027,production-floor | production-no-floor | raw | shrink,-4751552 | -4751552 | 1524708452 | -4751552
9b,8010134266028,production-floor | production-no-floor | raw | shrink,983461370 | 140277402 | 1524708452 | 140277402
9b,8010134266029,production-floor | production-no-floor | raw | shrink,983461370 | 140277402 | 1524708452 | 140277402
9b,8010134266030,production-floor | production-no-floor | raw | shrink,983461370 | 140277402 | 1524708452 | 140277402
9b,8010134266031,production-floor | production-no-floor | raw | shrink,983461370 | 140277402 | 1524708452 | 140277402
9b,8010134266032,production-floor | production-no-floor | raw | shrink,-680534966 | 140277402 | -763875521 | 140277402
9b,8010134266033,production-floor | production-no-floor | raw | shrink,983461370 | 140277402 | -307149130 | 140277402
9b,8010134266034,production-floor | production-no-floor | raw | shrink,983461370 | 140277402 | 1524708452 | 140277402
9b,8010134266035,production-floor | production-no-floor | raw | shrink,983461370 | 140277402 | 1524708452 | 140277402
9b,8010134266036,production-floor | production-no-floor | raw | shrink,983461370 | 140277402 | 1524708452 | 140277402
9b,8010134266037,production-floor | production-no-floor | raw | shrink,983461370 | 140277402 | -307149130 | 140277402
9b,8010134266038,production-floor | production-no-floor | raw | shrink,-4751552 | 140277402 | 1524708452 | 140277402
9b,8010134266039,production-floor | production-no-floor | raw | shrink,983461370 | 140277402 | 1524708452 | 140277402
9b,8010134266040,production-floor | production-no-floor | raw | shrink,983461370 | 140277402 | 1524708452 | 140277402
9b,8010134266041,production-floor | production-no-floor | raw | shrink,-680534966 | 140277402 | -763875521 | 140277402
9b,8010134266042,production-floor | production-no-floor | raw | shrink,-4751552 | 140277402 | 1524708452 | 140277402
9b,8010134266043,production-floor | production-no-floor | raw | shrink,-4751552 | -4751552 | 1148186424 | -4751552
9b,8010134266044,production-floor | production-no-floor | raw | shrink,983461370 | 140277402 | 1524708452 | 140277402
9b,8010134266045,production-floor | production-no-floor | raw | shrink,983461370 | 140277402 | 1524708452 | 140277402
9b,8010134266046,production-floor | production-no-floor | raw | shrink,-680534966 | -4751552 | -763875521 | -4751552
9b,8010134266047,production-floor | production-no-floor | raw | shrink,983461370 | 140277402 | 1524708452 | 140277402
9b,8010134269760,production-floor | production-no-floor | raw | shrink,983461370 | 140277402 | 1524708452 | 140277402
9b,8010134269761,production-floor | production-no-floor | raw | shrink,983461370 | 140277402 | 1524708452 | 140277402
9b,8010134269762,production-floor | production-no-floor | raw | shrink,983461370 | 140277402 | 1524708452 | 140277402
9b,8010134269763,production-floor | production-no-floor | raw | shrink,983461370 | 140277402 | 1524708452 | 140277402
9b,8010134269764,production-floor | production-no-floor | raw | shrink,-4751552 | 140277402 | 1524708452 | 140277402
9b,8010134269765,production-floor | production-no-floor | raw | shrink,983461370 | 140277402 | 1524708452 | 140277402
9b,8010134269766,production-floor | production-no-floor | raw | shrink,-680534966 | 140277402 | -2021716824 | 140277402
9b,8010134269767,production-floor | production-no-floor | raw | shrink,983461370 | 140277402 | 1524708452 | 140277402
9b,8010134269768,production-floor | production-no-floor | raw | shrink,983461370 | 140277402 | -307149130 | 140277402
9b,8010134269769,production-floor | production-no-floor | raw | shrink,983461370 | 140277402 | 1524708452 | 140277402
9b,8010134269770,production-floor | production-no-floor | raw | shrink,-4751552 | 140277402 | 1524708452 | 140277402
9b,8010134269771,production-floor | production-no-floor | raw | shrink,-680534966 | 140277402 | -763875521 | 140277402
9b,8010134269772,production-floor | production-no-floor | raw | shrink,983461370 | 140277402 | 1524708452 | 140277402
9b,8010134269773,production-floor | production-no-floor | raw | shrink,-4751552 | 140277402 | 1524708452 | 140277402
9b,8010134269774,production-floor | production-no-floor | raw | shrink,983461370 | 140277402 | 1524708452 | 140277402
9b,8010134269775,production-floor | production-no-floor | raw | shrink,983461370 | 140277402 | 1524708452 | 140277402
9b,8010134269776,production-floor | production-no-floor | raw | shrink,-4751552 | 140277402 | 1524708452 | 140277402
9b,8010134269777,production-floor | production-no-floor | raw | shrink,983461370 | 140277402 | -307149130 | 140277402
9b,8010134269778,production-floor | production-no-floor | raw | shrink,983461370 | 140277402 | 1524708452 | 140277402
9b,8010134269779,production-floor | production-no-floor | raw | shrink,-4751552 | -75107825 | 1524708452 | -75107825
9b,8010134269780,production-floor | production-no-floor | raw | shrink,983461370 | 140277402 | 1524708452 | 140277402
9b,8010134269781,production-floor | production-no-floor | raw | shrink,983461370 | 140277402 | 1524708452 | 140277402
9b,8010134269782,production-floor | production-no-floor | raw | shrink,-4751552 | 140277402 | 1524708452 | 140277402
9b,8010134269783,production-floor | production-no-floor | raw | shrink,983461370 | 140277402 | 1524708452 | 140277402
9b,8010134269784,production-floor | production-no-floor | raw | shrink,983461370 | 140277402 | 1524708452 | 140277402
9b,8010134269785,production-floor | production-no-floor | raw | shrink,983461370 | 140277402 | 1524708452 | 140277402
9b,8010134269786,production-floor | production-no-floor | raw | shrink,-4751552 | 140277402 | 1524708452 | 140277402
9b,8010134269787,production-floor | production-no-floor | raw | shrink,983461370 | 140277402 | 1524708452 | 140277402
9b,8010134269788,production-floor | production-no-floor | raw | shrink,983461370 | 140277402 | 1524708452 | 140277402
9b,8010134269789,production-floor | production-no-floor | raw | shrink,-4751552 | 140277402 | 1524708452 | 140277402
9b,8010134269790,production-floor | production-no-floor | raw | shrink,-4751552 | 140277402 | 1524708452 | 140277402
9b,8010134269791,production-floor | production-no-floor | raw | shrink,-4751552 | 140277402 | 1524708452 | 140277402
9b,8010134269800,production-floor | production-no-floor | raw | shrink,-4751552 | -4751552 | 1524708452 | -4751552
9b,8010134269801,production-floor | production-no-floor | raw | shrink,983461370 | 140277402 | 1524708452 | 140277402
9b,8010134269802,production-floor | production-no-floor | raw | shrink,983461370 | 140277402 | 1524708452 | 140277402
9b,8010134269803,production-floor | production-no-floor | raw | shrink,983461370 | 140277402 | 1524708452 | 140277402
9b,8010134269805,production-floor | production-no-floor | raw | shrink,-680534966 | -4751552 | -763875521 | -4751552
9c,8014429233280,production-floor | production-no-floor | raw | shrink,-1283145132 | 659609918 | -294239528 | 659609918
9c,8014429233281,production-floor | production-no-floor | raw | shrink,-1283145132 | 659609918 | -294239528 | 659609918
9c,8014429233282,production-floor | production-no-floor | raw | shrink,659609918 | 659609918 | -305338705 | 659609918
9c,8014429233283,production-floor | production-no-floor | raw | shrink,-1283145132 | 906638406 | -294239528 | 906638406
9c,8014429233284,production-floor | production-no-floor | raw | shrink,659609918 | 659609918 | -305338705 | 659609918
9c,8014429233285,production-floor | production-no-floor | raw | shrink,-1283145132 | 906638406 | -305338705 | 906638406
9c,8014429233286,production-floor | production-no-floor | raw | shrink,659609918 | 659609918 | -305338705 | 659609918
9c,8014429233287,production-floor | production-no-floor | raw | shrink,-1283145132 | 659609918 | -294239528 | 659609918
9c,8014429233288,production-floor | production-no-floor | raw | shrink,-1283145132 | 906638406 | -294239528 | 906638406
9c,8014429233289,production-floor | production-no-floor | raw | shrink,-1283145132 | 659609918 | -294239528 | 659609918
9c,8014429233291,production-floor | production-no-floor | raw | shrink,-1283145132 | 659609918 | -294239528 | 659609918
9c,8014429233292,production-floor | production-no-floor | raw | shrink,659609918 | 659609918 | -305338705 | 659609918
9c,8014429233293,production-floor | production-no-floor | raw | shrink,659609918 | 659609918 | 34355512 | 659609918
9c,8014429233294,production-floor | production-no-floor | raw | shrink,-1283145132 | 906638406 | -294239528 | 906638406
9c,8014429233295,production-floor | production-no-floor | raw | shrink,659609918 | 659609918 | -305338705 | 659609918
9c,8014429233296,production-floor | production-no-floor | raw | shrink,-1283145132 | 906638406 | -294239528 | 906638406
9c,8014429233297,production-floor | production-no-floor | raw | shrink,-1283145132 | 906638406 | -294239528 | 906638406
9c,8014429233298,production-floor | production-no-floor | raw | shrink,-1283145132 | 906638406 | -294239528 | 906638406
9c,8014429233299,production-floor | production-no-floor | raw | shrink,-1283145132 | 906638406 | -305338705 | 906638406
9c,8014429233300,production-floor | production-no-floor | raw | shrink,-1283145132 | 906638406 | -305338705 | 906638406
9c,8014429233301,production-floor | production-no-floor | raw | shrink,-1283145132 | 659609918 | 34355512 | 659609918
9c,8014429233302,production-floor | production-no-floor | raw | shrink,659609918 | 659609918 | -305338705 | 659609918
9c,8014429233303,production-floor | production-no-floor | raw | shrink,659609918 | 659609918 | -305338705 | 659609918
9c,8014429233304,production-floor | production-no-floor | raw | shrink,659609918 | 659609918 | -305338705 | 659609918
9c,8014429233305,production-floor | production-no-floor | raw | shrink,-1283145132 | 906638406 | -294239528 | 906638406
9c,8014429233306,production-floor | production-no-floor | raw | shrink,659609918 | 659609918 | -305338705 | 659609918
9c,8014429233307,production-floor | production-no-floor | raw | shrink,-1283145132 | 906638406 | -294239528 | 906638406
9c,8014429233308,production-floor | production-no-floor | raw | shrink,-1283145132 | 906638406 | -305338705 | 906638406
9c,8014429233309,production-floor | production-no-floor | raw | shrink,659609918 | 659609918 | -305338705 | 659609918
9c,8014429233310,production-floor | production-no-floor | raw | shrink,-1283145132 | 906638406 | -294239528 | 906638406
9c,8014429233311,production-floor | production-no-floor | raw | shrink,659609918 | 659609918 | 34355512 | 659609918
9c,8014429233312,production-floor | production-no-floor | raw | shrink,-1283145132 | 906638406 | -294239528 | 906638406
9c,8014429233313,production-floor | production-no-floor | raw | shrink,-1283145132 | 659609918 | -305338705 | 659609918
9c,8014429233314,production-floor | production-no-floor | raw | shrink,659609918 | 659609918 | -305338705 | 659609918
9c,8014429233315,production-floor | production-no-floor | raw | shrink,-1283145132 | 906638406 | -294239528 | 906638406
9c,8014429233316,production-floor | production-no-floor | raw | shrink,-1283145132 | 906638406 | -294239528 | 906638406
9c,8014429233317,production-floor | production-no-floor | raw | shrink,659609918 | 659609918 | 34355512 | 659609918
9c,8014429233318,production-floor | production-no-floor | raw | shrink,-1283145132 | 906638406 | -294239528 | 906638406
9c,8014429233319,production-floor | production-no-floor | raw | shrink,-1283145132 | 906638406 | -294239528 | 906638406
9c,8014429233320,production-floor | production-no-floor | raw | shrink,659609918 | 659609918 | 34355512 | 659609918
9c,8014429233321,production-floor | production-no-floor | raw | shrink,-1283145132 | 906638406 | -716559296 | 906638406
9c,8014429233322,production-floor | production-no-floor | raw | shrink,-1283145132 | 906638406 | -305338705 | 906638406
9c,8014429233323,production-floor | production-no-floor | raw | shrink,-1283145132 | 906638406 | -305338705 | 906638406
9c,8014429233324,production-floor | production-no-floor | raw | shrink,659609918 | 659609918 | -305338705 | 659609918
9c,8014429233325,production-floor | production-no-floor | raw | shrink,-1283145132 | 659609918 | -1380873811 | 659609918
9c,8014429233326,production-floor | production-no-floor | raw | shrink,841077701 | 659609918 | -294239528 | 659609918
9c,8014429233327,production-floor | production-no-floor | raw | shrink,-1283145132 | 906638406 | -294239528 | 906638406
9c,8014429233328,production-floor | production-no-floor | raw | shrink,-1283145132 | 906638406 | -294239528 | 906638406
9c,8014429233329,production-floor | production-no-floor | raw | shrink,659609918 | 659609918 | -305338705 | 659609918
9c,8014429233330,production-floor | production-no-floor | raw | shrink,-1283145132 | 906638406 | -294239528 | 906638406
9c,8014429233331,production-floor | production-no-floor | raw | shrink,-710543359 | 906638406 | -294239528 | 906638406
9c,8014429233332,production-floor | production-no-floor | raw | shrink,-1283145132 | 906638406 | -305338705 | 906638406
9c,8014429233333,production-floor | production-no-floor | raw | shrink,-1283145132 | 906638406 | -294239528 | 906638406
9c,8014429233334,production-floor | production-no-floor | raw | shrink,-1283145132 | 906638406 | -294239528 | 906638406
9c,8014429233335,production-floor | production-no-floor | raw | shrink,659609918 | 659609918 | -305338705 | 659609918
9c,8014429233336,production-floor | production-no-floor | raw | shrink,-1283145132 | 906638406 | -294239528 | 906638406
9c,8014429233337,production-floor | production-no-floor | raw | shrink,659609918 | 659609918 | -305338705 | 659609918
9c,8014429233338,production-floor | production-no-floor | raw | shrink,-1283145132 | 906638406 | -294239528 | 906638406
9c,8014429233339,production-floor | production-no-floor | raw | shrink,-1283145132 | 906638406 | -294239528 | 906638406
9c,8014429233340,production-floor | production-no-floor | raw | shrink,659609918 | 659609918 | -305338705 | 659609918
9c,8014429233341,production-floor | production-no-floor | raw | shrink,-1283145132 | 906638406 | -305338705 | 906638406
9c,8014429233342,production-floor | production-no-floor | raw | shrink,-1283145132 | 906638406 | -294239528 | 906638406
9c,8014429233343,production-floor | production-no-floor | raw | shrink,659609918 | 659609918 | -305338705 | 659609918
9c,8014429237056,production-floor | production-no-floor | raw | shrink,659609918 | 659609918 | -305338705 | 659609918
9c,8014429237057,production-floor | production-no-floor | raw | shrink,-1283145132 | 906638406 | -305338705 | 906638406
9c,8014429237058,production-floor | production-no-floor | raw | shrink,-1283145132 | 906638406 | -305338705 | 906638406
9c,8014429237059,production-floor | production-no-floor | raw | shrink,-1283145132 | 906638406 | -305338705 | 906638406
9c,8014429237060,production-floor | production-no-floor | raw | shrink,-1283145132 | 906638406 | -294239528 | 906638406
9c,8014429237061,production-floor | production-no-floor | raw | shrink,-1283145132 | 906638406 | -305338705 | 906638406
9c,8014429237062,production-floor | production-no-floor | raw | shrink,659609918 | 659609918 | -305338705 | 659609918
9c,8014429237063,production-floor | production-no-floor | raw | shrink,659609918 | 659609918 | 1638319576 | 659609918
9c,8014429237064,production-floor | production-no-floor | raw | shrink,-1283145132 | 906638406 | -294239528 | 906638406
9c,8014429237065,production-floor | production-no-floor | raw | shrink,-1283145132 | 906638406 | -294239528 | 906638406
9c,8014429237066,production-floor | production-no-floor | raw | shrink,-1283145132 | 906638406 | -294239528 | 906638406
9c,8014429237067,production-floor | production-no-floor | raw | shrink,-1283145132 | 906638406 | -294239528 | 906638406
9c,8014429237068,production-floor | production-no-floor | raw | shrink,-1283145132 | 906638406 | -294239528 | 906638406
9c,8014429237069,production-floor | production-no-floor | raw | shrink,-1283145132 | 659609918 | -305338705 | 659609918
9c,8014429237070,production-floor | production-no-floor | raw | shrink,-1283145132 | 906638406 | -294239528 | 906638406
9c,8014429237071,production-floor | production-no-floor | raw | shrink,659609918 | 659609918 | -305338705 | 659609918
9c,8014429237072,production-floor | production-no-floor | raw | shrink,-1283145132 | 906638406 | -294239528 | 906638406
9c,8014429237073,production-floor | production-no-floor | raw | shrink,-1283145132 | 659609918 | -294239528 | 659609918
9c,8014429237074,production-floor | production-no-floor | raw | shrink,-1766057445 | 659609918 | -305338705 | 659609918
9c,8014429237075,production-floor | production-no-floor | raw | shrink,-1283145132 | 906638406 | -294239528 | 906638406
9c,8014429237076,production-floor | production-no-floor | raw | shrink,-1283145132 | 906638406 | -305338705 | 906638406
9c,8014429237077,production-floor | production-no-floor | raw | shrink,-1283145132 | 659609918 | 34355512 | 659609918
9c,8014429237078,production-floor | production-no-floor | raw | shrink,-1283145132 | 906638406 | -294239528 | 906638406
9c,8014429237079,production-floor | production-no-floor | raw | shrink,-1283145132 | 906638406 | -305338705 | 906638406
9c,8014429237080,production-floor | production-no-floor | raw | shrink,-1283145132 | 906638406 | -294239528 | 906638406
9c,8014429237081,production-floor | production-no-floor | raw | shrink,-1283145132 | 659609918 | -294239528 | 659609918
9c,8014429237082,production-floor | production-no-floor | raw | shrink,-1283145132 | 906638406 | -294239528 | 906638406
9c,8014429237083,production-floor | production-no-floor | raw | shrink,-1283145132 | 906638406 | -294239528 | 906638406
9c,8014429237084,production-floor | production-no-floor | raw | shrink,659609918 | 659609918 | -305338705 | 659609918
9c,8014429237085,production-floor | production-no-floor | raw | shrink,659609918 | 659609918 | -305338705 | 659609918
9c,8014429237086,production-floor | production-no-floor | raw | shrink,-1766057445 | 659609918 | -305338705 | 659609918
9c,8014429237087,production-floor | production-no-floor | raw | shrink,-1283145132 | 906638406 | -294239528 | 906638406
9c,8014429237096,production-floor | production-no-floor | raw | shrink,659609918 | 659609918 | -716559296 | 659609918
9c,8014429237097,production-floor | production-no-floor | raw | shrink,-1283145132 | 906638406 | -294239528 | 906638406
9c,8014429237098,production-floor | production-no-floor | raw | shrink,-1283145132 | 906638406 | 34355512 | 906638406
9c,8014429237099,production-floor | production-no-floor | raw | shrink,659609918 | 659609918 | -305338705 | 659609918
9c,8014429237102,production-floor | production-no-floor | raw | shrink,-1283145132 | 906638406 | -294239528 | 906638406
9d,8018724200576,production-floor | production-no-floor | raw | shrink,260928115 | -1708131848 | -1708131848 | -1708131848
9d,8018724200577,production-floor | production-no-floor | raw | shrink,260928115 | -1708131848 | -1708131848 | -1708131848
9d,8018724200578,production-floor | production-no-floor | raw | shrink,260928115 | -1708131848 | 1795123971 | -1708131848
9d,8018724200579,production-floor | production-no-floor | raw | shrink,260928115 | -1708131848 | -1708131848 | -1708131848
9d,8018724200580,production-floor | production-no-floor | raw | shrink,260928115 | -1708131848 | -1708131848 | -1708131848
9d,8018724200581,production-floor | production-no-floor | raw | shrink,260928115 | -1708131848 | -1708131848 | -1708131848
9d,8018724200582,production-floor | production-no-floor | raw | shrink,260928115 | -1708131848 | 1795123971 | -1708131848
9d,8018724200583,production-floor | production-no-floor | raw | shrink,260928115 | -1708131848 | -1708131848 | -1708131848
9d,8018724200584,production-floor | production-no-floor | raw | shrink,260928115 | -1708131848 | -1708131848 | -1708131848
9d,8018724200585,production-floor | production-no-floor | raw | shrink,260928115 | -1708131848 | -1708131848 | -1708131848
9d,8018724200586,production-floor | production-no-floor | raw | shrink,260928115 | -1708131848 | -1708131848 | -1708131848
9d,8018724200588,production-floor | production-no-floor | raw | shrink,260928115 | -1708131848 | -1708131848 | -1708131848
9d,8018724200589,production-floor | production-no-floor | raw | shrink,260928115 | -1708131848 | -1708131848 | -1708131848
9d,8018724200590,production-floor | production-no-floor | raw | shrink,260928115 | -1708131848 | -1708131848 | -1708131848
9d,8018724200591,production-floor | production-no-floor | raw | shrink,260928115 | -1708131848 | -1708131848 | -1708131848
9d,8018724200592,production-floor | production-no-floor | raw | shrink,260928115 | -1708131848 | 1795123971 | -1708131848
9d,8018724200593,production-floor | production-no-floor | raw | shrink,260928115 | -1708131848 | -1708131848 | -1708131848
9d,8018724200594,production-floor | production-no-floor | raw | shrink,260928115 | -1708131848 | -1708131848 | -1708131848
9d,8018724200595,production-floor | production-no-floor | raw | shrink,260928115 | -1708131848 | -1708131848 | -1708131848
9d,8018724200596,production-floor | production-no-floor | raw | shrink,260928115 | -1708131848 | -1708131848 | -1708131848
9d,8018724200597,production-floor | production-no-floor | raw | shrink,260928115 | -1708131848 | -1708131848 | -1708131848
9d,8018724200598,production-floor | production-no-floor | raw | shrink,260928115 | -1708131848 | -1708131848 | -1708131848
9d,8018724200599,production-floor | production-no-floor | raw | shrink,260928115 | -1708131848 | -1708131848 | -1708131848
9d,8018724200600,production-floor | production-no-floor | raw | shrink,260928115 | -1708131848 | -1708131848 | -1708131848
9d,8018724200601,production-floor | production-no-floor | raw | shrink,260928115 | -1708131848 | -1708131848 | -1708131848
9d,8018724200602,production-floor | production-no-floor | raw | shrink,260928115 | -1708131848 | -1708131848 | -1708131848
9d,8018724200603,production-floor | production-no-floor | raw | shrink,260928115 | -1708131848 | -1708131848 | -1708131848
9d,8018724200604,production-floor | production-no-floor | raw | shrink,260928115 | -1708131848 | -1708131848 | -1708131848
9d,8018724200605,production-floor | production-no-floor | raw | shrink,260928115 | -1708131848 | -1708131848 | -1708131848
9d,8018724200606,production-floor | production-no-floor | raw | shrink,260928115 | -1708131848 | -1708131848 | -1708131848
9d,8018724200607,production-floor | production-no-floor | raw | shrink,260928115 | -1708131848 | -1708131848 | -1708131848
9d,8018724200608,production-floor | production-no-floor | raw | shrink,260928115 | -1708131848 | -1708131848 | -1708131848
9d,8018724200609,production-floor | production-no-floor | raw | shrink,260928115 | -1708131848 | -1708131848 | -1708131848
9d,8018724200610,production-floor | production-no-floor | raw | shrink,260928115 | -1708131848 | -1708131848 | -1708131848
9d,8018724200611,production-floor | production-no-floor | raw | shrink,260928115 | -1708131848 | -1708131848 | -1708131848
9d,8018724200612,production-floor | production-no-floor | raw | shrink,260928115 | -1708131848 | -1708131848 | -1708131848
9d,8018724200613,production-floor | production-no-floor | raw | shrink,260928115 | -1708131848 | 1795123971 | -1708131848
9d,8018724200614,production-floor | production-no-floor | raw | shrink,260928115 | -1708131848 | 1795123971 | -1708131848
9d,8018724200615,production-floor | production-no-floor | raw | shrink,969253244 | -1708131848 | -1708131848 | -1708131848
9d,8018724200616,production-floor | production-no-floor | raw | shrink,260928115 | -1708131848 | -1708131848 | -1708131848
9d,8018724200617,production-floor | production-no-floor | raw | shrink,260928115 | -1708131848 | -1708131848 | -1708131848
9d,8018724200618,production-floor | production-no-floor | raw | shrink,260928115 | -1708131848 | -1708131848 | -1708131848
9d,8018724200619,production-floor | production-no-floor | raw | shrink,260928115 | -1708131848 | -1708131848 | -1708131848
9d,8018724200620,production-floor | production-no-floor | raw | shrink,2112926234 | -1708131848 | -1708131848 | -1708131848
9d,8018724200621,production-floor | production-no-floor | raw | shrink,260928115 | -1708131848 | -1708131848 | -1708131848
9d,8018724200622,production-floor | production-no-floor | raw | shrink,260928115 | -1708131848 | -1708131848 | -1708131848
9d,8018724200623,production-floor | production-no-floor | raw | shrink,260928115 | -1708131848 | -1708131848 | -1708131848
9d,8018724200624,production-floor | production-no-floor | raw | shrink,260928115 | -1708131848 | -1708131848 | -1708131848
9d,8018724200625,production-floor | production-no-floor | raw | shrink,260928115 | -1708131848 | -1708131848 | -1708131848
9d,8018724200626,production-floor | production-no-floor | raw | shrink,260928115 | -1708131848 | -1708131848 | -1708131848
9d,8018724200627,production-floor | production-no-floor | raw | shrink,260928115 | -1708131848 | -1708131848 | -1708131848
9d,8018724200628,production-floor | production-no-floor | raw | shrink,260928115 | -1708131848 | -1708131848 | -1708131848
9d,8018724200629,production-floor | production-no-floor | raw | shrink,260928115 | -1708131848 | -1708131848 | -1708131848
9d,8018724200630,production-floor | production-no-floor | raw | shrink,260928115 | -1708131848 | -1708131848 | -1708131848
9d,8018724200631,production-floor | production-no-floor | raw | shrink,260928115 | -1708131848 | -1708131848 | -1708131848
9d,8018724200632,production-floor | production-no-floor | raw | shrink,260928115 | -1708131848 | -1708131848 | -1708131848
9d,8018724200633,production-floor | production-no-floor | raw | shrink,260928115 | -1708131848 | -1708131848 | -1708131848
9d,8018724200634,production-floor | production-no-floor | raw | shrink,260928115 | -1708131848 | -1708131848 | -1708131848
9d,8018724200635,production-floor | production-no-floor | raw | shrink,260928115 | -1708131848 | -1708131848 | -1708131848
9d,8018724200636,production-floor | production-no-floor | raw | shrink,260928115 | -1708131848 | -1708131848 | -1708131848
9d,8018724200637,production-floor | production-no-floor | raw | shrink,260928115 | -1708131848 | -1708131848 | -1708131848
9d,8018724200638,production-floor | production-no-floor | raw | shrink,260928115 | -1708131848 | -1708131848 | -1708131848
9d,8018724200639,production-floor | production-no-floor | raw | shrink,260928115 | -1708131848 | -1708131848 | -1708131848
9d,8018724204352,production-floor | production-no-floor | raw | shrink,260928115 | -1708131848 | -1708131848 | -1708131848
9d,8018724204353,production-floor | production-no-floor | raw | shrink,260928115 | -1708131848 | -1708131848 | -1708131848
9d,8018724204354,production-floor | production-no-floor | raw | shrink,260928115 | -1708131848 | -1708131848 | -1708131848
9d,8018724204355,production-floor | production-no-floor | raw | shrink,260928115 | -1708131848 | -1708131848 | -1708131848
9d,8018724204356,production-floor | production-no-floor | raw | shrink,260928115 | -1708131848 | -1708131848 | -1708131848
9d,8018724204357,production-floor | production-no-floor | raw | shrink,260928115 | -1708131848 | -1708131848 | -1708131848
9d,8018724204358,production-floor | production-no-floor | raw | shrink,260928115 | -1708131848 | -1708131848 | -1708131848
9d,8018724204359,production-floor | production-no-floor | raw | shrink,260928115 | -1708131848 | -1708131848 | -1708131848
9d,8018724204360,production-floor | production-no-floor | raw | shrink,260928115 | -1708131848 | -1708131848 | -1708131848
9d,8018724204361,production-floor | production-no-floor | raw | shrink,260928115 | -1708131848 | -1708131848 | -1708131848
9d,8018724204362,production-floor | production-no-floor | raw | shrink,260928115 | -1708131848 | 1795123971 | -1708131848
9d,8018724204363,production-floor | production-no-floor | raw | shrink,260928115 | -1708131848 | -1708131848 | -1708131848
9d,8018724204364,production-floor | production-no-floor | raw | shrink,260928115 | -1708131848 | -1708131848 | -1708131848
9d,8018724204365,production-floor | production-no-floor | raw | shrink,260928115 | -1708131848 | -1708131848 | -1708131848
9d,8018724204366,production-floor | production-no-floor | raw | shrink,260928115 | -1708131848 | -1708131848 | -1708131848
9d,8018724204367,production-floor | production-no-floor | raw | shrink,260928115 | -1708131848 | -1708131848 | -1708131848
9d,8018724204368,production-floor | production-no-floor | raw | shrink,260928115 | -1708131848 | -1708131848 | -1708131848
9d,8018724204369,production-floor | production-no-floor | raw | shrink,260928115 | -1708131848 | -1708131848 | -1708131848
9d,8018724204370,production-floor | production-no-floor | raw | shrink,260928115 | -1708131848 | -1708131848 | -1708131848
9d,8018724204371,production-floor | production-no-floor | raw | shrink,260928115 | -1708131848 | -1708131848 | -1708131848
9d,8018724204372,production-floor | production-no-floor | raw | shrink,260928115 | -1708131848 | -1708131848 | -1708131848
9d,8018724204373,production-floor | production-no-floor | raw | shrink,260928115 | -1708131848 | 1795123971 | -1708131848
9d,8018724204374,production-floor | production-no-floor | raw | shrink,2112926234 | -1708131848 | -1708131848 | -1708131848
9d,8018724204375,production-floor | production-no-floor | raw | shrink,260928115 | -1708131848 | -1708131848 | -1708131848
9d,8018724204376,production-floor | production-no-floor | raw | shrink,260928115 | -1708131848 | -1708131848 | -1708131848
9d,8018724204377,production-floor | production-no-floor | raw | shrink,260928115 | -1708131848 | -1708131848 | -1708131848
9d,8018724204378,production-floor | production-no-floor | raw | shrink,260928115 | -1708131848 | -1708131848 | -1708131848
9d,8018724204379,production-floor | production-no-floor | raw | shrink,260928115 | -1708131848 | -1708131848 | -1708131848
9d,8018724204380,production-floor | production-no-floor | raw | shrink,260928115 | -1708131848 | -1708131848 | -1708131848
9d,8018724204381,production-floor | production-no-floor | raw | shrink,260928115 | -1708131848 | -1708131848 | -1708131848
9d,8018724204382,production-floor | production-no-floor | raw | shrink,260928115 | -1708131848 | -1708131848 | -1708131848
9d,8018724204383,production-floor | production-no-floor | raw | shrink,260928115 | -1708131848 | -1708131848 | -1708131848
9d,8018724204392,production-floor | production-no-floor | raw | shrink,260928115 | -1708131848 | 1795123971 | -1708131848
9d,8018724204393,production-floor | production-no-floor | raw | shrink,260928115 | -1708131848 | -1708131848 | -1708131848
9d,8018724204394,production-floor | production-no-floor | raw | shrink,260928115 | -1708131848 | -1708131848 | -1708131848
9d,8018724204395,production-floor | production-no-floor | raw | shrink,260928115 | -1708131848 | -1708131848 | -1708131848
9d,8018724204399,production-floor | production-no-floor | raw | shrink,260928115 | -1708131848 | -1708131848 | -1708131848
