Query Name,Sample Seed,Condition,Base Mode,Estimator Policy,Sample Budget,Prior Size,Variance Alpha,Tail Pseudo-count,Conservative Lower Bound,Baseline,Worker Rewarmed,Status,Planning Time (ms),Execution Time (ms),Charged Execution Time (ms),Slowdown,Catastrophe,Plan Hash
4a,7340119371328,no-sampling,no-sampling,production,1000,100.0,0.4,0.0,true,false,false,ok,3.784,726.288,726.288,0.952844378643496,false,-1202259619
13c,209461280347756,production-floor,full,production,1000,100.0,0.4,0.0,true,true,false,ok,52.124,453.326,453.326,0.5499653637533802,false,1004522218
4c,7348709305922,no-sampling,no-sampling,production,1000,100.0,0.4,0.0,true,false,false,ok,3.179,2055.29,2055.29,0.6097690502948432,false,-1125545911
2c,7082421333660,production-floor,full,production,1000,100.0,0.4,0.0,true,true,false,ok,36.705,0.32,0.32,0.9195402298850576,false,-26625759
24b,213717592959629,no-sampling,no-sampling,production,1000,100.0,0.4,0.0,true,false,false,ok,37.879,1010.339,1010.339,365.46898173268227,true,-70091638
8d,7885580218305,no-sampling,no-sampling,production,1000,100.0,0.4,0.0,true,false,false,timeout,,,30000.0,52.45548496407236,true,
12b,209323841394316,no-sampling,no-sampling,production,1000,100.0,0.4,0.0,true,false,true,ok,12.634,2.97,2.97,1.4512582457854875,false,1748720315
32b,217578768559374,production-floor,full,production,1000,100.0,0.4,0.0,true,true,false,ok,54.54,224.545,224.545,4.295456719273075,false,-239234728
31c,217449919540520,no-sampling,no-sampling,production,1000,100.0,0.4,0.0,true,false,false,ok,68.928,25622.785,25622.785,101.84584472780463,true,-1849236590
11d,209199287342761,production-floor,full,production,1000,100.0,0.4,0.0,true,true,false,ok,176.316,320.848,320.848,1.0731886796870558,false,588364050
24b,213717592959629,production-floor,full,production,1000,100.0,0.4,0.0,true,true,false,ok,731.359,7.727,7.727,2.795080484716947,false,644596804
18c,210127000279025,production-floor,full,production,1000,100.0,0.4,0.0,true,true,false,ok,914.007,1353.261,1353.261,1.2969288935103769,false,-852311855
33a,217707617578732,production-floor,full,production,1000,100.0,0.4,0.0,true,true,false,ok,269.275,12.888,12.888,2.418238108640585,false,14380942
6f,7627882180125,no-sampling,no-sampling,production,1000,100.0,0.4,0.0,true,false,false,ok,3.07,1771.42,1771.42,1.0761919371570299,false,-1261445935
14a,209585834399347,no-sampling,no-sampling,production,1000,100.0,0.4,0.0,true,false,false,ok,7.191,1309.325,1309.325,2.6930093748585957,false,555945203
32b,217578768559374,no-sampling,no-sampling,production,1000,100.0,0.4,0.0,true,false,false,ok,1.652,215.5,215.5,4.122429459588713,false,-119481243
25a,213846441978515,production-floor,full,production,1000,100.0,0.4,0.0,true,true,false,ok,510.973,870.447,870.447,0.9610292968933292,false,-1152094815
23a,213580154006189,no-sampling,no-sampling,production,1000,100.0,0.4,0.0,true,false,false,timeout,,,30000.0,63.23370862539402,true,
9b,8010134269860,no-sampling,no-sampling,production,1000,100.0,0.4,0.0,true,false,true,ok,12.562,1903.474,1903.474,3.60141182569572,false,-1366607982
31c,217449919540520,production-floor,full,production,1000,100.0,0.4,0.0,true,true,false,ok,539.838,277.68,277.68,1.1037267870770797,false,415261907
15b,209723273352787,production-floor,full,production,1000,100.0,0.4,0.0,true,true,false,ok,275.37,139.973,139.973,10.967092376400533,true,-1293176700
6c,7614997278208,production-floor,full,production,1000,100.0,0.4,0.0,true,true,false,ok,95.185,0.787,0.787,1.1763826606875933,false,-224470636
6b,7610702310913,production-floor,full,production,1000,100.0,0.4,0.0,true,true,false,ok,74.13,5.435,5.435,1.1015403323875153,false,1482096114
21a,213313866033903,no-sampling,no-sampling,production,1000,100.0,0.4,0.0,true,false,false,ok,15.615,300.621,300.621,8.53067536889898,false,1875661095
20c,213189311981832,production-floor,full,production,1000,100.0,0.4,0.0,true,true,false,ok,273.924,1210.393,1210.393,3.3456094840727446,false,216174188
2b,7078126366365,no-sampling,no-sampling,production,1000,100.0,0.4,0.0,true,false,false,ok,2.19,1240.787,1240.787,9.88092280249096,false,-1566201251
17e,210002446226962,no-sampling,no-sampling,production,1000,100.0,0.4,0.0,true,false,false,ok,3.178,6473.651,6473.651,1.585904677678854,false,-2049997972
10b,209057553422030,no-sampling,no-sampling,production,1000,100.0,0.4,0.0,true,false,false,ok,4.92,108.168,108.168,1.217868100318068,false,-1532910689
5a,7473263357473,no-sampling,no-sampling,production,1000,100.0,0.4,0.0,true,false,false,ok,3.044,724.822,724.822,4.550115350209513,false,1516290568
28b,214250168904241,no-sampling,no-sampling,production,1000,100.0,0.4,0.0,true,false,false,ok,131.862,401.104,401.104,1.556416126653991,false,1222793645
15a,209718978385488,production-floor,full,production,1000,100.0,0.4,0.0,true,true,false,ok,208.966,1748.793,1748.793,3.08501192959554,false,-197612404
3a,7206975385187,no-sampling,no-sampling,production,1000,100.0,0.4,0.0,true,false,false,ok,3.019,167.126,167.126,0.9470263409161097,false,-1613518825
20a,213180722047246,production-floor,full,production,1000,100.0,0.4,0.0,true,true,false,ok,155.098,1064.404,1064.404,1.0341866182933945,false,-1591323648
17c,209993856292368,no-sampling,no-sampling,production,1000,100.0,0.4,0.0,true,false,false,ok,2.774,54.942,54.942,0.9975488861049077,false,-99220691
2d,7086716300959,no-sampling,no-sampling,production,1000,100.0,0.4,0.0,true,false,false,ok,1.427,132.005,132.005,0.9422467450890817,false,-813469563
1d,6953572314814,production-floor,full,production,1000,100.0,0.4,0.0,true,true,false,ok,28.943,0.756,0.756,1.3935483870967742,false,1003820838
9a,8005839302565,no-sampling,no-sampling,production,1000,100.0,0.4,0.0,true,false,false,ok,5.065,727.985,727.985,1.3332960930689153,false,-1811363958
22d,213459894921929,production-floor,full,production,1000,100.0,0.4,0.0,true,true,false,ok,293.522,695.788,695.788,1.5350595513215795,false,-697127982
18a,210118410344439,production-floor,full,production,1000,100.0,0.4,0.0,true,true,false,ok,210.132,1682.914,1682.914,1.1634145161178822,false,-574815707
12a,209319546427021,no-sampling,no-sampling,production,1000,100.0,0.4,0.0,true,false,false,ok,32.824,5703.333,5703.333,34.470807596068994,true,-515552557
25c,213855031913069,no-sampling,no-sampling,production,1000,100.0,0.4,0.0,true,false,false,ok,8.85,9905.256,9905.256,9.628920427122232,false,-1785408503
33a,217707617578732,no-sampling,no-sampling,production,1000,100.0,0.4,0.0,true,false,false,ok,63.655,9.156,9.156,1.7179848015761328,false,1266302631
5c,7481853292067,no-sampling,no-sampling,production,1000,100.0,0.4,0.0,true,false,false,ok,2.236,697.455,697.455,1.1588903843278004,false,1437004065
7b,7743846297574,no-sampling,no-sampling,production,1000,100.0,0.4,0.0,true,false,false,ok,20.438,29.599,29.599,22.263256863482514,true,1766386416
7b,7743846297574,production-floor,full,production,1000,100.0,0.4,0.0,true,true,false,ok,247.668,1.178,1.178,0.8860473862354269,false,-377469187
17a,209985266357782,no-sampling,no-sampling,production,1000,100.0,0.4,0.0,true,false,false,ok,2.253,5164.044,5164.044,2.713064365380039,false,-2049997972
33c,217716207513326,production-floor,full,production,1000,100.0,0.4,0.0,true,true,false,ok,138.146,8.842,8.842,1.0839105117989583,false,1026233334
21c,213322455968489,production-floor,full,production,1000,100.0,0.4,0.0,true,true,false,ok,108.077,50.573,50.573,0.9542165492127285,false,405046416
9b,8010134269860,production-floor,full,production,1000,100.0,0.4,0.0,true,true,false,ok,198.185,608.048,608.048,1.150439279859158,false,983461370
30b,217312480587080,no-sampling,no-sampling,production,1000,100.0,0.4,0.0,true,false,false,timeout,,,30000.0,786.5242183915581,true,
1b,6944982380220,production-floor,full,production,1000,100.0,0.4,0.0,true,true,true,ok,16.919,1.002,1.002,1.8037803780378039,false,1003820838
8a,7872695316420,production-floor,full,production,1000,100.0,0.4,0.0,true,true,false,ok,118.47,112.749,112.749,1.460659018920722,false,-1424306548
2a,7073831399042,no-sampling,no-sampling,production,1000,100.0,0.4,0.0,true,false,false,ok,3.402,150.653,150.653,1.1846723048553691,false,-813469563
22b,213451304987343,production-floor,full,production,1000,100.0,0.4,0.0,true,true,false,ok,142.432,448.77,448.77,1.05405567279812,false,-1072711187
31b,217445624573225,no-sampling,no-sampling,production,1000,100.0,0.4,0.0,true,false,false,ok,60.992,4146.947,4146.947,494.03705027400525,true,1223952466
1a,6940687412925,no-sampling,no-sampling,production,1000,100.0,0.4,0.0,true,false,false,ok,3.355,9.548,9.548,1.0556691912211842,false,958676468
8c,7881285251014,production-floor,full,production,1000,100.0,0.4,0.0,true,true,false,ok,110.799,6332.942,6332.942,1.042777571267617,false,1588336649
25a,213846441978515,no-sampling,no-sampling,production,1000,100.0,0.4,0.0,true,false,false,ok,12.723,1761.645,1761.645,1.944969028241408,false,-1295408368
19b,210255849297879,production-floor,full,production,1000,100.0,0.4,0.0,true,true,false,ok,143.701,158.241,158.241,0.9423650688724923,false,-1834056489
30b,217312480587080,production-floor,full,production,1000,100.0,0.4,0.0,true,true,false,ok,214.395,67.714,67.714,1.775290030805532,false,1048534400
31b,217445624573225,production-floor,full,production,1000,100.0,0.4,0.0,true,true,false,ok,158.134,8.663,8.663,1.0320467000238265,false,1092791141
1a,6940687412925,production-floor,full,production,1000,100.0,0.4,0.0,true,true,false,ok,24.223,8.92,8.92,0.9862347282879098,false,686382736
22c,213455599954638,no-sampling,no-sampling,production,1000,100.0,0.4,0.0,true,false,false,ok,17.346,9291.319,9291.319,21.250658127966148,true,-1719071238
6b,7610702310913,no-sampling,no-sampling,production,1000,100.0,0.4,0.0,true,false,false,ok,4.622,8.133,8.133,1.6483583299554114,false,1956036293
22b,213451304987343,no-sampling,no-sampling,production,1000,100.0,0.4,0.0,true,false,false,ok,13.197,139.903,139.903,0.328599395662534,false,-1719071238
20b,213185017014537,production-floor,full,production,1000,100.0,0.4,0.0,true,true,false,ok,183.749,343.739,343.739,1.0709647871087542,false,-56865338
9a,8005839302565,production-floor,full,production,1000,100.0,0.4,0.0,true,true,false,ok,305.276,565.044,565.044,1.0348715394026418,false,1514154397
16c,209860712306227,no-sampling,no-sampling,production,1000,100.0,0.4,0.0,true,false,false,ok,3.582,695.803,695.803,1.5230731008456981,false,2025501659
24a,213713297992370,no-sampling,no-sampling,production,1000,100.0,0.4,0.0,true,false,false,ok,33.924,698.411,698.411,5.322808301133288,false,-352090006
17a,209985266357782,production-floor,full,production,1000,100.0,0.4,0.0,true,true,false,ok,155.969,2201.426,2201.426,1.1565762091920821,false,-1125412742
19c,210260144265174,no-sampling,no-sampling,production,1000,100.0,0.4,0.0,true,false,false,ok,6.281,22130.545,22130.545,27.083443220708716,true,-1294825545
32a,217574473592079,no-sampling,no-sampling,production,1000,100.0,0.4,0.0,true,false,false,ok,4.973,0.314,0.314,0.7008928571428571,false,957982218
13a,209452690413202,production-floor,full,production,1000,100.0,0.4,0.0,true,true,false,ok,92.579,1051.391,1051.391,1.0052634799586189,false,-1937147173
19b,210255849297879,no-sampling,no-sampling,production,1000,100.0,0.4,0.0,true,false,false,ok,6.149,159.175,159.175,0.9479272744597099,false,-167141638
3b,7211270352482,no-sampling,no-sampling,production,1000,100.0,0.4,0.0,true,false,false,ok,2.609,9.755,9.755,1.2984160787967525,false,129508754
33c,217716207513326,no-sampling,no-sampling,production,1000,100.0,0.4,0.0,true,false,false,ok,57.089,59.041,59.041,7.237634079068343,false,-1229604950
4c,7348709305922,production-floor,full,production,1000,100.0,0.4,0.0,true,true,false,ok,31.555,3367.176,3367.176,0.9989829715979687,false,464932698
16d,209865007273522,no-sampling,no-sampling,production,1000,100.0,0.4,0.0,true,false,false,ok,3.328,402.154,402.154,1.3205119785646737,false,2025501659
27c,214121319885395,production-floor,full,production,1000,100.0,0.4,0.0,true,true,false,ok,130.062,31.709,31.709,0.965222288175578,false,-622492985
16b,209856417338928,production-floor,full,production,1000,100.0,0.4,0.0,true,true,false,ok,153.232,4020.357,4020.357,0.9889245367533638,false,-32917605
15a,209718978385488,no-sampling,no-sampling,production,1000,100.0,0.4,0.0,true,false,false,ok,5.644,25485.718,25485.718,44.95886252078307,true,506230201
19c,210260144265174,production-floor,full,production,1000,100.0,0.4,0.0,true,true,false,ok,129.203,1055.337,1055.337,1.2915253428333135,false,204487702
10a,209053258454735,production-floor,full,production,1000,100.0,0.4,0.0,true,true,false,ok,274.051,547.262,547.262,1.4925924309699656,false,1718403736
23b,213584448973484,no-sampling,no-sampling,production,1000,100.0,0.4,0.0,true,false,false,ok,9.859,80.494,80.494,0.7435660576052617,false,-976682035
13c,209461280347756,no-sampling,no-sampling,production,1000,100.0,0.4,0.0,true,false,false,ok,4.111,1643.589,1643.589,1.9939668632420255,false,-1402813810
23c,213588743940783,production-floor,full,production,1000,100.0,0.4,0.0,true,true,false,ok,66.312,1153.938,1153.938,0.846826596333719,false,-71625942
2b,7078126366365,production-floor,full,production,1000,100.0,0.4,0.0,true,true,false,ok,59.888,136.357,136.357,1.0858696864000508,false,321836810
30c,217316775554379,no-sampling,no-sampling,production,1000,100.0,0.4,0.0,true,false,false,timeout,,,30000.0,25.650968131664712,true,
15c,209727568320082,no-sampling,no-sampling,production,1000,100.0,0.4,0.0,true,false,true,timeout,,,30000.0,31.395761362910932,true,
5a,7473263357473,production-floor,full,production,1000,100.0,0.4,0.0,true,true,true,ok,12.727,162.577,162.577,1.0205872659646258,false,414652499
23a,213580154006189,production-floor,full,production,1000,100.0,0.4,0.0,true,true,false,ok,183.242,728.121,728.121,1.5347263719343507,false,-71625942
27b,214117024918096,production-floor,full,production,1000,100.0,0.4,0.0,true,true,false,ok,235.189,17.431,17.431,2.105701860352742,false,1367252878
17d,209998151259667,production-floor,full,production,1000,100.0,0.4,0.0,true,true,false,ok,126.79,2752.635,2752.635,1.468672785080617,false,-2143655902
32a,217574473592079,production-floor,full,production,1000,100.0,0.4,0.0,true,true,false,ok,94.548,0.524,0.524,1.1696428571428572,false,1765267761
1d,6953572314814,no-sampling,no-sampling,production,1000,100.0,0.4,0.0,true,false,false,ok,2.825,0.98,0.98,1.8064516129032258,false,1234261665
6a,7606407343622,production-floor,full,production,1000,100.0,0.4,0.0,true,true,false,ok,122.691,4.49,4.49,1.044428936962084,false,-224470636
14c,209594424333901,no-sampling,no-sampling,production,1000,100.0,0.4,0.0,true,false,false,ok,8.518,2091.523,2091.523,4.121495584934587,false,-452716964
3b,7211270352482,production-floor,full,production,1000,100.0,0.4,0.0,true,true,false,ok,46.705,8.412,8.412,1.1196592572873687,false,129508754
18c,210127000279025,no-sampling,no-sampling,production,1000,100.0,0.4,0.0,true,false,false,ok,4.057,11786.707,11786.707,11.296062524258819,true,-961604879
8a,7872695316420,no-sampling,no-sampling,production,1000,100.0,0.4,0.0,true,false,false,ok,5.594,221.762,221.762,2.872918299531678,false,-487903307
8c,7881285251014,no-sampling,no-sampling,production,1000,100.0,0.4,0.0,true,false,false,timeout,,,30000.0,4.939777932283055,true,
21a,213313866033903,production-floor,full,production,1000,100.0,0.4,0.0,true,true,true,ok,43.519,33.56,33.56,0.9523269012485813,false,405046416
16a,209852122371633,production-floor,full,production,1000,100.0,0.4,0.0,true,true,false,ok,240.448,231.958,231.958,5.315383028942002,false,719404660
26a,213979585964656,no-sampling,no-sampling,production,1000,100.0,0.4,0.0,true,false,false,ok,49.057,1044.582,1044.582,3.090918236909384,false,-2024555218
11a,209186402440876,production-floor,full,production,1000,100.0,0.4,0.0,true,true,false,ok,68.088,16.597,16.597,1.0185645463193103,false,-1055439248
7c,7748141264865,no-sampling,no-sampling,production,1000,100.0,0.4,0.0,true,false,false,ok,8.025,15540.722,15540.722,8.696491710597112,false,1134307114
23b,213584448973484,production-floor,full,production,1000,100.0,0.4,0.0,true,true,false,ok,207.915,305.387,305.387,2.821022779758716,false,1055741165
13d,209465575315055,no-sampling,no-sampling,production,1000,100.0,0.4,0.0,true,false,false,ok,5.347,7462.667,7462.667,2.323957574593087,false,-1402813810
12c,209328136361615,production-floor,full,production,1000,100.0,0.4,0.0,true,true,false,ok,104.287,466.623,466.623,1.2184083921379192,false,-1953493739
29a,214379017923095,no-sampling,no-sampling,production,1000,100.0,0.4,0.0,true,false,false,ok,614.099,624.126,624.126,22.279870060329134,true,-980331532
7c,7748141264865,production-floor,full,production,1000,100.0,0.4,0.0,true,true,false,ok,132.06,1315.355,1315.355,0.7360645054967501,false,-1004347469
9c,8014429237159,no-sampling,no-sampling,production,1000,100.0,0.4,0.0,true,false,false,ok,69.57,837.319,837.319,1.0916378759631304,false,2086476890
4a,7340119371328,production-floor,full,production,1000,100.0,0.4,0.0,true,true,false,ok,35.925,798.42,798.42,1.0474770460155476,false,1427000343
3a,7206975385187,production-floor,full,production,1000,100.0,0.4,0.0,true,true,false,ok,47.447,169.583,169.583,0.9609490322964507,false,-1613518825
29b,214383312890390,no-sampling,no-sampling,production,1000,100.0,0.4,0.0,true,false,false,ok,565.789,497.63,497.63,141.4525298465037,true,-609415370
19a,210251554330580,production-floor,full,production,1000,100.0,0.4,0.0,true,true,false,ok,145.651,494.59,494.59,0.6973363637389037,false,-1013248213
26b,213983880931955,production-floor,full,production,1000,100.0,0.4,0.0,true,true,false,ok,256.564,385.083,385.083,2.1078032119281422,false,1839472673
17f,210006741194733,production-floor,full,production,1000,100.0,0.4,0.0,true,true,false,ok,81.287,1845.268,1845.268,0.9813702352952125,false,-806828271
14a,209585834399347,production-floor,full,production,1000,100.0,0.4,0.0,true,true,false,ok,99.151,649.234,649.234,1.3353393912717968,false,-1633330344
1c,6949277347519,production-floor,full,production,1000,100.0,0.4,0.0,true,true,false,ok,35.449,1.252,1.252,0.9679165056049479,false,686382736
11d,209199287342761,no-sampling,no-sampling,production,1000,100.0,0.4,0.0,true,false,false,ok,4.614,2107.204,2107.204,7.048282920857487,false,-1039926098
29b,214383312890390,production-floor,full,production,1000,100.0,0.4,0.0,true,true,false,ok,777.834,3.185,3.185,0.9053439454235361,false,-665152500
28b,214250168904241,production-floor,full,production,1000,100.0,0.4,0.0,true,true,false,ok,159.646,249.212,249.212,0.9670249505257849,false,-1614013504
5b,7477558324768,no-sampling,no-sampling,production,1000,100.0,0.4,0.0,true,false,false,ok,2.195,408.996,408.996,1.597640625,false,677486420
24a,213713297992370,production-floor,full,production,1000,100.0,0.4,0.0,true,true,false,ok,342.517,137.934,137.934,1.0512380821729885,false,916074739
22d,213459894921929,no-sampling,no-sampling,production,1000,100.0,0.4,0.0,true,false,false,ok,11.835,16843.633,16843.633,37.160715211537635,true,-1065531287
9c,8014429237159,production-floor,full,production,1000,100.0,0.4,0.0,true,true,false,ok,369.874,1057.31,1057.31,1.3784467361120165,false,-1283145132
17b,209989561325073,no-sampling,no-sampling,production,1000,100.0,0.4,0.0,true,false,false,ok,3.626,1990.702,1990.702,2.442369367048229,false,-2143655902
22a,213447010020044,production-floor,full,production,1000,100.0,0.4,0.0,true,true,false,ok,157.971,391.002,391.002,0.9039024807488251,false,-1072711187
4b,7344414338627,production-floor,full,production,1000,100.0,0.4,0.0,true,true,false,ok,19.036,63.552,63.552,2.7057796700372543,false,261415237
20a,213180722047246,no-sampling,no-sampling,production,1000,100.0,0.4,0.0,true,false,false,ok,5.418,1622.729,1622.729,1.5766613211869007,false,2087169786
12b,209323841394316,production-floor,full,production,1000,100.0,0.4,0.0,true,true,false,ok,70.459,1.64,1.64,0.8013681895919863,false,1435336516
23c,213588743940783,no-sampling,no-sampling,production,1000,100.0,0.4,0.0,true,false,false,timeout,,,30000.0,22.01573905184817,true,
25b,213850736945810,production-floor,full,production,1000,100.0,0.4,0.0,true,true,true,ok,48.919,2.224,2.224,1.5684062059238366,false,-1701088130
16d,209865007273522,production-floor,full,production,1000,100.0,0.4,0.0,true,true,false,ok,250.081,769.375,769.375,2.5263180361458444,false,719404660
17b,209989561325073,production-floor,full,production,1000,100.0,0.4,0.0,true,true,false,ok,168.783,846.456,846.456,1.0385071220876734,false,-138391054
2c,7082421333660,no-sampling,no-sampling,production,1000,100.0,0.4,0.0,true,false,false,ok,2.526,0.648,0.648,1.8620689655172415,false,-26625759
26a,213979585964656,production-floor,full,production,1000,100.0,0.4,0.0,true,true,false,ok,333.944,334.29,334.29,0.9891641416532526,false,-2144714912
11b,209190697408175,production-floor,full,production,1000,100.0,0.4,0.0,true,true,false,ok,31.193,29.045,29.045,12.767032967032968,true,898037380
11c,209194992375470,production-floor,full,production,1000,100.0,0.4,0.0,true,true,false,ok,55.403,418.231,418.231,1.0187177335575872,false,212006990
17e,210002446226962,production-floor,full,production,1000,100.0,0.4,0.0,true,true,false,ok,166.138,4061.086,4061.086,0.9948783590366713,false,-1125412742
13b,209456985380461,production-floor,full,production,1000,100.0,0.4,0.0,true,true,false,ok,113.773,543.994,543.994,1.0383506839065322,false,-2119720580
33b,217711912546031,no-sampling,no-sampling,production,1000,100.0,0.4,0.0,true,false,false,ok,67.93,115.506,115.506,22.467613304804512,true,491952308
15c,209727568320082,production-floor,full,production,1000,100.0,0.4,0.0,true,true,false,ok,213.731,1326.378,1326.378,1.3880882388338358,false,-1098297468
28a,214245873936950,production-floor,full,production,1000,100.0,0.4,0.0,true,true,false,ok,185.314,1102.071,1102.071,0.9614552808149684,false,-1614013504
27a,214112729950801,production-floor,full,production,1000,100.0,0.4,0.0,true,true,false,ok,165.258,23.933,23.933,1.0824758587937313,false,1608906155
28c,214254463871536,production-floor,full,production,1000,100.0,0.4,0.0,true,true,false,ok,155.585,201.838,201.838,0.44141089301081554,false,-127293549
30c,217316775554379,production-floor,full,production,1000,100.0,0.4,0.0,true,true,false,ok,453.013,1228.74,1228.74,1.0506123527367233,false,-1836733028
16a,209852122371633,no-sampling,no-sampling,production,1000,100.0,0.4,0.0,true,false,false,ok,3.228,186.776,186.776,4.280024748504778,false,1108344190
16b,209856417338928,no-sampling,no-sampling,production,1000,100.0,0.4,0.0,true,false,false,ok,2.315,6773.549,6773.549,1.6661527339490523,false,-222209972
19a,210251554330580,no-sampling,no-sampling,production,1000,100.0,0.4,0.0,true,false,false,ok,7.969,7369.062,7369.062,10.389847953348296,true,1270559632
27c,214121319885395,no-sampling,no-sampling,production,1000,100.0,0.4,0.0,true,false,false,ok,44.804,37.866,37.866,1.1526414318980869,false,-829331469
14b,209590129366642,no-sampling,no-sampling,production,1000,100.0,0.4,0.0,true,false,false,ok,5.002,38.166,38.166,1.0374578666956615,false,-1877309394
8d,7885580218305,production-floor,full,production,1000,100.0,0.4,0.0,true,true,false,ok,147.063,571.97,571.97,1.000098791163349,false,1504554646
14b,209590129366642,production-floor,full,production,1000,100.0,0.4,0.0,true,true,false,ok,27.643,34.14,34.14,0.9280200065238666,false,1313982226
21c,213322455968489,no-sampling,no-sampling,production,1000,100.0,0.4,0.0,true,false,false,ok,8.96,32.361,32.361,0.6105906659496787,false,1875661095
11a,209186402440876,no-sampling,no-sampling,production,1000,100.0,0.4,0.0,true,false,false,ok,3.474,49.959,49.959,3.066003866335267,false,1643046009
1c,6949277347519,no-sampling,no-sampling,production,1000,100.0,0.4,0.0,true,false,false,ok,1.784,6.999,6.999,5.410900657131813,false,958676468
30a,217308185619785,production-floor,full,production,1000,100.0,0.4,0.0,true,true,false,ok,223.905,850.182,850.182,0.9161330436099121,false,204795277
6d,7619292245507,no-sampling,no-sampling,production,1000,100.0,0.4,0.0,true,false,false,ok,1.829,1075.226,1075.226,0.9240710740605464,false,-1261445935
18a,210118410344439,no-sampling,no-sampling,production,1000,100.0,0.4,0.0,true,false,false,ok,5.618,5094.601,5094.601,3.5219463129005275,false,812001518
31a,217441329605934,production-floor,full,production,1000,100.0,0.4,0.0,true,true,false,ok,219.551,191.8,191.8,0.9956214458312894,false,-1860427610
29c,214387607857681,no-sampling,no-sampling,production,1000,100.0,0.4,0.0,true,false,false,ok,738.388,145.734,145.734,1.4202432464039296,false,1519204498
15d,209731863287341,no-sampling,no-sampling,production,1000,100.0,0.4,0.0,true,false,false,ok,3.95,10301.754,10301.754,18.34777722466768,true,-241594924
17c,209993856292368,production-floor,full,production,1000,100.0,0.4,0.0,true,true,false,ok,30.564,54.647,54.647,0.9921927483341504,false,-99220691
7a,7739551330279,production-floor,full,production,1000,100.0,0.4,0.0,true,true,false,ok,100.731,12.429,12.429,1.1263253285002266,false,-2009290410
3c,7215565319805,no-sampling,no-sampling,production,1000,100.0,0.4,0.0,true,false,false,ok,1.78,1219.99,1219.99,0.8987660651146618,false,-1572305105
14c,209594424333901,production-floor,full,production,1000,100.0,0.4,0.0,true,true,false,ok,29.013,450.666,450.666,0.8880695690557219,false,1171118565
11c,209194992375470,no-sampling,no-sampling,production,1000,100.0,0.4,0.0,true,false,false,ok,3.188,2045.861,2045.861,4.983262553693674,false,-1039926098
9d,8018724204454,no-sampling,no-sampling,production,1000,100.0,0.4,0.0,true,false,false,ok,3.003,5023.325,5023.325,3.121280592924167,false,2086476890
10a,209053258454735,no-sampling,no-sampling,production,1000,100.0,0.4,0.0,true,false,false,ok,2.586,311.103,311.103,0.8484966671394127,false,-1532910689
29a,214379017923095,production-floor,full,production,1000,100.0,0.4,0.0,true,true,false,ok,689.051,24.051,24.051,0.8585656659408132,false,-858518681
12a,209319546427021,production-floor,full,production,1000,100.0,0.4,0.0,true,true,false,ok,27.66,151.421,151.421,0.9151848852248963,false,1128872642
2a,7073831399042,production-floor,full,production,1000,100.0,0.4,0.0,true,true,false,ok,56.518,124.15,124.15,0.9762637760137142,false,321836810
21b,213318161001198,no-sampling,no-sampling,production,1000,100.0,0.4,0.0,true,false,false,ok,7.366,12.982,12.982,0.7899717041409314,false,1875661095
10b,209057553422030,production-floor,full,production,1000,100.0,0.4,0.0,true,true,false,ok,216.326,79.421,79.421,0.8942044079151069,false,1718403736
28a,214245873936950,no-sampling,no-sampling,production,1000,100.0,0.4,0.0,true,false,false,ok,61.685,798.189,798.189,0.6963462691046393,false,1222793645
6a,7606407343622,no-sampling,no-sampling,production,1000,100.0,0.4,0.0,true,false,false,ok,3.649,4.094,4.094,0.9523144917422657,false,-1397154297
5c,7481853292067,production-floor,full,production,1000,100.0,0.4,0.0,true,true,false,ok,19.47,599.139,599.139,0.9955286376551519,false,-761671341
5b,7477558324768,production-floor,full,production,1000,100.0,0.4,0.0,true,true,false,ok,13.585,299.992,299.992,1.17184375,false,1589551454
2d,7086716300959,production-floor,full,production,1000,100.0,0.4,0.0,true,true,false,ok,50.441,132.082,132.082,0.9427963682046596,false,321836810
27b,214117024918096,no-sampling,no-sampling,production,1000,100.0,0.4,0.0,true,false,false,ok,33.484,12.163,12.163,1.4693162599661753,false,1021059939
18b,210122705311734,no-sampling,no-sampling,production,1000,100.0,0.4,0.0,true,false,false,ok,3.215,1131.632,1131.632,1.1643646181453007,false,1807679118
26c,213988175899250,no-sampling,no-sampling,production,1000,100.0,0.4,0.0,true,false,false,ok,13.154,344.485,344.485,1.1728087183144866,false,2002976144
15b,209723273352787,no-sampling,no-sampling,production,1000,100.0,0.4,0.0,true,false,false,ok,5.135,7.278,7.278,0.5702421060879104,false,527170132
31a,217441329605934,no-sampling,no-sampling,production,1000,100.0,0.4,0.0,true,false,false,ok,20.29,21077.06,21077.06,109.40966085022333,true,-1795126799
10c,209061848389321,production-floor,full,production,1000,100.0,0.4,0.0,true,true,false,ok,316.829,3708.723,3708.723,1.0611969215265094,false,1698543765
22a,213447010020044,no-sampling,no-sampling,production,1000,100.0,0.4,0.0,true,false,false,ok,11.564,1834.024,1834.024,4.239821902069255,false,-1719071238
9d,8018724204454,production-floor,full,production,1000,100.0,0.4,0.0,true,true,false,ok,263.682,2605.978,2605.978,1.619243938424716,false,260928115
13a,209452690413202,no-sampling,no-sampling,production,1000,100.0,0.4,0.0,true,false,false,ok,3.91,942.664,942.664,0.901306643362661,false,-1379658100
6e,7623587212802,production-floor,full,production,1000,100.0,0.4,0.0,true,true,false,ok,138.329,55.234,55.234,12.334524341223762,true,-224470636
18b,210122705311734,production-floor,full,production,1000,100.0,0.4,0.0,true,true,false,ok,113.636,1359.351,1359.351,1.3986704229293911,false,-2103027714
6f,7627882180125,production-floor,full,production,1000,100.0,0.4,0.0,true,true,false,ok,127.605,4524.002,4524.002,2.748469858126406,false,1250717231
15d,209731863287341,production-floor,full,production,1000,100.0,0.4,0.0,true,true,false,ok,124.972,565.767,565.767,1.0076504328358606,false,-704972777
6d,7619292245507,production-floor,full,production,1000,100.0,0.4,0.0,true,true,false,ok,89.164,1254.134,1254.134,1.0778282448488496,false,1250717231
25b,213850736945810,no-sampling,no-sampling,production,1000,100.0,0.4,0.0,true,false,false,ok,7.505,6.091,6.091,4.295486600846263,false,106978077
20c,213189311981832,no-sampling,no-sampling,production,1000,100.0,0.4,0.0,true,false,false,ok,6.851,1374.389,1374.389,3.798905705176133,false,-249267488
29c,214387607857681,production-floor,full,production,1000,100.0,0.4,0.0,true,true,false,ok,1000.555,94.934,94.934,0.9251744435348692,false,-839131028
1b,6944982380220,no-sampling,no-sampling,production,1000,100.0,0.4,0.0,true,false,false,ok,1.542,0.451,0.451,0.8118811881188119,false,1234261665
26c,213988175899250,production-floor,full,production,1000,100.0,0.4,0.0,true,true,false,ok,170.665,277.241,277.241,0.9438746589088829,false,279814670
11b,209190697408175,no-sampling,no-sampling,production,1000,100.0,0.4,0.0,true,false,false,ok,2.895,2.107,2.107,0.9261538461538463,false,762399165
8b,7876990283719,no-sampling,no-sampling,production,1000,100.0,0.4,0.0,true,false,false,ok,2.645,125.762,125.762,0.5905428249436514,false,1175150577
13b,209456985380461,no-sampling,no-sampling,production,1000,100.0,0.4,0.0,true,false,false,ok,3.319,1514.017,1514.017,2.889885894690228,false,-1402813810
19d,210264439232465,no-sampling,no-sampling,production,1000,100.0,0.4,0.0,true,false,false,ok,5.342,15551.13,15551.13,5.113022464429266,false,-1228936107
21b,213318161001198,production-floor,full,production,1000,100.0,0.4,0.0,true,true,false,ok,66.691,15.678,15.678,0.9540268354276324,false,405046416
6c,7614997278208,no-sampling,no-sampling,production,1000,100.0,0.4,0.0,true,false,false,ok,1.516,0.439,0.439,0.656203288490284,false,-1397154297
16c,209860712306227,production-floor,full,production,1000,100.0,0.4,0.0,true,true,false,ok,164.322,533.152,533.152,1.1670393342110996,false,719404660
25c,213855031913069,production-floor,full,production,1000,100.0,0.4,0.0,true,true,false,ok,233.81,1074.562,1074.562,1.0445840059064924,false,-472157051
7a,7739551330279,no-sampling,no-sampling,production,1000,100.0,0.4,0.0,true,false,false,ok,7.023,12.822,12.822,1.1619392840960578,false,-1169423559
20b,213185017014537,no-sampling,no-sampling,production,1000,100.0,0.4,0.0,true,false,false,ok,6.573,1220.004,1220.004,3.8010854867554413,false,203442306
19d,210264439232465,production-floor,full,production,1000,100.0,0.4,0.0,true,true,false,ok,115.054,2831.858,2831.858,0.931080479043885,false,-1675841368
22c,213455599954638,production-floor,full,production,1000,100.0,0.4,0.0,true,true,false,ok,74.488,423.553,423.553,0.968730058894162,false,-1072711187
27a,214112729950801,no-sampling,no-sampling,production,1000,100.0,0.4,0.0,true,false,false,ok,37.036,34.782,34.782,1.5731699043397636,false,-1578205233
8b,7876990283719,production-floor,full,production,1000,100.0,0.4,0.0,true,true,false,ok,92.396,237.443,237.443,1.1149652516904582,false,-1718178947
28c,214254463871536,no-sampling,no-sampling,production,1000,100.0,0.4,0.0,true,false,false,ok,60.111,1238.742,1238.742,2.7090746659697564,false,1914702639
33b,217711912546031,production-floor,full,production,1000,100.0,0.4,0.0,true,true,false,ok,237.254,4.816,4.816,0.9367827270958957,false,-1215026023
30a,217308185619785,no-sampling,no-sampling,production,1000,100.0,0.4,0.0,true,false,false,ok,42.959,9519.829,9519.829,10.258309298968815,true,-1836210057
26b,213983880931955,no-sampling,no-sampling,production,1000,100.0,0.4,0.0,true,false,false,ok,12.893,38.804,38.804,0.21239887462095086,false,-1048805790
4b,7344414338627,no-sampling,no-sampling,production,1000,100.0,0.4,0.0,true,false,false,ok,1.621,32.323,32.323,1.3761788185204897,false,611794456
17d,209998151259667,no-sampling,no-sampling,production,1000,100.0,0.4,0.0,true,false,false,ok,1.298,1935.806,1935.806,1.0328523721436982,false,-2143655902
13d,209465575315055,production-floor,full,production,1000,100.0,0.4,0.0,true,true,false,ok,85.653,3197.261,3197.261,0.9956626657602525,false,-2119720580
6e,7623587212802,no-sampling,no-sampling,production,1000,100.0,0.4,0.0,true,false,false,ok,1.533,4.159,4.159,0.9287628405538186,false,-1397154297
3c,7215565319805,production-floor,full,production,1000,100.0,0.4,0.0,true,true,false,ok,33.394,1215.65,1215.65,0.8955687891348607,false,-1572305105
10c,209061848389321,no-sampling,no-sampling,production,1000,100.0,0.4,0.0,true,false,false,timeout,,,30000.0,8.584061857894289,true,
12c,209328136361615,no-sampling,no-sampling,production,1000,100.0,0.4,0.0,true,false,true,ok,13.378,2957.536,2957.536,7.7224797801437415,false,-515552557
17f,210006741194733,no-sampling,no-sampling,production,1000,100.0,0.4,0.0,true,false,false,ok,4.827,5053.245,5053.245,2.687470998605274,false,1840011406
12b,209323841394319,no-sampling,no-sampling,production,1000,100.0,0.4,0.0,true,false,false,ok,9.556,2.75,2.75,1.3437576349865625,false,1748720315
23b,213584448973487,no-sampling,no-sampling,production,1000,100.0,0.4,0.0,true,false,false,ok,23.205,79.879,79.879,0.7378849742272804,false,-976682035
1a,6940687412926,no-sampling,no-sampling,production,1000,100.0,0.4,0.0,true,false,false,ok,4.855,11.472,11.472,1.2683951572779038,false,958676468
17a,209985266357781,production-floor,full,production,1000,100.0,0.4,0.0,true,true,false,ok,124.427,1757.472,1757.472,0.9233334681798194,false,-1125412742
12c,209328136361612,production-floor,full,production,1000,100.0,0.4,0.0,true,true,false,ok,47.105,348.739,348.739,0.9105991866362906,false,-1953493739
8d,7885580218306,production-floor,full,production,1000,100.0,0.4,0.0,true,true,false,ok,108.299,633.075,633.075,1.106941871454337,false,1504554646
29b,214383312890389,no-sampling,no-sampling,production,1000,100.0,0.4,0.0,true,false,false,ok,703.943,467.808,467.808,132.97555429221148,true,-609415370
16b,209856417338931,production-floor,full,production,1000,100.0,0.4,0.0,true,true,false,ok,120.265,3839.98,3839.98,0.9445555314222547,false,-32917605
10b,209057553422029,no-sampling,no-sampling,production,1000,100.0,0.4,0.0,true,false,false,ok,3.1,79.846,79.846,0.8989895009429449,false,-1532910689
7c,7748141264866,no-sampling,no-sampling,production,1000,100.0,0.4,0.0,true,false,false,ok,7.789,15318.585,15318.585,8.572185222190916,false,1134307114
21b,213318161001197,production-floor,full,production,1000,100.0,0.4,0.0,true,true,false,ok,57.083,14.84,14.84,0.9030334377947484,false,405046416
5c,7481853292064,no-sampling,no-sampling,production,1000,100.0,0.4,0.0,true,false,false,ok,2.554,662.212,662.212,1.1003306581592809,false,1437004065
12c,209328136361612,no-sampling,no-sampling,production,1000,100.0,0.4,0.0,true,false,false,ok,3.886,3213.669,3213.669,8.39127363879079,false,-515552557
31c,217449919540523,production-floor,full,production,1000,100.0,0.4,0.0,true,true,false,ok,213.645,314.938,314.938,1.2518204655303993,false,415261907
27c,214121319885392,production-floor,full,production,1000,100.0,0.4,0.0,true,true,false,ok,146.339,29.992,29.992,0.9129567904053087,false,-622492985
2a,7073831399041,production-floor,full,production,1000,100.0,0.4,0.0,true,true,false,ok,54.747,121.513,121.513,0.9555275087777241,false,321836810
23b,213584448973487,production-floor,full,production,1000,100.0,0.4,0.0,true,true,false,ok,93.055,49.748,49.748,0.4595488388419828,false,-617936631
20c,213189311981835,no-sampling,no-sampling,production,1000,100.0,0.4,0.0,true,false,false,ok,7.156,1100.594,1100.594,3.04211749779911,false,-249267488
19b,210255849297876,production-floor,full,production,1000,100.0,0.4,0.0,true,true,false,ok,79.75,155.498,155.498,0.926029811992687,false,825922194
3b,7211270352481,production-floor,full,production,1000,100.0,0.4,0.0,true,true,false,ok,15.751,6.876,6.876,0.9152136297085053,false,129508754
17c,209993856292371,production-floor,full,production,1000,100.0,0.4,0.0,true,true,false,ok,73.081,52.701,52.701,0.9568603954463751,false,-99220691
2a,7073831399041,no-sampling,no-sampling,production,1000,100.0,0.4,0.0,true,false,false,ok,1.251,116.763,116.763,0.9181754915722055,false,-813469563
33a,217707617578735,no-sampling,no-sampling,production,1000,100.0,0.4,0.0,true,false,false,ok,52.942,8.546,8.546,1.60352753541608,false,1266302631
18a,210118410344436,production-floor,full,production,1000,100.0,0.4,0.0,true,true,false,ok,80.778,1450.19,1450.19,1.0025301929444947,false,-574815707
18b,210122705311733,production-floor,full,production,1000,100.0,0.4,0.0,true,true,false,ok,49.503,803.495,803.495,0.8267362082873747,false,-2103027714
25c,213855031913070,production-floor,full,production,1000,100.0,0.4,0.0,true,true,false,ok,147.723,965.833,965.833,0.9388883137284637,false,-472157051
8a,7872695316423,production-floor,full,production,1000,100.0,0.4,0.0,true,true,false,ok,84.097,100.819,100.819,1.3061063213737443,false,-1424306548
25a,213846441978512,no-sampling,no-sampling,production,1000,100.0,0.4,0.0,true,false,false,ok,5.81,1947.706,1947.706,2.1503923015817374,false,-1295408368
3c,7215565319806,no-sampling,no-sampling,production,1000,100.0,0.4,0.0,true,false,false,ok,2.015,1281.694,1281.694,0.9442233731924617,false,-1572305105
24b,213717592959630,no-sampling,no-sampling,production,1000,100.0,0.4,0.0,true,false,false,ok,69.175,961.553,961.553,347.82166757098935,true,-70091638
24a,213713297992369,production-floor,full,production,1000,100.0,0.4,0.0,true,true,false,ok,230.889,123.89,123.89,0.9442043731089618,false,369835801
6d,7619292245504,production-floor,full,production,1000,100.0,0.4,0.0,true,true,false,ok,31.301,1226.706,1226.706,1.0542560642846401,false,1250717231
16c,209860712306224,no-sampling,no-sampling,production,1000,100.0,0.4,0.0,true,false,false,ok,2.294,482.466,482.466,1.0560905697052478,false,2025501659
13d,209465575315052,no-sampling,no-sampling,production,1000,100.0,0.4,0.0,true,false,false,ok,3.514,3929.031,3929.031,1.223543989469321,false,-1402813810
16a,209852122371634,production-floor,full,production,1000,100.0,0.4,0.0,true,true,false,ok,133.739,40.5,40.5,0.9280689291688629,false,719404660
3b,7211270352481,no-sampling,no-sampling,production,1000,100.0,0.4,0.0,true,false,false,ok,1.648,6.458,6.458,0.8595767336616532,false,129508754
10a,209053258454732,production-floor,full,production,1000,100.0,0.4,0.0,true,true,false,ok,141.454,287.009,287.009,0.7827831295069984,false,1718403736
15b,209723273352784,no-sampling,no-sampling,production,1000,100.0,0.4,0.0,true,false,false,ok,4.119,7.961,7.961,0.623756170179425,false,527170132
6a,7606407343621,no-sampling,no-sampling,production,1000,100.0,0.4,0.0,true,false,false,ok,1.49,3.891,3.891,0.9050942079553383,false,-1397154297
17d,209998151259664,production-floor,full,production,1000,100.0,0.4,0.0,true,true,false,ok,63.636,1633.595,1633.595,0.8716072121235726,false,-2143655902
14c,209594424333902,no-sampling,no-sampling,production,1000,100.0,0.4,0.0,true,false,false,ok,5.089,1098.056,1098.056,2.163797843012452,false,-452716964
6d,7619292245504,no-sampling,no-sampling,production,1000,100.0,0.4,0.0,true,false,false,ok,2.272,1146.362,1146.362,0.9852067980147393,false,-1261445935
6e,7623587212801,production-floor,full,production,1000,100.0,0.4,0.0,true,true,false,ok,33.573,3.847,3.847,0.8590888789638231,false,-224470636
13c,209461280347759,production-floor,full,production,1000,100.0,0.4,0.0,true,true,false,ok,46.37,680.317,680.317,0.8253459681831803,false,1004522218
11d,209199287342762,production-floor,full,production,1000,100.0,0.4,0.0,true,true,false,ok,33.079,203.229,203.229,0.6797706770312444,false,588364050
8b,7876990283716,no-sampling,no-sampling,production,1000,100.0,0.4,0.0,true,false,false,ok,4.403,119.902,119.902,0.563025920360631,false,1175150577
16a,209852122371634,no-sampling,no-sampling,production,1000,100.0,0.4,0.0,true,false,false,ok,2.425,81.358,81.358,1.8643415293659344,false,1108344190
9b,8010134269863,production-floor,full,production,1000,100.0,0.4,0.0,true,true,false,ok,230.174,497.193,497.193,0.9406993475367312,false,983461370
14a,209585834399344,no-sampling,no-sampling,production,1000,100.0,0.4,0.0,true,false,false,ok,5.525,218.492,218.492,0.4493926292796702,false,555945203
16b,209856417338931,no-sampling,no-sampling,production,1000,100.0,0.4,0.0,true,false,false,ok,4.839,6830.235,6830.235,1.6800963156484887,false,-222209972
31c,217449919540523,no-sampling,no-sampling,production,1000,100.0,0.4,0.0,true,false,false,ok,25.808,23864.914,23864.914,94.85863170948868,true,-1849236590
23c,213588743940780,production-floor,full,production,1000,100.0,0.4,0.0,true,true,false,ok,85.534,1017.767,1017.767,0.7468964229194118,false,-71625942
12a,209319546427022,production-floor,full,production,1000,100.0,0.4,0.0,true,true,false,ok,32.836,164.067,164.067,0.9916170053307868,false,1128872642
32a,217574473592076,production-floor,full,production,1000,100.0,0.4,0.0,true,true,false,ok,70.455,0.262,0.262,0.5848214285714286,false,1765267761
26a,213979585964659,no-sampling,no-sampling,production,1000,100.0,0.4,0.0,true,false,false,ok,21.425,342.237,342.237,1.012679315405738,false,-2024555218
11c,209194992375469,production-floor,full,production,1000,100.0,0.4,0.0,true,true,false,ok,27.766,345.425,345.425,0.8413785040184242,false,212006990
17c,209993856292371,no-sampling,no-sampling,production,1000,100.0,0.4,0.0,true,false,false,ok,1.337,52.727,52.727,0.9573324618261706,false,-99220691
27b,214117024918099,no-sampling,no-sampling,production,1000,100.0,0.4,0.0,true,false,false,ok,34.688,12.705,12.705,1.5347910123218167,false,1021059939
4a,7340119371331,no-sampling,no-sampling,production,1000,100.0,0.4,0.0,true,false,false,ok,2.237,818.029,818.029,1.0732028261755122,false,-1202259619
9c,8014429237156,production-floor,full,production,1000,100.0,0.4,0.0,true,true,false,ok,227.832,939.717,939.717,1.225137217579495,false,-1283145132
30b,217312480587083,no-sampling,no-sampling,production,1000,100.0,0.4,0.0,true,false,false,timeout,,,30000.0,786.5242183915581,true,
25c,213855031913070,no-sampling,no-sampling,production,1000,100.0,0.4,0.0,true,false,true,ok,16.981,9381.49,9381.49,9.119766384416813,false,-1785408503
9d,8018724204453,no-sampling,no-sampling,production,1000,100.0,0.4,0.0,true,false,false,ok,6.694,4990.266,4990.266,3.1007391357973675,false,2086476890
11b,209190697408172,no-sampling,no-sampling,production,1000,100.0,0.4,0.0,true,false,false,ok,9.252,6.01,6.01,2.6417582417582417,false,762399165
9b,8010134269863,no-sampling,no-sampling,production,1000,100.0,0.4,0.0,true,false,false,ok,8.338,2347.449,2347.449,4.4414216263619,false,-1366607982
29a,214379017923092,production-floor,full,production,1000,100.0,0.4,0.0,true,true,false,ok,994.636,28.053,28.053,1.001427908471067,false,-858518681
15d,209731863287342,production-floor,full,production,1000,100.0,0.4,0.0,true,true,false,ok,178.708,564.488,564.488,1.0053724899660978,false,-704972777
4a,7340119371331,production-floor,full,production,1000,100.0,0.4,0.0,true,true,false,ok,13.65,771.989,771.989,1.0128012290229411,false,1427000343
19b,210255849297876,no-sampling,no-sampling,production,1000,100.0,0.4,0.0,true,false,false,ok,7.138,152.506,152.506,0.9082116973064395,false,-167141638
21b,213318161001197,no-sampling,no-sampling,production,1000,100.0,0.4,0.0,true,false,false,ok,8.609,13.672,13.672,0.8319591079197979,false,1875661095
19c,210260144265173,production-floor,full,production,1000,100.0,0.4,0.0,true,true,false,ok,99.094,707.285,707.285,0.8655780116738636,false,204487702
17f,210006741194734,production-floor,full,production,1000,100.0,0.4,0.0,true,true,false,ok,87.175,1810.683,1810.683,0.9629768693517914,false,-806828271
2d,7086716300956,no-sampling,no-sampling,production,1000,100.0,0.4,0.0,true,false,false,ok,1.495,131.772,131.772,0.940583599817268,false,-813469563
8d,7885580218306,no-sampling,no-sampling,production,1000,100.0,0.4,0.0,true,false,false,timeout,,,30000.0,52.45548496407236,true,
4c,7348709305921,production-floor,full,production,1000,100.0,0.4,0.0,true,true,true,ok,12.129,3152.097,3152.097,0.9351727464869798,false,464932698
17f,210006741194734,no-sampling,no-sampling,production,1000,100.0,0.4,0.0,true,false,false,ok,5.015,5686.857,5686.857,3.0244453337836164,false,1840011406
10b,209057553422029,production-floor,full,production,1000,100.0,0.4,0.0,true,true,false,ok,324.128,97.667,97.667,1.0996368958820053,false,1718403736
30c,217316775554376,production-floor,full,production,1000,100.0,0.4,0.0,true,true,false,ok,512.843,1155.947,1155.947,0.9883719886297808,false,-1836733028
27b,214117024918099,production-floor,full,production,1000,100.0,0.4,0.0,true,true,false,ok,242.888,12.41,12.41,1.499154385117178,false,1367252878
17e,210002446226961,no-sampling,no-sampling,production,1000,100.0,0.4,0.0,true,false,false,ok,25.448,5790.958,5790.958,1.4186596374197158,false,-2049997972
16c,209860712306224,production-floor,full,production,1000,100.0,0.4,0.0,true,true,false,ok,166.696,547.451,547.451,1.1983390300574708,false,719404660
14b,209590129366641,no-sampling,no-sampling,production,1000,100.0,0.4,0.0,true,false,false,ok,10.375,44.848,44.848,1.2190931825595304,false,-1877309394
11b,209190697408172,production-floor,full,production,1000,100.0,0.4,0.0,true,true,false,ok,118.896,2.768,2.768,1.2167032967032967,false,898037380
2b,7078126366366,no-sampling,no-sampling,production,1000,100.0,0.4,0.0,true,false,false,ok,1.662,1140.08,1140.08,9.078949464061031,false,-1566201251
16d,209865007273521,production-floor,full,production,1000,100.0,0.4,0.0,true,true,false,ok,131.999,272.859,272.859,0.8959592045812756,false,719404660
25b,213850736945809,production-floor,full,production,1000,100.0,0.4,0.0,true,true,false,ok,128.779,2.036,2.036,1.4358251057827927,false,-1701088130
31a,217441329605933,production-floor,full,production,1000,100.0,0.4,0.0,true,true,false,ok,239.362,199.734,199.734,1.036806328788669,false,-1860427610
5b,7477558324771,no-sampling,no-sampling,production,1000,100.0,0.4,0.0,true,false,false,ok,2.735,355.159,355.159,1.38733984375,false,677486420
17e,210002446226961,production-floor,full,production,1000,100.0,0.4,0.0,true,true,false,ok,86.794,3978.647,3978.647,0.9746825845466398,false,-1125412742
22c,213455599954637,no-sampling,no-sampling,production,1000,100.0,0.4,0.0,true,false,false,ok,15.98,8694.049,8694.049,19.88461089827892,true,-1719071238
20b,213185017014538,production-floor,full,production,1000,100.0,0.4,0.0,true,true,false,ok,184.353,312.704,312.704,0.9742710975131013,false,-56865338
6c,7614997278211,no-sampling,no-sampling,production,1000,100.0,0.4,0.0,true,false,false,ok,2.199,0.524,0.524,0.7832585949177877,false,-1397154297
32b,217578768559373,no-sampling,no-sampling,production,1000,100.0,0.4,0.0,true,false,false,ok,2.437,204.823,204.823,3.9181826877092303,false,-119481243
22b,213451304987340,production-floor,full,production,1000,100.0,0.4,0.0,true,true,false,ok,140.655,634.027,634.027,1.4891809970746122,false,-1072711187
10a,209053258454732,no-sampling,no-sampling,production,1000,100.0,0.4,0.0,true,false,false,ok,2.538,308.611,308.611,0.841700031637629,false,-1532910689
5c,7481853292064,production-floor,full,production,1000,100.0,0.4,0.0,true,true,false,ok,57.078,556.099,556.099,0.9240134257182263,false,-761671341
21c,213322455968490,production-floor,full,production,1000,100.0,0.4,0.0,true,true,false,ok,112.032,66.768,66.768,1.2597854696742423,false,405046416
13b,209456985380462,no-sampling,no-sampling,production,1000,100.0,0.4,0.0,true,false,false,ok,4.338,1476.518,1476.518,2.81830953117186,false,-1402813810
28b,214250168904242,no-sampling,no-sampling,production,1000,100.0,0.4,0.0,true,false,false,ok,59.831,292.377,292.377,1.134519421054674,false,1222793645
32a,217574473592076,no-sampling,no-sampling,production,1000,100.0,0.4,0.0,true,false,false,ok,2.412,0.439,0.439,0.9799107142857143,false,957982218
2c,7082421333663,no-sampling,no-sampling,production,1000,100.0,0.4,0.0,true,false,false,ok,1.051,0.229,0.229,0.6580459770114944,false,-26625759
20c,213189311981835,production-floor,full,production,1000,100.0,0.4,0.0,true,true,false,ok,167.766,1092.698,1092.698,3.020292410834597,false,216174188
26c,213988175899249,production-floor,full,production,1000,100.0,0.4,0.0,true,true,false,ok,172.155,275.351,275.351,0.937440101591106,false,279814670
18c,210127000279026,no-sampling,no-sampling,production,1000,100.0,0.4,0.0,true,false,false,ok,3.36,10862.688,10862.688,10.410507602294345,true,-961604879
13a,209452690413201,no-sampling,no-sampling,production,1000,100.0,0.4,0.0,true,false,false,ok,5.359,1186.084,1186.084,1.1340471141214243,false,-1379658100
1d,6953572314813,no-sampling,no-sampling,production,1000,100.0,0.4,0.0,true,false,false,ok,2.145,0.559,0.559,1.030414746543779,false,1234261665
1b,6944982380223,no-sampling,no-sampling,production,1000,100.0,0.4,0.0,true,false,false,ok,1.468,0.401,0.401,0.7218721872187219,false,1234261665
1a,6940687412926,production-floor,full,production,1000,100.0,0.4,0.0,true,true,false,ok,26.867,8.285,8.285,0.9160263143346786,false,686382736
12a,209319546427022,no-sampling,no-sampling,production,1000,100.0,0.4,0.0,true,false,false,ok,3.758,2771.01,2771.01,16.74791785027863,true,-515552557
6b,7610702310914,no-sampling,no-sampling,production,1000,100.0,0.4,0.0,true,false,false,ok,1.958,4.13,4.13,0.8370490474260236,false,1956036293
30c,217316775554376,no-sampling,no-sampling,production,1000,100.0,0.4,0.0,true,false,false,timeout,,,30000.0,25.650968131664712,true,
5b,7477558324771,production-floor,full,production,1000,100.0,0.4,0.0,true,true,true,ok,10.798,255.911,255.911,0.99965234375,false,1969057250
19a,210251554330583,production-floor,full,production,1000,100.0,0.4,0.0,true,true,false,ok,526.405,682.888,682.888,0.9628230145391791,false,1396323381
31a,217441329605933,no-sampling,no-sampling,production,1000,100.0,0.4,0.0,true,false,false,ok,61.504,20636.389,20636.389,107.12216607360226,true,-1795126799
3a,7206975385184,no-sampling,no-sampling,production,1000,100.0,0.4,0.0,true,false,false,ok,6.36,178.018,178.018,1.0087463061235475,false,-1613518825
13b,209456985380462,production-floor,full,production,1000,100.0,0.4,0.0,true,true,false,ok,92.857,344.122,344.122,0.6568442189569805,false,-2119720580
22c,213455599954637,production-floor,full,production,1000,100.0,0.4,0.0,true,true,false,ok,95.929,452.919,452.919,1.0358945622963005,false,-1072711187
14b,209590129366641,production-floor,full,production,1000,100.0,0.4,0.0,true,true,false,ok,45.894,36.988,36.988,1.0054365553984996,false,1313982226
9a,8005839302566,no-sampling,no-sampling,production,1000,100.0,0.4,0.0,true,false,false,ok,6.452,736.406,736.406,1.3487190570032452,false,-1811363958
11a,209186402440879,no-sampling,no-sampling,production,1000,100.0,0.4,0.0,true,false,false,ok,6.62,52.658,52.658,3.2316425787842524,false,1643046009
33b,217711912546028,no-sampling,no-sampling,production,1000,100.0,0.4,0.0,true,false,false,ok,88.048,78.237,78.237,15.218245477533554,true,491952308
13c,209461280347759,no-sampling,no-sampling,production,1000,100.0,0.4,0.0,true,false,false,ok,6.393,1461.878,1461.878,1.773518981997644,false,-1402813810
21a,213313866033900,no-sampling,no-sampling,production,1000,100.0,0.4,0.0,true,false,false,ok,11.439,25.24,25.24,0.7162315550510784,false,1875661095
24a,213713297992369,no-sampling,no-sampling,production,1000,100.0,0.4,0.0,true,false,false,ok,36.81,744.875,744.875,5.676924952938396,false,-352090006
30b,217312480587083,production-floor,full,production,1000,100.0,0.4,0.0,true,true,false,ok,203.89,41.97,41.97,1.1003473815297897,false,352978464
18b,210122705311733,no-sampling,no-sampling,production,1000,100.0,0.4,0.0,true,false,false,ok,4.978,1375.425,1375.425,1.4152093656882274,false,1807679118
20b,213185017014538,no-sampling,no-sampling,production,1000,100.0,0.4,0.0,true,false,false,ok,7.986,1065.514,1065.514,3.319751247811267,false,203442306
29c,214387607857682,production-floor,full,production,1000,100.0,0.4,0.0,true,true,false,ok,1320.815,106.02,106.02,1.0332124897672788,false,-839131028
15b,209723273352784,production-floor,full,production,1000,100.0,0.4,0.0,true,true,false,ok,160.133,17.384,17.384,1.3620622110789,false,-1293176700
20a,213180722047245,no-sampling,no-sampling,production,1000,100.0,0.4,0.0,true,false,false,ok,5.487,1063.455,1063.455,1.0332645594691505,false,2087169786
30a,217308185619786,production-floor,full,production,1000,100.0,0.4,0.0,true,true,false,ok,212.675,863.085,863.085,0.9300369661367343,false,204795277
19a,210251554330583,no-sampling,no-sampling,production,1000,100.0,0.4,0.0,true,false,false,ok,5.899,5766.457,5766.457,8.13029005041903,false,1270559632
2b,7078126366366,production-floor,full,production,1000,100.0,0.4,0.0,true,true,false,ok,60.614,119.822,119.822,0.9541943395925907,false,321836810
22b,213451304987340,no-sampling,no-sampling,production,1000,100.0,0.4,0.0,true,false,false,ok,45.909,127.622,127.622,0.2997542016485988,false,-1719071238
11d,209199287342762,no-sampling,no-sampling,production,1000,100.0,0.4,0.0,true,false,false,ok,4.939,2049.268,2049.268,6.854495646676724,false,-1039926098
22d,213459894921930,production-floor,full,production,1000,100.0,0.4,0.0,true,true,false,ok,62.169,419.914,419.914,0.9264215485660139,false,-697127982
24b,213717592959630,production-floor,full,production,1000,100.0,0.4,0.0,true,true,false,ok,221.292,2.686,2.686,0.9716042684029662,false,644596804
10c,209061848389322,no-sampling,no-sampling,production,1000,100.0,0.4,0.0,true,false,false,timeout,,,30000.0,8.584061857894289,true,
22a,213447010020047,no-sampling,no-sampling,production,1000,100.0,0.4,0.0,true,false,true,ok,23.035,1172.243,1172.243,2.7099435699573013,false,-1719071238
30a,217308185619786,no-sampling,no-sampling,production,1000,100.0,0.4,0.0,true,false,false,ok,69.919,8575.629,8575.629,9.240865010832302,false,-1836210057
7c,7748141264866,production-floor,full,production,1000,100.0,0.4,0.0,true,true,false,ok,427.63,1648.807,1648.807,0.9226621779782492,false,-1004347469
14a,209585834399344,production-floor,full,production,1000,100.0,0.4,0.0,true,true,false,ok,42.043,473.569,473.569,0.9740329991731695,false,-1633330344
28a,214245873936949,no-sampling,no-sampling,production,1000,100.0,0.4,0.0,true,false,false,ok,72.78,777.671,777.671,0.6784462069019668,false,1222793645
26c,213988175899249,no-sampling,no-sampling,production,1000,100.0,0.4,0.0,true,false,false,ok,14.937,341.879,341.879,1.1639365191768534,false,2002976144
13a,209452690413201,production-floor,full,production,1000,100.0,0.4,0.0,true,true,false,ok,62.268,1040.381,1040.381,0.9947365200413812,false,-1937147173
29b,214383312890389,production-floor,full,production,1000,100.0,0.4,0.0,true,true,false,ok,825.851,3.627,3.627,1.0309835133598635,false,-665152500
2c,7082421333663,production-floor,full,production,1000,100.0,0.4,0.0,true,true,false,ok,56.736,0.449,0.449,1.2902298850574714,false,-26625759
11c,209194992375469,no-sampling,no-sampling,production,1000,100.0,0.4,0.0,true,false,false,ok,4.791,2073.543,2073.543,5.0506897513436355,false,-1039926098
14c,209594424333902,production-floor,full,production,1000,100.0,0.4,0.0,true,true,false,ok,32.04,504.178,504.178,0.9935187903843994,false,1171118565
10c,209061848389322,production-floor,full,production,1000,100.0,0.4,0.0,true,true,false,ok,169.421,3478.663,3478.663,0.9953686124922707,false,1698543765
9c,8014429237156,no-sampling,no-sampling,production,1000,100.0,0.4,0.0,true,false,false,ok,5.045,1051.928,1051.928,1.3714300614056818,false,2086476890
17b,209989561325074,production-floor,full,production,1000,100.0,0.4,0.0,true,true,false,ok,68.527,794.243,794.243,0.9744475934582306,false,-138391054
19d,210264439232466,production-floor,full,production,1000,100.0,0.4,0.0,true,true,false,ok,94.866,3045.865,3045.865,1.0014433786238583,false,-1675841368
32b,217578768559373,production-floor,full,production,1000,100.0,0.4,0.0,true,true,false,ok,57.889,49.937,49.937,0.955274988043998,false,-239234728
27c,214121319885392,no-sampling,no-sampling,production,1000,100.0,0.4,0.0,true,false,false,ok,47.355,40.092,40.092,1.220400894936304,false,-829331469
18a,210118410344436,no-sampling,no-sampling,production,1000,100.0,0.4,0.0,true,false,false,ok,3.927,5007.507,5007.507,3.4617373991552194,false,812001518
23c,213588743940780,no-sampling,no-sampling,production,1000,100.0,0.4,0.0,true,false,false,timeout,,,30000.0,22.01573905184817,true,
12b,209323841394319,production-floor,full,production,1000,100.0,0.4,0.0,true,true,true,ok,23.337,2.739,2.739,1.338382604446616,false,466548996
3a,7206975385184,production-floor,full,production,1000,100.0,0.4,0.0,true,true,false,ok,46.146,340.422,340.422,1.9290152401621765,false,-1613518825
33a,217707617578735,production-floor,full,production,1000,100.0,0.4,0.0,true,true,false,ok,264.644,13.394,13.394,2.5131813490946615,false,14380942
23a,213580154006190,production-floor,full,production,1000,100.0,0.4,0.0,true,true,false,ok,99.236,741.818,741.818,1.563596775502418,false,-71625942
22a,213447010020047,production-floor,full,production,1000,100.0,0.4,0.0,true,true,false,ok,121.318,449.112,449.112,1.0382388093515285,false,-1072711187
27a,214112729950802,no-sampling,no-sampling,production,1000,100.0,0.4,0.0,true,false,false,ok,62.938,49.739,49.739,2.249666432981298,false,-1578205233
6e,7623587212801,no-sampling,no-sampling,production,1000,100.0,0.4,0.0,true,false,false,ok,2.921,4.911,4.911,1.0966949531040642,false,-1397154297
18c,210127000279026,production-floor,full,production,1000,100.0,0.4,0.0,true,true,false,ok,250.206,1131.731,1131.731,1.084620508225237,false,-852311855
33c,217716207513325,no-sampling,no-sampling,production,1000,100.0,0.4,0.0,true,false,false,ok,69.686,58.692,58.692,7.194851363775667,false,-1229604950
6a,7606407343621,production-floor,full,production,1000,100.0,0.4,0.0,true,true,false,ok,102.124,4.168,4.168,0.9695277971621307,false,-224470636
33c,217716207513325,production-floor,full,production,1000,100.0,0.4,0.0,true,true,false,ok,151.42,9.036,9.036,1.1076923076923078,false,1026233334
8c,7881285251013,production-floor,full,production,1000,100.0,0.4,0.0,true,true,false,ok,174.967,6229.211,6229.211,1.0256973011111619,false,1588336649
13d,209465575315052,production-floor,full,production,1000,100.0,0.4,0.0,true,true,false,ok,43.179,4449.657,4449.657,1.3856727212256892,false,-2119720580
4b,7344414338624,production-floor,full,production,1000,100.0,0.4,0.0,true,true,false,ok,11.682,21.561,21.561,0.917977647684939,false,261415237
31b,217445624573226,production-floor,full,production,1000,100.0,0.4,0.0,true,true,false,ok,170.91,8.773,8.773,1.0451512985465807,false,1092791141
1d,6953572314813,production-floor,full,production,1000,100.0,0.4,0.0,true,true,false,ok,26.777,0.535,0.535,0.9861751152073733,false,1003820838
15c,209727568320081,production-floor,full,production,1000,100.0,0.4,0.0,true,true,false,ok,104.395,962.136,962.136,1.006899741822189,false,-1098297468
15a,209718978385491,production-floor,full,production,1000,100.0,0.4,0.0,true,true,false,ok,73.665,421.288,421.288,0.7431860178965983,false,-197612404
15d,209731863287342,no-sampling,no-sampling,production,1000,100.0,0.4,0.0,true,false,false,ok,4.138,10727.236,10727.236,19.105575260721157,true,-241594924
25b,213850736945809,no-sampling,no-sampling,production,1000,100.0,0.4,0.0,true,false,false,ok,11.983,6.111,6.111,4.309590973201693,false,106978077
16d,209865007273521,no-sampling,no-sampling,production,1000,100.0,0.4,0.0,true,false,false,ok,4.143,982.743,982.743,3.2269327256488394,false,2025501659
29c,214387607857682,no-sampling,no-sampling,production,1000,100.0,0.4,0.0,true,false,false,ok,660.955,152.828,152.828,1.4893774607258412,false,1519204498
28c,214254463871539,production-floor,full,production,1000,100.0,0.4,0.0,true,true,false,ok,125.383,405.549,405.549,0.8869179552395646,false,-127293549
15a,209718978385491,no-sampling,no-sampling,production,1000,100.0,0.4,0.0,true,false,false,ok,4.826,24957.647,24957.647,44.02730267655139,true,506230201
9d,8018724204453,production-floor,full,production,1000,100.0,0.4,0.0,true,true,false,ok,311.96,1597.042,1597.042,0.9923340020175477,false,260928115
31b,217445624573226,no-sampling,no-sampling,production,1000,100.0,0.4,0.0,true,false,false,ok,23.599,3855.56,3855.56,459.3233261853705,true,1223952466
1c,6949277347516,production-floor,full,production,1000,100.0,0.4,0.0,true,true,false,ok,18.741,1.256,1.256,0.9710088906068807,false,686382736
21a,213313866033900,production-floor,full,production,1000,100.0,0.4,0.0,true,true,false,ok,81.857,34.625,34.625,0.9825482406356415,false,405046416
22d,213459894921930,no-sampling,no-sampling,production,1000,100.0,0.4,0.0,true,false,false,ok,12.09,16347.673,16347.673,36.066519659051174,true,-1065531287
6f,7627882180126,no-sampling,no-sampling,production,1000,100.0,0.4,0.0,true,false,false,ok,2.561,1666.093,1666.093,1.0122025567927242,false,-1261445935
9a,8005839302566,production-floor,full,production,1000,100.0,0.4,0.0,true,true,false,ok,211.569,719.633,719.633,1.3179995018351514,false,1514154397
8c,7881285251013,no-sampling,no-sampling,production,1000,100.0,0.4,0.0,true,false,false,timeout,,,30000.0,4.939777932283055,true,
17d,209998151259664,no-sampling,no-sampling,production,1000,100.0,0.4,0.0,true,false,true,ok,4.216,1540.928,1540.928,0.8221645867936377,false,-2143655902
26a,213979585964659,production-floor,full,production,1000,100.0,0.4,0.0,true,true,false,ok,517.37,562.586,562.586,1.6646920272701449,false,-2144714912
7a,7739551330276,no-sampling,no-sampling,production,1000,100.0,0.4,0.0,true,false,false,ok,28.064,30.58,30.58,2.7711826008155866,false,-1169423559
15c,209727568320081,no-sampling,no-sampling,production,1000,100.0,0.4,0.0,true,false,false,timeout,,,30000.0,31.395761362910932,true,
1c,6949277347516,no-sampling,no-sampling,production,1000,100.0,0.4,0.0,true,false,true,ok,5.181,8.465,8.465,6.544259760340163,false,958676468
33b,217711912546028,production-floor,full,production,1000,100.0,0.4,0.0,true,true,false,ok,334.423,15.29,15.29,2.9741295467807816,false,-1215026023
19d,210264439232466,no-sampling,no-sampling,production,1000,100.0,0.4,0.0,true,false,false,ok,14.908,20925.65,20925.65,6.880099293928112,false,-1228936107
8b,7876990283716,production-floor,full,production,1000,100.0,0.4,0.0,true,true,false,ok,135.296,445.902,445.902,2.0938298271975957,false,-1718178947
5a,7473263357474,no-sampling,no-sampling,production,1000,100.0,0.4,0.0,true,false,false,ok,5.941,295.836,295.836,1.8571289568260643,false,1516290568
28b,214250168904242,production-floor,full,production,1000,100.0,0.4,0.0,true,true,false,ok,376.64,280.628,280.628,1.0889294167863102,false,-1614013504
26b,213983880931952,no-sampling,no-sampling,production,1000,100.0,0.4,0.0,true,false,false,ok,18.753,51.956,51.956,0.2843881025102083,false,-1048805790
29a,214379017923092,no-sampling,no-sampling,production,1000,100.0,0.4,0.0,true,false,false,ok,516.586,1049.985,1049.985,37.48206189983222,true,-980331532
21c,213322455968490,no-sampling,no-sampling,production,1000,100.0,0.4,0.0,true,false,false,ok,11.33,39.337,39.337,0.7422145491938604,false,1875661095
26b,213983880931952,production-floor,full,production,1000,100.0,0.4,0.0,true,true,false,ok,272.268,96.07,96.07,0.5258519710554259,false,1839472673
28a,214245873936949,production-floor,full,production,1000,100.0,0.4,0.0,true,true,false,ok,247.665,1153.906,1153.906,1.0066765365063386,false,-1614013504
1b,6944982380223,production-floor,full,production,1000,100.0,0.4,0.0,true,true,false,ok,21.538,0.472,0.472,0.8496849684968496,false,1003820838
2d,7086716300956,production-floor,full,production,1000,100.0,0.4,0.0,true,true,false,ok,19.994,144.103,144.103,1.0286018158976702,false,321836810
4c,7348709305921,no-sampling,no-sampling,production,1000,100.0,0.4,0.0,true,false,false,ok,3.052,2153.101,2153.101,0.6387878849013411,false,-1125545911
25a,213846441978512,production-floor,full,production,1000,100.0,0.4,0.0,true,true,false,ok,355.578,853.116,853.116,0.9418947617126021,false,1296202811
7b,7743846297573,production-floor,full,production,1000,100.0,0.4,0.0,true,true,false,ok,277.119,1.553,1.553,1.1681083113952615,false,-377469187
6f,7627882180126,production-floor,full,production,1000,100.0,0.4,0.0,true,true,false,ok,191.408,1660.212,1660.212,1.0086296690628687,false,1250717231
5a,7473263357474,production-floor,full,production,1000,100.0,0.4,0.0,true,true,false,ok,43.423,225.966,225.966,1.418515670365197,false,414652499
17a,209985266357781,no-sampling,no-sampling,production,1000,100.0,0.4,0.0,true,false,false,ok,3.258,5193.891,5193.891,2.7287452604524853,false,-2049997972
7a,7739551330276,production-floor,full,production,1000,100.0,0.4,0.0,true,true,false,ok,239.619,8.412,8.412,0.762301767104667,false,-2009290410
23a,213580154006190,no-sampling,no-sampling,production,1000,100.0,0.4,0.0,true,false,false,timeout,,,30000.0,63.23370862539402,true,
8a,7872695316423,no-sampling,no-sampling,production,1000,100.0,0.4,0.0,true,false,true,ok,10.676,247.927,247.927,3.2118848822070074,false,-487903307
20a,213180722047245,production-floor,full,production,1000,100.0,0.4,0.0,true,true,false,ok,220.414,1239.313,1239.313,1.2041301239727038,false,-1591323648
3c,7215565319806,production-floor,full,production,1000,100.0,0.4,0.0,true,true,false,ok,84.577,1347.704,1347.704,0.9928529094658892,false,-1572305105
19c,210260144265173,no-sampling,no-sampling,production,1000,100.0,0.4,0.0,true,false,false,ok,17.32,23859.256,23859.256,29.199046167383308,true,-1294825545
7b,7743846297573,no-sampling,no-sampling,production,1000,100.0,0.4,0.0,true,false,false,ok,9.549,28.663,28.663,21.559232794283567,true,1766386416
4b,7344414338624,no-sampling,no-sampling,production,1000,100.0,0.4,0.0,true,false,false,ok,3.53,32.538,32.538,1.3853326237360297,false,611794456
17b,209989561325074,no-sampling,no-sampling,production,1000,100.0,0.4,0.0,true,false,false,ok,2.942,1679.149,1679.149,2.060128577913553,false,-2143655902
6c,7614997278211,production-floor,full,production,1000,100.0,0.4,0.0,true,true,false,ok,102.361,0.825,0.825,1.233183856502242,false,-224470636
6b,7610702310914,production-floor,full,production,1000,100.0,0.4,0.0,true,true,false,ok,86.849,4.395,4.395,0.8907580056749088,false,1482096114
11a,209186402440879,production-floor,full,production,1000,100.0,0.4,0.0,true,true,false,ok,50.791,18.71,18.71,1.1482402037497317,false,-1055439248
28c,214254463871539,no-sampling,no-sampling,production,1000,100.0,0.4,0.0,true,false,false,ok,111.607,907.056,907.056,1.9836918666000374,false,1914702639
27a,214112729950802,production-floor,full,production,1000,100.0,0.4,0.0,true,true,false,ok,146.068,105.34,105.34,4.76446776272643,false,1608906155
26a,213979585964658,production-floor,full,production,1000,100.0,0.4,0.0,true,true,false,ok,216.452,335.194,335.194,0.9918390777388505,false,-2144714912
9a,8005839302567,production-floor,full,production,1000,100.0,0.4,0.0,true,true,false,ok,132.363,464.24,464.24,0.850250181317353,false,1514154397
17b,209989561325075,production-floor,full,production,1000,100.0,0.4,0.0,true,true,false,ok,100.29,736.891,736.891,0.9040830848884144,false,-138391054
15a,209718978385490,production-floor,full,production,1000,100.0,0.4,0.0,true,true,false,ok,102.96,559.162,559.162,0.9864068763864571,false,-197612404
7a,7739551330277,production-floor,full,production,1000,100.0,0.4,0.0,true,true,false,ok,184.635,8.206,8.206,0.7436338921613049,false,-2009290410
15a,209718978385490,no-sampling,no-sampling,production,1000,100.0,0.4,0.0,true,false,false,ok,4.093,27277.309,27277.309,48.11937357495358,true,506230201
9d,8018724204452,no-sampling,no-sampling,production,1000,100.0,0.4,0.0,true,false,false,ok,4.686,4477.538,4477.538,2.7821517547601418,false,2086476890
6e,7623587212800,no-sampling,no-sampling,production,1000,100.0,0.4,0.0,true,false,false,ok,3.282,6.543,6.543,1.4611433675748102,false,-1397154297
6b,7610702310915,production-floor,full,production,1000,100.0,0.4,0.0,true,true,false,ok,86.173,5.604,5.604,1.1357924604783138,false,1482096114
14a,209585834399345,no-sampling,no-sampling,production,1000,100.0,0.4,0.0,true,false,false,ok,5.898,254.235,254.235,0.5229085509076624,false,555945203
10a,209053258454733,production-floor,full,production,1000,100.0,0.4,0.0,true,true,false,ok,157.667,423.4,423.4,1.1547734636658191,false,1718403736
20c,213189311981834,production-floor,full,production,1000,100.0,0.4,0.0,true,true,false,ok,153.41,340.887,340.887,0.9422351089250398,false,216174188
11c,209194992375468,no-sampling,no-sampling,production,1000,100.0,0.4,0.0,true,false,false,ok,4.772,1924.831,1924.831,4.6884603814671415,false,-1039926098
28c,214254463871538,production-floor,full,production,1000,100.0,0.4,0.0,true,true,false,ok,157.545,505.791,505.791,1.1061428323052815,false,-127293549
25a,213846441978513,production-floor,full,production,1000,100.0,0.4,0.0,true,true,false,ok,169.267,901.636,901.636,0.9954639525826543,false,1296202811
7c,7748141264867,no-sampling,no-sampling,production,1000,100.0,0.4,0.0,true,false,false,ok,5.426,16260.439,16260.439,9.099240883027829,false,1134307114
27b,214117024918098,production-floor,full,production,1000,100.0,0.4,0.0,true,true,false,ok,107.168,7.016,7.016,0.8475477168398163,false,1367252878
2a,7073831399040,no-sampling,no-sampling,production,1000,100.0,0.4,0.0,true,false,false,ok,1.499,143.32,143.32,1.1270086538726178,false,-813469563
13c,209461280347758,production-floor,full,production,1000,100.0,0.4,0.0,true,true,false,ok,98.178,858.863,858.863,1.0419541394257543,false,1004522218
27c,214121319885393,no-sampling,no-sampling,production,1000,100.0,0.4,0.0,true,false,false,ok,50.1,40.778,40.778,1.241282742036132,false,-829331469
21b,213318161001196,no-sampling,no-sampling,production,1000,100.0,0.4,0.0,true,false,false,ok,7.405,12.861,12.861,0.7826086956521738,false,1875661095
24a,213713297992368,no-sampling,no-sampling,production,1000,100.0,0.4,0.0,true,false,false,ok,36.784,822.502,822.502,6.268544558001996,false,-352090006
6c,7614997278210,production-floor,full,production,1000,100.0,0.4,0.0,true,true,false,ok,98.16,0.548,0.548,0.8191330343796712,false,-224470636
11a,209186402440878,production-floor,full,production,1000,100.0,0.4,0.0,true,true,false,ok,33.484,14.918,14.918,0.9155236429470066,false,-1055439248
8a,7872695316422,no-sampling,no-sampling,production,1000,100.0,0.4,0.0,true,false,false,ok,2.399,222.445,222.445,2.881766538628458,false,-487903307
17b,209989561325075,no-sampling,no-sampling,production,1000,100.0,0.4,0.0,true,false,false,ok,1.606,2166.794,2166.794,2.65841461469567,false,-2143655902
4a,7340119371330,production-floor,full,production,1000,100.0,0.4,0.0,true,true,false,ok,19.258,812.895,812.895,1.0664673396468132,false,1427000343
1c,6949277347517,no-sampling,no-sampling,production,1000,100.0,0.4,0.0,true,false,false,ok,1.866,7.076,7.076,5.470429068419018,false,958676468
27a,214112729950803,no-sampling,no-sampling,production,1000,100.0,0.4,0.0,true,false,false,ok,37.761,33.834,33.834,1.5302924082408018,false,-1578205233
10a,209053258454733,no-sampling,no-sampling,production,1000,100.0,0.4,0.0,true,false,false,ok,1.817,319.429,319.429,0.8712048481939276,false,-1532910689
2d,7086716300957,production-floor,full,production,1000,100.0,0.4,0.0,true,true,false,ok,53.995,136.089,136.089,0.9713981841023298,false,321836810
1c,6949277347517,production-floor,full,production,1000,100.0,0.4,0.0,true,true,false,ok,11.334,1.107,1.107,0.8558175492848861,false,686382736
15d,209731863287343,no-sampling,no-sampling,production,1000,100.0,0.4,0.0,true,false,false,ok,3.825,10874.613,10874.613,19.368058752759485,true,-241594924
10c,209061848389323,no-sampling,no-sampling,production,1000,100.0,0.4,0.0,true,false,false,timeout,,,30000.0,8.584061857894289,true,
31a,217441329605932,production-floor,full,production,1000,100.0,0.4,0.0,true,true,true,ok,78.722,190.351,190.351,0.9880997801638778,false,-1860427610
19c,210260144265172,production-floor,full,production,1000,100.0,0.4,0.0,true,true,false,ok,484.911,893.148,893.148,1.093037841846622,false,204487702
17f,210006741194735,production-floor,full,production,1000,100.0,0.4,0.0,true,true,false,ok,85.818,1890.363,1890.363,1.0053531422554143,false,-806828271
5c,7481853292065,no-sampling,no-sampling,production,1000,100.0,0.4,0.0,true,false,false,ok,3.286,756.125,756.125,1.2563763853579917,false,1437004065
17a,209985266357780,no-sampling,no-sampling,production,1000,100.0,0.4,0.0,true,false,false,ok,5.533,4969.054,4969.054,2.6106213148162842,false,-2049997972
6c,7614997278210,no-sampling,no-sampling,production,1000,100.0,0.4,0.0,true,false,false,ok,2.608,0.65,0.65,0.9715994020926756,false,-1397154297
31c,217449919540522,production-floor,full,production,1000,100.0,0.4,0.0,true,true,false,ok,236.82,216.126,216.126,0.8590609895700839,false,415261907
33a,217707617578734,production-floor,full,production,1000,100.0,0.4,0.0,true,true,false,ok,175.468,5.674,5.674,1.0646402101510462,false,14380942
4a,7340119371330,no-sampling,no-sampling,production,1000,100.0,0.4,0.0,true,false,false,ok,3.371,786.202,786.202,1.0314477950596372,false,-1202259619
2b,7078126366367,no-sampling,no-sampling,production,1000,100.0,0.4,0.0,true,false,false,ok,1.528,1110.732,1110.732,8.84523866405466,false,-1566201251
21b,213318161001196,production-floor,full,production,1000,100.0,0.4,0.0,true,true,false,ok,52.014,17.474,17.474,1.0633157878723338,false,405046416
4c,7348709305920,no-sampling,no-sampling,production,1000,100.0,0.4,0.0,true,false,false,ok,2.318,2161.108,2161.108,0.6411634235288394,false,-1125545911
25c,213855031913071,no-sampling,no-sampling,production,1000,100.0,0.4,0.0,true,false,false,ok,8.564,10328.102,10328.102,10.039969923160188,true,-1785408503
28b,214250168904243,production-floor,full,production,1000,100.0,0.4,0.0,true,true,false,ok,159.367,245.95,245.95,0.9543673120949905,false,-1614013504
23a,213580154006191,production-floor,full,production,1000,100.0,0.4,0.0,true,true,false,ok,57.099,437.32,437.32,0.9217788485352438,false,-71625942
33b,217711912546029,no-sampling,no-sampling,production,1000,100.0,0.4,0.0,true,false,false,ok,54.911,69.353,69.353,13.49017700836413,true,491952308
30a,217308185619787,production-floor,full,production,1000,100.0,0.4,0.0,true,true,false,ok,270.31,861.755,861.755,0.9286037942417739,false,204795277
27a,214112729950803,production-floor,full,production,1000,100.0,0.4,0.0,true,true,false,ok,122.7,20.234,20.234,0.9151722110405032,false,1608906155
19c,210260144265172,no-sampling,no-sampling,production,1000,100.0,0.4,0.0,true,false,false,ok,6.326,20254.917,20254.917,24.788042703406887,true,-1294825545
15c,209727568320080,no-sampling,no-sampling,production,1000,100.0,0.4,0.0,true,false,false,timeout,,,30000.0,31.395761362910932,true,
14b,209590129366640,production-floor,full,production,1000,100.0,0.4,0.0,true,true,true,ok,31.21,21.865,21.865,0.594351418940959,false,1313982226
15d,209731863287343,production-floor,full,production,1000,100.0,0.4,0.0,true,true,false,ok,248.832,937.296,937.296,1.6693563252987906,false,-704972777
18c,210127000279027,production-floor,full,production,1000,100.0,0.4,0.0,true,true,false,ok,440.653,1231.114,1231.114,1.1798664986319225,false,-852311855
13d,209465575315053,production-floor,full,production,1000,100.0,0.4,0.0,true,true,false,ok,173.553,3764.812,3764.812,1.1724043648629836,false,-2119720580
29a,214379017923093,production-floor,full,production,1000,100.0,0.4,0.0,true,true,false,ok,1188.978,27.973,27.973,0.998572091528933,false,-858518681
29c,214387607857683,no-sampling,no-sampling,production,1000,100.0,0.4,0.0,true,false,false,ok,588.187,206.489,206.489,2.0123279928273496,false,1519204498
27c,214121319885393,production-floor,full,production,1000,100.0,0.4,0.0,true,true,false,ok,180.262,36.693,36.693,1.1169352997580018,false,-622492985
2d,7086716300957,no-sampling,no-sampling,production,1000,100.0,0.4,0.0,true,false,false,ok,1.95,172.175,172.175,1.2289787003197807,false,-813469563
23c,213588743940781,no-sampling,no-sampling,production,1000,100.0,0.4,0.0,true,false,false,timeout,,,30000.0,22.01573905184817,true,
10b,209057553422028,production-floor,full,production,1000,100.0,0.4,0.0,true,true,true,ok,21.53,80.372,80.372,0.9049117572550455,false,1718403736
22b,213451304987341,production-floor,full,production,1000,100.0,0.4,0.0,true,true,false,ok,170.019,498.076,498.076,1.1698639242476023,false,-1072711187
18b,210122705311732,production-floor,full,production,1000,100.0,0.4,0.0,true,true,false,ok,180.376,783.319,783.319,0.8059766145893353,false,-2103027714
19b,210255849297877,production-floor,full,production,1000,100.0,0.4,0.0,true,true,false,ok,451.437,301.216,301.216,1.793817257129926,false,825922194
3a,7206975385185,production-floor,full,production,1000,100.0,0.4,0.0,true,true,false,ok,36.571,177.906,177.906,1.0081116535250134,false,-1613518825
14c,209594424333903,production-floor,full,production,1000,100.0,0.4,0.0,true,true,false,ok,47.653,500.878,500.878,0.9870159044824589,false,1171118565
28a,214245873936948,no-sampling,no-sampling,production,1000,100.0,0.4,0.0,true,false,false,ok,109.924,958.295,958.295,0.8360239842338472,false,1222793645
2c,7082421333662,no-sampling,no-sampling,production,1000,100.0,0.4,0.0,true,false,false,ok,2.387,0.573,0.573,1.646551724137931,false,-26625759
27b,214117024918098,no-sampling,no-sampling,production,1000,100.0,0.4,0.0,true,false,false,ok,54.831,15.501,15.501,1.8725537569461221,false,1021059939
15b,209723273352785,production-floor,full,production,1000,100.0,0.4,0.0,true,true,false,ok,95.188,11.683,11.683,0.9153803964585129,false,-1293176700
17c,209993856292370,no-sampling,no-sampling,production,1000,100.0,0.4,0.0,true,false,false,ok,2.393,60.838,60.838,1.1045990159231622,false,-99220691
25a,213846441978513,no-sampling,no-sampling,production,1000,100.0,0.4,0.0,true,false,false,ok,9.159,2354.797,2354.797,2.59984686630722,false,-1295408368
6b,7610702310915,no-sampling,no-sampling,production,1000,100.0,0.4,0.0,true,false,false,ok,3.467,4.336,4.336,0.8788001621402515,false,1956036293
14c,209594424333903,no-sampling,no-sampling,production,1000,100.0,0.4,0.0,true,false,false,ok,4.554,1194.003,1194.003,2.352868265325627,false,-452716964
29b,214383312890388,production-floor,full,production,1000,100.0,0.4,0.0,true,true,false,ok,1025.602,3.409,3.409,0.9690164866401364,false,-665152500
1a,6940687412927,production-floor,full,production,1000,100.0,0.4,0.0,true,true,false,ok,30.166,8.635,8.635,0.9547238653325226,false,686382736
5b,7477558324770,production-floor,full,production,1000,100.0,0.4,0.0,true,true,false,ok,22.826,256.97,256.97,1.0037890625,false,2137438787
5a,7473263357475,production-floor,full,production,1000,100.0,0.4,0.0,true,true,false,ok,17.186,154.581,154.581,0.9703918768342251,false,414652499
26a,213979585964658,no-sampling,no-sampling,production,1000,100.0,0.4,0.0,true,false,false,ok,24.379,876.148,876.148,2.5925220149607044,false,-2024555218
11b,209190697408173,production-floor,full,production,1000,100.0,0.4,0.0,true,true,false,ok,23.933,2.169,2.169,0.9534065934065935,false,898037380
11b,209190697408173,no-sampling,no-sampling,production,1000,100.0,0.4,0.0,true,false,false,ok,3.06,1.986,1.986,0.872967032967033,false,762399165
22c,213455599954636,no-sampling,no-sampling,production,1000,100.0,0.4,0.0,true,false,false,ok,12.564,7811.438,7811.438,17.86594545142661,true,-1719071238
18a,210118410344437,production-floor,full,production,1000,100.0,0.4,0.0,true,true,false,ok,117.454,1401.582,1401.582,0.9689270184510519,false,-574815707
32a,217574473592077,no-sampling,no-sampling,production,1000,100.0,0.4,0.0,true,false,false,ok,1.717,0.483,0.483,1.078125,false,957982218
11a,209186402440878,no-sampling,no-sampling,production,1000,100.0,0.4,0.0,true,false,false,ok,3.558,47.304,47.304,2.903065451532726,false,1643046009
6f,7627882180127,no-sampling,no-sampling,production,1000,100.0,0.4,0.0,true,false,false,ok,2.891,1524.835,1524.835,0.9263839927825358,false,-1261445935
13c,209461280347758,no-sampling,no-sampling,production,1000,100.0,0.4,0.0,true,false,false,ok,4.346,1572.067,1572.067,1.907197909450782,false,-1402813810
31a,217441329605932,no-sampling,no-sampling,production,1000,100.0,0.4,0.0,true,false,false,ok,22.276,20191.65,20191.65,104.8135545710081,true,-1795126799
7b,7743846297572,no-sampling,no-sampling,production,1000,100.0,0.4,0.0,true,false,false,ok,18.715,45.455,45.455,34.18954494170741,true,1766386416
3c,7215565319807,no-sampling,no-sampling,production,1000,100.0,0.4,0.0,true,false,false,ok,1.734,1271.836,1271.836,0.9369609891811991,false,-1572305105
20b,213185017014539,production-floor,full,production,1000,100.0,0.4,0.0,true,true,false,ok,214.183,343.413,343.413,1.0699490905465445,false,-56865338
20b,213185017014539,no-sampling,no-sampling,production,1000,100.0,0.4,0.0,true,false,false,ok,7.969,1524.072,1524.072,4.74844997227086,false,203442306
29b,214383312890388,no-sampling,no-sampling,production,1000,100.0,0.4,0.0,true,false,false,ok,518.635,538.911,538.911,153.18675383740762,true,-609415370
17e,210002446226960,production-floor,full,production,1000,100.0,0.4,0.0,true,true,false,ok,186.035,5234.836,5234.836,1.282421758491717,false,-1125412742
19a,210251554330582,production-floor,full,production,1000,100.0,0.4,0.0,true,true,false,ok,172.108,1050.705,1050.705,1.4814185569103395,false,1396323381
1d,6953572314812,production-floor,full,production,1000,100.0,0.4,0.0,true,true,false,ok,16.191,0.55,0.55,1.0138248847926268,false,1003820838
18a,210118410344437,no-sampling,no-sampling,production,1000,100.0,0.4,0.0,true,false,false,ok,2.287,5262.769,5262.769,3.6382024569141325,false,812001518
8d,7885580218307,no-sampling,no-sampling,production,1000,100.0,0.4,0.0,true,false,false,timeout,,,30000.0,52.45548496407236,true,
9c,8014429237157,production-floor,full,production,1000,100.0,0.4,0.0,true,true,true,ok,27.894,631.957,631.957,0.823901281566562,false,-1283145132
15b,209723273352785,no-sampling,no-sampling,production,1000,100.0,0.4,0.0,true,false,false,ok,16.836,65.871,65.871,5.161090652667868,false,527170132
3c,7215565319807,production-floor,full,production,1000,100.0,0.4,0.0,true,true,false,ok,184.057,1578.362,1578.362,1.162778550698373,false,-1572305105
26b,213983880931953,production-floor,full,production,1000,100.0,0.4,0.0,true,true,false,ok,381.019,602.75,602.75,3.299232596582263,false,1839472673
2a,7073831399040,production-floor,full,production,1000,100.0,0.4,0.0,true,true,false,ok,107.152,179.907,179.907,1.4147135493459466,false,321836810
30c,217316775554377,production-floor,full,production,1000,100.0,0.4,0.0,true,true,false,ok,628.779,1291.342,1291.342,1.1041390829693392,false,-1836733028
16b,209856417338930,production-floor,full,production,1000,100.0,0.4,0.0,true,true,false,ok,195.374,4027.387,4027.387,0.9906537711207039,false,-32917605
30c,217316775554377,no-sampling,no-sampling,production,1000,100.0,0.4,0.0,true,false,false,timeout,,,30000.0,25.650968131664712,true,
13d,209465575315053,no-sampling,no-sampling,production,1000,100.0,0.4,0.0,true,false,true,ok,10.863,3792.782,3792.782,1.181114534211471,false,-1402813810
6e,7623587212800,production-floor,full,production,1000,100.0,0.4,0.0,true,true,false,ok,133.617,5.217,5.217,1.1650290308173292,false,-224470636
9d,8018724204452,production-floor,full,production,1000,100.0,0.4,0.0,true,true,false,ok,183.82,1471.102,1471.102,0.9140802402416585,false,260928115
28c,214254463871538,no-sampling,no-sampling,production,1000,100.0,0.4,0.0,true,false,false,ok,135.587,1783.308,1783.308,3.9000167302159725,false,1914702639
21a,213313866033901,no-sampling,no-sampling,production,1000,100.0,0.4,0.0,true,false,false,ok,19.582,37.259,37.259,1.0572928490351874,false,1875661095
6d,7619292245505,production-floor,full,production,1000,100.0,0.4,0.0,true,true,false,ok,103.464,1066.436,1066.436,0.9165167694390135,false,1250717231
6a,7606407343620,production-floor,full,production,1000,100.0,0.4,0.0,true,true,false,ok,106.064,4.149,4.149,0.9651081646894626,false,-224470636
13b,209456985380463,production-floor,full,production,1000,100.0,0.4,0.0,true,true,false,ok,64.654,1022.774,1022.774,1.9522238892006518,false,1004522218
25b,213850736945808,production-floor,full,production,1000,100.0,0.4,0.0,true,true,false,ok,109.345,1.728,1.728,1.218617771509168,false,-1701088130
23b,213584448973486,no-sampling,no-sampling,production,1000,100.0,0.4,0.0,true,false,false,ok,12.471,103.361,103.361,0.9548007463927431,false,-976682035
23b,213584448973486,production-floor,full,production,1000,100.0,0.4,0.0,true,true,false,ok,97.286,125.53,125.53,1.159587636484564,false,1055741165
23c,213588743940781,production-floor,full,production,1000,100.0,0.4,0.0,true,true,false,ok,77.692,1410.644,1410.644,1.0352123399685103,false,-71625942
8c,7881285251012,no-sampling,no-sampling,production,1000,100.0,0.4,0.0,true,false,false,timeout,,,30000.0,4.939777932283055,true,
8c,7881285251012,production-floor,full,production,1000,100.0,0.4,0.0,true,true,true,ok,20.827,5791.309,5791.309,0.9535926799077414,false,1588336649
26c,213988175899248,no-sampling,no-sampling,production,1000,100.0,0.4,0.0,true,false,false,ok,55.171,1356.612,1356.612,4.618623106869826,false,2002976144
11d,209199287342763,no-sampling,no-sampling,production,1000,100.0,0.4,0.0,true,false,false,ok,8.893,2070.046,2070.046,6.923994955965039,false,-1039926098
19b,210255849297877,no-sampling,no-sampling,production,1000,100.0,0.4,0.0,true,false,false,ok,14.157,575.481,575.481,3.4271345112822256,false,-167141638
4c,7348709305920,production-floor,full,production,1000,100.0,0.4,0.0,true,true,false,ok,264.713,4840.817,4840.817,1.4361868080617004,false,464932698
5b,7477558324770,no-sampling,no-sampling,production,1000,100.0,0.4,0.0,true,false,false,ok,4.473,348.193,348.193,1.36012890625,false,677486420
17d,209998151259665,production-floor,full,production,1000,100.0,0.4,0.0,true,true,false,ok,134.967,2579.837,2579.837,1.3764761371718457,false,-2143655902
26b,213983880931953,no-sampling,no-sampling,production,1000,100.0,0.4,0.0,true,false,false,ok,26.18,38.35,38.35,0.20991384500859359,false,-1048805790
10b,209057553422028,no-sampling,no-sampling,production,1000,100.0,0.4,0.0,true,false,false,ok,5.004,112.339,112.339,1.2648295662453908,false,-1532910689
19a,210251554330582,no-sampling,no-sampling,production,1000,100.0,0.4,0.0,true,false,false,ok,11.101,7438.801,7438.801,10.488174932605434,true,1270559632
7a,7739551330277,no-sampling,no-sampling,production,1000,100.0,0.4,0.0,true,false,false,ok,21.996,16.784,16.784,1.520978704123244,false,-1169423559
17e,210002446226960,no-sampling,no-sampling,production,1000,100.0,0.4,0.0,true,false,false,ok,2.531,5923.505,5923.505,1.4511307896817547,false,-2049997972
13a,209452690413200,production-floor,full,production,1000,100.0,0.4,0.0,true,true,false,ok,122.232,1107.77,1107.77,1.0591689725266424,false,-1937147173
6d,7619292245505,no-sampling,no-sampling,production,1000,100.0,0.4,0.0,true,false,false,ok,4.321,1080.364,1080.364,0.9284867756698109,false,-1261445935
7b,7743846297572,production-floor,full,production,1000,100.0,0.4,0.0,true,true,false,ok,261.565,1.322,1.322,0.9943587814968035,false,-377469187
9a,8005839302567,no-sampling,no-sampling,production,1000,100.0,0.4,0.0,true,false,false,ok,5.762,653.768,653.768,1.1973685174467585,false,-1811363958
21c,213322455968491,production-floor,full,production,1000,100.0,0.4,0.0,true,true,false,ok,124.494,55.869,55.869,1.0541420202077378,false,405046416
8a,7872695316422,production-floor,full,production,1000,100.0,0.4,0.0,true,true,false,ok,100.706,73.608,73.608,0.9535888483686464,false,-1424306548
33a,217707617578734,no-sampling,no-sampling,production,1000,100.0,0.4,0.0,true,false,false,ok,73.911,9.539,9.539,1.789848953935641,false,1266302631
23a,213580154006191,no-sampling,no-sampling,production,1000,100.0,0.4,0.0,true,false,false,timeout,,,30000.0,63.23370862539402,true,
30a,217308185619787,no-sampling,no-sampling,production,1000,100.0,0.4,0.0,true,false,true,ok,61.002,8058.317,8058.317,8.683423642918218,false,-1836210057
8b,7876990283717,production-floor,full,production,1000,100.0,0.4,0.0,true,true,false,ok,101.475,197.653,197.653,0.9281226521412471,false,-1718178947
29c,214387607857683,production-floor,full,production,1000,100.0,0.4,0.0,true,true,false,ok,1566.221,89.315,89.315,0.870414766304136,false,894113721
3a,7206975385185,no-sampling,no-sampling,production,1000,100.0,0.4,0.0,true,false,false,ok,3.467,207.876,207.876,1.1779378890434595,false,-1613518825
19d,210264439232467,production-floor,full,production,1000,100.0,0.4,0.0,true,true,false,ok,170.887,3037.085,3037.085,0.9985566213761415,false,-1246359705
16c,209860712306225,no-sampling,no-sampling,production,1000,100.0,0.4,0.0,true,false,false,ok,4.504,637.687,637.687,1.395860489907331,false,2025501659
28b,214250168904243,no-sampling,no-sampling,production,1000,100.0,0.4,0.0,true,false,false,ok,59.937,295.86,295.86,1.1480346125489893,false,1222793645
18c,210127000279027,no-sampling,no-sampling,production,1000,100.0,0.4,0.0,true,false,false,ok,7.735,10850.969,10850.969,10.399276428335257,true,-961604879
8b,7876990283717,no-sampling,no-sampling,production,1000,100.0,0.4,0.0,true,false,false,ok,3.43,125.771,125.771,0.5905850864012021,false,1175150577
1a,6940687412927,no-sampling,no-sampling,production,1000,100.0,0.4,0.0,true,false,false,ok,2.225,9.507,9.507,1.0511360495328652,false,958676468
25c,213855031913071,production-floor,full,production,1000,100.0,0.4,0.0,true,true,false,ok,275.035,1120.442,1120.442,1.0891840514980824,false,-472157051
1b,6944982380222,production-floor,full,production,1000,100.0,0.4,0.0,true,true,false,ok,43.823,0.58,0.58,1.044104410441044,false,1003820838
16d,209865007273520,production-floor,full,production,1000,100.0,0.4,0.0,true,true,false,ok,180.72,273.953,273.953,0.8995514605442891,false,719404660
3b,7211270352480,no-sampling,no-sampling,production,1000,100.0,0.4,0.0,true,false,false,ok,4.739,7.434,7.434,0.9894848928523893,false,129508754
33b,217711912546029,production-floor,full,production,1000,100.0,0.4,0.0,true,true,false,ok,130.412,4.062,4.062,0.7901186539583739,false,-1215026023
16a,209852122371635,production-floor,full,production,1000,100.0,0.4,0.0,true,true,false,ok,201.399,43.621,43.621,0.9995875249203695,false,719404660
21c,213322455968491,no-sampling,no-sampling,production,1000,100.0,0.4,0.0,true,false,false,ok,9.974,36.516,36.516,0.6889876319587921,false,1875661095
22d,213459894921931,no-sampling,no-sampling,production,1000,100.0,0.4,0.0,true,false,false,ok,13.275,14751.643,14751.643,32.54533059615302,true,-1065531287
10c,209061848389323,production-floor,full,production,1000,100.0,0.4,0.0,true,true,false,ok,290.482,3741.143,3741.143,1.0704734310409405,false,1698543765
22a,213447010020046,no-sampling,no-sampling,production,1000,100.0,0.4,0.0,true,false,false,ok,11.508,999.734,999.734,2.311144297699106,false,-1719071238
11c,209194992375468,production-floor,full,production,1000,100.0,0.4,0.0,true,true,false,ok,54.974,532.879,532.879,1.297974772650601,false,-358111285
25b,213850736945808,no-sampling,no-sampling,production,1000,100.0,0.4,0.0,true,false,false,ok,15.996,12.487,12.487,8.806064880112835,false,106978077
17d,209998151259665,no-sampling,no-sampling,production,1000,100.0,0.4,0.0,true,false,false,ok,2.491,2597.905,2597.905,1.3861163473271465,false,-2143655902
2c,7082421333662,production-floor,full,production,1000,100.0,0.4,0.0,true,true,false,ok,71.5,0.424,0.424,1.2183908045977012,false,-26625759
16c,209860712306225,production-floor,full,production,1000,100.0,0.4,0.0,true,true,false,ok,197.672,357.273,357.273,0.7820502296748435,false,719404660
12a,209319546427023,production-floor,full,production,1000,100.0,0.4,0.0,true,true,false,ok,75.938,260.504,260.504,1.5744799158678546,false,1128872642
2b,7078126366367,production-floor,full,production,1000,100.0,0.4,0.0,true,true,false,ok,59.428,124.626,124.626,0.9924506665392517,false,321836810
20a,213180722047244,production-floor,full,production,1000,100.0,0.4,0.0,true,true,false,ok,188.374,1235.88,1235.88,1.200794583463084,false,-1591323648
7c,7748141264867,production-floor,full,production,1000,100.0,0.4,0.0,true,true,false,ok,546.47,2329.967,2329.967,1.3038350921832862,false,-1004347469
32a,217574473592077,production-floor,full,production,1000,100.0,0.4,0.0,true,true,false,ok,78.536,0.303,0.303,0.6763392857142857,false,1765267761
24a,213713297992368,production-floor,full,production,1000,100.0,0.4,0.0,true,true,false,ok,403.194,377.286,377.286,2.875414408852916,false,916074739
19d,210264439232467,no-sampling,no-sampling,production,1000,100.0,0.4,0.0,true,false,false,ok,7.153,16502.731,16502.731,5.425897303117731,false,-1228936107
13a,209452690413200,no-sampling,no-sampling,production,1000,100.0,0.4,0.0,true,false,false,ok,6.032,1804.509,1804.509,1.7253400466207598,false,-1379658100
12c,209328136361613,production-floor,full,production,1000,100.0,0.4,0.0,true,true,false,ok,113.562,567.216,567.216,1.48106873119178,false,-1953493739
6a,7606407343620,no-sampling,no-sampling,production,1000,100.0,0.4,0.0,true,false,false,ok,1.78,4.763,4.763,1.107932077227262,false,-1397154297
17f,210006741194735,no-sampling,no-sampling,production,1000,100.0,0.4,0.0,true,false,false,ok,1.289,5384.176,5384.176,2.8634702753154753,false,1840011406
32b,217578768559372,production-floor,full,production,1000,100.0,0.4,0.0,true,true,false,ok,72.4,51.703,51.703,0.9890578670492588,false,-239234728
22b,213451304987341,no-sampling,no-sampling,production,1000,100.0,0.4,0.0,true,false,false,ok,12.711,124.382,124.382,0.2921442001336448,false,-1719071238
24b,213717592959631,production-floor,full,production,1000,100.0,0.4,0.0,true,true,false,ok,293.625,2.315,2.315,0.8374027853138,false,-870534348
16a,209852122371635,no-sampling,no-sampling,production,1000,100.0,0.4,0.0,true,false,false,ok,2.269,249.443,249.443,5.716056738238732,false,1108344190
22a,213447010020046,production-floor,full,production,1000,100.0,0.4,0.0,true,true,false,ok,187.126,612.888,612.888,1.4168494882920954,false,-1072711187
22d,213459894921931,production-floor,full,production,1000,100.0,0.4,0.0,true,true,false,ok,132.186,408.845,408.845,0.9020009288175007,false,-697127982
4b,7344414338625,production-floor,full,production,1000,100.0,0.4,0.0,true,true,false,ok,29.208,24.235,24.235,1.0318254390633317,false,261415237
15c,209727568320080,production-floor,full,production,1000,100.0,0.4,0.0,true,true,false,ok,225.113,1269.218,1269.218,1.328268848183703,false,-1098297468
20c,213189311981834,no-sampling,no-sampling,production,1000,100.0,0.4,0.0,true,false,false,ok,7.527,1064.35,1064.35,2.9419365894984733,false,-249267488
33c,217716207513324,production-floor,full,production,1000,100.0,0.4,0.0,true,true,false,ok,223.786,7.767,7.767,0.9521299417713762,false,1026233334
1b,6944982380222,no-sampling,no-sampling,production,1000,100.0,0.4,0.0,true,false,false,ok,3.424,0.504,0.504,0.9072907290729073,false,1234261665
16b,209856417338930,no-sampling,no-sampling,production,1000,100.0,0.4,0.0,true,false,false,ok,1.637,7043.471,7043.471,1.7325479542763866,false,-222209972
3b,7211270352480,production-floor,full,production,1000,100.0,0.4,0.0,true,true,false,ok,44.17,7.548,7.548,1.0046585917742579,false,129508754
13b,209456985380463,no-sampling,no-sampling,production,1000,100.0,0.4,0.0,true,false,false,ok,3.879,1568.788,1568.788,2.9944302560402516,false,-1402813810
33c,217716207513324,no-sampling,no-sampling,production,1000,100.0,0.4,0.0,true,false,false,ok,52.321,49.123,49.123,6.021820410665033,false,-1229604950
28a,214245873936948,production-floor,full,production,1000,100.0,0.4,0.0,true,true,false,ok,200.535,1077.987,1077.987,0.9404442125778516,false,-1614013504
17a,209985266357780,production-floor,full,production,1000,100.0,0.4,0.0,true,true,false,ok,127.361,1677.368,1677.368,0.8812487555157904,false,-1125412742
30b,217312480587082,production-floor,full,production,1000,100.0,0.4,0.0,true,true,false,ok,262.154,39.531,39.531,1.0364029625745559,false,352978464
11d,209199287342763,production-floor,full,production,1000,100.0,0.4,0.0,true,true,false,ok,31.553,368.372,368.372,1.232149367655962,false,588364050
12b,209323841394318,production-floor,full,production,1000,100.0,0.4,0.0,true,true,false,ok,52.679,1.803,1.803,0.8810163694111898,false,-1300552445
5c,7481853292065,production-floor,full,production,1000,100.0,0.4,0.0,true,true,false,ok,38.879,540.014,540.014,0.8972866091753486,false,-761671341
9c,8014429237157,no-sampling,no-sampling,production,1000,100.0,0.4,0.0,true,false,false,ok,3.105,876.807,876.807,1.1431195650756816,false,2086476890
31c,217449919540522,no-sampling,no-sampling,production,1000,100.0,0.4,0.0,true,false,false,ok,22.822,23080.401,23080.401,91.74033722335284,true,-1849236590
5a,7473263357475,no-sampling,no-sampling,production,1000,100.0,0.4,0.0,true,false,false,ok,3.321,166.156,166.156,1.043054661874794,false,1516290568
16d,209865007273520,no-sampling,no-sampling,production,1000,100.0,0.4,0.0,true,false,false,ok,2.568,403.555,403.555,1.3251122990438164,false,2025501659
18b,210122705311732,no-sampling,no-sampling,production,1000,100.0,0.4,0.0,true,false,false,ok,4.127,2213.476,2213.476,2.277501111239155,false,1807679118
9b,8010134269862,production-floor,full,production,1000,100.0,0.4,0.0,true,true,false,ok,245.469,814.981,814.981,1.541960757602848,false,-4751552
31b,217445624573227,production-floor,full,production,1000,100.0,0.4,0.0,true,true,false,ok,254.124,8.085,8.085,0.9631879914224447,false,1092791141
1d,6953572314812,no-sampling,no-sampling,production,1000,100.0,0.4,0.0,true,false,false,ok,1.519,0.5,0.5,0.9216589861751152,false,1234261665
32b,217578768559372,no-sampling,no-sampling,production,1000,100.0,0.4,0.0,true,false,false,ok,1.232,170.292,170.292,3.2576183644189385,false,-119481243
17c,209993856292370,production-floor,full,production,1000,100.0,0.4,0.0,true,true,false,ok,111.374,84.345,84.345,1.5314014924560162,false,-99220691
9b,8010134269862,no-sampling,no-sampling,production,1000,100.0,0.4,0.0,true,false,false,ok,3.246,3117.365,3117.365,5.898118480215615,false,-1366607982
6f,7627882180127,production-floor,full,production,1000,100.0,0.4,0.0,true,true,false,ok,200.406,2183.067,2183.067,1.3262801050420485,false,1250717231
8d,7885580218307,production-floor,full,production,1000,100.0,0.4,0.0,true,true,false,ok,148.449,710.089,710.089,1.2416020954217728,false,1504554646
21a,213313866033901,production-floor,full,production,1000,100.0,0.4,0.0,true,true,false,ok,111.759,36.887,36.887,1.0467366628830876,false,405046416
12c,209328136361613,no-sampling,no-sampling,production,1000,100.0,0.4,0.0,true,false,false,ok,4.648,5663.194,5663.194,14.787276014909493,true,-515552557
12a,209319546427023,no-sampling,no-sampling,production,1000,100.0,0.4,0.0,true,false,false,ok,3.837,1750.429,1750.429,10.579550811705973,true,-515552557
26c,213988175899248,production-floor,full,production,1000,100.0,0.4,0.0,true,true,false,ok,196.355,289.701,289.701,0.9862950738186715,false,279814670
22c,213455599954636,production-floor,full,production,1000,100.0,0.4,0.0,true,true,false,ok,60.272,533.733,533.733,1.220728457887815,false,-1072711187
24b,213717592959631,no-sampling,no-sampling,production,1000,100.0,0.4,0.0,true,false,false,ok,30.56,965.919,965.919,349.4009766684753,true,-70091638
29a,214379017923093,no-sampling,no-sampling,production,1000,100.0,0.4,0.0,true,false,false,ok,613.596,619.86,619.86,22.12758362188984,true,-980331532
20a,213180722047244,no-sampling,no-sampling,production,1000,100.0,0.4,0.0,true,false,false,ok,5.207,1139.552,1139.552,1.1072012405529048,false,2087169786
14b,209590129366640,no-sampling,no-sampling,production,1000,100.0,0.4,0.0,true,false,false,ok,4.241,36.346,36.346,0.987985212569316,false,-1877309394
31b,217445624573227,no-sampling,no-sampling,production,1000,100.0,0.4,0.0,true,false,false,ok,23.66,3321.606,3321.606,395.7119370979271,true,1223952466
4b,7344414338625,no-sampling,no-sampling,production,1000,100.0,0.4,0.0,true,false,false,ok,3.645,33.55,33.55,1.4284193720063865,false,611794456
30b,217312480587082,no-sampling,no-sampling,production,1000,100.0,0.4,0.0,true,false,false,timeout,,,30000.0,786.5242183915581,true,
12b,209323841394318,no-sampling,no-sampling,production,1000,100.0,0.4,0.0,true,false,true,ok,11.905,5.599,5.599,2.735890544832641,false,1748720315
14a,209585834399345,production-floor,full,production,1000,100.0,0.4,0.0,true,true,false,ok,81.348,516.391,516.391,1.062108952393489,false,-1633330344
29a,214379017923082,production-floor,full,production,1000,100.0,0.4,0.0,true,true,false,ok,1372.378,28.978,28.978,1.0344482918644917,false,-858518681
17d,209998151259662,no-sampling,no-sampling,production,1000,100.0,0.4,0.0,true,false,false,ok,2.712,1741.463,1741.463,0.9291603551959654,false,-2143655902
8a,7872695316441,production-floor,full,production,1000,100.0,0.4,0.0,true,true,false,ok,130.581,80.111,80.111,1.037834966738135,false,-1424306548
3a,7206975385214,production-floor,full,production,1000,100.0,0.4,0.0,true,true,false,ok,23.283,184.063,184.063,1.043000546821212,false,-1613518825
30c,217316775554390,production-floor,full,production,1000,100.0,0.4,0.0,true,true,false,ok,299.262,1183.146,1183.146,1.0116280113702192,false,-1836733028
11d,209199287342772,no-sampling,no-sampling,production,1000,100.0,0.4,0.0,true,false,false,ok,6.061,2162.386,2162.386,7.232858476019093,false,-1039926098
19a,210251554330569,production-floor,full,production,1000,100.0,0.4,0.0,true,true,false,ok,116.265,652.04,652.04,0.9193295509660826,false,1396323381
18a,210118410344426,no-sampling,no-sampling,production,1000,100.0,0.4,0.0,true,false,false,ok,4.856,5025.933,5025.933,3.474475468880701,false,812001518
9c,8014429237178,no-sampling,no-sampling,production,1000,100.0,0.4,0.0,true,false,false,ok,4.536,805.895,805.895,1.0506694653403388,false,2086476890
15b,209723273352782,production-floor,full,production,1000,100.0,0.4,0.0,true,true,false,ok,94.134,9.047,9.047,0.7088458826294759,false,-1293176700
30a,217308185619796,no-sampling,no-sampling,production,1000,100.0,0.4,0.0,true,false,false,ok,44.153,9256.477,9256.477,9.974528332892426,false,-1836210057
3a,7206975385214,no-sampling,no-sampling,production,1000,100.0,0.4,0.0,true,false,false,ok,2.383,161.365,161.365,0.9143813978790137,false,-1613518825
1d,6953572314787,no-sampling,no-sampling,production,1000,100.0,0.4,0.0,true,false,false,ok,2.265,0.625,0.625,1.1520737327188941,false,1234261665
4c,7348709305951,no-sampling,no-sampling,production,1000,100.0,0.4,0.0,true,false,false,ok,1.929,2061.41,2061.41,0.6115847486088546,false,-1125545911
13d,209465575315058,no-sampling,no-sampling,production,1000,100.0,0.4,0.0,true,false,false,ok,4.001,4270.293,4270.293,1.32981677503255,false,-1402813810
13b,209456985380464,no-sampling,no-sampling,production,1000,100.0,0.4,0.0,true,false,false,ok,4.504,1440.74,1440.74,2.7500181331623086,false,-1402813810
28c,214254463871533,production-floor,full,production,1000,100.0,0.4,0.0,true,true,false,ok,126.994,392.525,392.525,0.8584350359152904,false,-127293549
22d,213459894921940,no-sampling,no-sampling,production,1000,100.0,0.4,0.0,true,false,false,ok,12.697,15810.337,15810.337,34.881039657859816,true,-1065531287
29b,214383312890379,no-sampling,no-sampling,production,1000,100.0,0.4,0.0,true,false,false,ok,529.526,513.96,513.96,146.09437180216034,true,-609415370
29c,214387607857676,no-sampling,no-sampling,production,1000,100.0,0.4,0.0,true,false,false,ok,607.497,143.096,143.096,1.3945347522706897,false,1519204498
21b,213318161001203,production-floor,full,production,1000,100.0,0.4,0.0,true,true,false,ok,47.02,17.289,17.289,1.0520582955548117,false,405046416
16c,209860712306222,production-floor,full,production,1000,100.0,0.4,0.0,true,true,false,ok,167.346,359.299,359.299,0.7864850281771686,false,719404660
24b,213717592959632,no-sampling,no-sampling,production,1000,100.0,0.4,0.0,true,false,false,ok,28.924,988.089,988.089,357.42051003798156,true,-70091638
6f,7627882180096,no-sampling,no-sampling,production,1000,100.0,0.4,0.0,true,false,false,ok,1.955,1661.561,1661.561,1.00944922790449,false,-1261445935
7b,7743846297595,production-floor,full,production,1000,100.0,0.4,0.0,true,true,false,ok,268.655,1.294,1.294,0.9732982324182025,false,-377469187
28b,214250168904236,no-sampling,no-sampling,production,1000,100.0,0.4,0.0,true,false,false,ok,263.077,292.516,292.516,1.1350587870086533,false,1222793645
10b,209057553422035,no-sampling,no-sampling,production,1000,100.0,0.4,0.0,true,false,false,ok,2.699,88.835,88.835,1.0001970332423227,false,-1532910689
12c,209328136361618,no-sampling,no-sampling,production,1000,100.0,0.4,0.0,true,false,false,ok,3.879,3281.796,3281.796,8.569161373709942,false,-515552557
6e,7623587212831,no-sampling,no-sampling,production,1000,100.0,0.4,0.0,true,false,false,ok,2.701,4.101,4.101,0.9158106297454222,false,-1397154297
10a,209053258454738,no-sampling,no-sampling,production,1000,100.0,0.4,0.0,true,false,false,ok,2.106,297.457,297.457,0.811278814788955,false,-1532910689
22b,213451304987346,no-sampling,no-sampling,production,1000,100.0,0.4,0.0,true,false,false,ok,10.651,116.095,116.095,0.27267997712302017,false,-1719071238
11d,209199287342772,production-floor,full,production,1000,100.0,0.4,0.0,true,true,false,ok,26.486,202.62,202.62,0.6777336629126292,false,588364050
14b,209590129366639,production-floor,full,production,1000,100.0,0.4,0.0,true,true,false,ok,26.573,35.541,35.541,0.9661030770903556,false,1313982226
33a,217707617578737,no-sampling,no-sampling,production,1000,100.0,0.4,0.0,true,false,false,ok,77.693,8.411,8.411,1.5781968289708226,false,1266302631
26a,213979585964653,no-sampling,no-sampling,production,1000,100.0,0.4,0.0,true,false,false,ok,21.652,311.654,311.654,0.9221842155098949,false,-2024555218
7c,7748141264892,production-floor,full,production,1000,100.0,0.4,0.0,true,true,false,ok,445.462,1747.464,1747.464,0.9778700237071914,false,-1004347469
20b,213185017014548,production-floor,full,production,1000,100.0,0.4,0.0,true,true,false,ok,135.305,320.14,320.14,0.9974389491590905,false,-56865338
1c,6949277347490,no-sampling,no-sampling,production,1000,100.0,0.4,0.0,true,false,false,ok,1.692,7.163,7.163,5.537688442211056,false,958676468
12a,209319546427024,production-floor,full,production,1000,100.0,0.4,0.0,true,true,false,ok,35.968,228.507,228.507,1.3810908167829123,false,1128872642
6d,7619292245534,production-floor,full,production,1000,100.0,0.4,0.0,true,true,false,ok,94.007,1102.484,1102.484,0.9474971531701868,false,1250717231
33b,217711912546034,no-sampling,no-sampling,production,1000,100.0,0.4,0.0,true,false,false,ok,47.961,71.783,71.783,13.962847695000972,true,491952308
23b,213584448973489,no-sampling,no-sampling,production,1000,100.0,0.4,0.0,true,false,false,ok,66.285,72.028,72.028,0.665361095202025,false,-976682035
17e,210002446226959,no-sampling,no-sampling,production,1000,100.0,0.4,0.0,true,false,false,ok,3.095,5916.341,5916.341,1.4493757644091703,false,-2049997972
26a,213979585964653,production-floor,full,production,1000,100.0,0.4,0.0,true,true,false,ok,228.791,340.71,340.71,1.0081609222611494,false,-2144714912
2a,7073831399071,no-sampling,no-sampling,production,1000,100.0,0.4,0.0,true,false,false,ok,1.531,120.03,120.03,0.9438658158270327,false,-813469563
32a,217574473592082,no-sampling,no-sampling,production,1000,100.0,0.4,0.0,true,false,false,ok,1.536,0.235,0.235,0.5245535714285714,false,957982218
13a,209452690413199,production-floor,full,production,1000,100.0,0.4,0.0,true,true,false,ok,71.514,953.679,953.679,0.9118383839156466,false,-1937147173
8a,7872695316441,no-sampling,no-sampling,production,1000,100.0,0.4,0.0,true,false,false,ok,2.39,266.815,266.815,3.4565782058673022,false,-487903307
19c,210260144265163,no-sampling,no-sampling,production,1000,100.0,0.4,0.0,true,false,false,ok,5.152,19616.047,19616.047,24.006191223002123,true,-1294825545
15a,209718978385485,production-floor,full,production,1000,100.0,0.4,0.0,true,true,false,ok,97.533,476.604,476.604,0.8407679043162642,false,-197612404
5b,7477558324797,no-sampling,no-sampling,production,1000,100.0,0.4,0.0,true,false,false,ok,1.854,279.072,279.072,1.090125,false,677486420
2d,7086716300930,no-sampling,no-sampling,production,1000,100.0,0.4,0.0,true,false,false,ok,1.183,137.27,137.27,0.9798281178620375,false,-813469563
1c,6949277347490,production-floor,full,production,1000,100.0,0.4,0.0,true,true,false,ok,13.903,1.18,1.18,0.9122535755701585,false,686382736
1a,6940687412896,no-sampling,no-sampling,production,1000,100.0,0.4,0.0,true,false,false,ok,1.681,8.323,8.323,0.9202277627287303,false,958676468
11a,209186402440881,no-sampling,no-sampling,production,1000,100.0,0.4,0.0,true,false,false,ok,3.542,49.393,49.393,3.0312682193378135,false,1643046009
3b,7211270352511,production-floor,full,production,1000,100.0,0.4,0.0,true,true,false,ok,15.951,6.958,6.958,0.9261280447224811,false,129508754
12c,209328136361618,production-floor,full,production,1000,100.0,0.4,0.0,true,true,false,ok,33.781,353.805,353.805,0.9238271177810706,false,-1953493739
9a,8005839302584,production-floor,full,production,1000,100.0,0.4,0.0,true,true,false,ok,223.847,622.979,622.979,1.1409788206679805,false,1514154397
20a,213180722047251,production-floor,full,production,1000,100.0,0.4,0.0,true,true,false,ok,129.695,732.947,732.947,0.7121393562202778,false,-1591323648
13d,209465575315058,production-floor,full,production,1000,100.0,0.4,0.0,true,true,false,ok,77.165,2680.241,2680.241,0.8346568825441292,false,-2119720580
18c,210127000279020,no-sampling,no-sampling,production,1000,100.0,0.4,0.0,true,false,false,ok,3.252,11542.292,11542.292,11.061821771360938,true,-961604879
27b,214117024918093,no-sampling,no-sampling,production,1000,100.0,0.4,0.0,true,false,false,ok,35.207,12.924,12.924,1.5612466779415317,false,1021059939
21b,213318161001203,no-sampling,no-sampling,production,1000,100.0,0.4,0.0,true,false,false,ok,6.15,14.245,14.245,0.8668269084492042,false,1875661095
21c,213322455968500,no-sampling,no-sampling,production,1000,100.0,0.4,0.0,true,false,false,ok,7.74,33.071,33.071,0.6239870187454598,false,1875661095
2c,7082421333633,production-floor,full,production,1000,100.0,0.4,0.0,true,true,false,ok,56.141,0.288,0.288,0.8275862068965517,false,-26625759
10a,209053258454738,production-floor,full,production,1000,100.0,0.4,0.0,true,true,false,ok,202.588,287.143,287.143,0.7831485986712194,false,1718403736
24a,213713297992367,no-sampling,no-sampling,production,1000,100.0,0.4,0.0,true,false,false,ok,26.863,624.848,624.848,4.762161709003055,false,-352090006
6a,7606407343643,no-sampling,no-sampling,production,1000,100.0,0.4,0.0,true,false,false,ok,1.474,4.078,4.078,0.9485926959758083,false,-1397154297
26c,213988175899247,production-floor,full,production,1000,100.0,0.4,0.0,true,true,false,ok,150.829,1157.546,1157.546,3.940897399451531,false,-824637688
32b,217578768559379,production-floor,full,production,1000,100.0,0.4,0.0,true,true,false,ok,76.274,51.741,51.741,0.9897847919655668,false,-239234728
8d,7885580218332,no-sampling,no-sampling,production,1000,100.0,0.4,0.0,true,false,false,timeout,,,30000.0,52.45548496407236,true,
30b,217312480587093,no-sampling,no-sampling,production,1000,100.0,0.4,0.0,true,false,true,timeout,,,30000.0,786.5242183915581,true,
12a,209319546427024,no-sampling,no-sampling,production,1000,100.0,0.4,0.0,true,false,true,ok,12.801,1791.168,1791.168,10.825776348713237,true,-515552557
11b,209190697408178,no-sampling,no-sampling,production,1000,100.0,0.4,0.0,true,false,false,ok,10.698,7.663,7.663,3.3683516483516485,false,762399165
28b,214250168904236,production-floor,full,production,1000,100.0,0.4,0.0,true,true,false,ok,362.47,300.24,300.24,1.1650304605952428,false,-1614013504
10c,209061848389332,no-sampling,no-sampling,production,1000,100.0,0.4,0.0,true,false,false,timeout,,,30000.0,8.584061857894289,true,
28c,214254463871533,no-sampling,no-sampling,production,1000,100.0,0.4,0.0,true,false,true,ok,70.255,1273.46,1273.46,2.785001416054228,false,1914702639
22a,213447010020049,production-floor,full,production,1000,100.0,0.4,0.0,true,true,false,ok,195.547,513.995,513.995,1.1882326831895804,false,-1072711187
6b,7610702310940,no-sampling,no-sampling,production,1000,100.0,0.4,0.0,true,false,false,ok,4.911,10.463,10.463,2.1205918119173086,false,1956036293
20b,213185017014548,no-sampling,no-sampling,production,1000,100.0,0.4,0.0,true,false,false,ok,10.613,1072.641,1072.641,3.341956368666696,false,203442306
3b,7211270352511,no-sampling,no-sampling,production,1000,100.0,0.4,0.0,true,false,false,ok,3.129,8.854,8.854,1.1784906162651403,false,129508754
6f,7627882180096,production-floor,full,production,1000,100.0,0.4,0.0,true,true,false,ok,124.201,1689.657,1689.657,1.0265184089379906,false,1250717231
16a,209852122371628,no-sampling,no-sampling,production,1000,100.0,0.4,0.0,true,false,false,ok,3.686,177.063,177.063,4.0574486124796625,false,1108344190
27c,214121319885390,production-floor,full,production,1000,100.0,0.4,0.0,true,true,false,ok,227.502,36.7,36.7,1.1171483798304491,false,-622492985
14a,209585834399342,production-floor,full,production,1000,100.0,0.4,0.0,true,true,false,ok,88.114,455.762,455.762,0.9374077014525066,false,-1633330344
30c,217316775554390,no-sampling,no-sampling,production,1000,100.0,0.4,0.0,true,false,false,timeout,,,30000.0,25.650968131664712,true,
19c,210260144265163,production-floor,full,production,1000,100.0,0.4,0.0,true,true,true,ok,35.134,676.608,676.608,0.8280353850606608,false,204487702
17c,209993856292365,no-sampling,no-sampling,production,1000,100.0,0.4,0.0,true,false,false,ok,4.257,92.9,92.9,1.6867294878079782,false,-99220691
32b,217578768559379,no-sampling,no-sampling,production,1000,100.0,0.4,0.0,true,false,false,ok,3.131,163.349,163.349,3.1248015303682446,false,-119481243
16d,209865007273519,no-sampling,no-sampling,production,1000,100.0,0.4,0.0,true,false,false,ok,38.191,467.584,467.584,1.5353577808132817,false,2025501659
29c,214387607857676,production-floor,full,production,1000,100.0,0.4,0.0,true,true,false,ok,1109.286,99.204,99.204,0.9667875102327214,false,-839131028
10c,209061848389332,production-floor,full,production,1000,100.0,0.4,0.0,true,true,false,ok,114.714,3430.303,3430.303,0.9815311047773451,false,1698543765
25a,213846441978510,production-floor,full,production,1000,100.0,0.4,0.0,true,true,false,ok,192.843,1011.085,1011.085,1.1163026659284159,false,1296202811
11a,209186402440881,production-floor,full,production,1000,100.0,0.4,0.0,true,true,false,ok,31.625,18.792,18.792,1.1532725766362886,false,-1055439248
17f,210006741194736,no-sampling,no-sampling,production,1000,100.0,0.4,0.0,true,false,false,ok,2.675,4977.8,4977.8,2.6473470288611245,false,1840011406
17b,209989561325068,production-floor,full,production,1000,100.0,0.4,0.0,true,true,false,ok,34.211,835.897,835.897,1.0255524065417694,false,-138391054
8c,7881285251035,production-floor,full,production,1000,100.0,0.4,0.0,true,true,false,ok,83.356,5887.801,5887.801,0.9694809816491367,false,1588336649
28a,214245873936939,production-floor,full,production,1000,100.0,0.4,0.0,true,true,false,ok,181.936,1135.239,1135.239,0.990391301047849,false,-1614013504
13c,209461280347761,production-floor,full,production,1000,100.0,0.4,0.0,true,true,false,ok,90.403,969.787,969.787,1.1765247530878427,false,1004522218
6c,7614997278237,production-floor,full,production,1000,100.0,0.4,0.0,true,true,false,ok,92.074,0.662,0.662,0.9895366218236173,false,-224470636
11c,209194992375475,no-sampling,no-sampling,production,1000,100.0,0.4,0.0,true,false,false,ok,4.825,2135.409,2135.409,5.201381573098296,false,-1039926098
15d,209731863287344,production-floor,full,production,1000,100.0,0.4,0.0,true,true,false,ok,172.025,658.054,658.054,1.1720167452844887,false,-704972777
27b,214117024918093,production-floor,full,production,1000,100.0,0.4,0.0,true,true,false,ok,177.008,8.768,8.768,1.0591930417975357,false,1367252878
18a,210118410344426,production-floor,full,production,1000,100.0,0.4,0.0,true,true,false,ok,100.971,1650.391,1650.391,1.1409310556988104,false,33748592
19d,210264439232460,production-floor,full,production,1000,100.0,0.4,0.0,true,true,false,ok,81.385,3236.469,3236.469,1.0641116563509483,false,-1675841368
9d,8018724204475,no-sampling,no-sampling,production,1000,100.0,0.4,0.0,true,false,false,ok,3.719,4585.795,4585.795,2.849418052112631,false,2086476890
20c,213189311981845,production-floor,full,production,1000,100.0,0.4,0.0,true,true,false,ok,138.738,1143.523,1143.523,3.160776205790447,false,216174188
6c,7614997278237,no-sampling,no-sampling,production,1000,100.0,0.4,0.0,true,false,false,ok,1.653,0.496,0.496,0.7414050822122571,false,-1397154297
33a,217707617578737,production-floor,full,production,1000,100.0,0.4,0.0,true,true,false,ok,143.123,4.666,4.666,0.8755042686931231,false,14380942
11c,209194992375475,production-floor,full,production,1000,100.0,0.4,0.0,true,true,false,ok,34.574,536.933,536.933,1.307849415352463,false,-358111285
8b,7876990283738,no-sampling,no-sampling,production,1000,100.0,0.4,0.0,true,false,false,ok,4.482,131.842,131.842,0.6190927873779114,false,1175150577
5a,7473263357500,no-sampling,no-sampling,production,1000,100.0,0.4,0.0,true,false,false,ok,2.523,164.351,164.351,1.031723661702161,false,1516290568
15d,209731863287344,no-sampling,no-sampling,production,1000,100.0,0.4,0.0,true,false,false,ok,3.562,11886.398,11886.398,21.17008254203463,true,-241594924
9b,8010134269881,no-sampling,no-sampling,production,1000,100.0,0.4,0.0,true,false,false,ok,4.304,2374.719,2374.719,4.493017025346453,false,-1366607982
6d,7619292245534,no-sampling,no-sampling,production,1000,100.0,0.4,0.0,true,false,false,ok,1.651,1197.17,1197.17,1.0288722256837766,false,-1261445935
1b,6944982380193,production-floor,full,production,1000,100.0,0.4,0.0,true,true,false,ok,26.706,0.464,0.464,0.8352835283528354,false,1003820838
27c,214121319885390,no-sampling,no-sampling,production,1000,100.0,0.4,0.0,true,false,false,ok,44.246,36.574,36.574,1.113312938526399,false,-829331469
25b,213850736945807,production-floor,full,production,1000,100.0,0.4,0.0,true,true,false,ok,138.37,1.189,1.189,0.8385049365303244,false,-1701088130
31a,217441329605939,production-floor,full,production,1000,100.0,0.4,0.0,true,true,false,ok,166.361,192.055,192.055,0.9969451344062996,false,-1860427610
12b,209323841394321,no-sampling,no-sampling,production,1000,100.0,0.4,0.0,true,false,false,ok,4.258,2.326,2.326,1.1365746396286343,false,1748720315
2a,7073831399071,production-floor,full,production,1000,100.0,0.4,0.0,true,true,false,ok,13.142,127.6,127.6,1.003393135878775,false,321836810
17d,209998151259662,production-floor,full,production,1000,100.0,0.4,0.0,true,true,false,ok,76.51,1722.135,1722.135,0.918847870035369,false,-2143655902
9d,8018724204475,production-floor,full,production,1000,100.0,0.4,0.0,true,true,false,ok,70.925,1136.705,1136.705,0.7063001610247924,false,260928115
29b,214383312890379,production-floor,full,production,1000,100.0,0.4,0.0,true,true,false,ok,925.297,2.962,2.962,0.8419556566230814,false,-665152500
9a,8005839302584,no-sampling,no-sampling,production,1000,100.0,0.4,0.0,true,false,false,ok,4.097,587.867,587.867,1.0766715994754616,false,-1811363958
1b,6944982380193,no-sampling,no-sampling,production,1000,100.0,0.4,0.0,true,false,false,ok,1.45,0.519,0.519,0.9342934293429344,false,1234261665
23c,213588743940786,no-sampling,no-sampling,production,1000,100.0,0.4,0.0,true,false,false,timeout,,,30000.0,22.01573905184817,true,
4b,7344414338654,production-floor,full,production,1000,100.0,0.4,0.0,true,true,true,ok,11.247,26.234,26.234,1.1169345396487496,false,261415237
16d,209865007273519,production-floor,full,production,1000,100.0,0.4,0.0,true,true,false,ok,197.346,380.905,380.905,1.2507388094987917,false,719404660
19b,210255849297866,production-floor,full,production,1000,100.0,0.4,0.0,true,true,false,ok,425.992,170.04,170.04,1.0126310899898165,false,910037442
27a,214112729950796,no-sampling,no-sampling,production,1000,100.0,0.4,0.0,true,false,false,ok,99.704,43.664,43.664,1.9748976684230763,false,-1578205233
23a,213580154006192,production-floor,full,production,1000,100.0,0.4,0.0,true,true,false,ok,135.208,471.642,471.642,0.9941224267832697,false,-71625942
2d,7086716300930,production-floor,full,production,1000,100.0,0.4,0.0,true,true,false,ok,28.249,164.269,164.269,1.1725459684787574,false,321836810
20a,213180722047251,no-sampling,no-sampling,production,1000,100.0,0.4,0.0,true,false,false,ok,7.573,1105.642,1105.642,1.0742539120701777,false,2087169786
19b,210255849297866,no-sampling,no-sampling,production,1000,100.0,0.4,0.0,true,false,false,ok,7.715,157.341,157.341,0.9370053418612547,false,-167141638
5c,7481853292094,no-sampling,no-sampling,production,1000,100.0,0.4,0.0,true,false,false,ok,2.915,681.311,681.311,1.132065533456292,false,1437004065
19d,210264439232460,no-sampling,no-sampling,production,1000,100.0,0.4,0.0,true,false,false,ok,18.674,15615.991,15615.991,5.134347972611973,false,-1228936107
5c,7481853292094,production-floor,full,production,1000,100.0,0.4,0.0,true,true,false,ok,49.331,765.432,765.432,1.2718408852998357,false,-761671341
8b,7876990283738,production-floor,full,production,1000,100.0,0.4,0.0,true,true,false,ok,132.574,211.229,211.229,0.9918717129977461,false,-1718178947
5b,7477558324797,production-floor,full,production,1000,100.0,0.4,0.0,true,true,false,ok,31.764,231.669,231.669,0.90495703125,false,2137438787
13a,209452690413199,no-sampling,no-sampling,production,1000,100.0,0.4,0.0,true,false,false,ok,4.487,887.764,887.764,0.8488152628489147,false,-1379658100
15c,209727568320079,production-floor,full,production,1000,100.0,0.4,0.0,true,true,false,ok,106.868,1014.71,1014.71,1.0619197670853118,false,-1098297468
26c,213988175899247,no-sampling,no-sampling,production,1000,100.0,0.4,0.0,true,false,false,ok,14.614,557.626,557.626,1.8984531528479724,false,2002976144
9b,8010134269881,production-floor,full,production,1000,100.0,0.4,0.0,true,true,false,ok,233.763,499.036,499.036,0.9441863413148219,false,983461370
13c,209461280347761,no-sampling,no-sampling,production,1000,100.0,0.4,0.0,true,false,false,ok,4.837,1522.091,1522.091,1.8465680999562042,false,-1402813810
16b,209856417338925,no-sampling,no-sampling,production,1000,100.0,0.4,0.0,true,false,false,ok,2.415,7217.458,7217.458,1.7753451519819903,false,-222209972
30b,217312480587093,production-floor,full,production,1000,100.0,0.4,0.0,true,true,false,ok,304.276,36.694,36.694,0.962023988988661,false,352978464
23a,213580154006192,no-sampling,no-sampling,production,1000,100.0,0.4,0.0,true,false,false,timeout,,,30000.0,63.23370862539402,true,
3c,7215565319776,no-sampling,no-sampling,production,1000,100.0,0.4,0.0,true,false,true,ok,4.959,1286.617,1286.617,0.9478501450008859,false,-1572305105
6b,7610702310940,production-floor,full,production,1000,100.0,0.4,0.0,true,true,false,ok,115.179,8.229,8.229,1.6678151601134983,false,1482096114
14c,209594424333904,production-floor,full,production,1000,100.0,0.4,0.0,true,true,false,ok,138.216,510.756,510.756,1.0064812096156006,false,1171118565
1a,6940687412896,production-floor,full,production,1000,100.0,0.4,0.0,true,true,false,ok,40.842,12.182,12.182,1.3468959035878159,false,686382736
31b,217445624573236,production-floor,full,production,1000,100.0,0.4,0.0,true,true,false,ok,295.306,430.545,430.545,51.291994281629734,true,1092791141
29a,214379017923082,no-sampling,no-sampling,production,1000,100.0,0.4,0.0,true,false,false,ok,668.844,607.817,607.817,21.69767607896334,true,-980331532
8c,7881285251035,no-sampling,no-sampling,production,1000,100.0,0.4,0.0,true,false,false,timeout,,,30000.0,4.939777932283055,true,
31c,217449919540533,production-floor,full,production,1000,100.0,0.4,0.0,true,true,true,ok,94.895,191.696,191.696,0.7619562452302213,false,415261907
25c,213855031913072,no-sampling,no-sampling,production,1000,100.0,0.4,0.0,true,false,false,ok,11.346,11452.088,11452.088,11.13259910459673,true,-1785408503
31c,217449919540533,no-sampling,no-sampling,production,1000,100.0,0.4,0.0,true,false,false,ok,29.52,22250.328,22250.328,88.44095013991351,true,-1849236590
17b,209989561325068,no-sampling,no-sampling,production,1000,100.0,0.4,0.0,true,false,false,ok,5.239,2410.882,2410.882,2.9578833719803206,false,-2143655902
4b,7344414338654,no-sampling,no-sampling,production,1000,100.0,0.4,0.0,true,false,false,ok,3.672,135.93,135.93,5.787333688131986,false,611794456
24b,213717592959632,production-floor,full,production,1000,100.0,0.4,0.0,true,true,false,ok,551.522,4.09,4.09,1.4794718755652017,false,-870534348
23c,213588743940786,production-floor,full,production,1000,100.0,0.4,0.0,true,true,false,ok,133.736,1981.343,1981.343,1.4540243486735336,false,-71625942
1d,6953572314787,production-floor,full,production,1000,100.0,0.4,0.0,true,true,false,ok,63.758,0.609,0.609,1.1225806451612903,false,1003820838
6e,7623587212831,production-floor,full,production,1000,100.0,0.4,0.0,true,true,false,ok,136.707,4.309,4.309,0.9622599374720858,false,-224470636
21a,213313866033906,no-sampling,no-sampling,production,1000,100.0,0.4,0.0,true,false,false,ok,11.843,51.372,51.372,1.4577752553916006,false,1875661095
18b,210122705311723,no-sampling,no-sampling,production,1000,100.0,0.4,0.0,true,false,false,ok,4.416,1871.847,1871.847,1.9259904433432657,false,1807679118
10b,209057553422035,production-floor,full,production,1000,100.0,0.4,0.0,true,true,false,ok,323.475,144.24,144.24,1.6240042784361193,false,1718403736
17a,209985266357771,no-sampling,no-sampling,production,1000,100.0,0.4,0.0,true,false,false,ok,2.456,5389.982,5389.982,2.831766749903725,false,-2049997972
7a,7739551330298,no-sampling,no-sampling,production,1000,100.0,0.4,0.0,true,false,false,ok,21.322,30.164,30.164,2.7334843679202536,false,-1169423559
8d,7885580218332,production-floor,full,production,1000,100.0,0.4,0.0,true,true,false,ok,174.06,756.952,756.952,1.32354280848415,false,1504554646
6a,7606407343643,production-floor,full,production,1000,100.0,0.4,0.0,true,true,false,ok,115.671,4.822,4.822,1.1216561991160734,false,-224470636
25b,213850736945807,no-sampling,no-sampling,production,1000,100.0,0.4,0.0,true,false,false,ok,17.258,5.66,5.66,3.9915373765867423,false,106978077
26b,213983880931950,production-floor,full,production,1000,100.0,0.4,0.0,true,true,false,ok,304.481,624.42,624.42,3.41784623468751,false,1839472673
32a,217574473592082,production-floor,full,production,1000,100.0,0.4,0.0,true,true,false,ok,86.505,0.454,0.454,1.0133928571428572,false,1765267761
19a,210251554330569,no-sampling,no-sampling,production,1000,100.0,0.4,0.0,true,false,false,ok,6.441,7638.245,7638.245,10.769376642566293,true,1270559632
16b,209856417338925,production-floor,full,production,1000,100.0,0.4,0.0,true,true,false,ok,138.393,4044.686,4044.686,0.9949089667566378,false,-32917605
31a,217441329605939,no-sampling,no-sampling,production,1000,100.0,0.4,0.0,true,false,false,ok,22.166,19756.959,19756.959,102.55710158920492,true,-1795126799
16a,209852122371628,production-floor,full,production,1000,100.0,0.4,0.0,true,true,false,ok,295.835,50.599,50.599,1.1594903641238343,false,719404660
7b,7743846297595,no-sampling,no-sampling,production,1000,100.0,0.4,0.0,true,false,false,ok,6.463,28.714,28.714,21.5975930801053,true,1766386416
15b,209723273352782,no-sampling,no-sampling,production,1000,100.0,0.4,0.0,true,false,false,ok,4.88,16.835,16.835,1.3190472459453106,false,527170132
16c,209860712306222,no-sampling,no-sampling,production,1000,100.0,0.4,0.0,true,false,false,ok,2.723,725.436,725.436,1.587938048535433,false,2025501659
30a,217308185619796,production-floor,full,production,1000,100.0,0.4,0.0,true,true,false,ok,312.886,1233.806,1233.806,1.3295158519048524,false,204795277
2b,7078126366336,no-sampling,no-sampling,production,1000,100.0,0.4,0.0,true,false,false,ok,2.098,1286.385,1286.385,10.244039371207414,true,-1566201251
14a,209585834399342,no-sampling,no-sampling,production,1000,100.0,0.4,0.0,true,false,false,ok,6.098,282.682,282.682,0.5814181170479273,false,555945203
33c,217716207513331,no-sampling,no-sampling,production,1000,100.0,0.4,0.0,true,false,false,ok,56.778,56.644,56.644,6.943794054551027,false,-1229604950
13b,209456985380464,production-floor,full,production,1000,100.0,0.4,0.0,true,true,false,ok,80.395,503.81,503.81,0.9616493160934678,false,-2119720580
14b,209590129366639,no-sampling,no-sampling,production,1000,100.0,0.4,0.0,true,false,false,ok,6.023,37.49,37.49,1.0190823094487333,false,-1877309394
28a,214245873936939,no-sampling,no-sampling,production,1000,100.0,0.4,0.0,true,false,false,ok,66.845,773.687,773.687,0.6749705344282633,false,1222793645
33c,217716207513331,production-floor,full,production,1000,100.0,0.4,0.0,true,true,false,ok,168.882,7.606,7.606,0.9323935029114313,false,1026233334
11b,209190697408178,production-floor,full,production,1000,100.0,0.4,0.0,true,true,false,ok,31.189,2.275,2.275,1.0,false,898037380
17a,209985266357771,production-floor,full,production,1000,100.0,0.4,0.0,true,true,false,ok,182.369,2422.643,2422.643,1.2727982939993139,false,-1125412742
4a,7340119371357,production-floor,full,production,1000,100.0,0.4,0.0,true,true,false,ok,26.847,719.491,719.491,0.9439271402454502,false,1427000343
2b,7078126366336,production-floor,full,production,1000,100.0,0.4,0.0,true,true,false,ok,57.306,128.214,128.214,1.021023460270438,false,321836810
7a,7739551330298,production-floor,full,production,1000,100.0,0.4,0.0,true,true,false,ok,222.472,8.399,8.399,0.7611236973266877,false,-2009290410
7c,7748141264892,no-sampling,no-sampling,production,1000,100.0,0.4,0.0,true,false,false,ok,4.294,15316.2,15316.2,8.570850590973025,false,1134307114
25c,213855031913072,production-floor,full,production,1000,100.0,0.4,0.0,true,true,false,ok,184.141,1006.164,1006.164,0.9780941646167464,false,-472157051
20c,213189311981845,no-sampling,no-sampling,production,1000,100.0,0.4,0.0,true,false,false,ok,8.405,1263.091,1263.091,3.491270379824509,false,-249267488
23b,213584448973489,production-floor,full,production,1000,100.0,0.4,0.0,true,true,false,ok,71.939,72.014,72.014,0.6652317697267538,false,1055741165
18c,210127000279020,production-floor,full,production,1000,100.0,0.4,0.0,true,true,false,ok,153.67,613.188,613.188,0.5876628635228835,false,-852311855
5a,7473263357500,production-floor,full,production,1000,100.0,0.4,0.0,true,true,false,ok,48.233,177.235,177.235,1.1126037759537972,false,414652499
25a,213846441978510,no-sampling,no-sampling,production,1000,100.0,0.4,0.0,true,false,false,ok,8.508,1756.47,1756.47,1.9392554964451896,false,-1295408368
22d,213459894921940,production-floor,full,production,1000,100.0,0.4,0.0,true,true,false,ok,79.884,490.84,490.84,1.0828997197000867,false,-697127982
14c,209594424333904,no-sampling,no-sampling,production,1000,100.0,0.4,0.0,true,false,false,ok,4.619,1113.762,1113.762,2.1947476387627174,false,-452716964
17f,210006741194736,production-floor,full,production,1000,100.0,0.4,0.0,true,true,false,ok,95.127,1870.232,1870.232,0.9946468577445855,false,-806828271
24a,213713297992367,production-floor,full,production,1000,100.0,0.4,0.0,true,true,false,ok,206.326,126.76,126.76,0.9660775392307047,false,369835801
4a,7340119371357,no-sampling,no-sampling,production,1000,100.0,0.4,0.0,true,false,false,ok,1.587,727.977,727.977,0.9550602408848229,false,-1202259619
9c,8014429237178,production-floor,full,production,1000,100.0,0.4,0.0,true,true,false,ok,156.735,965.175,965.175,1.2583275751926262,false,-1283145132
22c,213455599954643,production-floor,full,production,1000,100.0,0.4,0.0,true,true,false,ok,65.921,448.73,448.73,1.0263136828863857,false,-1072711187
22c,213455599954643,no-sampling,no-sampling,production,1000,100.0,0.4,0.0,true,false,false,ok,12.292,7607.397,7607.397,17.399272685688146,true,-1719071238
22a,213447010020049,no-sampling,no-sampling,production,1000,100.0,0.4,0.0,true,false,false,ok,10.914,1133.75,1133.75,2.6209570220842355,false,-1719071238
15c,209727568320079,no-sampling,no-sampling,production,1000,100.0,0.4,0.0,true,false,false,timeout,,,30000.0,31.395761362910932,true,
33b,217711912546034,production-floor,full,production,1000,100.0,0.4,0.0,true,true,true,ok,109.087,7.24,7.24,1.4082863256175842,false,-1215026023
21a,213313866033906,production-floor,full,production,1000,100.0,0.4,0.0,true,true,false,ok,291.644,442.325,442.325,12.55178774120318,true,405046416
3c,7215565319776,production-floor,full,production,1000,100.0,0.4,0.0,true,true,false,ok,142.154,1853.418,1853.418,1.3654121778643156,false,-1572305105
15a,209718978385485,no-sampling,no-sampling,production,1000,100.0,0.4,0.0,true,false,false,ok,9.942,28393.336,28393.336,50.088135234424264,true,506230201
4c,7348709305951,production-floor,full,production,1000,100.0,0.4,0.0,true,true,false,ok,34.796,3225.737,3225.737,0.9570204628013258,false,464932698
12b,209323841394321,production-floor,full,production,1000,100.0,0.4,0.0,true,true,false,ok,129.527,2.29,2.29,1.1189836305888101,false,466548996
18b,210122705311723,production-floor,full,production,1000,100.0,0.4,0.0,true,true,false,ok,265.641,1264.788,1264.788,1.3013721745715556,false,-2103027714
17c,209993856292365,production-floor,full,production,1000,100.0,0.4,0.0,true,true,false,ok,151.628,61.174,61.174,1.1106995660620587,false,-99220691
22b,213451304987346,production-floor,full,production,1000,100.0,0.4,0.0,true,true,false,ok,171.324,402.238,402.238,0.9447628979543424,false,-1072711187
2c,7082421333633,no-sampling,no-sampling,production,1000,100.0,0.4,0.0,true,false,false,ok,2.155,0.645,0.645,1.8534482758620692,false,-26625759
26b,213983880931950,no-sampling,no-sampling,production,1000,100.0,0.4,0.0,true,false,false,ok,18.236,54.708,54.708,0.299451541922559,false,-1048805790
27a,214112729950796,production-floor,full,production,1000,100.0,0.4,0.0,true,true,false,ok,202.416,22.691,22.691,1.0263009113729393,false,1608906155
21c,213322455968500,production-floor,full,production,1000,100.0,0.4,0.0,true,true,false,ok,131.866,49.251,49.251,0.9292729176690346,false,405046416
17e,210002446226959,production-floor,full,production,1000,100.0,0.4,0.0,true,true,false,ok,192.034,6288.923,6288.923,1.5406503074172722,false,-1125412742
31b,217445624573236,no-sampling,no-sampling,production,1000,100.0,0.4,0.0,true,false,false,ok,26.757,3731.649,3731.649,444.56147248034307,true,1223952466
25a,213846441978511,production-floor,full,production,1000,100.0,0.4,0.0,true,true,false,ok,256.131,857.951,857.951,0.9472329117096489,false,1296202811
12a,209319546427025,no-sampling,no-sampling,production,1000,100.0,0.4,0.0,true,false,false,ok,5.175,4809.095,4809.095,29.06605461336686,true,-515552557
10a,209053258454739,production-floor,full,production,1000,100.0,0.4,0.0,true,true,false,ok,244.191,582.891,582.891,1.589766317925444,false,1718403736
5b,7477558324796,no-sampling,no-sampling,production,1000,100.0,0.4,0.0,true,false,false,ok,2.159,390.151,390.151,1.52402734375,false,677486420
10b,209057553422034,production-floor,full,production,1000,100.0,0.4,0.0,true,true,false,ok,210.646,84.204,84.204,0.9480564078025163,false,1718403736
5a,7473263357501,production-floor,full,production,1000,100.0,0.4,0.0,true,true,false,ok,41.361,156.018,156.018,0.979412734035374,false,414652499
5a,7473263357501,no-sampling,no-sampling,production,1000,100.0,0.4,0.0,true,false,false,ok,1.571,239.471,239.471,1.5032941508812128,false,1516290568
13c,209461280347760,no-sampling,no-sampling,production,1000,100.0,0.4,0.0,true,false,false,ok,4.383,1497.106,1497.106,1.8162568347444623,false,-1402813810
26b,213983880931951,no-sampling,no-sampling,production,1000,100.0,0.4,0.0,true,false,false,ok,14.736,49.164,49.164,0.2691057177575618,false,-1048805790
31b,217445624573237,production-floor,full,production,1000,100.0,0.4,0.0,true,true,false,ok,183.202,8.152,8.152,0.9711698832499404,false,1092791141
15b,209723273352783,no-sampling,no-sampling,production,1000,100.0,0.4,0.0,true,false,false,ok,5.639,9.044,9.044,0.7086108281751939,false,527170132
8c,7881285251034,no-sampling,no-sampling,production,1000,100.0,0.4,0.0,true,false,false,timeout,,,30000.0,4.939777932283055,true,
20b,213185017014549,no-sampling,no-sampling,production,1000,100.0,0.4,0.0,true,false,true,ok,17.341,1045.272,1045.272,3.2566845919454637,false,203442306
6e,7623587212830,production-floor,full,production,1000,100.0,0.4,0.0,true,true,false,ok,210.632,4.537,4.537,1.0131755247878518,false,-224470636
14c,209594424333905,production-floor,full,production,1000,100.0,0.4,0.0,true,true,false,ok,307.676,1203.887,1203.887,2.3723453938876813,false,1171118565
16c,209860712306223,no-sampling,no-sampling,production,1000,100.0,0.4,0.0,true,false,false,ok,6.442,646.06,646.06,1.4141885095815505,false,2025501659
1a,6940687412897,production-floor,full,production,1000,100.0,0.4,0.0,true,true,false,ok,51.327,9.135,9.135,1.0100060810437284,false,686382736
8b,7876990283739,production-floor,full,production,1000,100.0,0.4,0.0,true,true,false,ok,108.356,445.897,445.897,2.0938063486100673,false,-1718178947
17e,210002446226958,production-floor,full,production,1000,100.0,0.4,0.0,true,true,false,ok,159.436,3681.762,3681.762,0.9019521716416676,false,-1125412742
26a,213979585964652,production-floor,full,production,1000,100.0,0.4,0.0,true,true,false,ok,363.83,1351.966,1351.966,4.000467522014961,false,-2144714912
19c,210260144265162,no-sampling,no-sampling,production,1000,100.0,0.4,0.0,true,false,false,ok,10.515,23198.075,23198.075,28.389890402258164,true,-1294825545
29c,214387607857677,no-sampling,no-sampling,production,1000,100.0,0.4,0.0,true,false,false,ok,706.036,159.132,159.132,1.5508127704362065,false,1519204498
2a,7073831399070,production-floor,full,production,1000,100.0,0.4,0.0,true,true,false,ok,94.558,124.572,124.572,0.9795822078580781,false,321836810
1d,6953572314786,no-sampling,no-sampling,production,1000,100.0,0.4,0.0,true,false,false,ok,2.067,0.6,0.6,1.1059907834101383,false,1234261665
29a,214379017923083,production-floor,full,production,1000,100.0,0.4,0.0,true,true,false,ok,961.143,27.741,27.741,0.9902902223967445,false,-858518681
21c,213322455968501,no-sampling,no-sampling,production,1000,100.0,0.4,0.0,true,false,false,ok,11.764,43.703,43.703,0.8245926848366495,false,1875661095
16a,209852122371629,no-sampling,no-sampling,production,1000,100.0,0.4,0.0,true,false,false,ok,3.506,122.801,122.801,2.8140195696510006,false,1108344190
32b,217578768559378,production-floor,full,production,1000,100.0,0.4,0.0,true,true,false,ok,88.698,55.897,55.897,1.0692874222859876,false,-239234728
25c,213855031913073,no-sampling,no-sampling,production,1000,100.0,0.4,0.0,true,false,false,ok,10.198,10059.987,10059.987,9.779334761351357,false,-1785408503
28c,214254463871532,no-sampling,no-sampling,production,1000,100.0,0.4,0.0,true,false,false,ok,66.206,1142.313,1142.313,2.49818865341444,false,1914702639
23b,213584448973488,production-floor,full,production,1000,100.0,0.4,0.0,true,true,false,ok,114.876,46.068,46.068,0.42555471391357363,false,1055741165
24b,213717592959633,no-sampling,no-sampling,production,1000,100.0,0.4,0.0,true,false,false,ok,36.487,869.259,869.259,314.43624525230604,true,-70091638
6a,7606407343642,production-floor,full,production,1000,100.0,0.4,0.0,true,true,false,ok,122.498,7.072,7.072,1.6450337287741335,false,-224470636
15d,209731863287345,production-floor,full,production,1000,100.0,0.4,0.0,true,true,false,ok,101.256,612.091,612.091,1.0901550657513335,false,-704972777
16b,209856417338924,no-sampling,no-sampling,production,1000,100.0,0.4,0.0,true,false,false,ok,3.102,7308.283,7308.283,1.7976862204618853,false,-222209972
26a,213979585964652,no-sampling,no-sampling,production,1000,100.0,0.4,0.0,true,false,false,ok,24.143,416.767,416.767,1.233213592462835,false,-2024555218
4b,7344414338655,no-sampling,no-sampling,production,1000,100.0,0.4,0.0,true,false,false,ok,2.445,48.995,48.995,2.086003193187866,false,611794456
1a,6940687412897,no-sampling,no-sampling,production,1000,100.0,0.4,0.0,true,false,false,ok,1.525,8.04,8.04,0.8889380286361878,false,958676468
13b,209456985380465,production-floor,full,production,1000,100.0,0.4,0.0,true,true,false,ok,90.497,1202.374,1202.374,2.2950360945367643,false,1004522218
13a,209452690413198,no-sampling,no-sampling,production,1000,100.0,0.4,0.0,true,false,false,ok,3.404,820.742,820.742,0.7847337090275613,false,-1379658100
11d,209199287342773,production-floor,full,production,1000,100.0,0.4,0.0,true,true,false,ok,80.456,312.13,312.13,1.0440282706787036,false,588364050
3a,7206975385215,no-sampling,no-sampling,production,1000,100.0,0.4,0.0,true,false,false,ok,3.516,205.585,205.585,1.164955843478803,false,-1613518825
19b,210255849297867,no-sampling,no-sampling,production,1000,100.0,0.4,0.0,true,false,false,ok,7.191,176.357,176.357,1.0502504183564696,false,-167141638
16d,209865007273518,no-sampling,no-sampling,production,1000,100.0,0.4,0.0,true,false,false,ok,3.768,477.945,477.945,1.5693791373331933,false,2025501659
17a,209985266357770,production-floor,full,production,1000,100.0,0.4,0.0,true,true,false,ok,124.765,2073.19,2073.19,1.0892041027656314,false,-1125412742
7b,7743846297594,no-sampling,no-sampling,production,1000,100.0,0.4,0.0,true,false,false,ok,15.283,28.712,28.712,21.596088755171117,true,1766386416
9a,8005839302585,no-sampling,no-sampling,production,1000,100.0,0.4,0.0,true,false,false,ok,3.999,665.714,665.714,1.219247478040454,false,-1811363958
2c,7082421333632,no-sampling,no-sampling,production,1000,100.0,0.4,0.0,true,false,false,ok,1.724,0.241,0.241,0.692528735632184,false,-26625759
13c,209461280347760,production-floor,full,production,1000,100.0,0.4,0.0,true,true,false,ok,28.978,556.611,556.611,0.6752685067349605,false,1004522218
26c,213988175899246,no-sampling,no-sampling,production,1000,100.0,0.4,0.0,true,false,false,ok,14.468,356.819,356.819,1.2148001627364233,false,2002976144
32b,217578768559378,no-sampling,no-sampling,production,1000,100.0,0.4,0.0,true,false,false,ok,1.441,165.834,165.834,3.172338593974175,false,-119481243
12c,209328136361619,no-sampling,no-sampling,production,1000,100.0,0.4,0.0,true,false,false,ok,6.005,3379.891,3379.891,8.82529913637224,false,-515552557
15a,209718978385484,production-floor,full,production,1000,100.0,0.4,0.0,true,true,false,ok,87.144,507.145,507.145,0.8946446921017697,false,196157638
18c,210127000279021,no-sampling,no-sampling,production,1000,100.0,0.4,0.0,true,false,false,ok,6.087,11373.718,11373.718,10.900264990152719,true,-961604879
17d,209998151259663,no-sampling,no-sampling,production,1000,100.0,0.4,0.0,true,false,false,ok,2.047,1573.353,1573.353,0.8394649971481667,false,-2143655902
7b,7743846297594,production-floor,full,production,1000,100.0,0.4,0.0,true,true,false,ok,291.892,1.287,1.287,0.9680330951485521,false,-377469187
2b,7078126366337,production-floor,full,production,1000,100.0,0.4,0.0,true,true,false,ok,19.194,119.481,119.481,0.951478809307659,false,321836810
11c,209194992375474,no-sampling,no-sampling,production,1000,100.0,0.4,0.0,true,false,false,ok,3.125,2064.632,2064.632,5.028984536465418,false,-1039926098
13d,209465575315059,no-sampling,no-sampling,production,1000,100.0,0.4,0.0,true,false,false,ok,4.315,4147.191,4147.191,1.2914814419207339,false,-1402813810
22c,213455599954642,no-sampling,no-sampling,production,1000,100.0,0.4,0.0,true,false,false,ok,16.489,7553.051,7553.051,17.274975127222827,true,-1719071238
16a,209852122371629,production-floor,full,production,1000,100.0,0.4,0.0,true,true,false,ok,186.71,42.975,42.975,0.9847842526180711,false,719404660
1d,6953572314786,production-floor,full,production,1000,100.0,0.4,0.0,true,true,false,ok,23.72,0.521,0.521,0.9603686635944702,false,1003820838
8d,7885580218333,no-sampling,no-sampling,production,1000,100.0,0.4,0.0,true,false,false,timeout,,,30000.0,52.45548496407236,true,
20a,213180722047250,production-floor,full,production,1000,100.0,0.4,0.0,true,true,true,ok,28.614,774.887,774.887,0.7528887209081453,false,-1591323648
11a,209186402440880,no-sampling,no-sampling,production,1000,100.0,0.4,0.0,true,false,false,ok,9.802,78.12,78.12,4.794255730461199,false,1643046009
11c,209194992375474,production-floor,full,production,1000,100.0,0.4,0.0,true,true,false,ok,98.532,483.78,483.78,1.178380524496007,false,212006990
30b,217312480587092,production-floor,full,production,1000,100.0,0.4,0.0,true,true,false,ok,637.356,399.627,399.627,10.477210460772106,true,352978464
24a,213713297992366,no-sampling,no-sampling,production,1000,100.0,0.4,0.0,true,false,false,ok,60.77,872.802,872.802,6.651896563550312,false,-352090006
10b,209057553422034,no-sampling,no-sampling,production,1000,100.0,0.4,0.0,true,false,false,ok,4.154,163.606,163.606,1.8420468939116728,false,-1532910689
23b,213584448973488,no-sampling,no-sampling,production,1000,100.0,0.4,0.0,true,false,false,ok,16.021,127.82,127.82,1.1807415892253403,false,-976682035
32a,217574473592083,no-sampling,no-sampling,production,1000,100.0,0.4,0.0,true,false,false,ok,3.113,0.326,0.326,0.7276785714285714,false,957982218
18c,210127000279021,production-floor,full,production,1000,100.0,0.4,0.0,true,true,false,ok,412.927,1444.917,1444.917,1.3847695352369818,false,-852311855
25a,213846441978511,no-sampling,no-sampling,production,1000,100.0,0.4,0.0,true,false,false,ok,7.032,2147.825,2147.825,2.371336508253707,false,-1295408368
28a,214245873936938,production-floor,full,production,1000,100.0,0.4,0.0,true,true,false,ok,284.049,1276.387,1276.387,1.1135299100634852,false,-1614013504
28c,214254463871532,production-floor,full,production,1000,100.0,0.4,0.0,true,true,false,ok,217.564,202.069,202.069,0.4419160799245062,false,-127293549
31c,217449919540532,production-floor,full,production,1000,100.0,0.4,0.0,true,true,false,ok,284.128,302.991,302.991,1.2043333439328414,false,415261907
10c,209061848389333,no-sampling,no-sampling,production,1000,100.0,0.4,0.0,true,false,false,timeout,,,30000.0,8.584061857894289,true,
11b,209190697408179,production-floor,full,production,1000,100.0,0.4,0.0,true,true,true,ok,23.182,5.247,5.247,2.3063736263736265,false,898037380
30a,217308185619797,no-sampling,no-sampling,production,1000,100.0,0.4,0.0,true,false,false,ok,111.512,9578.255,9578.255,10.321267570498856,true,-1836210057
10a,209053258454739,no-sampling,no-sampling,production,1000,100.0,0.4,0.0,true,false,false,ok,7.207,304.205,304.205,0.8296831873274929,false,-1532910689
29b,214383312890378,production-floor,full,production,1000,100.0,0.4,0.0,true,true,false,ok,1097.942,5.395,5.395,1.5335417851051734,false,-665152500
8b,7876990283739,no-sampling,no-sampling,production,1000,100.0,0.4,0.0,true,false,false,ok,5.193,186.056,186.056,0.8736664162283997,false,1175150577
33c,217716207513330,no-sampling,no-sampling,production,1000,100.0,0.4,0.0,true,false,false,ok,63.579,52.851,52.851,6.47882316886301,false,-1229604950
6f,7627882180097,no-sampling,no-sampling,production,1000,100.0,0.4,0.0,true,false,false,ok,2.624,1611.978,1611.978,0.9793260358777223,false,-1261445935
7a,7739551330299,production-floor,full,production,1000,100.0,0.4,0.0,true,true,false,ok,176.429,9.874,9.874,0.8947893067512461,false,-2009290410
20b,213185017014549,production-floor,full,production,1000,100.0,0.4,0.0,true,true,false,ok,130.839,320.765,320.765,0.9993862201755971,false,-56865338
14b,209590129366638,no-sampling,no-sampling,production,1000,100.0,0.4,0.0,true,false,false,ok,5.241,44.147,44.147,1.2000380558877897,false,-1877309394
22b,213451304987347,production-floor,full,production,1000,100.0,0.4,0.0,true,true,false,ok,79.282,500.406,500.406,1.17533654879385,false,-1072711187
19b,210255849297867,production-floor,full,production,1000,100.0,0.4,0.0,true,true,false,ok,52.468,165.798,165.798,0.9873689100101836,false,825922194
13d,209465575315059,production-floor,full,production,1000,100.0,0.4,0.0,true,true,false,ok,91.611,3225.117,3225.117,1.0043373342397472,false,-2119720580
21b,213318161001202,no-sampling,no-sampling,production,1000,100.0,0.4,0.0,true,false,false,ok,8.076,16.478,16.478,1.0027078832871876,false,1875661095
24a,213713297992366,production-floor,full,production,1000,100.0,0.4,0.0,true,true,false,ok,276.934,128.17,128.17,0.9768235894856374,false,916074739
33a,217707617578736,production-floor,full,production,1000,100.0,0.4,0.0,true,true,false,ok,143.639,4.543,4.543,0.8524251805985552,false,14380942
28a,214245873936938,no-sampling,no-sampling,production,1000,100.0,0.4,0.0,true,false,false,ok,62.448,776.781,776.781,0.6776697640049797,false,1222793645
7c,7748141264893,production-floor,full,production,1000,100.0,0.4,0.0,true,true,false,ok,304.032,1626.809,1626.809,0.910352233520732,false,-1004347469
15d,209731863287345,no-sampling,no-sampling,production,1000,100.0,0.4,0.0,true,false,false,ok,3.601,10768.521,10768.521,19.179105261798682,true,-241594924
31b,217445624573237,no-sampling,no-sampling,production,1000,100.0,0.4,0.0,true,false,false,ok,24.806,3414.928,3414.928,406.8296402192042,true,1223952466
8a,7872695316440,production-floor,full,production,1000,100.0,0.4,0.0,true,true,false,ok,79.633,72.229,72.229,0.9357239556681197,false,-1424306548
30a,217308185619797,production-floor,full,production,1000,100.0,0.4,0.0,true,true,false,ok,139.717,987.562,987.562,1.0641700022036364,false,204795277
5c,7481853292095,no-sampling,no-sampling,production,1000,100.0,0.4,0.0,true,false,false,ok,2.778,706.108,706.108,1.1732681986607514,false,1437004065
14c,209594424333905,no-sampling,no-sampling,production,1000,100.0,0.4,0.0,true,false,false,ok,4.741,1031.601,1031.601,2.0328435149477704,false,-452716964
3c,7215565319777,production-floor,full,production,1000,100.0,0.4,0.0,true,true,false,ok,26.254,1299.456,1299.456,0.9573086303245419,false,-1572305105
29c,214387607857677,production-floor,full,production,1000,100.0,0.4,0.0,true,true,false,ok,1081.283,65.644,65.644,0.6397302459751297,false,-839131028
6e,7623587212830,no-sampling,no-sampling,production,1000,100.0,0.4,0.0,true,false,false,ok,2.676,4.535,4.535,1.0127288968289416,false,-1397154297
33b,217711912546035,no-sampling,no-sampling,production,1000,100.0,0.4,0.0,true,false,false,ok,48.336,74.023,74.023,14.398560591324644,true,491952308
16c,209860712306223,production-floor,full,production,1000,100.0,0.4,0.0,true,true,false,ok,104.773,384.68,384.68,0.8420425902638005,false,719404660
1c,6949277347491,no-sampling,no-sampling,production,1000,100.0,0.4,0.0,true,false,false,ok,1.95,6.866,6.866,5.308078855817549,false,958676468
12b,209323841394320,no-sampling,no-sampling,production,1000,100.0,0.4,0.0,true,false,false,ok,3.98,1.759,1.759,0.8595162472514047,false,1748720315
21a,213313866033907,no-sampling,no-sampling,production,1000,100.0,0.4,0.0,true,false,false,ok,8.121,25.471,25.471,0.7227866061293985,false,1875661095
11a,209186402440880,production-floor,full,production,1000,100.0,0.4,0.0,true,true,false,ok,25.752,15.617,15.617,0.9584215532848508,false,-1055439248
8c,7881285251034,production-floor,full,production,1000,100.0,0.4,0.0,true,true,false,ok,71.791,6152.908,6152.908,1.0131333052589289,false,1588336649
17c,209993856292364,production-floor,full,production,1000,100.0,0.4,0.0,true,true,false,ok,32.189,93.461,93.461,1.6969152277720283,false,-99220691
6c,7614997278236,no-sampling,no-sampling,production,1000,100.0,0.4,0.0,true,false,false,ok,1.506,0.504,0.504,0.7533632286995515,false,-1397154297
17e,210002446226958,no-sampling,no-sampling,production,1000,100.0,0.4,0.0,true,false,false,ok,1.253,6707.32,6707.32,1.643148535917202,false,-2049997972
26c,213988175899246,production-floor,full,production,1000,100.0,0.4,0.0,true,true,false,ok,140.507,292.351,292.351,0.9953170721742847,false,279814670
12b,209323841394320,production-floor,full,production,1000,100.0,0.4,0.0,true,true,false,ok,33.466,1.394,1.394,0.6811629611531883,false,-1300552445
11d,209199287342773,no-sampling,no-sampling,production,1000,100.0,0.4,0.0,true,false,false,ok,3.517,2094.005,2094.005,7.004134235551081,false,-1039926098
22d,213459894921941,no-sampling,no-sampling,production,1000,100.0,0.4,0.0,true,false,false,ok,13.392,15916.314,15916.314,35.114847953016394,true,-1065531287
17a,209985266357770,no-sampling,no-sampling,production,1000,100.0,0.4,0.0,true,false,false,ok,3.532,5266.681,5266.681,2.766987373640524,false,-2049997972
33c,217716207513330,production-floor,full,production,1000,100.0,0.4,0.0,true,true,false,ok,158.658,9.642,9.642,1.1819797732148332,false,1026233334
27b,214117024918092,no-sampling,no-sampling,production,1000,100.0,0.4,0.0,true,false,false,ok,41.126,12.464,12.464,1.5056776999275188,false,1021059939
30c,217316775554391,no-sampling,no-sampling,production,1000,100.0,0.4,0.0,true,false,false,timeout,,,30000.0,25.650968131664712,true,
33a,217707617578736,no-sampling,no-sampling,production,1000,100.0,0.4,0.0,true,false,true,ok,82.445,10.398,10.398,1.9510273008725019,false,1266302631
4a,7340119371356,no-sampling,no-sampling,production,1000,100.0,0.4,0.0,true,false,false,ok,5.037,938.809,938.809,1.2316586233972222,false,-1202259619
32a,217574473592083,production-floor,full,production,1000,100.0,0.4,0.0,true,true,false,ok,99.035,0.901,0.901,2.0111607142857144,false,1765267761
27c,214121319885391,production-floor,full,production,1000,100.0,0.4,0.0,true,true,false,ok,278.183,421.481,421.481,12.82988600216124,true,-622492985
15a,209718978385484,no-sampling,no-sampling,production,1000,100.0,0.4,0.0,true,false,false,ok,9.803,27174.735,27174.735,47.93842476416446,true,506230201
6b,7610702310941,no-sampling,no-sampling,production,1000,100.0,0.4,0.0,true,false,false,ok,3.189,4.357,4.357,0.883056343737333,false,1956036293
19a,210251554330568,production-floor,full,production,1000,100.0,0.4,0.0,true,true,false,ok,294.814,1117.438,1117.438,1.5755072921483921,false,-1917738233
15b,209723273352783,production-floor,full,production,1000,100.0,0.4,0.0,true,true,false,ok,131.451,40.343,40.343,3.160933949698347,false,-1293176700
9c,8014429237179,production-floor,full,production,1000,100.0,0.4,0.0,true,true,false,ok,346.704,746.179,746.179,0.9728159263653312,false,-1283145132
19d,210264439232461,production-floor,full,production,1000,100.0,0.4,0.0,true,true,false,ok,288.355,3622.151,3622.151,1.1909192086076656,false,-1675841368
27b,214117024918092,production-floor,full,production,1000,100.0,0.4,0.0,true,true,false,ok,150.012,6.926,6.926,0.8366755254892486,false,1367252878
27c,214121319885391,no-sampling,no-sampling,production,1000,100.0,0.4,0.0,true,false,false,ok,48.623,37.041,37.041,1.1275284233596639,false,-829331469
31a,217441329605938,no-sampling,no-sampling,production,1000,100.0,0.4,0.0,true,false,false,ok,23.983,19010.956,19010.956,98.68464806754443,true,-1795126799
5b,7477558324796,production-floor,full,production,1000,100.0,0.4,0.0,true,true,false,ok,64.315,253.024,253.024,0.988375,false,2137438787
27a,214112729950797,production-floor,full,production,1000,100.0,0.4,0.0,true,true,false,ok,178.404,18.176,18.176,0.8220900517876931,false,1608906155
7c,7748141264893,no-sampling,no-sampling,production,1000,100.0,0.4,0.0,true,false,false,ok,5.908,15644.057,15644.057,8.754317336132049,false,1134307114
14b,209590129366638,production-floor,full,production,1000,100.0,0.4,0.0,true,true,false,ok,97.198,49.041,49.041,1.3330705664890725,false,1313982226
20c,213189311981844,production-floor,full,production,1000,100.0,0.4,0.0,true,true,false,ok,254.965,467.575,467.575,1.2924094525623608,false,216174188
17b,209989561325069,production-floor,full,production,1000,100.0,0.4,0.0,true,true,false,ok,142.235,779.413,779.413,0.9562528371796287,false,-138391054
19d,210264439232461,no-sampling,no-sampling,production,1000,100.0,0.4,0.0,true,false,false,ok,6.139,17022.937,17022.937,5.59693471095439,false,-1228936107
28b,214250168904237,no-sampling,no-sampling,production,1000,100.0,0.4,0.0,true,false,false,ok,55.493,376.316,376.316,1.4602304916378877,false,1222793645
19a,210251554330568,no-sampling,no-sampling,production,1000,100.0,0.4,0.0,true,false,false,ok,6.976,9544.852,9544.852,13.45755552297055,true,1270559632
22c,213455599954642,production-floor,full,production,1000,100.0,0.4,0.0,true,true,false,ok,151.052,586.405,586.405,1.3411973240322488,false,-1072711187
20a,213180722047250,no-sampling,no-sampling,production,1000,100.0,0.4,0.0,true,false,false,ok,6.364,1233.215,1233.215,1.1982052401895225,false,2087169786
1c,6949277347491,production-floor,full,production,1000,100.0,0.4,0.0,true,true,false,ok,23.108,1.468,1.468,1.134905295709316,false,686382736
28b,214250168904237,production-floor,full,production,1000,100.0,0.4,0.0,true,true,false,ok,175.459,253.198,253.198,0.9824919483139964,false,-1614013504
8a,7872695316440,no-sampling,no-sampling,production,1000,100.0,0.4,0.0,true,false,false,ok,5.455,243.01,243.01,3.1481853336874357,false,-487903307
4b,7344414338655,production-floor,full,production,1000,100.0,0.4,0.0,true,true,false,ok,39.761,38.539,38.539,1.6408302288451306,false,261415237
22b,213451304987347,no-sampling,no-sampling,production,1000,100.0,0.4,0.0,true,false,false,ok,15.553,139.03,139.03,0.32654892303211586,false,-1719071238
9b,8010134269880,no-sampling,no-sampling,production,1000,100.0,0.4,0.0,true,false,false,ok,4.196,2436.587,2436.587,4.610072549526002,false,-1366607982
14a,209585834399343,no-sampling,no-sampling,production,1000,100.0,0.4,0.0,true,false,false,ok,4.676,294.507,294.507,0.6057396841589983,false,555945203
33b,217711912546035,production-floor,full,production,1000,100.0,0.4,0.0,true,true,false,ok,175.145,6.178,6.178,1.2017117292355572,false,-1215026023
9b,8010134269880,production-floor,full,production,1000,100.0,0.4,0.0,true,true,false,ok,249.953,558.881,558.881,1.0574143080266132,false,-4751552
4a,7340119371356,production-floor,full,production,1000,100.0,0.4,0.0,true,true,false,ok,13.584,742.298,742.298,0.9738484961589752,false,1427000343
4c,7348709305950,production-floor,full,production,1000,100.0,0.4,0.0,true,true,false,ok,20.053,3448.199,3448.199,1.0230210965156392,false,464932698
3b,7211270352510,no-sampling,no-sampling,production,1000,100.0,0.4,0.0,true,false,false,ok,2.937,7.578,7.578,1.0086516704379076,false,129508754
23c,213588743940787,production-floor,full,production,1000,100.0,0.4,0.0,true,true,false,ok,71.783,1389.991,1389.991,1.0200559713472495,false,-71625942
7a,7739551330299,no-sampling,no-sampling,production,1000,100.0,0.4,0.0,true,false,false,ok,10.549,13.708,13.708,1.2422292705029452,false,-1169423559
12a,209319546427025,production-floor,full,production,1000,100.0,0.4,0.0,true,true,false,ok,52.569,170.522,170.522,1.03063087021166,false,1128872642
16b,209856417338924,production-floor,full,production,1000,100.0,0.4,0.0,true,true,false,ok,193.196,4189.916,4189.916,1.030632538188899,false,-32917605
31a,217441329605938,production-floor,full,production,1000,100.0,0.4,0.0,true,true,false,ok,324.884,185.049,185.049,0.9605774396748398,false,-1860427610
3c,7215565319777,no-sampling,no-sampling,production,1000,100.0,0.4,0.0,true,false,false,ok,2.284,1338.036,1338.036,0.9857304983661848,false,-1572305105
6f,7627882180097,production-floor,full,production,1000,100.0,0.4,0.0,true,true,false,ok,159.342,1594.385,1594.385,0.9686377492204621,false,1250717231
19c,210260144265162,production-floor,full,production,1000,100.0,0.4,0.0,true,true,false,ok,126.373,732.491,732.491,0.8964252081537146,false,204487702
5c,7481853292095,production-floor,full,production,1000,100.0,0.4,0.0,true,true,false,ok,24.924,551.994,551.994,0.9171925626838145,false,-761671341
25b,213850736945806,production-floor,full,production,1000,100.0,0.4,0.0,true,true,false,ok,163.932,1.227,1.227,0.8653032440056418,false,-1701088130
17f,210006741194737,production-floor,full,production,1000,100.0,0.4,0.0,true,true,false,ok,91.591,2038.981,2038.981,1.0843927623155378,false,-806828271
12c,209328136361619,production-floor,full,production,1000,100.0,0.4,0.0,true,true,false,ok,41.038,445.552,445.552,1.1633894941608842,false,-1953493739
9a,8005839302585,production-floor,full,production,1000,100.0,0.4,0.0,true,true,false,ok,220.672,472.874,472.874,0.866063252283866,false,1514154397
23a,213580154006193,no-sampling,no-sampling,production,1000,100.0,0.4,0.0,true,false,false,timeout,,,30000.0,63.23370862539402,true,
2d,7086716300931,production-floor,full,production,1000,100.0,0.4,0.0,true,true,true,ok,34.446,129.672,129.672,0.9255938784833256,false,321836810
6a,7606407343642,no-sampling,no-sampling,production,1000,100.0,0.4,0.0,true,false,false,ok,5.15,4.634,4.634,1.0779250988602,false,-1397154297
30c,217316775554391,production-floor,full,production,1000,100.0,0.4,0.0,true,true,false,ok,413.33,1202.39,1202.39,1.028082252394411,false,-1836733028
2c,7082421333632,production-floor,full,production,1000,100.0,0.4,0.0,true,true,false,ok,60.267,0.907,0.907,2.60632183908046,false,-26625759
9c,8014429237179,no-sampling,no-sampling,production,1000,100.0,0.4,0.0,true,false,false,ok,7.09,918.675,918.675,1.1977041315202794,false,2086476890
17d,209998151259663,production-floor,full,production,1000,100.0,0.4,0.0,true,true,false,ok,87.07,1958.758,1958.758,1.0450984482719063,false,-2143655902
21b,213318161001202,production-floor,full,production,1000,100.0,0.4,0.0,true,true,false,ok,58.088,397.057,397.057,24.161438524964247,true,405046416
29b,214383312890378,no-sampling,no-sampling,production,1000,100.0,0.4,0.0,true,false,false,ok,666.706,559.047,559.047,158.91046048891417,true,-609415370
18b,210122705311722,no-sampling,no-sampling,production,1000,100.0,0.4,0.0,true,false,false,ok,6.275,1090.795,1090.795,1.1223464020545577,false,1807679118
6c,7614997278236,production-floor,full,production,1000,100.0,0.4,0.0,true,true,false,ok,79.559,0.628,0.628,0.9387144992526157,false,-224470636
16d,209865007273518,production-floor,full,production,1000,100.0,0.4,0.0,true,true,false,ok,155.995,275.051,275.051,0.9031568508983924,false,719404660
6b,7610702310941,production-floor,full,production,1000,100.0,0.4,0.0,true,true,false,ok,68.388,4.869,4.869,0.9868261045804622,false,1482096114
17b,209989561325069,no-sampling,no-sampling,production,1000,100.0,0.4,0.0,true,false,false,ok,1.998,1553.989,1553.989,1.906571214742292,false,-2143655902
23a,213580154006193,production-floor,full,production,1000,100.0,0.4,0.0,true,true,false,ok,81.654,477.219,477.219,1.0058775732167304,false,-71625942
22d,213459894921941,production-floor,full,production,1000,100.0,0.4,0.0,true,true,false,ok,70.889,442.08,442.08,0.9753245621485909,false,-697127982
20c,213189311981844,no-sampling,no-sampling,production,1000,100.0,0.4,0.0,true,false,false,ok,8.417,963.999,963.999,2.6645595249118608,false,-249267488
6d,7619292245535,production-floor,full,production,1000,100.0,0.4,0.0,true,true,false,ok,78.919,1180.37,1180.37,1.0144339642910858,false,1250717231
4c,7348709305950,no-sampling,no-sampling,production,1000,100.0,0.4,0.0,true,false,false,ok,2.55,2177.932,2177.932,0.6461548137959843,false,-1125545911
18a,210118410344427,production-floor,full,production,1000,100.0,0.4,0.0,true,true,false,ok,115.674,1405.022,1405.022,0.9713051232950578,false,-574815707
8d,7885580218333,production-floor,full,production,1000,100.0,0.4,0.0,true,true,false,ok,122.659,562.106,562.106,0.982851427707162,false,1504554646
11b,209190697408179,no-sampling,no-sampling,production,1000,100.0,0.4,0.0,true,false,false,ok,4.333,2.375,2.375,1.043956043956044,false,762399165
17f,210006741194737,no-sampling,no-sampling,production,1000,100.0,0.4,0.0,true,false,false,ok,1.638,5062.924,5062.924,2.692618588281907,false,1840011406
23c,213588743940787,no-sampling,no-sampling,production,1000,100.0,0.4,0.0,true,false,false,timeout,,,30000.0,22.01573905184817,true,
29a,214379017923083,no-sampling,no-sampling,production,1000,100.0,0.4,0.0,true,false,true,ok,568.654,631.685,631.685,22.54970906364902,true,-980331532
14a,209585834399343,production-floor,full,production,1000,100.0,0.4,0.0,true,true,false,ok,80.578,498.819,498.819,1.0259670008268305,false,-1633330344
2a,7073831399070,no-sampling,no-sampling,production,1000,100.0,0.4,0.0,true,false,false,ok,2.064,192.653,192.653,1.51494277277785,false,-813469563
26b,213983880931951,production-floor,full,production,1000,100.0,0.4,0.0,true,true,false,ok,199.862,99.71,99.71,0.5457759970223433,false,1839472673
3b,7211270352510,production-floor,full,production,1000,100.0,0.4,0.0,true,true,false,ok,29.03,8.009,8.009,1.0660189005723413,false,129508754
15c,209727568320078,no-sampling,no-sampling,production,1000,100.0,0.4,0.0,true,false,false,timeout,,,30000.0,31.395761362910932,true,
21a,213313866033907,production-floor,full,production,1000,100.0,0.4,0.0,true,true,true,ok,46.133,32.707,32.707,0.9281214528944383,false,405046416
10c,209061848389333,production-floor,full,production,1000,100.0,0.4,0.0,true,true,false,ok,332.085,2828.176,2828.176,0.8092412576337347,false,1698543765
18b,210122705311722,production-floor,full,production,1000,100.0,0.4,0.0,true,true,false,ok,360.362,1069.349,1069.349,1.100280073424098,false,-2103027714
13b,209456985380465,no-sampling,no-sampling,production,1000,100.0,0.4,0.0,true,false,false,ok,35.788,1841.434,1841.434,3.51484437929231,false,-1402813810
2d,7086716300931,no-sampling,no-sampling,production,1000,100.0,0.4,0.0,true,false,false,ok,2.285,142.82,142.82,1.0194438099588852,false,-813469563
25c,213855031913073,production-floor,full,production,1000,100.0,0.4,0.0,true,true,false,ok,398.416,989.564,989.564,0.9619572693067988,false,-472157051
30b,217312480587092,no-sampling,no-sampling,production,1000,100.0,0.4,0.0,true,false,false,timeout,,,30000.0,786.5242183915581,true,
3a,7206975385215,production-floor,full,production,1000,100.0,0.4,0.0,true,true,true,ok,23.826,183.71,183.71,1.041000257827618,false,-1613518825
1b,6944982380192,production-floor,full,production,1000,100.0,0.4,0.0,true,true,false,ok,51.606,1.394,1.394,2.5094509450945095,false,1003820838
17c,209993856292364,no-sampling,no-sampling,production,1000,100.0,0.4,0.0,true,false,false,ok,5.962,91.718,91.718,1.665268623926503,false,-99220691
24b,213717592959633,production-floor,full,production,1000,100.0,0.4,0.0,true,true,false,ok,734.249,7.436,7.436,2.6898173268222103,false,-870534348
15c,209727568320078,production-floor,full,production,1000,100.0,0.4,0.0,true,true,false,ok,193.267,1867.922,1867.922,1.9548277785510437,false,-1098297468
21c,213322455968501,production-floor,full,production,1000,100.0,0.4,0.0,true,true,false,ok,154.673,59.606,59.606,1.1246521193596166,false,405046416
22a,213447010020048,no-sampling,no-sampling,production,1000,100.0,0.4,0.0,true,false,false,ok,22.192,1744.593,1744.593,4.033078962759871,false,-1719071238
9d,8018724204474,production-floor,full,production,1000,100.0,0.4,0.0,true,true,false,ok,282.857,1676.67,1676.67,1.041811455905832,false,260928115
2b,7078126366337,no-sampling,no-sampling,production,1000,100.0,0.4,0.0,true,false,false,ok,2.21,1172.523,1172.523,9.337307085861722,false,-1566201251
9d,8018724204474,no-sampling,no-sampling,production,1000,100.0,0.4,0.0,true,false,false,ok,3.996,5257.573,5257.573,3.2668323412843274,false,2086476890
6d,7619292245535,no-sampling,no-sampling,production,1000,100.0,0.4,0.0,true,false,false,ok,2.709,1151.686,1151.686,0.9897823518037084,false,-1261445935
1b,6944982380192,no-sampling,no-sampling,production,1000,100.0,0.4,0.0,true,false,false,ok,1.931,0.571,0.571,1.0279027902790279,false,1234261665
27a,214112729950797,no-sampling,no-sampling,production,1000,100.0,0.4,0.0,true,false,false,ok,46.253,37.092,37.092,1.6776498790112848,false,-1578205233
22a,213447010020048,production-floor,full,production,1000,100.0,0.4,0.0,true,true,false,ok,124.592,421.33,421.33,0.9740135145444331,false,-1072711187
25b,213850736945806,no-sampling,no-sampling,production,1000,100.0,0.4,0.0,true,false,false,ok,10.909,6.88,6.88,4.8519040902679835,false,106978077
13a,209452690413198,production-floor,full,production,1000,100.0,0.4,0.0,true,true,false,ok,142.863,2826.272,2826.272,2.7022753913906485,false,-1937147173
31c,217449919540532,no-sampling,no-sampling,production,1000,100.0,0.4,0.0,true,false,false,ok,29.866,25055.98,25055.98,99.59289938946833,true,-1849236590
18a,210118410344427,no-sampling,no-sampling,production,1000,100.0,0.4,0.0,true,false,false,ok,5.248,7207.77,7207.77,4.982800218453818,false,812001518
22d,213459894921942,no-sampling,no-sampling,production,1000,100.0,0.4,0.0,true,false,false,ok,13.588,17578.534,17578.534,38.78206654172122,true,-1065531287
28a,214245873936937,production-floor,full,production,1000,100.0,0.4,0.0,true,true,false,ok,421.598,1398.83,1398.83,1.2203501321261536,false,-1614013504
13c,209461280347763,no-sampling,no-sampling,production,1000,100.0,0.4,0.0,true,false,false,ok,5.326,1725.741,1725.741,2.0936319046538743,false,-1402813810
16c,209860712306220,no-sampling,no-sampling,production,1000,100.0,0.4,0.0,true,false,false,ok,3.857,1118.519,1118.519,2.4483743267632208,false,2025501659
8d,7885580218334,no-sampling,no-sampling,production,1000,100.0,0.4,0.0,true,false,false,timeout,,,30000.0,52.45548496407236,true,
16d,209865007273517,production-floor,full,production,1000,100.0,0.4,0.0,true,true,true,ok,29.971,284.809,284.809,0.9351981979615427,false,719404660
23a,213580154006194,no-sampling,no-sampling,production,1000,100.0,0.4,0.0,true,false,false,timeout,,,30000.0,63.23370862539402,true,
5a,7473263357502,no-sampling,no-sampling,production,1000,100.0,0.4,0.0,true,false,true,ok,5.202,167.027,167.027,1.0485224187448012,false,1516290568
30c,217316775554388,production-floor,full,production,1000,100.0,0.4,0.0,true,true,false,ok,778.357,1275.182,1275.182,1.0903217614690823,false,-1836733028
11c,209194992375473,no-sampling,no-sampling,production,1000,100.0,0.4,0.0,true,false,false,ok,11.887,2081.467,2081.467,5.069990853654823,false,-1039926098
6e,7623587212829,production-floor,full,production,1000,100.0,0.4,0.0,true,true,false,ok,135.943,4.419,4.419,0.9868244752121482,false,-224470636
17f,210006741194738,no-sampling,no-sampling,production,1000,100.0,0.4,0.0,true,false,false,ok,2.39,5391.757,5391.757,2.867502084111689,false,1840011406
26a,213979585964655,no-sampling,no-sampling,production,1000,100.0,0.4,0.0,true,false,false,ok,38.626,829.299,829.299,2.453895819524666,false,-2024555218
17a,209985266357769,no-sampling,no-sampling,production,1000,100.0,0.4,0.0,true,false,false,ok,4.147,5053.158,5053.158,2.654807531158733,false,-2049997972
20b,213185017014550,no-sampling,no-sampling,production,1000,100.0,0.4,0.0,true,false,false,ok,10.437,1110.409,1110.409,3.459627619468972,false,203442306
6b,7610702310942,no-sampling,no-sampling,production,1000,100.0,0.4,0.0,true,false,false,ok,3.254,9.385,9.385,1.9021078232671262,false,1956036293
2c,7082421333635,no-sampling,no-sampling,production,1000,100.0,0.4,0.0,true,false,false,ok,1.701,0.295,0.295,0.8477011494252874,false,-26625759
23b,213584448973491,no-sampling,no-sampling,production,1000,100.0,0.4,0.0,true,false,false,ok,12.97,488.427,488.427,4.511860993589152,false,-976682035
7c,7748141264894,no-sampling,no-sampling,production,1000,100.0,0.4,0.0,true,false,false,ok,7.281,15222.369,15222.369,8.51834334493278,false,1134307114
19c,210260144265161,production-floor,full,production,1000,100.0,0.4,0.0,true,true,false,ok,303.135,1277.57,1277.57,1.5634949141777048,false,204487702
2a,7073831399069,no-sampling,no-sampling,production,1000,100.0,0.4,0.0,true,false,false,ok,1.945,119.525,119.525,0.9398947066293933,false,-813469563
8c,7881285251033,no-sampling,no-sampling,production,1000,100.0,0.4,0.0,true,false,false,timeout,,,30000.0,4.939777932283055,true,
8d,7885580218334,production-floor,full,production,1000,100.0,0.4,0.0,true,true,true,ok,15.893,536.412,536.412,0.9379250533515996,false,1504554646
28c,214254463871535,no-sampling,no-sampling,production,1000,100.0,0.4,0.0,true,false,false,ok,167.016,2249.994,2249.994,4.920638634989333,false,1914702639
29c,214387607857678,no-sampling,no-sampling,production,1000,100.0,0.4,0.0,true,false,false,ok,696.413,222.292,222.292,2.166335321404904,false,1519204498
15a,209718978385487,no-sampling,no-sampling,production,1000,100.0,0.4,0.0,true,false,false,ok,6.875,29119.403,29119.403,51.36897599527226,true,506230201
21c,213322455968502,no-sampling,no-sampling,production,1000,100.0,0.4,0.0,true,false,false,ok,12.421,42.629,42.629,0.8043283427202144,false,1875661095
3c,7215565319778,no-sampling,no-sampling,production,1000,100.0,0.4,0.0,true,false,false,ok,2.462,1226.973,1226.973,0.9039104379641898,false,-1572305105
27a,214112729950798,no-sampling,no-sampling,production,1000,100.0,0.4,0.0,true,false,false,ok,38.814,36.162,36.162,1.6355865125850881,false,-1578205233
1a,6940687412898,no-sampling,no-sampling,production,1000,100.0,0.4,0.0,true,false,false,ok,2.557,9.278,9.278,1.0258167947371333,false,958676468
17d,209998151259660,no-sampling,no-sampling,production,1000,100.0,0.4,0.0,true,false,false,ok,2.589,2039.963,2039.963,1.0884255052600182,false,-2143655902
3c,7215565319778,production-floor,full,production,1000,100.0,0.4,0.0,true,true,false,ok,143.425,1262.897,1262.897,0.9303756320421569,false,-1572305105
25c,213855031913074,no-sampling,no-sampling,production,1000,100.0,0.4,0.0,true,false,false,ok,9.536,10913.754,10913.754,10.609283478103643,true,-1785408503
28a,214245873936937,no-sampling,no-sampling,production,1000,100.0,0.4,0.0,true,false,false,ok,64.707,821.283,821.283,0.7164936536698269,false,1222793645
15a,209718978385487,production-floor,full,production,1000,100.0,0.4,0.0,true,true,false,ok,210.965,1390.811,1390.811,2.4535028026831665,false,-197612404
14a,209585834399340,production-floor,full,production,1000,100.0,0.4,0.0,true,true,false,ok,151.685,449.657,449.657,0.9248509854091165,false,-1633330344
22d,213459894921942,production-floor,full,production,1000,100.0,0.4,0.0,true,true,false,ok,201.742,445.273,445.273,0.9823690141186879,false,-697127982
14b,209590129366637,production-floor,full,production,1000,100.0,0.4,0.0,true,true,false,ok,91.048,37.338,37.338,1.0149505273458739,false,1313982226
17b,209989561325070,production-floor,full,production,1000,100.0,0.4,0.0,true,true,false,ok,43.145,877.554,877.554,1.0766609002907725,false,-138391054
11c,209194992375473,production-floor,full,production,1000,100.0,0.4,0.0,true,true,false,ok,61.205,548.663,548.663,1.3364210875016593,false,-358111285
2a,7073831399069,production-floor,full,production,1000,100.0,0.4,0.0,true,true,false,ok,79.495,126.737,126.737,0.996606864121225,false,321836810
13b,209456985380466,no-sampling,no-sampling,production,1000,100.0,0.4,0.0,true,false,false,ok,4.377,1868.361,1868.361,3.5662413962916726,false,-1402813810
15d,209731863287346,no-sampling,no-sampling,production,1000,100.0,0.4,0.0,true,false,false,ok,4.213,12398.901,12398.901,22.08286796391268,true,-241594924
16a,209852122371630,no-sampling,no-sampling,production,1000,100.0,0.4,0.0,true,false,false,ok,3.871,229.199,229.199,5.252159765347511,false,1108344190
6c,7614997278239,no-sampling,no-sampling,production,1000,100.0,0.4,0.0,true,false,false,ok,1.793,0.507,0.507,0.757847533632287,false,-1397154297
7b,7743846297593,production-floor,full,production,1000,100.0,0.4,0.0,true,true,false,ok,127.003,2.092,2.092,1.5735238811583303,false,-377469187
18b,210122705311721,production-floor,full,production,1000,100.0,0.4,0.0,true,true,false,ok,201.171,946.714,946.714,0.9740978384340583,false,-2103027714
13d,209465575315056,no-sampling,no-sampling,production,1000,100.0,0.4,0.0,true,false,false,ok,5.155,4249.802,4249.802,1.3234356495366668,false,-1402813810
6f,7627882180098,no-sampling,no-sampling,production,1000,100.0,0.4,0.0,true,false,false,ok,2.551,1756.729,1756.729,1.0672667044348219,false,-1261445935
31c,217449919540535,production-floor,full,production,1000,100.0,0.4,0.0,true,true,false,ok,274.443,225.488,225.488,0.8962732129229204,false,415261907
21c,213322455968502,production-floor,full,production,1000,100.0,0.4,0.0,true,true,false,ok,101.122,45.374,45.374,0.8561212841630582,false,405046416
16a,209852122371630,production-floor,full,production,1000,100.0,0.4,0.0,true,true,false,ok,180.837,42.004,42.004,0.96253351360022,false,719404660
5c,7481853292092,no-sampling,no-sampling,production,1000,100.0,0.4,0.0,true,false,false,ok,2.212,696.363,696.363,1.1570759184487316,false,1437004065
5c,7481853292092,production-floor,full,production,1000,100.0,0.4,0.0,true,true,false,ok,54.152,614.073,614.073,1.0203429539903295,false,-761671341
11a,209186402440883,production-floor,full,production,1000,100.0,0.4,0.0,true,true,false,ok,40.461,15.002,15.002,0.9206787566356747,false,-1055439248
26a,213979585964655,production-floor,full,production,1000,100.0,0.4,0.0,true,true,false,ok,313.477,1222.819,1222.819,3.618321536786289,false,-2144714912
11a,209186402440883,no-sampling,no-sampling,production,1000,100.0,0.4,0.0,true,false,false,ok,3.543,49.013,49.013,3.0079474669366966,false,1643046009
23a,213580154006194,production-floor,full,production,1000,100.0,0.4,0.0,true,true,false,ok,60.363,417.86,417.86,0.8807612495402383,false,-71625942
13d,209465575315056,production-floor,full,production,1000,100.0,0.4,0.0,true,true,false,ok,51.951,2888.659,2888.659,0.8995605677523185,false,-2119720580
3b,7211270352509,production-floor,full,production,1000,100.0,0.4,0.0,true,true,false,ok,26.441,7.087,7.087,0.9432982829761746,false,129508754
21a,213313866033904,no-sampling,no-sampling,production,1000,100.0,0.4,0.0,true,false,false,ok,9.413,22.675,22.675,0.64344494892168,false,1875661095
2b,7078126366338,production-floor,full,production,1000,100.0,0.4,0.0,true,true,false,ok,23.365,126.522,126.522,1.0075493334607482,false,321836810
23c,213588743940784,no-sampling,no-sampling,production,1000,100.0,0.4,0.0,true,false,false,timeout,,,30000.0,22.01573905184817,true,
15d,209731863287346,production-floor,full,production,1000,100.0,0.4,0.0,true,true,true,ok,34.877,493.874,493.874,0.879606533902433,false,-704972777
31a,217441329605937,no-sampling,no-sampling,production,1000,100.0,0.4,0.0,true,false,false,ok,83.684,18809.439,18809.439,97.63858630060187,true,-1795126799
17b,209989561325070,no-sampling,no-sampling,production,1000,100.0,0.4,0.0,true,false,false,ok,4.486,2827.668,2827.668,3.469233317383783,false,-2143655902
10b,209057553422033,no-sampling,no-sampling,production,1000,100.0,0.4,0.0,true,false,false,ok,3.588,114.753,114.753,1.2920088946435107,false,-1532910689
15c,209727568320077,no-sampling,no-sampling,production,1000,100.0,0.4,0.0,true,false,false,timeout,,,30000.0,31.395761362910932,true,
27b,214117024918095,production-floor,full,production,1000,100.0,0.4,0.0,true,true,true,ok,95.681,8.393,8.393,1.0138922445035032,false,1367252878
26b,213983880931948,no-sampling,no-sampling,production,1000,100.0,0.4,0.0,true,false,false,ok,25.858,107.477,107.477,0.5882897084742794,false,-1048805790
19a,210251554330571,production-floor,full,production,1000,100.0,0.4,0.0,true,true,false,ok,654.669,1373.96,1373.96,1.937184881058461,false,1396323381
27c,214121319885388,production-floor,full,production,1000,100.0,0.4,0.0,true,true,false,ok,415.869,33.994,33.994,1.034777711824422,false,-622492985
12a,209319546427026,no-sampling,no-sampling,production,1000,100.0,0.4,0.0,true,false,false,ok,6.854,8068.699,8068.699,48.76702285831711,true,-515552557
10c,209061848389334,no-sampling,no-sampling,production,1000,100.0,0.4,0.0,true,false,false,timeout,,,30000.0,8.584061857894289,true,
20b,213185017014550,production-floor,full,production,1000,100.0,0.4,0.0,true,true,true,ok,42.672,326.633,326.633,1.0176687582953745,false,-56865338
3b,7211270352509,no-sampling,no-sampling,production,1000,100.0,0.4,0.0,true,false,false,ok,3.727,25.587,25.587,3.4056967922268067,false,129508754
25b,213850736945805,production-floor,full,production,1000,100.0,0.4,0.0,true,true,false,ok,213.003,4.683,4.683,3.3025387870239773,false,-1701088130
12b,209323841394323,production-floor,full,production,1000,100.0,0.4,0.0,true,true,false,ok,460.81,3.063,3.063,1.496701685805033,false,-1300552445
8b,7876990283736,no-sampling,no-sampling,production,1000,100.0,0.4,0.0,true,false,false,ok,5.47,323.931,323.931,1.521088467317806,false,1175150577
16b,209856417338927,production-floor,full,production,1000,100.0,0.4,0.0,true,true,false,ok,177.284,4093.328,4093.328,1.0068738910946398,false,-32917605
13c,209461280347763,production-floor,full,production,1000,100.0,0.4,0.0,true,true,false,ok,86.134,875.955,875.955,1.062689786614031,false,1004522218
3a,7206975385212,no-sampling,no-sampling,production,1000,100.0,0.4,0.0,true,false,false,ok,3.316,253.082,253.082,1.4340995441267719,false,-1613518825
1a,6940687412898,production-floor,full,production,1000,100.0,0.4,0.0,true,true,false,ok,43.208,9.242,9.242,1.0218364752059264,false,686382736
22b,213451304987344,no-sampling,no-sampling,production,1000,100.0,0.4,0.0,true,false,false,ok,19.849,155.563,155.563,0.3653810696514784,false,-1719071238
14c,209594424333906,no-sampling,no-sampling,production,1000,100.0,0.4,0.0,true,false,false,ok,7.202,1713.664,1713.664,3.3768974140190395,false,-452716964
22a,213447010020051,production-floor,full,production,1000,100.0,0.4,0.0,true,true,false,ok,109.919,509.403,509.403,1.1776170848253813,false,-1072711187
19b,210255849297864,no-sampling,no-sampling,production,1000,100.0,0.4,0.0,true,false,false,ok,9.77,161.376,161.376,0.961034784628303,false,-167141638
2c,7082421333635,production-floor,full,production,1000,100.0,0.4,0.0,true,true,false,ok,13.83,0.376,0.376,1.0804597701149425,false,-26625759
29b,214383312890377,production-floor,full,production,1000,100.0,0.4,0.0,true,true,false,ok,1112.37,3.994,3.994,1.1353041500852759,false,-665152500
6d,7619292245532,no-sampling,no-sampling,production,1000,100.0,0.4,0.0,true,false,false,ok,2.733,1113.337,1113.337,0.9568244419139292,false,-1261445935
18c,210127000279022,no-sampling,no-sampling,production,1000,100.0,0.4,0.0,true,false,false,ok,3.975,10939.342,10939.342,10.483970731286568,true,-961604879
31a,217441329605937,production-floor,full,production,1000,100.0,0.4,0.0,true,true,false,ok,218.793,186.803,186.803,0.9696823406966754,false,-1860427610
10a,209053258454736,production-floor,full,production,1000,100.0,0.4,0.0,true,true,false,ok,298.196,291.849,291.849,0.7959836575281192,false,1718403736
6c,7614997278239,production-floor,full,production,1000,100.0,0.4,0.0,true,true,false,ok,70.779,0.589,0.589,0.8804185351270553,false,-224470636
4c,7348709305949,no-sampling,no-sampling,production,1000,100.0,0.4,0.0,true,false,false,ok,1.881,2171.092,2171.092,0.6441255039156186,false,-1125545911
22c,213455599954641,no-sampling,no-sampling,production,1000,100.0,0.4,0.0,true,false,false,ok,13.788,8829.116,8829.116,20.193529647206816,true,-1719071238
6d,7619292245532,production-floor,full,production,1000,100.0,0.4,0.0,true,true,false,ok,85.093,1189.821,1189.821,1.0225563457447953,false,1250717231
19c,210260144265161,no-sampling,no-sampling,production,1000,100.0,0.4,0.0,true,false,false,ok,6.573,21525.754,21525.754,26.34329774716093,true,-1294825545
33a,217707617578739,production-floor,full,production,1000,100.0,0.4,0.0,true,true,false,ok,154.11,4.985,4.985,0.935359789848954,false,14380942
16c,209860712306220,production-floor,full,production,1000,100.0,0.4,0.0,true,true,false,ok,212.304,372.584,372.584,0.8155651358293851,false,719404660
30b,217312480587095,no-sampling,no-sampling,production,1000,100.0,0.4,0.0,true,false,false,timeout,,,30000.0,786.5242183915581,true,
25a,213846441978508,no-sampling,no-sampling,production,1000,100.0,0.4,0.0,true,false,true,ok,19.436,1570.048,1570.048,1.733433655959269,false,-1295408368
27b,214117024918095,no-sampling,no-sampling,production,1000,100.0,0.4,0.0,true,false,false,ok,101.11,23.324,23.324,2.8175887895626963,false,1021059939
22b,213451304987344,production-floor,full,production,1000,100.0,0.4,0.0,true,true,false,ok,112.76,434.51,434.51,1.0205622710687237,false,-1072711187
2b,7078126366338,no-sampling,no-sampling,production,1000,100.0,0.4,0.0,true,false,false,ok,2.677,1256.73,1256.73,10.007883797601414,true,-1566201251
13a,209452690413197,no-sampling,no-sampling,production,1000,100.0,0.4,0.0,true,false,false,ok,5.39,1225.519,1225.519,1.1717519882664076,false,-1379658100
9d,8018724204473,production-floor,full,production,1000,100.0,0.4,0.0,true,true,false,ok,403.438,1734.028,1734.028,1.0774512785828327,false,260928115
17a,209985266357769,production-floor,full,production,1000,100.0,0.4,0.0,true,true,false,ok,164.77,1783.037,1783.037,0.9367647035645181,false,-1125412742
10c,209061848389334,production-floor,full,production,1000,100.0,0.4,0.0,true,true,false,ok,177.313,2836.423,2836.423,0.8116010162384697,false,1698543765
18c,210127000279022,production-floor,full,production,1000,100.0,0.4,0.0,true,true,false,ok,140.983,908.222,908.222,0.8704155026427137,false,-852311855
21a,213313866033904,production-floor,full,production,1000,100.0,0.4,0.0,true,true,false,ok,66.888,33.952,33.952,0.9634506242905789,false,405046416
24a,213713297992365,production-floor,full,production,1000,100.0,0.4,0.0,true,true,false,ok,293.244,118.308,118.308,0.9016622081990077,false,-279819772
5b,7477558324799,no-sampling,no-sampling,production,1000,100.0,0.4,0.0,true,false,false,ok,4.707,272.383,272.383,1.06399609375,false,677486420
4b,7344414338652,production-floor,full,production,1000,100.0,0.4,0.0,true,true,false,ok,18.465,22.74,22.74,0.9681745609366685,false,261415237
9b,8010134269883,no-sampling,no-sampling,production,1000,100.0,0.4,0.0,true,false,false,ok,4.509,1883.043,1883.043,3.5627559548980154,false,-1366607982
6f,7627882180098,production-floor,full,production,1000,100.0,0.4,0.0,true,true,false,ok,99.912,1631.803,1631.803,0.9913703309371312,false,1250717231
2d,7086716300928,production-floor,full,production,1000,100.0,0.4,0.0,true,true,false,ok,13.662,131.995,131.995,0.9421753654636821,false,321836810
20a,213180722047249,no-sampling,no-sampling,production,1000,100.0,0.4,0.0,true,false,false,ok,5.884,903.476,903.476,0.8778272057876924,false,2087169786
18b,210122705311721,no-sampling,no-sampling,production,1000,100.0,0.4,0.0,true,false,false,ok,5.056,921.214,921.214,0.9478602472712906,false,1807679118
1d,6953572314785,production-floor,full,production,1000,100.0,0.4,0.0,true,true,false,ok,25.63,0.486,0.486,0.895852534562212,false,1003820838
16d,209865007273517,no-sampling,no-sampling,production,1000,100.0,0.4,0.0,true,false,false,ok,2.985,372.76,372.76,1.2239939056425344,false,2025501659
9a,8005839302586,production-floor,full,production,1000,100.0,0.4,0.0,true,true,false,ok,192.301,588.394,588.394,1.077636793869642,false,612228983
27c,214121319885388,no-sampling,no-sampling,production,1000,100.0,0.4,0.0,true,false,false,ok,125.078,38.221,38.221,1.1634476355721959,false,-829331469
31b,217445624573238,production-floor,full,production,1000,100.0,0.4,0.0,true,true,false,ok,138.553,8.145,8.145,0.9703359542530379,false,1092791141
7c,7748141264894,production-floor,full,production,1000,100.0,0.4,0.0,true,true,false,ok,535.227,1826.557,1826.557,1.0221299762928087,false,-1004347469
16b,209856417338927,no-sampling,no-sampling,production,1000,100.0,0.4,0.0,true,false,false,ok,2.686,6895.913,6895.913,1.696251743070702,false,-222209972
33c,217716207513329,production-floor,full,production,1000,100.0,0.4,0.0,true,true,false,ok,152.528,8.056,8.056,0.9875574624578609,false,1026233334
4c,7348709305949,production-floor,full,production,1000,100.0,0.4,0.0,true,true,false,ok,17.909,3399.433,3399.433,1.0085530664533715,false,464932698
25b,213850736945805,no-sampling,no-sampling,production,1000,100.0,0.4,0.0,true,false,false,ok,12.412,5.53,5.53,3.899858956276446,false,106978077
28c,214254463871535,production-floor,full,production,1000,100.0,0.4,0.0,true,true,false,ok,135.058,484.723,484.723,1.060068036211623,false,-127293549
12b,209323841394323,no-sampling,no-sampling,production,1000,100.0,0.4,0.0,true,false,false,ok,4.169,1.73,1.73,0.8453457121915465,false,1748720315
32b,217578768559377,production-floor,full,production,1000,100.0,0.4,0.0,true,true,false,ok,64.113,52.809,52.809,1.0102152080344333,false,-239234728
20a,213180722047249,production-floor,full,production,1000,100.0,0.4,0.0,true,true,false,ok,85.029,922.917,922.917,0.8967162949364008,false,-1591323648
15b,209723273352780,production-floor,full,production,1000,100.0,0.4,0.0,true,true,false,ok,155.112,7.114,7.114,0.557392462587166,false,-1293176700
30b,217312480587095,production-floor,full,production,1000,100.0,0.4,0.0,true,true,false,ok,173.061,35.061,35.061,0.9192108540342139,false,352978464
9c,8014429237176,production-floor,full,production,1000,100.0,0.4,0.0,true,true,false,ok,136.854,719.614,719.614,0.9381823396738068,false,-1283145132
25a,213846441978508,production-floor,full,production,1000,100.0,0.4,0.0,true,true,false,ok,136.504,849.82,849.82,0.9382557663888658,false,1296202811
24b,213717592959634,no-sampling,no-sampling,production,1000,100.0,0.4,0.0,true,false,false,ok,29.579,953.267,953.267,344.82438053897636,true,-70091638
13b,209456985380466,production-floor,full,production,1000,100.0,0.4,0.0,true,true,false,ok,25.632,691.754,691.754,1.3203881641986477,false,1004522218
23b,213584448973491,production-floor,full,production,1000,100.0,0.4,0.0,true,true,false,ok,195.098,46.581,46.581,0.4302935688288655,false,1055741165
21b,213318161001201,no-sampling,no-sampling,production,1000,100.0,0.4,0.0,true,false,false,ok,7.361,13.22,13.22,0.8044543158791493,false,1875661095
32a,217574473592080,production-floor,full,production,1000,100.0,0.4,0.0,true,true,false,ok,58.778,0.273,0.273,0.609375,false,1765267761
17f,210006741194738,production-floor,full,production,1000,100.0,0.4,0.0,true,true,false,ok,100.429,1823.522,1823.522,0.9698050441485987,false,-806828271
19d,210264439232462,production-floor,full,production,1000,100.0,0.4,0.0,true,true,false,ok,164.312,2784.94,2784.94,0.9156544110998776,false,-1675841368
15b,209723273352780,no-sampling,no-sampling,production,1000,100.0,0.4,0.0,true,false,false,ok,4.318,7.813,7.813,0.6121601504348507,false,527170132
6b,7610702310942,production-floor,full,production,1000,100.0,0.4,0.0,true,true,false,ok,59.668,4.172,4.172,0.8455614106201865,false,1482096114
21b,213318161001201,production-floor,full,production,1000,100.0,0.4,0.0,true,true,false,ok,36.398,12.479,12.479,0.7593634952992362,false,405046416
8c,7881285251033,production-floor,full,production,1000,100.0,0.4,0.0,true,true,false,ok,160.539,5993.387,5993.387,0.9868666947410712,false,1588336649
1c,6949277347488,production-floor,full,production,1000,100.0,0.4,0.0,true,true,false,ok,15.574,1.274,1.274,0.984924623115578,false,686382736
24b,213717592959634,production-floor,full,production,1000,100.0,0.4,0.0,true,true,false,ok,155.086,2.428,2.428,0.8782781696509314,false,-870534348
20c,213189311981847,production-floor,full,production,1000,100.0,0.4,0.0,true,true,false,ok,189.471,382.684,382.684,1.0577648910749602,false,216174188
5a,7473263357502,production-floor,full,production,1000,100.0,0.4,0.0,true,true,false,ok,29.833,194.179,194.179,1.2189707936408292,false,414652499
13a,209452690413197,production-floor,full,production,1000,100.0,0.4,0.0,true,true,false,ok,71.454,986.498,986.498,0.9432175208387913,false,-1937147173
26b,213983880931948,production-floor,full,production,1000,100.0,0.4,0.0,true,true,false,ok,113.006,89.529,89.529,0.49004893428355606,false,1839472673
17c,209993856292367,no-sampling,no-sampling,production,1000,100.0,0.4,0.0,true,false,false,ok,1.477,56.86,56.86,1.0323728598144417,false,-99220691
4a,7340119371359,production-floor,full,production,1000,100.0,0.4,0.0,true,true,false,ok,9.456,700.453,700.453,0.9189504763316655,false,1427000343
26c,213988175899245,production-floor,full,production,1000,100.0,0.4,0.0,true,true,false,ok,102.025,271.759,271.759,0.9252110381596486,false,279814670
25c,213855031913074,production-floor,full,production,1000,100.0,0.4,0.0,true,true,false,ok,139.926,955.796,955.796,0.9291313246787082,false,-472157051
19d,210264439232462,no-sampling,no-sampling,production,1000,100.0,0.4,0.0,true,false,false,ok,5.053,16026.453,16026.453,5.269302887579217,false,-1228936107
7a,7739551330296,production-floor,full,production,1000,100.0,0.4,0.0,true,true,false,ok,304.475,14.386,14.386,1.3036701404621658,false,-2009290410
30a,217308185619798,production-floor,full,production,1000,100.0,0.4,0.0,true,true,false,ok,231.767,961.168,961.168,1.0357285443122202,false,204795277
33c,217716207513329,no-sampling,no-sampling,production,1000,100.0,0.4,0.0,true,false,false,ok,59.689,54.942,54.942,6.735151700888753,false,-1229604950
9c,8014429237176,no-sampling,no-sampling,production,1000,100.0,0.4,0.0,true,false,false,ok,3.841,1001.175,1001.175,1.3052618541647654,false,2086476890
22c,213455599954641,production-floor,full,production,1000,100.0,0.4,0.0,true,true,false,ok,77.097,413.415,413.415,0.9455429126879753,false,-1072711187
1b,6944982380195,production-floor,full,production,1000,100.0,0.4,0.0,true,true,false,ok,13.738,0.401,0.401,0.7218721872187219,false,1003820838
28b,214250168904238,no-sampling,no-sampling,production,1000,100.0,0.4,0.0,true,false,false,ok,53.246,440.722,440.722,1.710147064529898,false,1222793645
29b,214383312890377,no-sampling,no-sampling,production,1000,100.0,0.4,0.0,true,false,false,ok,507.681,565.336,565.336,160.69812393405346,true,-609415370
14b,209590129366637,no-sampling,no-sampling,production,1000,100.0,0.4,0.0,true,false,false,ok,5.11,36.458,36.458,0.9910296835924759,false,-1877309394
15c,209727568320077,production-floor,full,production,1000,100.0,0.4,0.0,true,true,false,ok,126.671,848.778,848.778,0.8882677179362938,false,-1098297468
12a,209319546427026,production-floor,full,production,1000,100.0,0.4,0.0,true,true,false,ok,37.452,161.345,161.345,0.9751653027427563,false,1128872642
3a,7206975385212,production-floor,full,production,1000,100.0,0.4,0.0,true,true,false,ok,18.68,164.544,164.544,0.9323953319034761,false,-1613518825
11b,209190697408176,production-floor,full,production,1000,100.0,0.4,0.0,true,true,false,ok,17.766,2.275,2.275,1.0,false,898037380
20c,213189311981847,no-sampling,no-sampling,production,1000,100.0,0.4,0.0,true,false,false,ok,6.329,1683.351,1683.351,4.652897918794424,false,-249267488
24a,213713297992365,no-sampling,no-sampling,production,1000,100.0,0.4,0.0,true,false,false,ok,27.426,759.836,759.836,5.790947405324248,false,-352090006
9b,8010134269883,production-floor,full,production,1000,100.0,0.4,0.0,true,true,false,ok,196.307,462.178,462.178,0.8744502497940063,false,983461370
17e,210002446226957,production-floor,full,production,1000,100.0,0.4,0.0,true,true,false,ok,130.552,4715.347,4715.347,1.1551581733675402,false,-1125412742
28b,214250168904238,production-floor,full,production,1000,100.0,0.4,0.0,true,true,false,ok,135.888,230.452,230.452,0.8942299483916031,false,-1614013504
32a,217574473592080,no-sampling,no-sampling,production,1000,100.0,0.4,0.0,true,false,false,ok,1.199,0.172,0.172,0.3839285714285714,false,957982218
33b,217711912546032,no-sampling,no-sampling,production,1000,100.0,0.4,0.0,true,false,false,ok,44.345,99.653,99.653,19.383971989885236,true,491952308
9a,8005839302586,no-sampling,no-sampling,production,1000,100.0,0.4,0.0,true,false,false,ok,3.38,555.19,555.19,1.0168240525710435,false,-1811363958
4b,7344414338652,no-sampling,no-sampling,production,1000,100.0,0.4,0.0,true,false,false,ok,1.643,31.29,31.29,1.332197977647685,false,611794456
22a,213447010020051,no-sampling,no-sampling,production,1000,100.0,0.4,0.0,true,false,false,ok,10.538,1219.455,1219.455,2.819086346518837,false,-1719071238
18a,210118410344424,production-floor,full,production,1000,100.0,0.4,0.0,true,true,false,ok,76.201,1469.698,1469.698,1.0160162596005615,false,-574815707
31b,217445624573238,no-sampling,no-sampling,production,1000,100.0,0.4,0.0,true,false,false,ok,23.834,3462.991,3462.991,412.5555158446509,true,1223952466
23c,213588743940784,production-floor,full,production,1000,100.0,0.4,0.0,true,true,false,ok,50.078,1367.023,1367.023,1.0032007215291545,false,-71625942
10a,209053258454736,no-sampling,no-sampling,production,1000,100.0,0.4,0.0,true,false,false,ok,1.832,323.74,323.74,0.8829625912309219,false,-1532910689
6a,7606407343641,production-floor,full,production,1000,100.0,0.4,0.0,true,true,false,ok,61.728,4.19,4.19,0.9746452663410096,false,-224470636
8a,7872695316443,production-floor,full,production,1000,100.0,0.4,0.0,true,true,false,ok,103.462,74.27,74.27,0.9621650332618651,false,-1424306548
10b,209057553422033,production-floor,full,production,1000,100.0,0.4,0.0,true,true,false,ok,135.042,77.548,77.548,0.8731162214653644,false,1718403736
14c,209594424333906,production-floor,full,production,1000,100.0,0.4,0.0,true,true,false,ok,37.573,537.011,537.011,1.0582185639657358,false,1171118565
30c,217316775554388,no-sampling,no-sampling,production,1000,100.0,0.4,0.0,true,false,false,timeout,,,30000.0,25.650968131664712,true,
29a,214379017923080,no-sampling,no-sampling,production,1000,100.0,0.4,0.0,true,false,true,ok,511.886,635.681,635.681,22.692357119908618,true,-980331532
5b,7477558324799,production-floor,full,production,1000,100.0,0.4,0.0,true,true,false,ok,39.183,210.635,210.635,0.82279296875,false,2137438787
19a,210251554330571,no-sampling,no-sampling,production,1000,100.0,0.4,0.0,true,false,false,ok,10.009,6916.299,6916.299,9.751484654342013,false,1270559632
4a,7340119371359,no-sampling,no-sampling,production,1000,100.0,0.4,0.0,true,false,false,ok,3.584,761.917,761.917,0.9995873956927783,false,-1202259619
12c,209328136361616,production-floor,full,production,1000,100.0,0.4,0.0,true,true,false,ok,57.178,413.019,413.019,1.07844194502288,false,-1953493739
8a,7872695316443,no-sampling,no-sampling,production,1000,100.0,0.4,0.0,true,false,false,ok,5.045,214.271,214.271,2.7758726786327332,false,-487903307
30a,217308185619798,no-sampling,no-sampling,production,1000,100.0,0.4,0.0,true,false,false,ok,51.266,9035.313,9035.313,9.73620801035332,false,-1836210057
26c,213988175899245,no-sampling,no-sampling,production,1000,100.0,0.4,0.0,true,false,false,ok,15.357,344.048,344.048,1.1713209397177307,false,2002976144
1b,6944982380195,no-sampling,no-sampling,production,1000,100.0,0.4,0.0,true,false,false,ok,2.42,0.721,0.721,1.297929792979298,false,1234261665
32b,217578768559377,no-sampling,no-sampling,production,1000,100.0,0.4,0.0,true,false,false,ok,2.053,168.444,168.444,3.222266857962697,false,-119481243
9d,8018724204473,no-sampling,no-sampling,production,1000,100.0,0.4,0.0,true,false,false,ok,3.769,4440.663,4440.663,2.7592391974670982,false,2086476890
17e,210002446226957,no-sampling,no-sampling,production,1000,100.0,0.4,0.0,true,false,false,ok,2.295,5921.387,5921.387,1.4506119254261245,false,-2049997972
1c,6949277347488,no-sampling,no-sampling,production,1000,100.0,0.4,0.0,true,false,false,ok,2.189,6.985,6.985,5.400077309625049,false,958676468
11b,209190697408176,no-sampling,no-sampling,production,1000,100.0,0.4,0.0,true,false,false,ok,4.893,5.317,5.317,2.337142857142857,false,762399165
17c,209993856292367,production-floor,full,production,1000,100.0,0.4,0.0,true,true,false,ok,116.445,54.445,54.445,0.9885251556911234,false,-99220691
19b,210255849297864,production-floor,full,production,1000,100.0,0.4,0.0,true,true,false,ok,77.263,164.107,164.107,0.9772985784812916,false,910037442
2d,7086716300928,no-sampling,no-sampling,production,1000,100.0,0.4,0.0,true,false,false,ok,1.483,151.936,151.936,1.0845134764732756,false,-813469563
6e,7623587212829,no-sampling,no-sampling,production,1000,100.0,0.4,0.0,true,false,false,ok,1.84,5.696,5.696,1.2719964269763286,false,-1397154297
31c,217449919540535,no-sampling,no-sampling,production,1000,100.0,0.4,0.0,true,false,false,ok,22.799,24773.737,24773.737,98.47103551895192,true,-1849236590
33a,217707617578739,no-sampling,no-sampling,production,1000,100.0,0.4,0.0,true,false,false,ok,53.263,12.563,12.563,2.35725677830941,false,1266302631
18a,210118410344424,no-sampling,no-sampling,production,1000,100.0,0.4,0.0,true,false,false,ok,3.006,7033.256,7033.256,4.862157024050659,false,812001518
14a,209585834399340,no-sampling,no-sampling,production,1000,100.0,0.4,0.0,true,false,false,ok,10.354,952.666,952.666,1.9594359453222376,false,555945203
8b,7876990283736,production-floor,full,production,1000,100.0,0.4,0.0,true,true,false,ok,161.81,329.578,329.578,1.547605184072126,false,-387699444
7a,7739551330296,no-sampling,no-sampling,production,1000,100.0,0.4,0.0,true,false,false,ok,21.6,15.885,15.885,1.439510647938378,false,-1169423559
29a,214379017923080,production-floor,full,production,1000,100.0,0.4,0.0,true,true,false,ok,1241.05,27.252,27.252,0.9728340413379503,false,-858518681
33b,217711912546032,production-floor,full,production,1000,100.0,0.4,0.0,true,true,false,ok,217.143,4.06,4.06,0.7897296245866562,false,-1215026023
11d,209199287342774,no-sampling,no-sampling,production,1000,100.0,0.4,0.0,true,false,false,ok,6.129,1937.849,1937.849,6.481815718791706,false,-1039926098
11d,209199287342774,production-floor,full,production,1000,100.0,0.4,0.0,true,true,false,ok,144.029,364.87,364.87,1.220435700261233,false,588364050
7b,7743846297593,no-sampling,no-sampling,production,1000,100.0,0.4,0.0,true,false,false,ok,5.155,29.022,29.022,21.829259119969915,true,1766386416
6a,7606407343641,no-sampling,no-sampling,production,1000,100.0,0.4,0.0,true,false,false,ok,1.683,51.228,51.228,11.91625959525471,true,-1397154297
1d,6953572314785,no-sampling,no-sampling,production,1000,100.0,0.4,0.0,true,false,false,ok,2.002,0.453,0.453,0.8350230414746544,false,1234261665
29c,214387607857678,production-floor,full,production,1000,100.0,0.4,0.0,true,true,false,ok,1468.664,192.329,192.329,1.8743324367520369,false,-839131028
12c,209328136361616,no-sampling,no-sampling,production,1000,100.0,0.4,0.0,true,false,false,ok,6.715,8566.829,8566.829,22.369013845460895,true,-515552557
17d,209998151259660,production-floor,full,production,1000,100.0,0.4,0.0,true,true,false,ok,123.833,2920.798,2920.798,1.5583964213627652,false,-2143655902
27a,214112729950798,production-floor,full,production,1000,100.0,0.4,0.0,true,true,false,ok,274.768,21.422,21.422,0.9689047694429997,false,1608906155
12a,209319546427027,production-floor,full,production,1000,100.0,0.4,0.0,true,true,false,ok,54.137,178.935,178.935,1.081478840040132,false,1128872642
6c,7614997278238,no-sampling,no-sampling,production,1000,100.0,0.4,0.0,true,false,false,ok,1.69,0.531,0.531,0.7937219730941704,false,-1397154297
8d,7885580218335,production-floor,full,production,1000,100.0,0.4,0.0,true,true,false,ok,155.552,550.435,550.435,0.9624444955399722,false,1504554646
2b,7078126366339,no-sampling,no-sampling,production,1000,100.0,0.4,0.0,true,false,false,ok,1.814,1088.046,1088.046,8.664580247503464,false,-1566201251
15d,209731863287347,no-sampling,no-sampling,production,1000,100.0,0.4,0.0,true,false,false,ok,3.189,10538.119,10538.119,18.768751396998777,true,-241594924
18a,210118410344425,no-sampling,no-sampling,production,1000,100.0,0.4,0.0,true,false,false,ok,2.734,5044.02,5044.02,3.48697918466952,false,812001518
13b,209456985380467,no-sampling,no-sampling,production,1000,100.0,0.4,0.0,true,false,false,ok,3.805,1483.141,1483.141,2.8309512084321113,false,-1402813810
24b,213717592959635,production-floor,full,production,1000,100.0,0.4,0.0,true,true,false,ok,288.346,2.213,2.213,0.8005064206909026,false,644596804
11c,209194992375472,no-sampling,no-sampling,production,1000,100.0,0.4,0.0,true,false,false,ok,4.441,2130.482,2130.482,5.189380496484564,false,-1039926098
4b,7344414338653,production-floor,full,production,1000,100.0,0.4,0.0,true,true,false,ok,36.283,22.207,22.207,0.9454816391697713,false,261415237
24b,213717592959635,no-sampling,no-sampling,production,1000,100.0,0.4,0.0,true,false,false,ok,29.441,986.708,986.708,356.9209621993127,true,-70091638
30a,217308185619799,production-floor,full,production,1000,100.0,0.4,0.0,true,true,false,ok,295.293,1241.09,1241.09,1.3373648925686803,false,204795277
8d,7885580218335,no-sampling,no-sampling,production,1000,100.0,0.4,0.0,true,false,false,timeout,,,30000.0,52.45548496407236,true,
1b,6944982380194,production-floor,full,production,1000,100.0,0.4,0.0,true,true,true,ok,16.302,1.084,1.084,1.9513951395139515,false,1003820838
10a,209053258454737,no-sampling,no-sampling,production,1000,100.0,0.4,0.0,true,false,false,ok,8.184,512.489,512.489,1.3977531828545868,false,-1532910689
7b,7743846297592,no-sampling,no-sampling,production,1000,100.0,0.4,0.0,true,false,false,ok,33.981,57.714,57.714,43.41030462579918,true,1766386416
21a,213313866033905,production-floor,full,production,1000,100.0,0.4,0.0,true,true,false,ok,393.491,417.368,417.368,11.843586833144157,true,405046416
10c,209061848389335,production-floor,full,production,1000,100.0,0.4,0.0,true,true,false,ok,361.48,3577.084,3577.084,1.0235303442294645,false,1698543765
16c,209860712306221,production-floor,full,production,1000,100.0,0.4,0.0,true,true,false,ok,234.69,516.056,516.056,1.1296171648153683,false,719404660
6a,7606407343640,no-sampling,no-sampling,production,1000,100.0,0.4,0.0,true,false,false,ok,3.996,4.711,4.711,1.0958362409862759,false,-1397154297
28c,214254463871534,production-floor,full,production,1000,100.0,0.4,0.0,true,true,false,ok,571.688,843.278,843.278,1.844212165382012,false,-127293549
19d,210264439232463,production-floor,full,production,1000,100.0,0.4,0.0,true,true,false,ok,265.305,4746.375,4746.375,1.5605503908465466,false,-1675841368
17e,210002446226956,production-floor,full,production,1000,100.0,0.4,0.0,true,true,false,ok,124.738,4245.047,4245.047,1.0399448308638488,false,-1125412742
1d,6953572314784,no-sampling,no-sampling,production,1000,100.0,0.4,0.0,true,false,false,ok,2.402,0.657,0.657,1.2110599078341016,false,1234261665
16d,209865007273516,no-sampling,no-sampling,production,1000,100.0,0.4,0.0,true,false,false,ok,4.549,392.128,392.128,1.2875906272985185,false,2025501659
29a,214379017923081,no-sampling,no-sampling,production,1000,100.0,0.4,0.0,true,false,false,ok,650.448,648.869,648.869,23.163138542819407,true,-980331532
1a,6940687412899,no-sampling,no-sampling,production,1000,100.0,0.4,0.0,true,false,false,ok,2.717,9.326,9.326,1.031123887445409,false,958676468
29c,214387607857679,production-floor,full,production,1000,100.0,0.4,0.0,true,true,false,ok,1395.341,114.267,114.267,1.113583206642498,false,-839131028
27c,214121319885389,no-sampling,no-sampling,production,1000,100.0,0.4,0.0,true,false,false,ok,46.298,38.147,38.147,1.1611950748063253,false,-829331469
6e,7623587212828,no-sampling,no-sampling,production,1000,100.0,0.4,0.0,true,false,false,ok,3.33,4.158,4.158,0.9285395265743637,false,-1397154297
26c,213988175899244,no-sampling,no-sampling,production,1000,100.0,0.4,0.0,true,false,false,ok,14.486,1376.05,1376.05,4.684800315940169,false,2002976144
29c,214387607857679,no-sampling,no-sampling,production,1000,100.0,0.4,0.0,true,false,false,ok,624.925,154.45,154.45,1.5051845788016995,false,1519204498
31b,217445624573239,production-floor,full,production,1000,100.0,0.4,0.0,true,true,false,ok,223.357,14.563,14.563,1.7349297116988325,false,1092791141
10c,209061848389335,no-sampling,no-sampling,production,1000,100.0,0.4,0.0,true,false,false,timeout,,,30000.0,8.584061857894289,true,
29a,214379017923081,production-floor,full,production,1000,100.0,0.4,0.0,true,true,true,ok,653.722,27.541,27.541,0.9831506800414094,false,-858518681
2a,7073831399068,no-sampling,no-sampling,production,1000,100.0,0.4,0.0,true,false,false,ok,2.271,137.054,137.054,1.0777354454916115,false,-813469563
13d,209465575315057,production-floor,full,production,1000,100.0,0.4,0.0,true,true,false,ok,146.611,4635.66,4635.66,1.4435961259209593,false,-2119720580
10a,209053258454737,production-floor,full,production,1000,100.0,0.4,0.0,true,true,false,ok,186.743,296.792,296.792,0.8094651058769622,false,1718403736
5c,7481853292093,no-sampling,no-sampling,production,1000,100.0,0.4,0.0,true,false,false,ok,3.129,756.855,756.855,1.2575893524749515,false,1437004065
9c,8014429237177,production-floor,full,production,1000,100.0,0.4,0.0,true,true,false,ok,178.421,728.07,728.07,0.9492066803123738,false,-1283145132
15d,209731863287347,production-floor,full,production,1000,100.0,0.4,0.0,true,true,false,ok,159.587,506.111,506.111,0.9014010506321334,false,-704972777
9b,8010134269882,no-sampling,no-sampling,production,1000,100.0,0.4,0.0,true,false,false,ok,5.151,1955.292,1955.292,3.6994525438688606,false,-1366607982
25c,213855031913075,production-floor,full,production,1000,100.0,0.4,0.0,true,true,false,ok,150.917,1051.233,1051.233,1.0219058353832537,false,-472157051
12a,209319546427027,no-sampling,no-sampling,production,1000,100.0,0.4,0.0,true,false,false,ok,6.341,2535.15,2535.15,15.322385678194543,true,-515552557
7a,7739551330297,no-sampling,no-sampling,production,1000,100.0,0.4,0.0,true,false,false,ok,6.476,11.136,11.136,1.0091526959673764,false,-1169423559
13a,209452690413196,no-sampling,no-sampling,production,1000,100.0,0.4,0.0,true,false,false,ok,4.118,780.067,780.067,0.7458432372170581,false,-1379658100
32a,217574473592081,no-sampling,no-sampling,production,1000,100.0,0.4,0.0,true,false,false,ok,1.86,0.333,0.333,0.7433035714285715,false,957982218
23a,213580154006195,production-floor,full,production,1000,100.0,0.4,0.0,true,true,false,ok,102.657,411.787,411.787,0.867960639124171,false,-71625942
2d,7086716300929,production-floor,full,production,1000,100.0,0.4,0.0,true,true,false,ok,57.695,133.423,133.423,0.9523683759707628,false,321836810
15a,209718978385486,no-sampling,no-sampling,production,1000,100.0,0.4,0.0,true,false,false,ok,4.692,26539.224,26539.224,46.81733209259659,true,506230201
27a,214112729950799,no-sampling,no-sampling,production,1000,100.0,0.4,0.0,true,false,false,ok,43.08,37.927,37.927,1.7154164499423328,false,-1578205233
17b,209989561325071,no-sampling,no-sampling,production,1000,100.0,0.4,0.0,true,false,false,ok,3.851,1958.872,1958.872,2.403317506471837,false,-2143655902
31c,217449919540534,no-sampling,no-sampling,production,1000,100.0,0.4,0.0,true,false,false,ok,25.451,24640.042,24640.042,97.93962255151361,true,-1849236590
5b,7477558324798,production-floor,full,production,1000,100.0,0.4,0.0,true,true,false,ok,61.158,309.371,309.371,1.20848046875,false,2137438787
6f,7627882180099,production-floor,full,production,1000,100.0,0.4,0.0,true,true,false,ok,196.182,2725.336,2725.336,1.6557251409850802,false,1250717231
12b,209323841394322,no-sampling,no-sampling,production,1000,100.0,0.4,0.0,true,false,false,ok,4.886,5.274,5.274,2.577082824334229,false,1748720315
31c,217449919540534,production-floor,full,production,1000,100.0,0.4,0.0,true,true,false,ok,358.207,362.273,362.273,1.4399683604680744,false,415261907
23b,213584448973490,production-floor,full,production,1000,100.0,0.4,0.0,true,true,false,ok,108.172,90.978,90.978,0.8404123635154359,false,1055741165
1b,6944982380194,no-sampling,no-sampling,production,1000,100.0,0.4,0.0,true,false,false,ok,2.031,0.627,0.627,1.1287128712871288,false,1234261665
16d,209865007273516,production-floor,full,production,1000,100.0,0.4,0.0,true,true,false,ok,189.465,427.782,427.782,1.4046640222759272,false,719404660
14c,209594424333907,production-floor,full,production,1000,100.0,0.4,0.0,true,true,false,ok,78.809,512.922,512.922,1.0107494674530562,false,1171118565
16b,209856417338926,no-sampling,no-sampling,production,1000,100.0,0.4,0.0,true,false,false,ok,1.993,7056.628,7056.628,1.7357843037175096,false,-222209972
26c,213988175899244,production-floor,full,production,1000,100.0,0.4,0.0,true,true,false,ok,181.511,295.102,295.102,1.0046829278257154,false,279814670
3b,7211270352508,production-floor,full,production,1000,100.0,0.4,0.0,true,true,false,ok,40.14,8.765,8.765,1.1666444828963132,false,129508754
9a,8005839302587,no-sampling,no-sampling,production,1000,100.0,0.4,0.0,true,false,false,ok,5.169,739.156,739.156,1.3537556501417571,false,-1811363958
17f,210006741194739,no-sampling,no-sampling,production,1000,100.0,0.4,0.0,true,false,false,ok,1.92,5372.039,5372.039,2.8570154456940986,false,1840011406
20b,213185017014551,production-floor,full,production,1000,100.0,0.4,0.0,true,true,false,ok,126.829,348.942,348.942,1.0871754288669688,false,-56865338
15b,209723273352781,production-floor,full,production,1000,100.0,0.4,0.0,true,true,false,ok,114.762,26.419,26.419,2.069967875891248,false,-1293176700
27a,214112729950799,production-floor,full,production,1000,100.0,0.4,0.0,true,true,false,ok,177.447,28.563,28.563,1.291888102399421,false,1608906155
17b,209989561325071,production-floor,full,production,1000,100.0,0.4,0.0,true,true,false,ok,131.342,767.734,767.734,0.9419240065270468,false,-138391054
3a,7206975385213,production-floor,full,production,1000,100.0,0.4,0.0,true,true,false,ok,37.863,210.826,210.826,1.194654185165562,false,-1613518825
1c,6949277347489,no-sampling,no-sampling,production,1000,100.0,0.4,0.0,true,false,false,ok,1.696,10.159,10.159,7.853884808658679,false,958676468
13b,209456985380467,production-floor,full,production,1000,100.0,0.4,0.0,true,true,false,ok,79.735,482.851,482.851,0.9216437425320002,false,-2119720580
19c,210260144265160,no-sampling,no-sampling,production,1000,100.0,0.4,0.0,true,false,false,ok,6.057,23608.288,23608.288,28.89191059624329,true,-1294825545
20c,213189311981846,production-floor,full,production,1000,100.0,0.4,0.0,true,true,false,ok,216.219,317.618,317.618,0.8779179928438259,false,216174188
14c,209594424333907,no-sampling,no-sampling,production,1000,100.0,0.4,0.0,true,false,false,ok,4.888,1092.828,1092.828,2.15349569528659,false,-452716964
19b,210255849297865,no-sampling,no-sampling,production,1000,100.0,0.4,0.0,true,false,false,ok,5.901,180.256,180.256,1.0734699468195976,false,-167141638
8b,7876990283737,production-floor,full,production,1000,100.0,0.4,0.0,true,true,false,ok,122.311,160.567,160.567,0.7539772727272728,false,-1718178947
16b,209856417338926,production-floor,full,production,1000,100.0,0.4,0.0,true,true,false,ok,238.075,4086.08,4086.08,1.0050910332433622,false,-32917605
21c,213322455968503,no-sampling,no-sampling,production,1000,100.0,0.4,0.0,true,false,false,ok,10.809,33.205,33.205,0.626515344484382,false,1875661095
4a,7340119371358,production-floor,full,production,1000,100.0,0.4,0.0,true,true,false,ok,19.788,752.474,752.474,0.9871987709770588,false,1427000343
7c,7748141264895,production-floor,full,production,1000,100.0,0.4,0.0,true,true,false,ok,605.408,2014.134,2014.134,1.127096902900123,false,-1004347469
33c,217716207513328,production-floor,full,production,1000,100.0,0.4,0.0,true,true,false,ok,156.808,7.685,7.685,0.9420778424762489,false,1026233334
17a,209985266357768,production-floor,full,production,1000,100.0,0.4,0.0,true,true,false,ok,151.879,1860.516,1860.516,0.9774703044395843,false,-1125412742
26b,213983880931949,no-sampling,no-sampling,production,1000,100.0,0.4,0.0,true,false,false,ok,13.7,41.571,41.571,0.22754441853591248,false,-1048805790
9d,8018724204472,production-floor,full,production,1000,100.0,0.4,0.0,true,true,false,ok,219.481,1383.092,1383.092,0.859394567906451,false,260928115
1a,6940687412899,production-floor,full,production,1000,100.0,0.4,0.0,true,true,false,ok,20.016,8.998,8.998,0.9948587539388579,false,686382736
33a,217707617578738,no-sampling,no-sampling,production,1000,100.0,0.4,0.0,true,false,false,ok,143.754,8.579,8.579,1.6097194858804766,false,1266302631
5c,7481853292093,production-floor,full,production,1000,100.0,0.4,0.0,true,true,false,ok,21.831,604.521,604.521,1.0044713623448482,false,-761671341
30b,217312480587094,production-floor,full,production,1000,100.0,0.4,0.0,true,true,false,ok,219.202,35.463,35.463,0.9297502785606607,false,352978464
18a,210118410344425,production-floor,full,production,1000,100.0,0.4,0.0,true,true,false,ok,110.24,1363.49,1363.49,0.9425936551609715,false,-574815707
16a,209852122371631,no-sampling,no-sampling,production,1000,100.0,0.4,0.0,true,false,false,ok,2.507,103.427,103.427,2.370058892275259,false,1108344190
14a,209585834399341,no-sampling,no-sampling,production,1000,100.0,0.4,0.0,true,false,false,ok,4.036,272.93,272.93,0.5613602800528185,false,555945203
18c,210127000279023,no-sampling,no-sampling,production,1000,100.0,0.4,0.0,true,false,false,ok,2.933,11486.324,11486.324,11.00818354760958,true,-961604879
9b,8010134269882,production-floor,full,production,1000,100.0,0.4,0.0,true,true,false,ok,121.353,455.851,455.851,0.8624794361022108,false,-4751552
26a,213979585964654,no-sampling,no-sampling,production,1000,100.0,0.4,0.0,true,false,false,ok,23.375,349.249,349.249,1.0334278240696904,false,-2024555218
11d,209199287342775,production-floor,full,production,1000,100.0,0.4,0.0,true,true,false,ok,22.08,208.875,208.875,0.6986557044757449,false,588364050
4c,7348709305948,no-sampling,no-sampling,production,1000,100.0,0.4,0.0,true,false,false,ok,2.445,2145.307,2145.307,0.6364755396955559,false,-1125545911
23c,213588743940785,no-sampling,no-sampling,production,1000,100.0,0.4,0.0,true,false,false,timeout,,,30000.0,22.01573905184817,true,
32b,217578768559376,no-sampling,no-sampling,production,1000,100.0,0.4,0.0,true,false,true,ok,5.173,190.609,190.609,3.6462745098039218,false,-119481243
17c,209993856292366,no-sampling,no-sampling,production,1000,100.0,0.4,0.0,true,false,false,ok,30.752,68.868,68.868,1.2503949016830982,false,-99220691
23c,213588743940785,production-floor,full,production,1000,100.0,0.4,0.0,true,true,false,ok,243.989,2219.7,2219.7,1.6289445324462457,false,-71625942
5a,7473263357503,no-sampling,no-sampling,production,1000,100.0,0.4,0.0,true,false,false,ok,4.911,175.104,175.104,1.0992262904314254,false,1516290568
1c,6949277347489,production-floor,full,production,1000,100.0,0.4,0.0,true,true,false,ok,18.075,1.323,1.323,1.0228063393892541,false,686382736
14b,209590129366636,no-sampling,no-sampling,production,1000,100.0,0.4,0.0,true,false,false,ok,11.989,41.327,41.327,1.1233826247689465,false,-1877309394
10b,209057553422032,production-floor,full,production,1000,100.0,0.4,0.0,true,true,false,ok,224.412,93.431,93.431,1.0519435921974836,false,1718403736
20a,213180722047248,production-floor,full,production,1000,100.0,0.4,0.0,true,true,false,ok,141.659,799.06,799.06,0.7763754732352751,false,-1591323648
12c,209328136361617,production-floor,full,production,1000,100.0,0.4,0.0,true,true,false,ok,114.537,409.754,409.754,1.069916640011489,false,-1953493739
6c,7614997278238,production-floor,full,production,1000,100.0,0.4,0.0,true,true,false,ok,86.359,0.676,0.676,1.0104633781763828,false,-224470636
8b,7876990283737,no-sampling,no-sampling,production,1000,100.0,0.4,0.0,true,false,false,ok,5.213,125.977,125.977,0.5915524042073629,false,1175150577
9c,8014429237177,no-sampling,no-sampling,production,1000,100.0,0.4,0.0,true,false,false,ok,5.644,1134.233,1134.233,1.4787335567057351,false,2086476890
32b,217578768559376,production-floor,full,production,1000,100.0,0.4,0.0,true,true,false,ok,71.751,55.676,55.676,1.065059780009565,false,-239234728
17e,210002446226956,no-sampling,no-sampling,production,1000,100.0,0.4,0.0,true,false,false,ok,2.751,5937.641,5937.641,1.4545938043737217,false,-2049997972
11b,209190697408177,production-floor,full,production,1000,100.0,0.4,0.0,true,true,false,ok,26.534,5.235,5.235,2.3010989010989014,false,898037380
21b,213318161001200,production-floor,full,production,1000,100.0,0.4,0.0,true,true,false,ok,99.096,18.523,18.523,1.1271488118781756,false,405046416
29b,214383312890376,production-floor,full,production,1000,100.0,0.4,0.0,true,true,false,ok,1086.095,3.179,3.179,0.9036384309266629,false,-665152500
19c,210260144265160,production-floor,full,production,1000,100.0,0.4,0.0,true,true,false,ok,160.307,720.923,720.923,0.8822682467604386,false,204487702
27b,214117024918094,no-sampling,no-sampling,production,1000,100.0,0.4,0.0,true,false,false,ok,35.638,13.216,13.216,1.596520898767818,false,1021059939
18c,210127000279023,production-floor,full,production,1000,100.0,0.4,0.0,true,true,false,ok,207.559,1042.441,1042.441,0.999047377172512,false,-852311855
6f,7627882180099,no-sampling,no-sampling,production,1000,100.0,0.4,0.0,true,false,false,ok,2.057,1692.685,1692.685,1.0283580117344544,false,-1261445935
25a,213846441978509,no-sampling,no-sampling,production,1000,100.0,0.4,0.0,true,false,false,ok,7.79,1630.486,1630.486,1.8001610829544095,false,-1295408368
15b,209723273352781,no-sampling,no-sampling,production,1000,100.0,0.4,0.0,true,false,false,ok,5.643,13.908,13.908,1.0897124500509285,false,527170132
33c,217716207513328,no-sampling,no-sampling,production,1000,100.0,0.4,0.0,true,false,false,ok,55.716,50.656,50.656,6.2097456328532035,false,-1229604950
19d,210264439232463,no-sampling,no-sampling,production,1000,100.0,0.4,0.0,true,false,false,ok,5.799,17004.761,17004.761,5.590958663148636,false,-1228936107
16a,209852122371631,production-floor,full,production,1000,100.0,0.4,0.0,true,true,false,ok,264.096,49.983,49.983,1.1453745502875867,false,719404660
6a,7606407343640,production-floor,full,production,1000,100.0,0.4,0.0,true,true,false,ok,120.739,6.678,6.678,1.553384508025122,false,-224470636
4c,7348709305948,production-floor,full,production,1000,100.0,0.4,0.0,true,true,false,ok,27.262,3553.727,3553.727,1.0543294317576315,false,464932698
17d,209998151259661,production-floor,full,production,1000,100.0,0.4,0.0,true,true,false,ok,95.608,2282.81,2282.81,1.2179969086020788,false,-2143655902
14a,209585834399341,production-floor,full,production,1000,100.0,0.4,0.0,true,true,false,ok,72.573,506.068,506.068,1.0408766870837567,false,-1633330344
18b,210122705311720,no-sampling,no-sampling,production,1000,100.0,0.4,0.0,true,false,false,ok,4.301,1753.694,1753.694,1.804419850847011,false,1807679118
22c,213455599954640,no-sampling,no-sampling,production,1000,100.0,0.4,0.0,true,false,false,ok,12.36,9641.228,9641.228,22.050953170564352,true,-1719071238
28b,214250168904239,production-floor,full,production,1000,100.0,0.4,0.0,true,true,false,ok,295.174,382.231,382.231,1.4831826471615384,false,-1614013504
18b,210122705311720,production-floor,full,production,1000,100.0,0.4,0.0,true,true,false,ok,149.318,785.28,785.28,0.8079943367960094,false,-2103027714
11b,209190697408177,no-sampling,no-sampling,production,1000,100.0,0.4,0.0,true,false,false,ok,4.233,2.542,2.542,1.1173626373626373,false,762399165
22a,213447010020050,no-sampling,no-sampling,production,1000,100.0,0.4,0.0,true,false,false,ok,15.198,1200.756,1200.756,2.7758587607583496,false,-1719071238
16c,209860712306221,no-sampling,no-sampling,production,1000,100.0,0.4,0.0,true,false,false,ok,3.536,703.029,703.029,1.5388904029077919,false,2025501659
8a,7872695316442,production-floor,full,production,1000,100.0,0.4,0.0,true,true,false,ok,151.552,80.875,80.875,1.047732557762937,false,-1424306548
4a,7340119371358,no-sampling,no-sampling,production,1000,100.0,0.4,0.0,true,false,false,ok,1.781,723.317,723.317,0.9489466126760701,false,-1202259619
25b,213850736945804,production-floor,full,production,1000,100.0,0.4,0.0,true,true,false,ok,191.685,1.545,1.545,1.0895627644569816,false,-1701088130
11a,209186402440882,production-floor,full,production,1000,100.0,0.4,0.0,true,true,false,ok,47.709,16.076,16.076,0.9865905673693578,false,-1055439248
25c,213855031913075,no-sampling,no-sampling,production,1000,100.0,0.4,0.0,true,false,false,ok,7.369,10882.835,10882.835,10.579227052435675,true,-1785408503
6d,7619292245533,no-sampling,no-sampling,production,1000,100.0,0.4,0.0,true,false,false,ok,3.127,1224.086,1224.086,1.0520043830436372,false,-1261445935
6b,7610702310943,production-floor,full,production,1000,100.0,0.4,0.0,true,true,false,ok,74.617,4.153,4.153,0.8417105796513985,false,1482096114
30b,217312480587094,no-sampling,no-sampling,production,1000,100.0,0.4,0.0,true,false,false,timeout,,,30000.0,786.5242183915581,true,
28c,214254463871534,no-sampling,no-sampling,production,1000,100.0,0.4,0.0,true,false,true,ok,68.282,1219.66,1219.66,2.667343165160036,false,1914702639
22d,213459894921943,production-floor,full,production,1000,100.0,0.4,0.0,true,true,false,ok,177.079,461.256,461.256,1.0176309858813122,false,-697127982
31b,217445624573239,no-sampling,no-sampling,production,1000,100.0,0.4,0.0,true,false,false,ok,34.151,3443.591,3443.591,410.2443411960924,true,1223952466
24a,213713297992364,no-sampling,no-sampling,production,1000,100.0,0.4,0.0,true,false,false,ok,46.559,733.05,733.05,5.586802935729473,false,-352090006
31a,217441329605936,production-floor,full,production,1000,100.0,0.4,0.0,true,true,false,ok,344.047,204.416,204.416,1.0611102892129762,false,-1860427610
22d,213459894921943,no-sampling,no-sampling,production,1000,100.0,0.4,0.0,true,false,false,ok,18.056,15753.968,15753.968,34.75667739255997,true,-1065531287
8c,7881285251032,production-floor,full,production,1000,100.0,0.4,0.0,true,true,false,ok,173.933,6431.971,6431.971,1.0590836135628188,false,1588336649
3a,7206975385213,no-sampling,no-sampling,production,1000,100.0,0.4,0.0,true,false,false,ok,3.027,260.457,260.457,1.4758902844320283,false,-1613518825
3b,7211270352508,no-sampling,no-sampling,production,1000,100.0,0.4,0.0,true,false,false,ok,3.199,9.158,9.158,1.2189538133901237,false,129508754
15a,209718978385486,production-floor,full,production,1000,100.0,0.4,0.0,true,true,false,ok,269.28,1444.278,1444.278,2.547822903941397,false,-197612404
5b,7477558324798,no-sampling,no-sampling,production,1000,100.0,0.4,0.0,true,false,false,ok,2.706,477.701,477.701,1.86601953125,false,677486420
6e,7623587212828,production-floor,full,production,1000,100.0,0.4,0.0,true,true,false,ok,118.597,4.563,4.563,1.0189816882536846,false,-224470636
26b,213983880931949,production-floor,full,production,1000,100.0,0.4,0.0,true,true,false,ok,300.325,561.929,561.929,3.0757934031768963,false,1839472673
2a,7073831399068,production-floor,full,production,1000,100.0,0.4,0.0,true,true,false,ok,93.864,143.331,143.331,1.1270951532808833,false,321836810
27c,214121319885389,production-floor,full,production,1000,100.0,0.4,0.0,true,true,false,ok,236.978,35.335,35.335,1.0755977657032403,false,-622492985
21b,213318161001200,no-sampling,no-sampling,production,1000,100.0,0.4,0.0,true,false,false,ok,7.395,13.568,13.568,0.8256305716980556,false,1875661095
28a,214245873936936,production-floor,full,production,1000,100.0,0.4,0.0,true,true,false,ok,209.15,1138.6,1138.6,0.9933234634936615,false,-1614013504
7b,7743846297592,production-floor,full,production,1000,100.0,0.4,0.0,true,true,false,ok,376.737,1.681,1.681,1.2643851071831518,false,-377469187
11a,209186402440882,no-sampling,no-sampling,production,1000,100.0,0.4,0.0,true,false,false,ok,3.692,47.734,47.734,2.9294547239866215,false,1643046009
19b,210255849297865,production-floor,full,production,1000,100.0,0.4,0.0,true,true,false,ok,126.062,215.649,215.649,1.2842441891626322,false,910037442
22c,213455599954640,production-floor,full,production,1000,100.0,0.4,0.0,true,true,false,ok,110.96,198.408,198.408,0.45378923895019724,false,-1072711187
8a,7872695316442,no-sampling,no-sampling,production,1000,100.0,0.4,0.0,true,false,false,ok,2.922,210.847,210.847,2.731514888490164,false,-487903307
2c,7082421333634,production-floor,full,production,1000,100.0,0.4,0.0,true,true,false,ok,63.281,0.302,0.302,0.867816091954023,false,-26625759
22b,213451304987345,production-floor,full,production,1000,100.0,0.4,0.0,true,true,false,ok,266.266,348.572,348.572,0.8187140271822678,false,-1072711187
28b,214250168904239,no-sampling,no-sampling,production,1000,100.0,0.4,0.0,true,false,false,ok,80.873,288.473,288.473,1.1193706103760042,false,1222793645
30c,217316775554389,production-floor,full,production,1000,100.0,0.4,0.0,true,true,false,ok,348.649,1019.018,1019.018,0.8712932747864237,false,-1836733028
31a,217441329605936,no-sampling,no-sampling,production,1000,100.0,0.4,0.0,true,false,false,ok,21.794,19871.235,19871.235,103.15030094449072,true,-1795126799
8c,7881285251032,no-sampling,no-sampling,production,1000,100.0,0.4,0.0,true,false,false,timeout,,,30000.0,4.939777932283055,true,
25b,213850736945804,no-sampling,no-sampling,production,1000,100.0,0.4,0.0,true,false,true,ok,20.552,16.078,16.078,11.338504936530324,true,106978077
13c,209461280347762,no-sampling,no-sampling,production,1000,100.0,0.4,0.0,true,false,false,ok,12.551,1862.329,1862.329,2.259337531739783,false,-1402813810
1d,6953572314784,production-floor,full,production,1000,100.0,0.4,0.0,true,true,false,ok,63.442,0.973,0.973,1.793548387096774,false,1003820838
2c,7082421333634,no-sampling,no-sampling,production,1000,100.0,0.4,0.0,true,false,false,ok,2.901,0.722,0.722,2.074712643678161,false,-26625759
29b,214383312890376,no-sampling,no-sampling,production,1000,100.0,0.4,0.0,true,false,false,ok,694.858,862.95,862.95,245.2956225127914,true,-609415370
3c,7215565319779,no-sampling,no-sampling,production,1000,100.0,0.4,0.0,true,false,false,ok,7.966,1921.65,1921.65,1.4156786605034386,false,-1572305105
19a,210251554330570,production-floor,full,production,1000,100.0,0.4,0.0,true,true,false,ok,339.117,900.463,900.463,1.2695881317888038,false,-1467958403
23a,213580154006195,no-sampling,no-sampling,production,1000,100.0,0.4,0.0,true,false,false,timeout,,,30000.0,63.23370862539402,true,
13d,209465575315057,no-sampling,no-sampling,production,1000,100.0,0.4,0.0,true,false,true,ok,9.551,3792.794,3792.794,1.1811182711450492,false,-1402813810
24a,213713297992364,production-floor,full,production,1000,100.0,0.4,0.0,true,true,false,ok,724.704,188.268,188.268,1.4348492123373802,false,916074739
9a,8005839302587,production-floor,full,production,1000,100.0,0.4,0.0,true,true,false,ok,241.666,522.26,522.26,0.956513139097882,false,2140763346
20c,213189311981846,no-sampling,no-sampling,production,1000,100.0,0.4,0.0,true,false,false,ok,13.41,1368.95,1368.95,3.783871935166003,false,-249267488
22a,213447010020050,production-floor,full,production,1000,100.0,0.4,0.0,true,true,false,ok,128.651,443.812,443.812,1.0259864854555667,false,-1072711187
20b,213185017014551,no-sampling,no-sampling,production,1000,100.0,0.4,0.0,true,false,false,ok,10.267,1074.862,1074.862,3.348876190950954,false,203442306
15c,209727568320076,production-floor,full,production,1000,100.0,0.4,0.0,true,true,false,ok,166.915,794.307,794.307,0.8312624340296565,false,-1098297468
32a,217574473592081,production-floor,full,production,1000,100.0,0.4,0.0,true,true,false,ok,76.674,0.442,0.442,0.9866071428571428,false,1765267761
17a,209985266357768,no-sampling,no-sampling,production,1000,100.0,0.4,0.0,true,false,false,ok,2.561,5487.588,5487.588,2.883046591912678,false,-2049997972
13a,209452690413196,production-floor,full,production,1000,100.0,0.4,0.0,true,true,false,ok,118.647,1293.687,1293.687,1.2369292638012173,false,-1937147173
2d,7086716300929,no-sampling,no-sampling,production,1000,100.0,0.4,0.0,true,false,false,ok,2.051,138.372,138.372,0.9876941525810873,false,-813469563
12b,209323841394322,production-floor,full,production,1000,100.0,0.4,0.0,true,true,false,ok,55.991,1.579,1.579,0.7715612020522844,false,-1300552445
33a,217707617578738,production-floor,full,production,1000,100.0,0.4,0.0,true,true,false,ok,242.501,8.046,8.046,1.5097101041373484,false,14380942
6b,7610702310943,no-sampling,no-sampling,production,1000,100.0,0.4,0.0,true,false,false,ok,2.21,4.517,4.517,0.9154843940008109,false,1956036293
5a,7473263357503,production-floor,full,production,1000,100.0,0.4,0.0,true,true,false,ok,38.57,153.011,153.011,0.9605361038308824,false,414652499
15c,209727568320076,no-sampling,no-sampling,production,1000,100.0,0.4,0.0,true,false,false,timeout,,,30000.0,31.395761362910932,true,
26a,213979585964654,production-floor,full,production,1000,100.0,0.4,0.0,true,true,true,ok,72.642,322.598,322.598,0.9545675125461605,false,-2144714912
12c,209328136361617,no-sampling,no-sampling,production,1000,100.0,0.4,0.0,true,false,false,ok,11.154,6851.738,6851.738,17.890706373089802,true,-515552557
11c,209194992375472,production-floor,full,production,1000,100.0,0.4,0.0,true,true,false,ok,129.51,387.37,387.37,0.9435471986729882,false,212006990
19a,210251554330570,no-sampling,no-sampling,production,1000,100.0,0.4,0.0,true,false,false,ok,10.242,8263.73,8263.73,11.651265551507493,true,1270559632
21a,213313866033905,no-sampling,no-sampling,production,1000,100.0,0.4,0.0,true,false,false,ok,12.789,29.356,29.356,0.8330306469920546,false,1875661095
25a,213846441978509,production-floor,full,production,1000,100.0,0.4,0.0,true,true,false,ok,285.959,1319.445,1319.445,1.4567518764949716,false,1296202811
9d,8018724204472,no-sampling,no-sampling,production,1000,100.0,0.4,0.0,true,false,false,ok,5.414,5700.689,5700.689,3.542165785012174,false,2086476890
20a,213180722047248,no-sampling,no-sampling,production,1000,100.0,0.4,0.0,true,false,false,ok,6.514,1191.462,1191.462,1.1576375667557472,false,2087169786
30a,217308185619799,no-sampling,no-sampling,production,1000,100.0,0.4,0.0,true,false,false,ok,43.458,9104.779,9104.779,9.811062686184384,false,-1836210057
7c,7748141264895,no-sampling,no-sampling,production,1000,100.0,0.4,0.0,true,false,false,ok,6.31,15280.861,15280.861,8.551075105602347,false,1134307114
22b,213451304987345,no-sampling,no-sampling,production,1000,100.0,0.4,0.0,true,false,false,ok,13.419,118.508,118.508,0.2783475492389411,false,-1719071238
11d,209199287342775,no-sampling,no-sampling,production,1000,100.0,0.4,0.0,true,false,false,ok,4.115,2002.245,2002.245,6.697210728943328,false,-1039926098
17f,210006741194739,production-floor,full,production,1000,100.0,0.4,0.0,true,true,false,ok,111.438,2108.294,2108.294,1.1212555459973752,false,-806828271
2b,7078126366339,production-floor,full,production,1000,100.0,0.4,0.0,true,true,false,ok,24.866,123.618,123.618,0.9844235271632662,false,321836810
4b,7344414338653,no-sampling,no-sampling,production,1000,100.0,0.4,0.0,true,false,false,ok,2.646,36.39,36.39,1.5493347525279406,false,611794456
10b,209057553422032,no-sampling,no-sampling,production,1000,100.0,0.4,0.0,true,false,false,ok,1.96,99.156,99.156,1.116401610043066,false,-1532910689
7a,7739551330297,production-floor,full,production,1000,100.0,0.4,0.0,true,true,false,ok,206.206,13.228,13.228,1.1987313094698686,false,-2009290410
27b,214117024918094,production-floor,full,production,1000,100.0,0.4,0.0,true,true,false,ok,123.664,6.797,6.797,0.8210920512201014,false,1367252878
6d,7619292245533,production-floor,full,production,1000,100.0,0.4,0.0,true,true,false,ok,120.221,1215.966,1215.966,1.04502589003717,false,1250717231
3c,7215565319779,production-floor,full,production,1000,100.0,0.4,0.0,true,true,false,ok,50.823,1367.107,1367.107,1.007147090534111,false,-1572305105
21c,213322455968503,production-floor,full,production,1000,100.0,0.4,0.0,true,true,false,ok,84.433,44.123,44.123,0.8325172878989424,false,405046416
13c,209461280347762,production-floor,full,production,1000,100.0,0.4,0.0,true,true,false,ok,30.204,559.996,559.996,0.6793751160101956,false,1004522218
30c,217316775554389,no-sampling,no-sampling,production,1000,100.0,0.4,0.0,true,false,false,timeout,,,30000.0,25.650968131664712,true,
23b,213584448973490,no-sampling,no-sampling,production,1000,100.0,0.4,0.0,true,false,true,ok,20.447,85.938,85.938,0.7938551924178322,false,-976682035
33b,217711912546033,no-sampling,no-sampling,production,1000,100.0,0.4,0.0,true,false,false,ok,100.016,124.67,124.67,24.250145886014394,true,491952308
17c,209993856292366,production-floor,full,production,1000,100.0,0.4,0.0,true,true,false,ok,117.371,59.759,59.759,1.0850082611616465,false,-99220691
28a,214245873936936,no-sampling,no-sampling,production,1000,100.0,0.4,0.0,true,false,false,ok,114.683,958.706,958.706,0.8363825438188603,false,1222793645
33b,217711912546033,production-floor,full,production,1000,100.0,0.4,0.0,true,true,false,ok,188.694,5.466,5.466,1.0632172729041043,false,-1215026023
17d,209998151259661,no-sampling,no-sampling,production,1000,100.0,0.4,0.0,true,false,false,ok,3.072,1834.071,1834.071,0.9785715009820015,false,-2143655902
14b,209590129366636,production-floor,full,production,1000,100.0,0.4,0.0,true,true,false,ok,49.924,42.618,42.618,1.1584755898662609,false,1313982226
6b,7610702310936,no-sampling,no-sampling,production,1000,100.0,0.4,0.0,true,false,false,ok,3.198,4.679,4.679,0.9483177948925823,false,1956036293
6d,7619292245530,no-sampling,no-sampling,production,1000,100.0,0.4,0.0,true,false,false,ok,1.804,1099.839,1099.839,0.945223986421159,false,-1261445935
2b,7078126366340,production-floor,full,production,1000,100.0,0.4,0.0,true,true,false,ok,21.286,195.693,195.693,1.5583878828419895,false,321836810
22b,213451304987350,production-floor,full,production,1000,100.0,0.4,0.0,true,true,false,ok,102.137,412.959,412.959,0.9699440171647813,false,-1072711187
22a,213447010020053,no-sampling,no-sampling,production,1000,100.0,0.4,0.0,true,false,false,ok,13.818,1310.336,1310.336,3.0291813367054194,false,-1719071238
14c,209594424333908,production-floor,full,production,1000,100.0,0.4,0.0,true,true,false,ok,57.147,480.624,480.624,0.9471039496164283,false,1171118565
6c,7614997278233,production-floor,full,production,1000,100.0,0.4,0.0,true,true,false,ok,87.772,0.699,0.699,1.0448430493273542,false,-224470636
2b,7078126366340,no-sampling,no-sampling,production,1000,100.0,0.4,0.0,true,false,false,ok,1.164,1071.418,1071.418,8.532164301527384,false,-1566201251
16b,209856417338921,no-sampling,no-sampling,production,1000,100.0,0.4,0.0,true,false,false,ok,3.703,7085.188,7085.188,1.7428094720718812,false,-222209972
10b,209057553422039,no-sampling,no-sampling,production,1000,100.0,0.4,0.0,true,false,false,ok,2.997,90.636,90.636,1.0204745686379373,false,-1532910689
6a,7606407343647,no-sampling,no-sampling,production,1000,100.0,0.4,0.0,true,false,false,ok,1.852,4.083,4.083,0.9497557571528262,false,-1397154297
5b,7477558324793,production-floor,full,production,1000,100.0,0.4,0.0,true,true,false,ok,44.537,446.061,446.061,1.74242578125,false,1589551454
7c,7748141264888,production-floor,full,production,1000,100.0,0.4,0.0,true,true,false,ok,263.669,1545.254,1545.254,0.8647145609944653,false,-1004347469
17a,209985266357775,production-floor,full,production,1000,100.0,0.4,0.0,true,true,false,ok,152.266,1905.432,1905.432,1.0010680892445567,false,-1125412742
29a,214379017923086,no-sampling,no-sampling,production,1000,100.0,0.4,0.0,true,false,false,ok,616.119,579.619,579.619,20.691072002284656,true,-980331532
26a,213979585964649,production-floor,full,production,1000,100.0,0.4,0.0,true,true,false,ok,235.368,372.691,372.691,1.1027927042893664,false,-2144714912
20b,213185017014544,production-floor,full,production,1000,100.0,0.4,0.0,true,true,false,ok,120.125,316.136,316.136,0.9849639521189425,false,-56865338
33c,217716207513335,no-sampling,no-sampling,production,1000,100.0,0.4,0.0,true,false,false,ok,55.825,50.897,50.897,6.239288997854736,false,-1229604950
14a,209585834399338,no-sampling,no-sampling,production,1000,100.0,0.4,0.0,true,false,false,ok,5.118,363.128,363.128,0.7468788179204185,false,555945203
31c,217449919540529,production-floor,full,production,1000,100.0,0.4,0.0,true,true,false,ok,245.585,222.968,222.968,0.8862566776901551,false,415261907
22c,213455599954647,production-floor,full,production,1000,100.0,0.4,0.0,true,true,false,ok,74.514,415.408,415.408,0.95010120647264,false,-1072711187
18c,210127000279016,no-sampling,no-sampling,production,1000,100.0,0.4,0.0,true,false,false,ok,3.951,11593.277,11593.277,11.110684422125,true,-961604879
25b,213850736945803,production-floor,full,production,1000,100.0,0.4,0.0,true,true,false,ok,140.216,1.209,1.209,0.8526093088857547,false,-1701088130
33c,217716207513335,production-floor,full,production,1000,100.0,0.4,0.0,true,true,false,ok,130.061,7.159,7.159,0.8775973030953111,false,1026233334
24a,213713297992363,production-floor,full,production,1000,100.0,0.4,0.0,true,true,false,ok,216.843,134.252,134.252,1.0231764105143624,false,916074739
2d,7086716300934,no-sampling,no-sampling,production,1000,100.0,0.4,0.0,true,false,false,ok,1.413,132.98,132.98,0.949206258565555,false,-813469563
10b,209057553422039,production-floor,full,production,1000,100.0,0.4,0.0,true,true,false,ok,129.673,80.336,80.336,0.9045064317279816,false,1718403736
23a,213580154006196,production-floor,full,production,1000,100.0,0.4,0.0,true,true,false,ok,101.866,477.584,477.584,1.0066469166716727,false,-71625942
28a,214245873936943,production-floor,full,production,1000,100.0,0.4,0.0,true,true,false,ok,136.862,1214.655,1214.655,1.05967443487607,false,-1614013504
3b,7211270352507,no-sampling,no-sampling,production,1000,100.0,0.4,0.0,true,false,false,ok,3.345,8.025,8.025,1.0681485425262878,false,129508754
29b,214383312890383,no-sampling,no-sampling,production,1000,100.0,0.4,0.0,true,false,false,ok,618.484,529.693,529.693,150.56651506537807,true,-609415370
23c,213588743940790,production-floor,full,production,1000,100.0,0.4,0.0,true,true,false,ok,85.294,1358.3,1358.3,0.9967992784708455,false,-71625942
18b,210122705311727,no-sampling,no-sampling,production,1000,100.0,0.4,0.0,true,false,false,ok,3.655,1077.207,1077.207,1.1083653672028053,false,1807679118
15c,209727568320075,no-sampling,no-sampling,production,1000,100.0,0.4,0.0,true,false,false,timeout,,,30000.0,31.395761362910932,true,
15a,209718978385481,production-floor,full,production,1000,100.0,0.4,0.0,true,true,true,ok,29.964,407.448,407.448,0.7187711414042963,false,-197612404
14a,209585834399338,production-floor,full,production,1000,100.0,0.4,0.0,true,true,false,ok,397.728,789.782,789.782,1.624417413625014,false,-1633330344
13c,209461280347765,production-floor,full,production,1000,100.0,0.4,0.0,true,true,false,ok,208.976,904.509,904.509,1.0973308859478748,false,1004522218
16b,209856417338921,production-floor,full,production,1000,100.0,0.4,0.0,true,true,false,ok,259.431,6346.636,6346.636,1.561140979828961,false,-32917605
29c,214387607857672,production-floor,full,production,1000,100.0,0.4,0.0,true,true,false,ok,1851.108,210.283,210.283,2.049302225860523,false,-839131028
13b,209456985380468,production-floor,full,production,1000,100.0,0.4,0.0,true,true,false,ok,146.842,916.63,916.63,1.7496211123454386,false,-2119720580
11c,209194992375479,production-floor,full,production,1000,100.0,0.4,0.0,true,true,false,ok,67.97,387.224,387.224,0.9431915751321712,false,212006990
27a,214112729950792,production-floor,full,production,1000,100.0,0.4,0.0,true,true,false,ok,204.262,26.923,26.923,1.2177118433252676,false,1608906155
13c,209461280347765,no-sampling,no-sampling,production,1000,100.0,0.4,0.0,true,false,false,ok,5.26,1726.406,1726.406,2.094438668366734,false,-1402813810
26a,213979585964649,no-sampling,no-sampling,production,1000,100.0,0.4,0.0,true,false,false,ok,23.988,712.597,712.597,2.1085745904743867,false,-2024555218
1a,6940687412900,no-sampling,no-sampling,production,1000,100.0,0.4,0.0,true,false,false,ok,2.393,12.351,12.351,1.3655812924982036,false,958676468
17d,209998151259658,no-sampling,no-sampling,production,1000,100.0,0.4,0.0,true,false,false,ok,2.334,2191.273,2191.273,1.1691571965705438,false,-2143655902
6e,7623587212827,production-floor,full,production,1000,100.0,0.4,0.0,true,true,false,ok,119.462,4.069,4.069,0.9086645824028584,false,-224470636
15c,209727568320075,production-floor,full,production,1000,100.0,0.4,0.0,true,true,false,ok,141.798,621.941,621.941,0.6508770405936729,false,-1098297468
30c,217316775554386,no-sampling,no-sampling,production,1000,100.0,0.4,0.0,true,false,false,timeout,,,30000.0,25.650968131664712,true,
19d,210264439232456,no-sampling,no-sampling,production,1000,100.0,0.4,0.0,true,false,true,ok,12.635,13956.399,13956.399,4.588694301284739,false,-1228936107
20c,213189311981841,no-sampling,no-sampling,production,1000,100.0,0.4,0.0,true,false,false,ok,17.017,1871.483,1871.483,5.17290770359785,false,-249267488
7b,7743846297599,no-sampling,no-sampling,production,1000,100.0,0.4,0.0,true,false,false,ok,20.603,51.345,51.345,38.619781872884545,true,1766386416
12c,209328136361622,no-sampling,no-sampling,production,1000,100.0,0.4,0.0,true,false,false,ok,9.453,8272.495,8272.495,21.600472612620848,true,-515552557
23a,213580154006196,no-sampling,no-sampling,production,1000,100.0,0.4,0.0,true,false,false,timeout,,,30000.0,63.23370862539402,true,
15b,209723273352778,production-floor,full,production,1000,100.0,0.4,0.0,true,true,true,ok,31.212,8.396,8.396,0.6578390660503017,false,-1293176700
31a,217441329605943,production-floor,full,production,1000,100.0,0.4,0.0,true,true,false,ok,469.483,373.164,373.164,1.9370702878633328,false,-1860427610
20c,213189311981841,production-floor,full,production,1000,100.0,0.4,0.0,true,true,false,ok,189.947,313.199,313.199,0.8657035729734884,false,216174188
28c,214254463871529,no-sampling,no-sampling,production,1000,100.0,0.4,0.0,true,false,false,ok,113.618,1669.194,1669.194,3.6504543948527792,false,1914702639
14b,209590129366635,no-sampling,no-sampling,production,1000,100.0,0.4,0.0,true,false,false,ok,7.284,45.665,45.665,1.2413015113624009,false,-1877309394
7a,7739551330302,production-floor,full,production,1000,100.0,0.4,0.0,true,true,false,ok,267.423,11.668,11.668,1.0573629361123698,false,-2009290410
8c,7881285251039,production-floor,full,production,1000,100.0,0.4,0.0,true,true,false,ok,151.108,6335.42,6335.42,1.0431855969248236,false,1588336649
1a,6940687412900,production-floor,full,production,1000,100.0,0.4,0.0,true,true,false,ok,44.92,9.091,9.091,1.0051412460611422,false,686382736
23c,213588743940790,no-sampling,no-sampling,production,1000,100.0,0.4,0.0,true,false,false,timeout,,,30000.0,22.01573905184817,true,
30b,217312480587089,production-floor,full,production,1000,100.0,0.4,0.0,true,true,true,ok,96.977,40.498,40.498,1.0617552598807105,false,1048534400
31b,217445624573232,no-sampling,no-sampling,production,1000,100.0,0.4,0.0,true,false,false,ok,33.307,3876.544,3876.544,461.82320705265664,true,1223952466
16d,209865007273515,production-floor,full,production,1000,100.0,0.4,0.0,true,true,false,ok,211.187,901.878,901.878,2.961404591783125,false,719404660
2a,7073831399067,no-sampling,no-sampling,production,1000,100.0,0.4,0.0,true,false,false,ok,3.422,176.497,176.497,1.3878987327836692,false,-813469563
13d,209465575315062,no-sampling,no-sampling,production,1000,100.0,0.4,0.0,true,false,false,ok,4.362,4989.963,4989.963,1.5539300240502814,false,-1402813810
15d,209731863287348,production-floor,full,production,1000,100.0,0.4,0.0,true,true,false,ok,152.549,547.672,547.672,0.9754226171764727,false,-704972777
21c,213322455968496,production-floor,full,production,1000,100.0,0.4,0.0,true,true,false,ok,116.42,55.839,55.839,1.0535759771318598,false,405046416
21a,213313866033910,no-sampling,no-sampling,production,1000,100.0,0.4,0.0,true,false,false,ok,9.753,23.081,23.081,0.6549659477866062,false,1875661095
9b,8010134269885,production-floor,full,production,1000,100.0,0.4,0.0,true,true,false,ok,116.96,558.035,558.035,1.0558136586851783,false,983461370
2a,7073831399067,production-floor,full,production,1000,100.0,0.4,0.0,true,true,false,ok,72.226,207.234,207.234,1.6296016702249378,false,321836810
22c,213455599954647,no-sampling,no-sampling,production,1000,100.0,0.4,0.0,true,false,false,ok,13.629,8151.009,8151.009,18.642595917433816,true,-1719071238
9a,8005839302588,no-sampling,no-sampling,production,1000,100.0,0.4,0.0,true,false,false,ok,5.631,580.953,580.953,1.064008688581036,false,-1811363958
31c,217449919540529,no-sampling,no-sampling,production,1000,100.0,0.4,0.0,true,false,false,ok,24.773,24740.275,24740.275,98.33803024039685,true,-1849236590
19b,210255849297870,production-floor,full,production,1000,100.0,0.4,0.0,true,true,false,ok,116.155,264.175,264.175,1.573228759104092,false,-1834056489
21c,213322455968496,no-sampling,no-sampling,production,1000,100.0,0.4,0.0,true,false,false,ok,9.301,31.62,31.62,0.5966094019754904,false,1875661095
8c,7881285251039,no-sampling,no-sampling,production,1000,100.0,0.4,0.0,true,false,false,timeout,,,30000.0,4.939777932283055,true,
13a,209452690413195,production-floor,full,production,1000,100.0,0.4,0.0,true,true,true,ok,25.191,829.568,829.568,0.7931724872500445,false,-1937147173
32a,217574473592086,production-floor,full,production,1000,100.0,0.4,0.0,true,true,false,ok,91.735,0.676,0.676,1.5089285714285714,false,1765267761
7b,7743846297599,production-floor,full,production,1000,100.0,0.4,0.0,true,true,false,ok,302.03,2.506,2.506,1.8849191425347875,false,-377469187
8b,7876990283742,production-floor,full,production,1000,100.0,0.4,0.0,true,true,false,ok,84.841,214.691,214.691,1.0081282870022539,false,-1718178947
4b,7344414338650,no-sampling,no-sampling,production,1000,100.0,0.4,0.0,true,false,false,ok,4.087,53.887,53.887,2.294284193720064,false,611794456
17c,209993856292361,no-sampling,no-sampling,production,1000,100.0,0.4,0.0,true,false,false,ok,3.325,125.045,125.045,2.270366940828295,false,-99220691
29c,214387607857672,no-sampling,no-sampling,production,1000,100.0,0.4,0.0,true,false,false,ok,703.552,201.619,201.619,1.9648676568042724,false,1519204498
19a,210251554330573,no-sampling,no-sampling,production,1000,100.0,0.4,0.0,true,false,false,ok,8.006,7857.499,7857.499,11.078509029179871,true,1270559632
5b,7477558324793,no-sampling,no-sampling,production,1000,100.0,0.4,0.0,true,false,false,ok,3.251,403.424,403.424,1.575875,false,677486420
10c,209061848389328,no-sampling,no-sampling,production,1000,100.0,0.4,0.0,true,false,false,timeout,,,30000.0,8.584061857894289,true,
30c,217316775554386,production-floor,full,production,1000,100.0,0.4,0.0,true,true,true,ok,104.083,549.104,549.104,0.46950164016565404,false,-1836733028
1b,6944982380197,no-sampling,no-sampling,production,1000,100.0,0.4,0.0,true,false,false,ok,3.43,1.316,1.316,2.369036903690369,false,1234261665
18a,210118410344430,production-floor,full,production,1000,100.0,0.4,0.0,true,true,false,ok,381.393,1128.244,1128.244,0.7799658493083448,false,-574815707
19c,210260144265167,no-sampling,no-sampling,production,1000,100.0,0.4,0.0,true,false,false,ok,12.199,19927.212,19927.212,24.386996106468473,true,-1294825545
24b,213717592959636,production-floor,full,production,1000,100.0,0.4,0.0,true,true,false,ok,294.753,2.373,2.373,0.8583830710797613,false,644596804
11a,209186402440885,production-floor,full,production,1000,100.0,0.4,0.0,true,true,false,ok,44.161,21.811,21.811,1.338549817423057,false,-1055439248
11c,209194992375479,no-sampling,no-sampling,production,1000,100.0,0.4,0.0,true,false,false,ok,5.643,2138.531,2138.531,5.208986071005355,false,-1039926098
14b,209590129366635,production-floor,full,production,1000,100.0,0.4,0.0,true,true,false,ok,77.508,36.982,36.982,1.0052734587365446,false,1313982226
19a,210251554330573,production-floor,full,production,1000,100.0,0.4,0.0,true,true,false,ok,66.055,691.129,691.129,0.9744422324238355,false,1396323381
3a,7206975385210,no-sampling,no-sampling,production,1000,100.0,0.4,0.0,true,false,false,ok,2.256,174.445,174.445,0.9884997549220992,false,-1613518825
9c,8014429237182,production-floor,full,production,1000,100.0,0.4,0.0,true,true,false,ok,230.529,764.272,764.272,0.9964043127387456,false,-1283145132
24a,213713297992363,no-sampling,no-sampling,production,1000,100.0,0.4,0.0,true,false,false,ok,34.912,736.436,736.436,5.612608698965787,false,-352090006
20b,213185017014544,no-sampling,no-sampling,production,1000,100.0,0.4,0.0,true,false,false,ok,8.366,1140.147,1140.147,3.55228033225117,false,203442306
17f,210006741194740,production-floor,full,production,1000,100.0,0.4,0.0,true,true,false,ok,82.48,2072.363,2072.363,1.1021463358856776,false,-806828271
21a,213313866033910,production-floor,full,production,1000,100.0,0.4,0.0,true,true,false,ok,63.851,35.855,35.855,1.0174517593643588,false,405046416
17b,209989561325064,production-floor,full,production,1000,100.0,0.4,0.0,true,true,false,ok,27.841,867.199,867.199,1.063956469996442,false,-138391054
25c,213855031913076,no-sampling,no-sampling,production,1000,100.0,0.4,0.0,true,false,false,ok,8.539,10210.074,10210.074,9.925234653302207,false,-1785408503
4c,7348709305947,no-sampling,no-sampling,production,1000,100.0,0.4,0.0,true,false,false,ok,3.115,2152.108,2152.108,0.6384932789494109,false,-1125545911
9c,8014429237182,no-sampling,no-sampling,production,1000,100.0,0.4,0.0,true,false,false,ok,3.547,829.258,829.258,1.0811285086632858,false,2086476890
13d,209465575315062,production-floor,full,production,1000,100.0,0.4,0.0,true,true,false,ok,75.913,3146.738,3146.738,0.9799292411626969,false,-2119720580
5a,7473263357496,no-sampling,no-sampling,production,1000,100.0,0.4,0.0,true,false,false,ok,2.507,156.927,156.927,0.9851190382774367,false,1516290568
25a,213846441978506,production-floor,full,production,1000,100.0,0.4,0.0,true,true,false,ok,107.99,909.853,909.853,1.0045360474173455,false,1296202811
10a,209053258454742,production-floor,full,production,1000,100.0,0.4,0.0,true,true,false,ok,192.187,322.115,322.115,0.8785305957692853,false,1718403736
9d,8018724204479,production-floor,full,production,1000,100.0,0.4,0.0,true,true,false,ok,163.242,1621.717,1621.717,1.0076659979824523,false,260928115
18a,210118410344430,no-sampling,no-sampling,production,1000,100.0,0.4,0.0,true,false,false,ok,3.881,4993.992,4993.992,3.4523943506183765,false,812001518
17f,210006741194740,no-sampling,no-sampling,production,1000,100.0,0.4,0.0,true,false,false,ok,2.338,5162.81,5162.81,2.7457410330014267,false,1840011406
15d,209731863287348,no-sampling,no-sampling,production,1000,100.0,0.4,0.0,true,false,false,ok,4.897,10157.587,10157.587,18.091010852732502,true,-241594924
21b,213318161001207,no-sampling,no-sampling,production,1000,100.0,0.4,0.0,true,false,false,ok,7.576,13.99,13.99,0.8513098244439711,false,1875661095
11b,209190697408182,no-sampling,no-sampling,production,1000,100.0,0.4,0.0,true,false,false,ok,3.47,2.142,2.142,0.9415384615384615,false,762399165
23b,213584448973493,no-sampling,no-sampling,production,1000,100.0,0.4,0.0,true,false,false,ok,10.511,72.804,72.804,0.6725294215456242,false,-976682035
10c,209061848389328,production-floor,full,production,1000,100.0,0.4,0.0,true,true,false,ok,179.039,3511.035,3511.035,1.004631387507729,false,1698543765
31b,217445624573232,production-floor,full,production,1000,100.0,0.4,0.0,true,true,false,ok,123.465,8.553,8.553,1.0189421015010722,false,1092791141
33a,217707617578741,no-sampling,no-sampling,production,1000,100.0,0.4,0.0,true,false,false,ok,69.76,9.38,9.38,1.7600150107890047,false,1266302631
18c,210127000279016,production-floor,full,production,1000,100.0,0.4,0.0,true,true,false,ok,125.357,815.152,815.152,0.7812197214009499,false,-852311855
8d,7885580218328,production-floor,full,production,1000,100.0,0.4,0.0,true,true,false,ok,75.249,643.618,643.618,1.1253764773868777,false,1504554646
16a,209852122371624,no-sampling,no-sampling,production,1000,100.0,0.4,0.0,true,false,false,ok,3.374,99.952,99.952,2.29042828662435,false,1108344190
2c,7082421333637,no-sampling,no-sampling,production,1000,100.0,0.4,0.0,true,false,false,ok,1.193,0.298,0.298,0.8563218390804598,false,-26625759
12c,209328136361622,production-floor,full,production,1000,100.0,0.4,0.0,true,true,false,ok,42.998,342.944,342.944,0.8954677494108662,false,-1953493739
3b,7211270352507,production-floor,full,production,1000,100.0,0.4,0.0,true,true,false,ok,23.797,7.005,7.005,0.9323838679621989,false,129508754
6e,7623587212827,no-sampling,no-sampling,production,1000,100.0,0.4,0.0,true,false,false,ok,1.41,4.552,4.552,1.0165252344796785,false,-1397154297
25a,213846441978506,no-sampling,no-sampling,production,1000,100.0,0.4,0.0,true,false,false,ok,5.945,1790.958,1790.958,1.9773324596505968,false,-1295408368
6f,7627882180100,production-floor,full,production,1000,100.0,0.4,0.0,true,true,false,ok,105.166,1584.585,1584.585,0.9626839488884467,false,1250717231
25c,213855031913076,production-floor,full,production,1000,100.0,0.4,0.0,true,true,false,ok,133.158,955.686,955.686,0.9290243934447265,false,-472157051
17e,210002446226955,no-sampling,no-sampling,production,1000,100.0,0.4,0.0,true,false,false,ok,2.227,5910.659,5910.659,1.4479837971284855,false,-2049997972
33b,217711912546038,no-sampling,no-sampling,production,1000,100.0,0.4,0.0,true,false,false,ok,47.481,78.823,78.823,15.332231083446798,true,491952308
26b,213983880931946,production-floor,full,production,1000,100.0,0.4,0.0,true,true,false,ok,165.388,146.215,146.215,0.8003273232837421,false,1839472673
5c,7481853292090,no-sampling,no-sampling,production,1000,100.0,0.4,0.0,true,false,false,ok,2.491,732.735,732.735,1.217511589651563,false,1437004065
26b,213983880931946,no-sampling,no-sampling,production,1000,100.0,0.4,0.0,true,false,false,ok,16.224,40.251,40.251,0.22031922230615122,false,-1048805790
30b,217312480587089,no-sampling,no-sampling,production,1000,100.0,0.4,0.0,true,false,false,timeout,,,30000.0,786.5242183915581,true,
1c,6949277347494,no-sampling,no-sampling,production,1000,100.0,0.4,0.0,true,false,true,ok,5.209,13.832,13.832,10.693467336683419,true,958676468
16c,209860712306218,production-floor,full,production,1000,100.0,0.4,0.0,true,true,false,ok,168.067,437.061,437.061,0.9567016131415381,false,719404660
4c,7348709305947,production-floor,full,production,1000,100.0,0.4,0.0,true,true,false,ok,21.018,3314.518,3314.518,0.9833602523464636,false,464932698
30a,217308185619792,production-floor,full,production,1000,100.0,0.4,0.0,true,true,false,ok,247.509,834.093,834.093,0.8987959739723052,false,204795277
12a,209319546427028,production-floor,full,production,1000,100.0,0.4,0.0,true,true,false,ok,35.555,166.841,166.841,1.008382994669213,false,1128872642
6a,7606407343647,production-floor,full,production,1000,100.0,0.4,0.0,true,true,false,ok,79.517,4.408,4.408,1.0253547336589905,false,-224470636
8a,7872695316445,production-floor,full,production,1000,100.0,0.4,0.0,true,true,false,ok,114.424,72.126,72.126,0.9343895945744619,false,-1424306548
28b,214250168904232,production-floor,full,production,1000,100.0,0.4,0.0,true,true,false,ok,171.23,266.579,266.579,1.0344146521283615,false,-1614013504
16d,209865007273515,no-sampling,no-sampling,production,1000,100.0,0.4,0.0,true,false,false,ok,4.892,383.714,383.714,1.2599624356414838,false,2025501659
17d,209998151259658,production-floor,full,production,1000,100.0,0.4,0.0,true,true,false,ok,76.291,1696.264,1696.264,0.9050443568115596,false,-2143655902
16c,209860712306218,no-sampling,no-sampling,production,1000,100.0,0.4,0.0,true,false,false,ok,2.932,554.964,554.964,1.2147845587583441,false,2025501659
2c,7082421333637,production-floor,full,production,1000,100.0,0.4,0.0,true,true,false,ok,40.782,0.511,0.511,1.4683908045977012,false,-26625759
30a,217308185619792,no-sampling,no-sampling,production,1000,100.0,0.4,0.0,true,false,false,ok,52.9,8754.301,8754.301,9.433397107686703,false,-1836210057
8d,7885580218328,no-sampling,no-sampling,production,1000,100.0,0.4,0.0,true,false,false,timeout,,,30000.0,52.45548496407236,true,
32b,217578768559383,no-sampling,no-sampling,production,1000,100.0,0.4,0.0,true,false,true,ok,5.646,201.631,201.631,3.8571209947393594,false,-119481243
9a,8005839302588,production-floor,full,production,1000,100.0,0.4,0.0,true,true,false,ok,411.462,526.964,526.964,0.9651284605973584,false,1514154397
10a,209053258454742,no-sampling,no-sampling,production,1000,100.0,0.4,0.0,true,false,false,ok,7.867,399.69,399.69,1.0901072406532624,false,-1532910689
26c,213988175899243,production-floor,full,production,1000,100.0,0.4,0.0,true,true,false,ok,449.56,1444.441,1444.441,4.917639368596297,false,-824637688
4b,7344414338650,production-floor,full,production,1000,100.0,0.4,0.0,true,true,false,ok,78.003,33.315,33.315,1.41841405002661,false,261415237
27c,214121319885386,no-sampling,no-sampling,production,1000,100.0,0.4,0.0,true,false,false,ok,102.048,55.852,55.852,1.7001354580460555,false,-829331469
4a,7340119371353,no-sampling,no-sampling,production,1000,100.0,0.4,0.0,true,false,false,ok,3.286,847.308,847.308,1.1116150408373309,false,-1202259619
12b,209323841394325,no-sampling,no-sampling,production,1000,100.0,0.4,0.0,true,false,false,ok,6.721,8.277,8.277,4.044466161739555,false,1748720315
6d,7619292245530,production-floor,full,production,1000,100.0,0.4,0.0,true,true,false,ok,122.641,1090.152,1090.152,0.9368987817716952,false,1250717231
23b,213584448973493,production-floor,full,production,1000,100.0,0.4,0.0,true,true,false,ok,148.985,744.653,744.653,6.878757366933324,false,1055741165
14c,209594424333908,no-sampling,no-sampling,production,1000,100.0,0.4,0.0,true,false,false,ok,7.344,2964.99,2964.99,5.8427247486043425,false,-452716964
6f,7627882180100,no-sampling,no-sampling,production,1000,100.0,0.4,0.0,true,false,false,ok,2.358,1581.758,1581.758,0.960966459751854,false,-1261445935
5c,7481853292090,production-floor,full,production,1000,100.0,0.4,0.0,true,true,false,ok,65.078,714.587,714.587,1.1873568948041806,false,-761671341
12a,209319546427028,no-sampling,no-sampling,production,1000,100.0,0.4,0.0,true,false,false,ok,4.55,4779.963,4779.963,28.889981505433532,true,-515552557
20a,213180722047255,production-floor,full,production,1000,100.0,0.4,0.0,true,true,false,ok,167.365,1099.797,1099.797,1.0685748458660624,false,-1591323648
17e,210002446226955,production-floor,full,production,1000,100.0,0.4,0.0,true,true,false,ok,97.085,4024.943,4024.943,0.9860241046498738,false,-1125412742
1c,6949277347494,production-floor,full,production,1000,100.0,0.4,0.0,true,true,false,ok,14.215,1.314,1.314,1.0158484731349053,false,686382736
17b,209989561325064,no-sampling,no-sampling,production,1000,100.0,0.4,0.0,true,false,false,ok,2.632,1558.591,1558.591,1.9122173555645525,false,-2143655902
15a,209718978385481,no-sampling,no-sampling,production,1000,100.0,0.4,0.0,true,false,false,ok,5.618,27454.114,27454.114,48.43127185806207,true,506230201
1d,6953572314791,no-sampling,no-sampling,production,1000,100.0,0.4,0.0,true,false,false,ok,3.336,0.482,0.482,0.8884792626728111,false,1234261665
1d,6953572314791,production-floor,full,production,1000,100.0,0.4,0.0,true,true,false,ok,19.301,0.47,0.47,0.8663594470046083,false,1003820838
33b,217711912546038,production-floor,full,production,1000,100.0,0.4,0.0,true,true,false,ok,171.419,4.423,4.423,0.8603384555533943,false,-1215026023
29a,214379017923086,production-floor,full,production,1000,100.0,0.4,0.0,true,true,false,ok,954.21,32.484,32.484,1.1596044693535146,false,-858518681
11d,209199287342768,no-sampling,no-sampling,production,1000,100.0,0.4,0.0,true,false,false,ok,5.17,2138.047,2138.047,7.151448153140648,false,-1039926098
8b,7876990283742,no-sampling,no-sampling,production,1000,100.0,0.4,0.0,true,false,false,ok,5.498,139.559,139.559,0.6553296393688955,false,1175150577
21b,213318161001207,production-floor,full,production,1000,100.0,0.4,0.0,true,true,false,ok,49.403,17.189,17.189,1.0459731645723673,false,405046416
18b,210122705311727,production-floor,full,production,1000,100.0,0.4,0.0,true,true,false,ok,126.675,997.062,997.062,1.0259021615659418,false,-2103027714
13a,209452690413195,no-sampling,no-sampling,production,1000,100.0,0.4,0.0,true,false,false,ok,3.652,1125.851,1125.851,1.0764567075187927,false,-1379658100
4a,7340119371353,production-floor,full,production,1000,100.0,0.4,0.0,true,true,false,ok,16.969,782.385,782.385,1.0264401300654722,false,1427000343
19c,210260144265167,production-floor,full,production,1000,100.0,0.4,0.0,true,true,false,ok,91.357,1054.789,1054.789,1.2908546983966336,false,204487702
2d,7086716300934,production-floor,full,production,1000,100.0,0.4,0.0,true,true,false,ok,75.279,214.309,214.309,1.5297296139789858,false,321836810
22a,213447010020053,production-floor,full,production,1000,100.0,0.4,0.0,true,true,false,ok,51.713,366.58,366.58,0.8474446969399242,false,-1072711187
1b,6944982380197,production-floor,full,production,1000,100.0,0.4,0.0,true,true,false,ok,18.494,0.437,0.437,0.7866786678667866,false,1003820838
27b,214117024918089,no-sampling,no-sampling,production,1000,100.0,0.4,0.0,true,false,false,ok,34.861,11.796,11.796,1.4249818796810823,false,1021059939
11d,209199287342768,production-floor,full,production,1000,100.0,0.4,0.0,true,true,false,ok,33.429,204.345,204.345,0.6835035304899872,false,588364050
16a,209852122371624,production-floor,full,production,1000,100.0,0.4,0.0,true,true,false,ok,183.163,42.086,42.086,0.9644125667407595,false,719404660
32a,217574473592086,no-sampling,no-sampling,production,1000,100.0,0.4,0.0,true,false,false,ok,1.71,0.235,0.235,0.5245535714285714,false,957982218
25b,213850736945803,no-sampling,no-sampling,production,1000,100.0,0.4,0.0,true,false,false,ok,9.042,4.736,4.736,3.3399153737658676,false,106978077
5a,7473263357496,production-floor,full,production,1000,100.0,0.4,0.0,true,true,false,ok,15.031,155.534,155.534,0.9763743938228785,false,414652499
6b,7610702310936,production-floor,full,production,1000,100.0,0.4,0.0,true,true,false,ok,74.175,4.38,4.38,0.8877178759627079,false,1482096114
3a,7206975385210,production-floor,full,production,1000,100.0,0.4,0.0,true,true,false,ok,16.023,163.89,163.89,0.9286894140513218,false,-1613518825
17a,209985266357775,no-sampling,no-sampling,production,1000,100.0,0.4,0.0,true,false,false,ok,2.902,5260.613,5260.613,2.763799392560362,false,-2049997972
6c,7614997278233,no-sampling,no-sampling,production,1000,100.0,0.4,0.0,true,false,false,ok,2.142,0.526,0.526,0.7862481315396114,false,-1397154297
12b,209323841394325,production-floor,full,production,1000,100.0,0.4,0.0,true,true,false,ok,27.03,1.437,1.437,0.7021744441729783,false,1435336516
27c,214121319885386,production-floor,full,production,1000,100.0,0.4,0.0,true,true,false,ok,121.187,29.746,29.746,0.9054685478593062,false,-622492985
28a,214245873936943,no-sampling,no-sampling,production,1000,100.0,0.4,0.0,true,false,false,ok,63.057,756.628,756.628,0.6600881306308468,false,1222793645
7c,7748141264888,no-sampling,no-sampling,production,1000,100.0,0.4,0.0,true,false,false,ok,6.42,15102.865,15102.865,8.451469647212482,false,1134307114
26c,213988175899243,no-sampling,no-sampling,production,1000,100.0,0.4,0.0,true,false,false,ok,13.537,343.26,343.26,1.1686381719048162,false,2002976144
28c,214254463871529,production-floor,full,production,1000,100.0,0.4,0.0,true,true,false,ok,167.859,429.79,429.79,0.939931963788377,false,-127293549
17c,209993856292361,production-floor,full,production,1000,100.0,0.4,0.0,true,true,false,ok,41.128,52.908,52.908,0.9606187700855167,false,-99220691
27b,214117024918089,production-floor,full,production,1000,100.0,0.4,0.0,true,true,false,ok,79.317,5.847,5.847,0.7063300314085528,false,1367252878
11a,209186402440885,no-sampling,no-sampling,production,1000,100.0,0.4,0.0,true,false,false,ok,4.557,48.072,48.072,2.9501979195434047,false,1643046009
15b,209723273352778,no-sampling,no-sampling,production,1000,100.0,0.4,0.0,true,false,false,ok,4.0,8.722,8.722,0.683381650082269,false,527170132
22b,213451304987350,no-sampling,no-sampling,production,1000,100.0,0.4,0.0,true,false,false,ok,10.503,116.751,116.751,0.2742207675532084,false,-1719071238
33a,217707617578741,production-floor,full,production,1000,100.0,0.4,0.0,true,true,false,ok,129.292,4.35,4.35,0.8162116521249647,false,14380942
31a,217441329605943,no-sampling,no-sampling,production,1000,100.0,0.4,0.0,true,false,false,ok,22.442,19072.871,19072.871,99.00604484449254,true,-1795126799
19b,210255849297870,no-sampling,no-sampling,production,1000,100.0,0.4,0.0,true,false,false,ok,7.111,261.063,261.063,1.5546960141496795,false,-167141638
27a,214112729950792,no-sampling,no-sampling,production,1000,100.0,0.4,0.0,true,false,false,ok,38.493,36.652,36.652,1.6577489314548048,false,-1578205233
11b,209190697408182,production-floor,full,production,1000,100.0,0.4,0.0,true,true,false,ok,26.07,2.132,2.132,0.9371428571428573,false,898037380
28b,214250168904232,no-sampling,no-sampling,production,1000,100.0,0.4,0.0,true,false,false,ok,55.744,285.784,285.784,1.1089364013813978,false,1222793645
13b,209456985380468,no-sampling,no-sampling,production,1000,100.0,0.4,0.0,true,false,false,ok,3.719,1405.853,1405.853,2.6834274349019474,false,-1402813810
3c,7215565319780,no-sampling,no-sampling,production,1000,100.0,0.4,0.0,true,false,false,ok,2.324,1260.243,1260.243,0.9284204314775504,false,-1572305105
19d,210264439232456,production-floor,full,production,1000,100.0,0.4,0.0,true,true,false,ok,169.442,3007.062,3007.062,0.98868542401302,false,-1675841368
20a,213180722047255,no-sampling,no-sampling,production,1000,100.0,0.4,0.0,true,false,false,ok,4.745,1355.984,1355.984,1.3174889491395656,false,2087169786
9b,8010134269885,no-sampling,no-sampling,production,1000,100.0,0.4,0.0,true,false,false,ok,3.987,2297.725,2297.725,4.347342799111885,false,-1366607982
24b,213717592959636,no-sampling,no-sampling,production,1000,100.0,0.4,0.0,true,false,false,ok,30.794,997.877,997.877,360.96111412552,true,-70091638
29b,214383312890383,production-floor,full,production,1000,100.0,0.4,0.0,true,true,false,ok,873.433,2.997,2.997,0.8519044911881751,false,-665152500
3c,7215565319780,production-floor,full,production,1000,100.0,0.4,0.0,true,true,false,ok,20.574,1424.51,1424.51,1.0494358539139559,false,-1572305105
22d,213459894921936,production-floor,full,production,1000,100.0,0.4,0.0,true,true,false,ok,45.376,478.895,478.895,1.0565464535607796,false,-697127982
7a,7739551330302,no-sampling,no-sampling,production,1000,100.0,0.4,0.0,true,false,false,ok,11.165,11.78,11.78,1.067512460353421,false,-1169423559
22d,213459894921936,no-sampling,no-sampling,production,1000,100.0,0.4,0.0,true,false,false,ok,10.787,14166.923,14166.923,31.255311192471506,true,-1065531287
8a,7872695316445,no-sampling,no-sampling,production,1000,100.0,0.4,0.0,true,false,false,ok,2.94,212.01,212.01,2.746581509382631,false,-487903307
32b,217578768559383,production-floor,full,production,1000,100.0,0.4,0.0,true,true,false,ok,70.286,49.899,49.899,0.9545480631276901,false,-239234728
9d,8018724204479,no-sampling,no-sampling,production,1000,100.0,0.4,0.0,true,false,false,ok,2.852,4770.548,4770.548,2.9642157117075243,false,2086476890
27a,214112729950793,production-floor,full,production,1000,100.0,0.4,0.0,true,true,false,ok,96.073,17.343,17.343,0.784413939709175,false,1608906155
21c,213322455968497,no-sampling,no-sampling,production,1000,100.0,0.4,0.0,true,false,false,ok,8.118,31.165,31.165,0.5880244153246729,false,1875661095
29c,214387607857673,production-floor,full,production,1000,100.0,0.4,0.0,true,true,false,ok,1107.022,76.696,76.696,0.7474369469457763,false,-839131028
30b,217312480587088,no-sampling,no-sampling,production,1000,100.0,0.4,0.0,true,false,false,timeout,,,30000.0,786.5242183915581,true,
14c,209594424333909,no-sampling,no-sampling,production,1000,100.0,0.4,0.0,true,false,true,ok,16.271,994.435,994.435,1.9596052551200374,false,-452716964
15c,209727568320074,production-floor,full,production,1000,100.0,0.4,0.0,true,true,false,ok,113.774,948.95,948.95,0.993100258177811,false,-1098297468
29b,214383312890382,production-floor,full,production,1000,100.0,0.4,0.0,true,true,false,ok,877.059,5.28,5.28,1.5008527572484367,false,-665152500
29a,214379017923087,no-sampling,no-sampling,production,1000,100.0,0.4,0.0,true,false,false,ok,485.644,582.582,582.582,20.796844322278943,true,-980331532
20c,213189311981840,no-sampling,no-sampling,production,1000,100.0,0.4,0.0,true,false,false,ok,65.419,884.923,884.923,2.4459880232900435,false,-249267488
6b,7610702310937,no-sampling,no-sampling,production,1000,100.0,0.4,0.0,true,false,false,ok,2.794,4.632,4.632,0.9387920551276855,false,1956036293
25c,213855031913077,production-floor,full,production,1000,100.0,0.4,0.0,true,true,false,ok,236.857,1106.949,1106.949,1.076067477497051,false,-472157051
12c,209328136361623,production-floor,full,production,1000,100.0,0.4,0.0,true,true,false,ok,38.912,356.201,356.201,0.9300833599885111,false,-1953493739
31a,217441329605942,production-floor,full,production,1000,100.0,0.4,0.0,true,true,false,ok,230.847,221.0,221.0,1.1471967650089412,false,-1860427610
10c,209061848389329,production-floor,full,production,1000,100.0,0.4,0.0,true,true,false,ok,224.459,3129.432,3129.432,0.895441262269128,false,1698543765
30c,217316775554387,production-floor,full,production,1000,100.0,0.4,0.0,true,true,false,ok,245.628,497.395,497.395,0.4252887764616456,false,-1836733028
14c,209594424333909,production-floor,full,production,1000,100.0,0.4,0.0,true,true,false,ok,27.365,449.054,449.054,0.8848930078211982,false,1171118565
7a,7739551330303,no-sampling,no-sampling,production,1000,100.0,0.4,0.0,true,false,false,ok,5.791,9.021,9.021,0.8174898051653829,false,-1169423559
30b,217312480587088,production-floor,full,production,1000,100.0,0.4,0.0,true,true,false,ok,171.675,36.741,36.741,0.9632562102641411,false,352978464
5c,7481853292091,production-floor,full,production,1000,100.0,0.4,0.0,true,true,false,ok,19.886,584.534,584.534,0.9712609873220013,false,-761671341
5a,7473263357497,production-floor,full,production,1000,100.0,0.4,0.0,true,true,false,ok,12.724,149.622,149.622,0.9392614447809915,false,414652499
22b,213451304987351,no-sampling,no-sampling,production,1000,100.0,0.4,0.0,true,false,false,ok,11.031,113.424,113.424,0.26640642340498244,false,-1719071238
18a,210118410344431,no-sampling,no-sampling,production,1000,100.0,0.4,0.0,true,false,false,ok,3.185,5139.878,5139.878,3.553246735290661,false,812001518
9b,8010134269884,production-floor,full,production,1000,100.0,0.4,0.0,true,true,false,ok,189.476,465.784,465.784,0.8812728757103355,false,983461370
5b,7477558324792,no-sampling,no-sampling,production,1000,100.0,0.4,0.0,true,false,false,ok,2.134,307.097,307.097,1.19959765625,false,677486420
20c,213189311981840,production-floor,full,production,1000,100.0,0.4,0.0,true,true,false,ok,177.84,283.418,283.418,0.7833868410978329,false,216174188
9a,8005839302589,no-sampling,no-sampling,production,1000,100.0,0.4,0.0,true,false,false,ok,4.193,600.534,600.534,1.099871063215654,false,-1811363958
8c,7881285251038,production-floor,full,production,1000,100.0,0.4,0.0,true,true,false,ok,124.615,5804.757,5804.757,0.9558070176955195,false,1588336649
27b,214117024918088,no-sampling,no-sampling,production,1000,100.0,0.4,0.0,true,false,false,ok,35.037,13.47,13.47,1.6272046388016428,false,1021059939
11c,209194992375478,production-floor,full,production,1000,100.0,0.4,0.0,true,true,false,ok,22.891,392.925,392.925,0.9570779436677697,false,212006990
18c,210127000279017,no-sampling,no-sampling,production,1000,100.0,0.4,0.0,true,false,false,ok,4.336,10844.294,10844.294,10.392879288120486,true,-961604879
32b,217578768559382,production-floor,full,production,1000,100.0,0.4,0.0,true,true,false,ok,73.563,48.957,48.957,0.9365279770444763,false,-239234728
31b,217445624573233,production-floor,full,production,1000,100.0,0.4,0.0,true,true,false,ok,133.33,8.064,8.064,0.9606862044317369,false,1092791141
6a,7606407343646,no-sampling,no-sampling,production,1000,100.0,0.4,0.0,true,false,false,ok,3.161,3.94,3.94,0.9164922074901138,false,-1397154297
32b,217578768559382,no-sampling,no-sampling,production,1000,100.0,0.4,0.0,true,false,false,ok,1.741,150.348,150.348,2.87609756097561,false,-119481243
9d,8018724204478,production-floor,full,production,1000,100.0,0.4,0.0,true,true,false,ok,193.264,1059.976,1059.976,0.6586240224881702,false,260928115
15c,209727568320074,no-sampling,no-sampling,production,1000,100.0,0.4,0.0,true,false,false,timeout,,,30000.0,31.395761362910932,true,
33c,217716207513334,production-floor,full,production,1000,100.0,0.4,0.0,true,true,true,ok,113.728,8.613,8.613,1.0558381857186638,false,1026233334
12b,209323841394324,production-floor,full,production,1000,100.0,0.4,0.0,true,true,false,ok,549.215,5.8,5.8,2.8341070119716587,false,466548996
10b,209057553422038,production-floor,full,production,1000,100.0,0.4,0.0,true,true,false,ok,180.66,217.524,217.524,2.4491119430292456,false,1718403736
26b,213983880931947,production-floor,full,production,1000,100.0,0.4,0.0,true,true,false,ok,298.436,219.173,219.173,1.1996726767162578,false,1839472673
16a,209852122371625,no-sampling,no-sampling,production,1000,100.0,0.4,0.0,true,false,false,ok,5.545,250.691,250.691,5.744655010426454,false,1108344190
14b,209590129366634,no-sampling,no-sampling,production,1000,100.0,0.4,0.0,true,false,false,ok,9.467,60.474,60.474,1.643851255844297,false,-1877309394
17a,209985266357774,no-sampling,no-sampling,production,1000,100.0,0.4,0.0,true,false,false,ok,3.881,7666.233,7666.233,4.027654212280242,false,-2049997972
28a,214245873936942,no-sampling,no-sampling,production,1000,100.0,0.4,0.0,true,false,false,ok,112.076,1024.985,1024.985,0.8942048570429041,false,1222793645
8b,7876990283743,no-sampling,no-sampling,production,1000,100.0,0.4,0.0,true,false,false,ok,5.621,159.388,159.388,0.7484410217881292,false,1175150577
22d,213459894921937,no-sampling,no-sampling,production,1000,100.0,0.4,0.0,true,false,false,ok,15.873,14934.209,14934.209,32.948110871246264,true,-1065531287
24b,213717592959637,no-sampling,no-sampling,production,1000,100.0,0.4,0.0,true,false,false,ok,61.349,902.216,902.216,326.35775004521616,true,-70091638
8a,7872695316444,no-sampling,no-sampling,production,1000,100.0,0.4,0.0,true,false,false,ok,3.479,311.892,311.892,4.040549031292711,false,-487903307
1d,6953572314790,production-floor,full,production,1000,100.0,0.4,0.0,true,true,false,ok,30.077,0.68,0.68,1.2534562211981568,false,1003820838
8a,7872695316444,production-floor,full,production,1000,100.0,0.4,0.0,true,true,false,ok,154.993,72.939,72.939,0.9449219787409071,false,-1424306548
2d,7086716300935,no-sampling,no-sampling,production,1000,100.0,0.4,0.0,true,false,false,ok,1.75,143.188,143.188,1.0220705801735952,false,-813469563
26c,213988175899242,no-sampling,no-sampling,production,1000,100.0,0.4,0.0,true,false,false,ok,20.803,351.725,351.725,1.197457498727558,false,2002976144
2b,7078126366341,no-sampling,no-sampling,production,1000,100.0,0.4,0.0,true,false,false,ok,1.667,1163.408,1163.408,9.264720403905265,false,-1566201251
15a,209718978385480,production-floor,full,production,1000,100.0,0.4,0.0,true,true,false,ok,149.018,574.573,574.573,1.0135931236135427,false,-197612404
9a,8005839302589,production-floor,full,production,1000,100.0,0.4,0.0,true,true,false,ok,208.123,684.737,684.737,1.2540878821400574,false,1514154397
16d,209865007273514,production-floor,full,production,1000,100.0,0.4,0.0,true,true,false,ok,194.029,324.279,324.279,1.0648018020384575,false,719404660
1b,6944982380196,production-floor,full,production,1000,100.0,0.4,0.0,true,true,false,ok,19.158,0.535,0.535,0.9630963096309632,false,1003820838
9b,8010134269884,no-sampling,no-sampling,production,1000,100.0,0.4,0.0,true,false,false,ok,4.998,2765.45,2765.45,5.23228808660913,false,-1366607982
32a,217574473592087,production-floor,full,production,1000,100.0,0.4,0.0,true,true,false,ok,65.586,0.434,0.434,0.96875,false,1765267761
21a,213313866033911,no-sampling,no-sampling,production,1000,100.0,0.4,0.0,true,false,false,ok,12.898,28.549,28.549,0.8101305334846766,false,1875661095
2a,7073831399066,no-sampling,no-sampling,production,1000,100.0,0.4,0.0,true,false,false,ok,1.733,121.836,121.836,0.9580674459476993,false,-813469563
7a,7739551330303,production-floor,full,production,1000,100.0,0.4,0.0,true,true,false,ok,282.229,13.423,13.423,1.216402356139556,false,-2009290410
13d,209465575315063,no-sampling,no-sampling,production,1000,100.0,0.4,0.0,true,false,false,ok,5.083,6957.863,6957.863,2.1667559897595563,false,-1402813810
31c,217449919540528,production-floor,full,production,1000,100.0,0.4,0.0,true,true,false,ok,324.922,482.714,482.714,1.9186991223607224,false,415261907
16b,209856417338920,production-floor,full,production,1000,100.0,0.4,0.0,true,true,false,ok,153.59,4466.453,4466.453,1.0986549114806652,false,-32917605
3a,7206975385211,no-sampling,no-sampling,production,1000,100.0,0.4,0.0,true,false,false,ok,4.402,232.331,232.331,1.316513150625161,false,-1613518825
20a,213180722047254,no-sampling,no-sampling,production,1000,100.0,0.4,0.0,true,false,false,ok,6.94,1080.347,1080.347,1.049677012218494,false,2087169786
2b,7078126366341,production-floor,full,production,1000,100.0,0.4,0.0,true,true,false,ok,40.491,123.019,123.019,0.9796534314428146,false,321836810
15d,209731863287349,production-floor,full,production,1000,100.0,0.4,0.0,true,true,false,ok,140.152,558.455,558.455,0.9946275100339019,false,-704972777
33a,217707617578740,no-sampling,no-sampling,production,1000,100.0,0.4,0.0,true,false,false,ok,78.491,8.808,8.808,1.6526878694061355,false,1266302631
13c,209461280347764,no-sampling,no-sampling,production,1000,100.0,0.4,0.0,true,false,false,ok,5.537,1479.689,1479.689,1.7951269045386224,false,-1402813810
16b,209856417338920,no-sampling,no-sampling,production,1000,100.0,0.4,0.0,true,false,false,ok,2.366,7097.516,7097.516,1.745841904686471,false,-222209972
11d,209199287342769,no-sampling,no-sampling,production,1000,100.0,0.4,0.0,true,false,false,ok,5.068,2119.411,2119.411,7.089113514200564,false,-1039926098
21a,213313866033911,production-floor,full,production,1000,100.0,0.4,0.0,true,true,false,ok,101.771,34.496,34.496,0.9788876276958004,false,405046416
28a,214245873936942,production-floor,full,production,1000,100.0,0.4,0.0,true,true,false,ok,288.186,1231.826,1231.826,1.074654548341422,false,-1614013504
17f,210006741194741,no-sampling,no-sampling,production,1000,100.0,0.4,0.0,true,false,false,ok,2.355,5223.628,5223.628,2.778085914595961,false,1840011406
32a,217574473592087,no-sampling,no-sampling,production,1000,100.0,0.4,0.0,true,false,false,ok,2.252,0.294,0.294,0.65625,false,957982218
8b,7876990283743,production-floor,full,production,1000,100.0,0.4,0.0,true,true,false,ok,128.892,197.396,197.396,0.9269158527422989,false,-1718178947
17a,209985266357774,production-floor,full,production,1000,100.0,0.4,0.0,true,true,false,ok,186.983,1939.994,1939.994,1.0192261317779405,false,-1125412742
24a,213713297992362,no-sampling,no-sampling,production,1000,100.0,0.4,0.0,true,false,false,ok,42.62,749.254,749.254,5.710298679226589,false,-352090006
1a,6940687412901,no-sampling,no-sampling,production,1000,100.0,0.4,0.0,true,false,false,ok,2.439,8.298,8.298,0.9174636519431699,false,958676468
22d,213459894921937,production-floor,full,production,1000,100.0,0.4,0.0,true,true,false,ok,84.667,432.296,432.296,0.9537389316833769,false,-206037755
7b,7743846297598,no-sampling,no-sampling,production,1000,100.0,0.4,0.0,true,false,false,ok,7.282,26.243,26.243,19.738999623918765,true,1766386416
24b,213717592959637,production-floor,full,production,1000,100.0,0.4,0.0,true,true,false,ok,313.431,2.843,2.843,1.0283957315970338,false,644596804
4c,7348709305946,no-sampling,no-sampling,production,1000,100.0,0.4,0.0,true,false,false,ok,2.49,2130.731,2130.731,0.6321510922078061,false,-1125545911
11a,209186402440884,production-floor,full,production,1000,100.0,0.4,0.0,true,true,false,ok,37.015,15.45,15.45,0.9481726963085704,false,-1055439248
17b,209989561325065,production-floor,full,production,1000,100.0,0.4,0.0,true,true,false,ok,132.996,757.622,757.622,0.9295177101353257,false,-138391054
4b,7344414338651,no-sampling,no-sampling,production,1000,100.0,0.4,0.0,true,false,false,ok,1.96,30.585,30.585,1.3021820117083558,false,611794456
25c,213855031913077,no-sampling,no-sampling,production,1000,100.0,0.4,0.0,true,false,false,ok,9.691,10891.377,10891.377,10.587530748805408,true,-1785408503
17c,209993856292360,production-floor,full,production,1000,100.0,0.4,0.0,true,true,false,ok,102.819,55.507,55.507,1.0078072516658496,false,-99220691
6e,7623587212826,production-floor,full,production,1000,100.0,0.4,0.0,true,true,false,ok,91.415,3.971,3.971,0.8867798124162574,false,-224470636
33a,217707617578740,production-floor,full,production,1000,100.0,0.4,0.0,true,true,false,ok,144.104,4.581,4.581,0.8595553053757389,false,14380942
13a,209452690413194,production-floor,full,production,1000,100.0,0.4,0.0,true,true,false,ok,83.474,1128.72,1128.72,1.079199836311032,false,-1937147173
17e,210002446226954,no-sampling,no-sampling,production,1000,100.0,0.4,0.0,true,false,false,ok,2.041,5603.741,5603.741,1.372795515915328,false,-2049997972
15a,209718978385480,no-sampling,no-sampling,production,1000,100.0,0.4,0.0,true,false,false,ok,5.284,25372.388,25372.388,44.75893925829227,true,506230201
26c,213988175899242,production-floor,full,production,1000,100.0,0.4,0.0,true,true,false,ok,209.491,404.108,404.108,1.3757968722604192,false,279814670
5b,7477558324792,production-floor,full,production,1000,100.0,0.4,0.0,true,true,false,ok,37.22,251.106,251.106,0.9808828125,false,2137438787
16d,209865007273514,no-sampling,no-sampling,production,1000,100.0,0.4,0.0,true,false,false,ok,2.907,438.805,438.805,1.4408591205211727,false,2025501659
17b,209989561325065,no-sampling,no-sampling,production,1000,100.0,0.4,0.0,true,false,false,ok,1.559,1972.779,1972.779,2.4203798446759173,false,-2143655902
13b,209456985380469,no-sampling,no-sampling,production,1000,100.0,0.4,0.0,true,false,false,ok,7.315,1523.762,1523.762,2.9084867017113885,false,-1402813810
13d,209465575315063,production-floor,full,production,1000,100.0,0.4,0.0,true,true,false,ok,96.558,2755.905,2755.905,0.858219494399115,false,-2119720580
25a,213846441978507,production-floor,full,production,1000,100.0,0.4,0.0,true,true,false,ok,191.153,1246.733,1246.733,1.3764731665497278,false,-1152094815
28c,214254463871528,no-sampling,no-sampling,production,1000,100.0,0.4,0.0,true,false,false,ok,88.125,1138.813,1138.813,2.490534306237309,false,1914702639
31c,217449919540528,no-sampling,no-sampling,production,1000,100.0,0.4,0.0,true,false,false,ok,30.481,25668.177,25668.177,102.0262695560926,true,-1849236590
23b,213584448973492,no-sampling,no-sampling,production,1000,100.0,0.4,0.0,true,false,false,ok,14.479,77.251,77.251,0.7136087350121013,false,-976682035
6d,7619292245531,no-sampling,no-sampling,production,1000,100.0,0.4,0.0,true,false,false,ok,1.749,2069.004,2069.004,1.7781440818168148,false,-1261445935
19a,210251554330572,production-floor,full,production,1000,100.0,0.4,0.0,true,true,false,ok,160.618,727.383,727.383,1.0255577675761642,false,-1013248213
28b,214250168904233,production-floor,full,production,1000,100.0,0.4,0.0,true,true,false,ok,128.121,234.168,234.168,0.9086492569166894,false,-1614013504
1d,6953572314790,no-sampling,no-sampling,production,1000,100.0,0.4,0.0,true,false,false,ok,1.706,0.484,0.484,0.8921658986175115,false,1234261665
6e,7623587212826,no-sampling,no-sampling,production,1000,100.0,0.4,0.0,true,false,false,ok,1.262,3.935,3.935,0.8787405091558732,false,-1397154297
22a,213447010020052,no-sampling,no-sampling,production,1000,100.0,0.4,0.0,true,false,false,ok,13.764,1272.179,1272.179,2.940971539932173,false,-1719071238
17d,209998151259659,production-floor,full,production,1000,100.0,0.4,0.0,true,true,false,ok,110.164,1789.708,1789.708,0.9549015517280935,false,-2143655902
10b,209057553422038,no-sampling,no-sampling,production,1000,100.0,0.4,0.0,true,false,false,ok,1.854,122.783,122.783,1.3824190052636025,false,-1532910689
5a,7473263357497,no-sampling,no-sampling,production,1000,100.0,0.4,0.0,true,false,false,ok,1.989,162.755,162.755,1.021704672075833,false,1516290568
15d,209731863287349,no-sampling,no-sampling,production,1000,100.0,0.4,0.0,true,false,false,ok,3.871,10943.217,10943.217,19.490244829880055,true,-241594924
8d,7885580218329,production-floor,full,production,1000,100.0,0.4,0.0,true,true,false,ok,180.764,571.857,571.857,0.9999012088366509,false,1504554646
12b,209323841394324,no-sampling,no-sampling,production,1000,100.0,0.4,0.0,true,false,false,ok,5.166,1.7,1.7,0.8306865379916931,false,1748720315
26a,213979585964648,no-sampling,no-sampling,production,1000,100.0,0.4,0.0,true,false,false,ok,29.89,338.036,338.036,1.0002485560079537,false,-2024555218
6b,7610702310937,production-floor,full,production,1000,100.0,0.4,0.0,true,true,false,ok,104.812,4.999,4.999,1.013173895419538,false,1482096114
26a,213979585964648,production-floor,full,production,1000,100.0,0.4,0.0,true,true,false,ok,288.676,314.749,314.749,0.9313423208029543,false,-2144714912
19b,210255849297871,no-sampling,no-sampling,production,1000,100.0,0.4,0.0,true,false,false,ok,7.161,191.237,191.237,1.1388645716089305,false,-167141638
19c,210260144265166,no-sampling,no-sampling,production,1000,100.0,0.4,0.0,true,false,false,ok,6.894,19885.276,19885.276,24.33567467381042,true,-1294825545
6a,7606407343646,production-floor,full,production,1000,100.0,0.4,0.0,true,true,false,ok,70.969,4.002,4.002,0.930914166085136,false,-224470636
3b,7211270352506,no-sampling,no-sampling,production,1000,100.0,0.4,0.0,true,false,false,ok,2.117,7.46,7.46,0.9929455610275523,false,129508754
22c,213455599954646,no-sampling,no-sampling,production,1000,100.0,0.4,0.0,true,false,false,ok,15.592,8246.418,8246.418,18.86081079535708,true,-1719071238
12a,209319546427029,production-floor,full,production,1000,100.0,0.4,0.0,true,true,false,ok,31.823,163.678,163.678,0.9892658986787868,false,1128872642
33c,217716207513334,no-sampling,no-sampling,production,1000,100.0,0.4,0.0,true,false,false,ok,78.605,72.84,72.84,8.929206251915417,false,-1229604950
6c,7614997278232,no-sampling,no-sampling,production,1000,100.0,0.4,0.0,true,false,false,ok,1.939,0.522,0.522,0.7802690582959642,false,-1397154297
2c,7082421333636,production-floor,full,production,1000,100.0,0.4,0.0,true,true,false,ok,59.757,0.301,0.301,0.8649425287356323,false,-26625759
29c,214387607857673,no-sampling,no-sampling,production,1000,100.0,0.4,0.0,true,false,false,ok,879.789,150.251,150.251,1.4642634389739992,false,1519204498
14b,209590129366634,production-floor,full,production,1000,100.0,0.4,0.0,true,true,false,ok,40.099,36.086,36.086,0.9809176905512668,false,1313982226
20b,213185017014545,production-floor,full,production,1000,100.0,0.4,0.0,true,true,false,ok,114.636,320.147,320.147,0.9974607585944754,false,-56865338
22c,213455599954646,production-floor,full,production,1000,100.0,0.4,0.0,true,true,false,ok,63.315,473.731,473.731,1.0834947681399736,false,-1072711187
12c,209328136361623,no-sampling,no-sampling,production,1000,100.0,0.4,0.0,true,false,false,ok,5.95,3272.563,3272.563,8.5450529078079,false,-515552557
1b,6944982380196,no-sampling,no-sampling,production,1000,100.0,0.4,0.0,true,false,false,ok,1.832,0.608,0.608,1.0945094509450946,false,1234261665
27b,214117024918088,production-floor,full,production,1000,100.0,0.4,0.0,true,true,false,ok,79.926,8.744,8.744,1.0562937907707175,false,1367252878
23c,213588743940791,no-sampling,no-sampling,production,1000,100.0,0.4,0.0,true,false,false,timeout,,,30000.0,22.01573905184817,true,
3b,7211270352506,production-floor,full,production,1000,100.0,0.4,0.0,true,true,true,ok,11.656,7.697,7.697,1.0244908824703847,false,129508754
21b,213318161001206,no-sampling,no-sampling,production,1000,100.0,0.4,0.0,true,false,false,ok,42.703,37.45,37.45,2.2788815529254265,false,1875661095
10a,209053258454743,no-sampling,no-sampling,production,1000,100.0,0.4,0.0,true,false,false,ok,13.147,335.731,335.731,0.9156666266650665,false,-1532910689
17d,209998151259659,no-sampling,no-sampling,production,1000,100.0,0.4,0.0,true,false,false,ok,4.565,1678.788,1678.788,0.8957200091984293,false,-2143655902
16c,209860712306219,no-sampling,no-sampling,production,1000,100.0,0.4,0.0,true,false,false,ok,5.711,562.316,562.316,1.2308776676374629,false,2025501659
2d,7086716300935,production-floor,full,production,1000,100.0,0.4,0.0,true,true,false,ok,66.317,154.072,154.072,1.099760164458657,false,321836810
23b,213584448973492,production-floor,full,production,1000,100.0,0.4,0.0,true,true,false,ok,111.755,422.031,422.031,3.8985256895819096,false,1055741165
17f,210006741194741,production-floor,full,production,1000,100.0,0.4,0.0,true,true,false,ok,106.661,1779.48,1779.48,0.9463821549515435,false,-806828271
16a,209852122371625,production-floor,full,production,1000,100.0,0.4,0.0,true,true,false,ok,157.631,44.344,44.344,1.0161552739521988,false,719404660
6f,7627882180101,production-floor,full,production,1000,100.0,0.4,0.0,true,true,false,ok,122.468,1580.413,1580.413,0.9601493310328172,false,1250717231
21c,213322455968497,production-floor,full,production,1000,100.0,0.4,0.0,true,true,false,ok,87.144,53.515,53.515,1.0097265068538384,false,405046416
19d,210264439232457,production-floor,full,production,1000,100.0,0.4,0.0,true,true,false,ok,155.21,3067.754,3067.754,1.008640215684824,false,-1675841368
27c,214121319885387,no-sampling,no-sampling,production,1000,100.0,0.4,0.0,true,false,false,ok,84.404,41.853,41.853,1.274005753161956,false,-829331469
9c,8014429237183,no-sampling,no-sampling,production,1000,100.0,0.4,0.0,true,false,false,ok,5.963,1099.854,1099.854,1.4339126240173137,false,2086476890
19b,210255849297871,production-floor,full,production,1000,100.0,0.4,0.0,true,true,false,ok,68.295,160.161,160.161,0.9537991531631324,false,825922194
3a,7206975385211,production-floor,full,production,1000,100.0,0.4,0.0,true,true,false,ok,17.017,165.097,165.097,0.9355289291087381,false,-1613518825
27c,214121319885387,production-floor,full,production,1000,100.0,0.4,0.0,true,true,false,ok,131.548,27.593,27.593,0.8399312055766098,false,-622492985
4c,7348709305946,production-floor,full,production,1000,100.0,0.4,0.0,true,true,false,ok,23.32,3374.032,3374.032,1.0010170284020312,false,464932698
5c,7481853292091,no-sampling,no-sampling,production,1000,100.0,0.4,0.0,true,false,false,ok,2.293,686.625,686.625,1.140895269428244,false,1437004065
4b,7344414338651,production-floor,full,production,1000,100.0,0.4,0.0,true,true,false,ok,12.795,21.956,21.956,0.9347951037786058,false,261415237
21b,213318161001206,production-floor,full,production,1000,100.0,0.4,0.0,true,true,false,ok,27.805,13.048,13.048,0.7939878905893448,false,405046416
11a,209186402440884,no-sampling,no-sampling,production,1000,100.0,0.4,0.0,true,false,false,ok,4.119,48.728,48.728,2.990456902635859,false,1643046009
15b,209723273352779,production-floor,full,production,1000,100.0,0.4,0.0,true,true,false,ok,82.545,6.941,6.941,0.543837655723576,false,-1293176700
4a,7340119371352,production-floor,full,production,1000,100.0,0.4,0.0,true,true,false,ok,10.461,717.873,717.873,0.9418044255583768,false,1427000343
11b,209190697408183,production-floor,full,production,1000,100.0,0.4,0.0,true,true,false,ok,16.944,2.086,2.086,0.9169230769230768,false,898037380
23c,213588743940791,production-floor,full,production,1000,100.0,0.4,0.0,true,true,false,ok,53.739,967.686,967.686,0.7101440820042249,false,-71625942
7b,7743846297598,production-floor,full,production,1000,100.0,0.4,0.0,true,true,false,ok,296.631,1.337,1.337,1.0056412185031967,false,-377469187
1a,6940687412901,production-floor,full,production,1000,100.0,0.4,0.0,true,true,false,ok,20.523,8.443,8.443,0.9334954944994196,false,686382736
13b,209456985380469,production-floor,full,production,1000,100.0,0.4,0.0,true,true,false,ok,60.192,322.013,322.013,0.6146435783791624,false,-2119720580
22b,213451304987351,production-floor,full,production,1000,100.0,0.4,0.0,true,true,false,ok,45.823,417.001,417.001,0.9794377289312762,false,-1072711187
11b,209190697408183,no-sampling,no-sampling,production,1000,100.0,0.4,0.0,true,false,false,ok,3.275,2.149,2.149,0.9446153846153846,false,762399165
9d,8018724204478,no-sampling,no-sampling,production,1000,100.0,0.4,0.0,true,false,false,ok,3.2,5047.822,5047.822,3.1365019872565796,false,2086476890
8c,7881285251038,no-sampling,no-sampling,production,1000,100.0,0.4,0.0,true,false,false,timeout,,,30000.0,4.939777932283055,true,
14a,209585834399339,no-sampling,no-sampling,production,1000,100.0,0.4,0.0,true,false,true,ok,14.741,230.686,230.686,0.47447315269213525,false,555945203
20b,213185017014545,no-sampling,no-sampling,production,1000,100.0,0.4,0.0,true,false,false,ok,20.55,1800.815,1800.815,5.61067976894461,false,203442306
7c,7748141264889,production-floor,full,production,1000,100.0,0.4,0.0,true,true,false,ok,473.532,2181.533,2181.533,1.2207723457696527,false,-1004347469
20a,213180722047254,production-floor,full,production,1000,100.0,0.4,0.0,true,true,false,ok,278.549,1851.628,1851.628,1.7990621039167096,false,-1591323648
10a,209053258454743,production-floor,full,production,1000,100.0,0.4,0.0,true,true,false,ok,321.0,411.189,411.189,1.1214694042307145,false,1718403736
25b,213850736945802,no-sampling,no-sampling,production,1000,100.0,0.4,0.0,true,false,false,ok,22.385,6.918,6.918,4.878702397743301,false,106978077
11d,209199287342769,production-floor,full,production,1000,100.0,0.4,0.0,true,true,false,ok,77.487,285.804,285.804,0.9559717293212963,false,588364050
31b,217445624573233,no-sampling,no-sampling,production,1000,100.0,0.4,0.0,true,false,false,ok,76.991,3720.929,3720.929,443.2843697879438,true,1223952466
29a,214379017923087,production-floor,full,production,1000,100.0,0.4,0.0,true,true,false,ok,1080.476,28.814,28.814,1.0285938671331167,false,-858518681
3c,7215565319781,production-floor,full,production,1000,100.0,0.4,0.0,true,true,false,ok,143.551,1386.842,1386.842,1.0216858558477921,false,-1572305105
6d,7619292245531,production-floor,full,production,1000,100.0,0.4,0.0,true,true,false,ok,162.864,1146.78,1146.78,0.9855660357089144,false,1250717231
29b,214383312890382,no-sampling,no-sampling,production,1000,100.0,0.4,0.0,true,false,false,ok,579.334,443.45,443.45,126.0517339397385,true,-609415370
1c,6949277347495,no-sampling,no-sampling,production,1000,100.0,0.4,0.0,true,false,false,ok,2.223,7.2,7.2,5.5662930034789335,false,958676468
25b,213850736945802,production-floor,full,production,1000,100.0,0.4,0.0,true,true,false,ok,291.223,1.23,1.23,0.8674188998589563,false,-1701088130
33b,217711912546039,production-floor,full,production,1000,100.0,0.4,0.0,true,true,false,ok,197.197,5.99,5.99,1.1651429682941064,false,-1215026023
18b,210122705311726,production-floor,full,production,1000,100.0,0.4,0.0,true,true,false,ok,273.623,1111.753,1111.753,1.1439106152149219,false,-2103027714
30c,217316775554387,no-sampling,no-sampling,production,1000,100.0,0.4,0.0,true,false,false,timeout,,,30000.0,25.650968131664712,true,
2c,7082421333636,no-sampling,no-sampling,production,1000,100.0,0.4,0.0,true,false,true,ok,3.716,0.549,0.549,1.577586206896552,false,-26625759
18b,210122705311726,no-sampling,no-sampling,production,1000,100.0,0.4,0.0,true,false,false,ok,19.294,1956.177,1956.177,2.012759700706254,false,1807679118
23a,213580154006197,no-sampling,no-sampling,production,1000,100.0,0.4,0.0,true,false,false,timeout,,,30000.0,63.23370862539402,true,
6c,7614997278232,production-floor,full,production,1000,100.0,0.4,0.0,true,true,true,ok,12.043,0.796,0.796,1.1898355754857997,false,-224470636
10c,209061848389329,no-sampling,no-sampling,production,1000,100.0,0.4,0.0,true,false,false,timeout,,,30000.0,8.584061857894289,true,
6f,7627882180101,no-sampling,no-sampling,production,1000,100.0,0.4,0.0,true,false,true,ok,4.464,1563.481,1563.481,0.949862622132645,false,-1261445935
23a,213580154006197,production-floor,full,production,1000,100.0,0.4,0.0,true,true,false,ok,279.427,1554.498,1554.498,3.276555786358592,false,-71625942
12a,209319546427029,no-sampling,no-sampling,production,1000,100.0,0.4,0.0,true,false,false,ok,13.464,5923.706,5923.706,35.80273671231883,true,-515552557
15b,209723273352779,no-sampling,no-sampling,production,1000,100.0,0.4,0.0,true,false,false,ok,9.867,12.444,12.444,0.9750058763613572,false,527170132
4a,7340119371352,no-sampling,no-sampling,production,1000,100.0,0.4,0.0,true,false,false,ok,3.724,815.493,815.493,1.0698757529700622,false,-1202259619
9c,8014429237183,production-floor,full,production,1000,100.0,0.4,0.0,true,true,false,ok,249.702,769.788,769.788,1.0035956872612546,false,659609918
33b,217711912546039,no-sampling,no-sampling,production,1000,100.0,0.4,0.0,true,false,false,ok,100.844,67.192,67.192,13.069830772223302,true,491952308
25a,213846441978507,no-sampling,no-sampling,production,1000,100.0,0.4,0.0,true,false,false,ok,13.339,1693.394,1693.394,1.8696155483141217,false,-1295408368
17e,210002446226954,production-floor,full,production,1000,100.0,0.4,0.0,true,true,false,ok,110.46,3838.913,3838.913,0.9404507725087686,false,-1125412742
7c,7748141264889,no-sampling,no-sampling,production,1000,100.0,0.4,0.0,true,false,false,ok,10.816,11026.351,11026.351,6.170277678838485,false,1134307114
8d,7885580218329,no-sampling,no-sampling,production,1000,100.0,0.4,0.0,true,false,false,timeout,,,30000.0,52.45548496407236,true,
11c,209194992375478,no-sampling,no-sampling,production,1000,100.0,0.4,0.0,true,false,true,ok,13.349,2038.736,2038.736,4.965907637746272,false,-1039926098
3c,7215565319781,no-sampling,no-sampling,production,1000,100.0,0.4,0.0,true,false,false,ok,7.614,2406.96,2406.96,1.7732063115995922,false,-1572305105
19a,210251554330572,no-sampling,no-sampling,production,1000,100.0,0.4,0.0,true,false,false,ok,22.405,8264.255,8264.255,11.652005763786274,true,1270559632
18c,210127000279017,production-floor,full,production,1000,100.0,0.4,0.0,true,true,false,ok,344.814,1044.429,1044.429,1.000952622827488,false,-852311855
13a,209452690413194,no-sampling,no-sampling,production,1000,100.0,0.4,0.0,true,false,false,ok,9.188,1278.8,1278.8,1.2226953989249307,false,-1379658100
2a,7073831399066,production-floor,full,production,1000,100.0,0.4,0.0,true,true,false,ok,71.525,147.15,147.15,1.1571261751141204,false,321836810
24a,213713297992362,production-floor,full,production,1000,100.0,0.4,0.0,true,true,false,ok,477.967,159.614,159.614,1.2164681314828787,false,369835801
13c,209461280347764,production-floor,full,production,1000,100.0,0.4,0.0,true,true,false,ok,94.485,884.92,884.92,1.073565932006197,false,1004522218
19d,210264439232457,no-sampling,no-sampling,production,1000,100.0,0.4,0.0,true,false,false,ok,8.831,15764.59,15764.59,5.183205517059979,false,-1228936107
28c,214254463871528,production-floor,full,production,1000,100.0,0.4,0.0,true,true,false,ok,299.027,557.942,557.942,1.2201947922008762,false,-127293549
14a,209585834399339,production-floor,full,production,1000,100.0,0.4,0.0,true,true,false,ok,69.853,472.793,472.793,0.9724369284688827,false,-1633330344
30a,217308185619793,production-floor,full,production,1000,100.0,0.4,0.0,true,true,false,ok,303.956,904.792,904.792,0.974979297131555,false,204795277
26b,213983880931947,no-sampling,no-sampling,production,1000,100.0,0.4,0.0,true,false,false,ok,16.116,181.981,181.981,0.9960972993092273,false,-1048805790
18a,210118410344431,production-floor,full,production,1000,100.0,0.4,0.0,true,true,false,ok,146.348,1442.87,1442.87,0.9974698070555051,false,-574815707
30a,217308185619793,no-sampling,no-sampling,production,1000,100.0,0.4,0.0,true,false,false,ok,38.698,9859.11,9859.11,10.623909294227495,true,-1836210057
19c,210260144265166,production-floor,full,production,1000,100.0,0.4,0.0,true,true,false,ok,162.334,1112.23,1112.23,1.3611512076801027,false,204487702
31a,217441329605942,no-sampling,no-sampling,production,1000,100.0,0.4,0.0,true,false,false,ok,68.459,20586.735,20586.735,106.86441535790202,true,-1795126799
1c,6949277347495,production-floor,full,production,1000,100.0,0.4,0.0,true,true,false,ok,80.821,1.749,1.749,1.352145342095091,false,686382736
17c,209993856292360,no-sampling,no-sampling,production,1000,100.0,0.4,0.0,true,false,false,ok,2.258,65.116,65.116,1.1822720917987546,false,-99220691
22a,213447010020052,production-floor,full,production,1000,100.0,0.4,0.0,true,true,false,ok,123.884,376.716,376.716,0.8708766884511444,false,-1072711187
28b,214250168904233,no-sampling,no-sampling,production,1000,100.0,0.4,0.0,true,false,false,ok,61.217,318.443,318.443,1.2356641185829034,false,1222793645
16c,209860712306219,production-floor,full,production,1000,100.0,0.4,0.0,true,true,false,ok,291.819,1104.146,1104.146,2.4169126491354223,false,719404660
27a,214112729950793,no-sampling,no-sampling,production,1000,100.0,0.4,0.0,true,false,false,ok,43.932,44.841,44.841,2.028132703136661,false,-1578205233
6b,7610702310938,production-floor,full,production,1000,100.0,0.4,0.0,true,true,false,ok,126.074,6.147,6.147,1.2458451560599921,false,1482096114
17c,209993856292363,no-sampling,no-sampling,production,1000,100.0,0.4,0.0,true,false,false,ok,1.315,53.69,53.69,0.9748170742778293,false,-99220691
3c,7215565319782,no-sampling,no-sampling,production,1000,100.0,0.4,0.0,true,false,false,ok,1.524,1269.777,1269.777,0.9354441248396299,false,-1572305105
28a,214245873936941,no-sampling,no-sampling,production,1000,100.0,0.4,0.0,true,false,false,ok,63.602,878.598,878.598,0.766495703828038,false,1222793645
9c,8014429237180,no-sampling,no-sampling,production,1000,100.0,0.4,0.0,true,false,false,ok,3.754,1308.207,1308.207,1.7055486747584843,false,2086476890
6e,7623587212825,production-floor,full,production,1000,100.0,0.4,0.0,true,true,false,ok,123.758,7.129,7.129,1.5920053595355068,false,-224470636
8a,7872695316447,no-sampling,no-sampling,production,1000,100.0,0.4,0.0,true,false,false,ok,2.979,264.078,264.078,3.4211204746698103,false,-487903307
27b,214117024918091,production-floor,full,production,1000,100.0,0.4,0.0,true,true,false,ok,122.259,8.163,8.163,0.9861077554964968,false,1367252878
21a,213313866033908,production-floor,full,production,1000,100.0,0.4,0.0,true,true,false,ok,107.976,40.772,40.772,1.1569807037457436,false,405046416
28b,214250168904234,production-floor,full,production,1000,100.0,0.4,0.0,true,true,false,ok,240.364,262.222,262.222,1.0175080516860036,false,-1614013504
11d,209199287342770,production-floor,full,production,1000,100.0,0.4,0.0,true,true,false,ok,47.824,425.844,425.844,1.4243846310796844,false,588364050
10c,209061848389330,production-floor,full,production,1000,100.0,0.4,0.0,true,true,false,ok,321.416,3540.4,3540.4,1.0130337533896314,false,1698543765
2d,7086716300932,production-floor,full,production,1000,100.0,0.4,0.0,true,true,false,ok,37.845,181.978,181.978,1.298952147099132,false,321836810
14c,209594424333910,no-sampling,no-sampling,production,1000,100.0,0.4,0.0,true,false,false,ok,4.428,1156.071,1156.071,2.27812054774005,false,-452716964
9d,8018724204477,no-sampling,no-sampling,production,1000,100.0,0.4,0.0,true,false,false,ok,3.305,5510.407,5510.407,3.423932639877667,false,2086476890
24a,213713297992361,no-sampling,no-sampling,production,1000,100.0,0.4,0.0,true,false,false,ok,32.267,764.428,764.428,5.825944471119037,false,-352090006
29b,214383312890381,production-floor,full,production,1000,100.0,0.4,0.0,true,true,false,ok,1048.505,4.529,4.529,1.2873791927231382,false,-665152500
1b,6944982380199,no-sampling,no-sampling,production,1000,100.0,0.4,0.0,true,false,false,ok,1.738,0.473,0.473,0.8514851485148515,false,1234261665
22b,213451304987348,production-floor,full,production,1000,100.0,0.4,0.0,true,true,false,ok,56.694,366.24,366.24,0.8602120230977639,false,-1072711187
5c,7481853292088,production-floor,full,production,1000,100.0,0.4,0.0,true,true,false,ok,30.804,618.614,618.614,1.0278882740973367,false,-761671341
31b,217445624573234,production-floor,full,production,1000,100.0,0.4,0.0,true,true,false,ok,175.548,8.235,8.235,0.9810578984989278,false,1092791141
10b,209057553422037,production-floor,full,production,1000,100.0,0.4,0.0,true,true,false,ok,263.042,171.28,171.28,1.9284487854307992,false,1718403736
19d,210264439232458,no-sampling,no-sampling,production,1000,100.0,0.4,0.0,true,false,false,ok,6.308,14772.553,14772.553,4.857035813215627,false,-1228936107
17f,210006741194742,production-floor,full,production,1000,100.0,0.4,0.0,true,true,false,ok,116.992,3706.125,3706.125,1.9710311799063711,false,-806828271
18c,210127000279018,production-floor,full,production,1000,100.0,0.4,0.0,true,true,false,ok,167.81,986.587,986.587,0.945518407950663,false,-852311855
16d,209865007273513,production-floor,full,production,1000,100.0,0.4,0.0,true,true,false,ok,172.863,282.381,282.381,0.9272256225701376,false,719404660
3b,7211270352505,production-floor,full,production,1000,100.0,0.4,0.0,true,true,false,ok,23.222,7.478,7.478,0.995341408225742,false,129508754
23c,213588743940788,production-floor,full,production,1000,100.0,0.4,0.0,true,true,false,ok,49.756,1275.551,1275.551,0.9360732654441327,false,1835492322
9b,8010134269887,production-floor,full,production,1000,100.0,0.4,0.0,true,true,false,ok,272.404,705.011,705.011,1.333895263421284,false,983461370
21b,213318161001205,production-floor,full,production,1000,100.0,0.4,0.0,true,true,false,ok,50.345,14.211,14.211,0.8647579639151731,false,405046416
13a,209452690413193,production-floor,full,production,1000,100.0,0.4,0.0,true,true,false,ok,92.526,968.287,968.287,0.9258054893171914,false,-1937147173
27b,214117024918091,no-sampling,no-sampling,production,1000,100.0,0.4,0.0,true,false,false,ok,33.613,12.562,12.562,1.5175163082870258,false,1021059939
19d,210264439232458,production-floor,full,production,1000,100.0,0.4,0.0,true,true,false,ok,116.009,2782.231,2782.231,0.9147637248374556,false,-1675841368
20a,213180722047253,no-sampling,no-sampling,production,1000,100.0,0.4,0.0,true,false,false,ok,4.991,1990.094,1990.094,1.9335971904896776,false,2087169786
22a,213447010020055,no-sampling,no-sampling,production,1000,100.0,0.4,0.0,true,false,false,ok,10.542,1251.739,1251.739,2.893719181359823,false,-1719071238
8d,7885580218330,production-floor,full,production,1000,100.0,0.4,0.0,true,true,false,ok,126.724,566.052,566.052,0.9897510724961031,false,1504554646
5b,7477558324795,no-sampling,no-sampling,production,1000,100.0,0.4,0.0,true,false,false,ok,2.527,367.226,367.226,1.4344765625,false,677486420
7c,7748141264890,production-floor,full,production,1000,100.0,0.4,0.0,true,true,false,ok,472.605,1839.75,1839.75,1.0295126973232671,false,-1004347469
25a,213846441978504,production-floor,full,production,1000,100.0,0.4,0.0,true,true,false,ok,141.171,1010.677,1010.677,1.1158522077694095,false,1296202811
33a,217707617578743,no-sampling,no-sampling,production,1000,100.0,0.4,0.0,true,false,false,ok,53.479,21.951,21.951,4.118772867998874,false,1266302631
20b,213185017014546,no-sampling,no-sampling,production,1000,100.0,0.4,0.0,true,false,false,ok,7.083,1066.726,1066.726,3.3235273957664777,false,203442306
6d,7619292245528,no-sampling,no-sampling,production,1000,100.0,0.4,0.0,true,false,false,ok,1.667,1196.555,1196.555,1.0283436821863654,false,-1261445935
30a,217308185619794,no-sampling,no-sampling,production,1000,100.0,0.4,0.0,true,false,false,ok,37.104,9269.984,9269.984,9.989083109422674,false,-1836210057
25b,213850736945801,no-sampling,no-sampling,production,1000,100.0,0.4,0.0,true,false,false,ok,10.663,4.806,4.806,3.3892806770098733,false,106978077
3b,7211270352505,no-sampling,no-sampling,production,1000,100.0,0.4,0.0,true,false,false,ok,1.221,7.257,7.257,0.9659257287368561,false,129508754
6f,7627882180102,production-floor,full,production,1000,100.0,0.4,0.0,true,true,false,ok,142.595,1580.048,1580.048,0.959927582346982,false,1250717231
19c,210260144265165,production-floor,full,production,1000,100.0,0.4,0.0,true,true,false,ok,106.937,741.101,741.101,0.9069621581533781,false,204487702
26c,213988175899241,no-sampling,no-sampling,production,1000,100.0,0.4,0.0,true,false,false,ok,13.234,348.187,348.187,1.185412279790894,false,2002976144
27c,214121319885384,no-sampling,no-sampling,production,1000,100.0,0.4,0.0,true,false,false,ok,45.865,37.367,37.367,1.1374518667336346,false,-829331469
17e,210002446226953,production-floor,full,production,1000,100.0,0.4,0.0,true,true,false,ok,123.228,4102.899,4102.899,1.0051216409633286,false,-1125412742
3a,7206975385208,production-floor,full,production,1000,100.0,0.4,0.0,true,true,false,ok,22.24,175.043,175.043,0.9918883464749865,false,-1613518825
22d,213459894921938,production-floor,full,production,1000,100.0,0.4,0.0,true,true,false,ok,64.24,464.73,464.73,1.025295384924255,false,-697127982
2d,7086716300932,no-sampling,no-sampling,production,1000,100.0,0.4,0.0,true,false,false,ok,1.352,135.531,135.531,0.9674152010050251,false,-813469563
6c,7614997278235,no-sampling,no-sampling,production,1000,100.0,0.4,0.0,true,false,false,ok,1.743,0.489,0.489,0.7309417040358743,false,-1397154297
13d,209465575315060,production-floor,full,production,1000,100.0,0.4,0.0,true,true,false,ok,73.294,3241.59,3241.59,1.0094672098092015,false,-2119720580
6b,7610702310938,no-sampling,no-sampling,production,1000,100.0,0.4,0.0,true,false,false,ok,1.738,4.178,4.178,0.846777462505067,false,1956036293
26a,213979585964651,production-floor,full,production,1000,100.0,0.4,0.0,true,true,false,ok,232.166,313.47,313.47,0.9275577596818484,false,-2144714912
30a,217308185619794,production-floor,full,production,1000,100.0,0.4,0.0,true,true,false,ok,194.427,951.231,951.231,1.025020702868445,false,204795277
5c,7481853292088,no-sampling,no-sampling,production,1000,100.0,0.4,0.0,true,false,false,ok,2.205,723.863,723.863,1.2027698851835238,false,1437004065
31a,217441329605941,production-floor,full,production,1000,100.0,0.4,0.0,true,true,false,ok,212.627,193.232,193.232,1.0030548655937002,false,-1860427610
24a,213713297992361,production-floor,full,production,1000,100.0,0.4,0.0,true,true,false,ok,245.099,125.237,125.237,0.9544702806929296,false,369835801
13a,209452690413193,no-sampling,no-sampling,production,1000,100.0,0.4,0.0,true,false,false,ok,2.769,679.61,679.61,0.6497935721483986,false,-1379658100
20b,213185017014546,production-floor,full,production,1000,100.0,0.4,0.0,true,true,false,ok,202.951,321.159,321.159,1.0006137798244028,false,-56865338
18b,210122705311725,no-sampling,no-sampling,production,1000,100.0,0.4,0.0,true,false,false,ok,3.245,1083.46,1083.46,1.1147992361259733,false,1807679118
18a,210118410344428,no-sampling,no-sampling,production,1000,100.0,0.4,0.0,true,false,false,ok,2.226,4906.749,4906.749,3.392082431750465,false,812001518
13b,209456985380470,production-floor,full,production,1000,100.0,0.4,0.0,true,true,false,ok,52.195,479.739,479.739,0.9157037003103633,false,-2119720580
15b,209723273352776,production-floor,full,production,1000,100.0,0.4,0.0,true,true,false,ok,150.21,13.843,13.843,1.084619603541487,false,-1293176700
27c,214121319885384,production-floor,full,production,1000,100.0,0.4,0.0,true,true,false,ok,122.331,26.578,26.578,0.8090345950717622,false,-622492985
7a,7739551330300,no-sampling,no-sampling,production,1000,100.0,0.4,0.0,true,false,false,ok,9.176,11.675,11.675,1.0579972813774354,false,-1169423559
17c,209993856292363,production-floor,full,production,1000,100.0,0.4,0.0,true,true,false,ok,66.483,54.115,54.115,0.9825335439475644,false,-99220691
2c,7082421333639,production-floor,full,production,1000,100.0,0.4,0.0,true,true,false,ok,39.68,0.28,0.28,0.8045977011494254,false,-26625759
33b,217711912546036,no-sampling,no-sampling,production,1000,100.0,0.4,0.0,true,false,false,ok,46.314,72.905,72.905,14.181093172534526,true,491952308
12a,209319546427030,production-floor,full,production,1000,100.0,0.4,0.0,true,true,false,ok,32.963,158.286,158.286,0.9566767802531216,false,1128872642
29c,214387607857674,no-sampling,no-sampling,production,1000,100.0,0.4,0.0,true,false,false,ok,606.461,145.9,145.9,1.4218609909172417,false,1519204498
15a,209718978385483,production-floor,full,production,1000,100.0,0.4,0.0,true,true,false,ok,90.52,825.838,825.838,1.456844853515151,false,-197612404
17a,209985266357773,no-sampling,no-sampling,production,1000,100.0,0.4,0.0,true,false,false,ok,2.126,4855.122,4855.122,2.5507641855438616,false,-2049997972
4b,7344414338648,production-floor,full,production,1000,100.0,0.4,0.0,true,true,false,ok,10.747,22.083,22.083,0.9402022352315061,false,261415237
7b,7743846297597,production-floor,full,production,1000,100.0,0.4,0.0,true,true,false,ok,195.896,1.188,1.188,0.8935690109063558,false,-377469187
17f,210006741194742,no-sampling,no-sampling,production,1000,100.0,0.4,0.0,true,false,false,ok,1.179,5135.453,5135.453,2.731191739605036,false,1840011406
2b,7078126366342,no-sampling,no-sampling,production,1000,100.0,0.4,0.0,true,false,false,ok,1.685,1164.186,1164.186,9.270915953939507,false,-1566201251
15d,209731863287350,no-sampling,no-sampling,production,1000,100.0,0.4,0.0,true,false,false,ok,3.209,10515.142,10515.142,18.727828571886548,true,-241594924
7b,7743846297597,no-sampling,no-sampling,production,1000,100.0,0.4,0.0,true,false,false,ok,4.155,23.052,23.052,17.33884919142535,true,1766386416
4a,7340119371355,no-sampling,no-sampling,production,1000,100.0,0.4,0.0,true,false,false,ok,1.562,733.888,733.888,0.9628151027607753,false,-1202259619
10b,209057553422037,no-sampling,no-sampling,production,1000,100.0,0.4,0.0,true,false,false,ok,1.675,79.924,79.924,0.8998677062515834,false,-1532910689
9a,8005839302590,production-floor,full,production,1000,100.0,0.4,0.0,true,true,false,ok,180.31,472.1,472.1,0.8646456802514267,false,1514154397
21b,213318161001205,no-sampling,no-sampling,production,1000,100.0,0.4,0.0,true,false,false,ok,6.494,13.232,13.232,0.8051845315970425,false,1875661095
18b,210122705311725,production-floor,full,production,1000,100.0,0.4,0.0,true,true,false,ok,51.227,714.159,714.159,0.7348161516553348,false,-2103027714
22b,213451304987348,no-sampling,no-sampling,production,1000,100.0,0.4,0.0,true,false,false,ok,10.266,120.672,120.672,0.2834302786458425,false,-1719071238
11c,209194992375477,no-sampling,no-sampling,production,1000,100.0,0.4,0.0,true,false,false,ok,2.649,2145.364,2145.364,5.225629739871122,false,-1039926098
23a,213580154006198,production-floor,full,production,1000,100.0,0.4,0.0,true,true,false,ok,29.755,409.906,409.906,0.8639958855933588,false,-71625942
6c,7614997278235,production-floor,full,production,1000,100.0,0.4,0.0,true,true,false,ok,66.16,0.488,0.488,0.7294469357249626,false,-224470636
28c,214254463871531,no-sampling,no-sampling,production,1000,100.0,0.4,0.0,true,false,false,ok,61.704,1123.173,1123.173,2.4563303091372126,false,1914702639
4c,7348709305945,no-sampling,no-sampling,production,1000,100.0,0.4,0.0,true,false,false,ok,1.714,2213.23,2213.23,0.6566271208365029,false,-1125545911
20a,213180722047253,production-floor,full,production,1000,100.0,0.4,0.0,true,true,false,ok,121.761,994.033,994.033,0.9658133817066056,false,-1591323648
28b,214250168904234,no-sampling,no-sampling,production,1000,100.0,0.4,0.0,true,false,false,ok,123.543,301.548,301.548,1.170105933025494,false,1222793645
28a,214245873936941,production-floor,full,production,1000,100.0,0.4,0.0,true,true,false,ok,128.309,1113.197,1113.197,0.9711616894350549,false,-1614013504
13c,209461280347767,no-sampling,no-sampling,production,1000,100.0,0.4,0.0,true,false,false,ok,3.687,1629.265,1629.265,1.9765892941848717,false,-1402813810
30b,217312480587091,production-floor,full,production,1000,100.0,0.4,0.0,true,true,false,ok,124.52,36.754,36.754,0.963597037425444,false,352978464
4b,7344414338648,no-sampling,no-sampling,production,1000,100.0,0.4,0.0,true,false,false,ok,1.386,30.425,30.425,1.2953698775944653,false,611794456
15a,209718978385483,no-sampling,no-sampling,production,1000,100.0,0.4,0.0,true,false,false,ok,3.547,26500.051,26500.051,46.74822776045548,true,506230201
10c,209061848389330,no-sampling,no-sampling,production,1000,100.0,0.4,0.0,true,false,false,timeout,,,30000.0,8.584061857894289,true,
16c,209860712306216,no-sampling,no-sampling,production,1000,100.0,0.4,0.0,true,false,true,ok,10.248,511.044,511.044,1.118646182538145,false,2025501659
6d,7619292245528,production-floor,full,production,1000,100.0,0.4,0.0,true,true,false,ok,125.758,1130.682,1130.682,0.9717310873815613,false,1250717231
15c,209727568320073,no-sampling,no-sampling,production,1000,100.0,0.4,0.0,true,false,false,timeout,,,30000.0,31.395761362910932,true,
33a,217707617578743,production-floor,full,production,1000,100.0,0.4,0.0,true,true,true,ok,106.592,6.205,6.205,1.164274322169059,false,14380942
31c,217449919540531,no-sampling,no-sampling,production,1000,100.0,0.4,0.0,true,false,false,ok,37.287,22320.311,22320.311,88.71911965784788,true,-1849236590
10a,209053258454740,no-sampling,no-sampling,production,1000,100.0,0.4,0.0,true,false,false,ok,4.226,309.04,309.04,0.8428700784395011,false,-1532910689
24b,213717592959638,no-sampling,no-sampling,production,1000,100.0,0.4,0.0,true,false,false,ok,52.255,982.909,982.909,355.54675348164227,true,-70091638
9d,8018724204477,production-floor,full,production,1000,100.0,0.4,0.0,true,true,false,ok,409.552,1699.533,1699.533,1.056017552106262,false,260928115
6a,7606407343645,no-sampling,no-sampling,production,1000,100.0,0.4,0.0,true,false,false,ok,2.251,5.623,5.623,1.3079785996743427,false,-1397154297
23b,213584448973495,production-floor,full,production,1000,100.0,0.4,0.0,true,true,false,ok,330.348,487.204,487.204,4.500563489570824,false,-617936631
31b,217445624573234,no-sampling,no-sampling,production,1000,100.0,0.4,0.0,true,false,false,ok,29.154,3417.757,3417.757,407.1666666666667,true,1223952466
1c,6949277347492,production-floor,full,production,1000,100.0,0.4,0.0,true,true,false,ok,73.214,1.313,1.313,1.015075376884422,false,686382736
23c,213588743940788,no-sampling,no-sampling,production,1000,100.0,0.4,0.0,true,false,false,timeout,,,30000.0,22.01573905184817,true,
26c,213988175899241,production-floor,full,production,1000,100.0,0.4,0.0,true,true,true,ok,57.698,302.873,302.873,1.0311395124375908,false,-824637688
2a,7073831399065,no-sampling,no-sampling,production,1000,100.0,0.4,0.0,true,false,false,ok,3.372,226.079,226.079,1.7777908837487273,false,-813469563
19b,210255849297868,no-sampling,no-sampling,production,1000,100.0,0.4,0.0,true,false,false,ok,11.972,509.725,509.725,3.03554094533674,false,-167141638
18a,210118410344428,production-floor,full,production,1000,100.0,0.4,0.0,true,true,false,ok,354.588,2334.923,2334.923,1.6141545629886693,false,-574815707
26b,213983880931944,production-floor,full,production,1000,100.0,0.4,0.0,true,true,false,ok,237.178,103.989,103.989,0.569197674800486,false,1839472673
17e,210002446226953,no-sampling,no-sampling,production,1000,100.0,0.4,0.0,true,false,false,ok,3.366,6986.04,6986.04,1.71142891614818,false,-2049997972
14c,209594424333910,production-floor,full,production,1000,100.0,0.4,0.0,true,true,false,ok,242.919,845.947,845.947,1.6669990363905436,false,1171118565
9b,8010134269887,no-sampling,no-sampling,production,1000,100.0,0.4,0.0,true,false,false,ok,5.686,2271.444,2271.444,4.297618608400004,false,-1366607982
6e,7623587212825,no-sampling,no-sampling,production,1000,100.0,0.4,0.0,true,false,false,ok,2.198,4.149,4.149,0.9265297007592675,false,-1397154297
20c,213189311981843,no-sampling,no-sampling,production,1000,100.0,0.4,0.0,true,false,false,ok,8.349,989.794,989.794,2.7358586786922086,false,-249267488
13b,209456985380470,no-sampling,no-sampling,production,1000,100.0,0.4,0.0,true,false,false,ok,4.515,1523.268,1523.268,2.9075437772713215,false,-1402813810
22c,213455599954645,production-floor,full,production,1000,100.0,0.4,0.0,true,true,false,ok,209.226,425.72,425.72,0.9736863171136143,false,-1072711187
11b,209190697408180,no-sampling,no-sampling,production,1000,100.0,0.4,0.0,true,false,false,ok,5.007,5.198,5.198,2.2848351648351652,false,762399165
3c,7215565319782,production-floor,full,production,1000,100.0,0.4,0.0,true,true,false,ok,96.766,1314.337,1314.337,0.9682714560976806,false,-1572305105
22d,213459894921938,no-sampling,no-sampling,production,1000,100.0,0.4,0.0,true,false,false,ok,13.997,18605.575,18605.575,41.04794220593053,true,-1065531287
11b,209190697408180,production-floor,full,production,1000,100.0,0.4,0.0,true,true,false,ok,26.682,2.241,2.241,0.9850549450549452,false,898037380
17a,209985266357773,production-floor,full,production,1000,100.0,0.4,0.0,true,true,false,ok,184.75,1901.366,1901.366,0.9989319107554433,false,-1125412742
16a,209852122371626,production-floor,full,production,1000,100.0,0.4,0.0,true,true,false,ok,248.071,43.657,43.657,1.0004124750796306,false,719404660
18c,210127000279018,no-sampling,no-sampling,production,1000,100.0,0.4,0.0,true,false,false,ok,3.671,11927.303,11927.303,11.430805943829755,true,-961604879
3a,7206975385208,no-sampling,no-sampling,production,1000,100.0,0.4,0.0,true,false,false,ok,2.714,169.013,169.013,0.957719103893197,false,-1613518825
26b,213983880931944,no-sampling,no-sampling,production,1000,100.0,0.4,0.0,true,false,false,ok,13.998,41.247,41.247,0.22577096127951654,false,-1048805790
31c,217449919540531,production-floor,full,production,1000,100.0,0.4,0.0,true,true,false,ok,433.501,209.012,209.012,0.830784151615365,false,415261907
32b,217578768559381,no-sampling,no-sampling,production,1000,100.0,0.4,0.0,true,false,false,ok,1.865,175.586,175.586,3.3588904830224777,false,-119481243
11c,209194992375477,production-floor,full,production,1000,100.0,0.4,0.0,true,true,false,ok,42.826,402.862,402.862,0.9812822664424127,false,212006990
14a,209585834399336,production-floor,full,production,1000,100.0,0.4,0.0,true,true,false,ok,120.742,452.147,452.147,0.9299723978494181,false,-1633330344
22c,213455599954645,no-sampling,no-sampling,production,1000,100.0,0.4,0.0,true,false,false,ok,12.942,7756.97,7756.97,17.741368860426554,true,-1719071238
29c,214387607857674,production-floor,full,production,1000,100.0,0.4,0.0,true,true,false,ok,1299.099,178.018,178.018,1.7348653178965423,false,-839131028
17b,209989561325066,no-sampling,no-sampling,production,1000,100.0,0.4,0.0,true,false,false,ok,2.023,1615.52,1615.52,1.9820628903039001,false,-2143655902
14b,209590129366633,production-floor,full,production,1000,100.0,0.4,0.0,true,true,false,ok,75.122,36.594,36.594,0.9947265412634556,false,1313982226
16c,209860712306216,production-floor,full,production,1000,100.0,0.4,0.0,true,true,false,ok,180.156,476.622,476.622,1.043298386858462,false,719404660
11d,209199287342770,no-sampling,no-sampling,production,1000,100.0,0.4,0.0,true,false,false,ok,3.697,2016.641,2016.641,6.745363200620805,false,-1039926098
17d,209998151259656,production-floor,full,production,1000,100.0,0.4,0.0,true,true,false,ok,101.414,1570.607,1570.607,0.8379998644778957,false,-2143655902
29b,214383312890381,no-sampling,no-sampling,production,1000,100.0,0.4,0.0,true,false,false,ok,608.025,444.303,444.303,126.29420125071064,true,-609415370
33c,217716207513333,production-floor,full,production,1000,100.0,0.4,0.0,true,true,false,ok,127.336,8.259,8.259,1.0124425375421393,false,1026233334
25b,213850736945801,production-floor,full,production,1000,100.0,0.4,0.0,true,true,false,ok,192.153,1.291,1.291,0.9104372355430184,false,-1701088130
33b,217711912546036,production-floor,full,production,1000,100.0,0.4,0.0,true,true,false,ok,107.766,4.104,4.104,0.7982882707644428,false,-1215026023
17d,209998151259656,no-sampling,no-sampling,production,1000,100.0,0.4,0.0,true,false,false,ok,1.313,1576.116,1576.116,0.8409392001954932,false,-2143655902
2c,7082421333639,no-sampling,no-sampling,production,1000,100.0,0.4,0.0,true,false,false,ok,1.223,0.327,0.327,0.9396551724137933,false,-26625759
19c,210260144265165,no-sampling,no-sampling,production,1000,100.0,0.4,0.0,true,false,false,ok,5.161,24811.735,24811.735,30.364693507537712,true,-1294825545
1d,6953572314789,production-floor,full,production,1000,100.0,0.4,0.0,true,true,false,ok,29.94,0.47,0.47,0.8663594470046083,false,1003820838
12c,209328136361620,no-sampling,no-sampling,production,1000,100.0,0.4,0.0,true,false,false,ok,5.505,3261.149,3261.149,8.515249590380636,false,-515552557
2a,7073831399065,production-floor,full,production,1000,100.0,0.4,0.0,true,true,false,ok,12.457,120.916,120.916,0.9508329499836831,false,321836810
23a,213580154006198,no-sampling,no-sampling,production,1000,100.0,0.4,0.0,true,false,false,timeout,,,30000.0,63.23370862539402,true,
6f,7627882180102,no-sampling,no-sampling,production,1000,100.0,0.4,0.0,true,false,true,ok,4.446,1552.008,1552.008,0.9428924230296641,false,-1261445935
14a,209585834399336,no-sampling,no-sampling,production,1000,100.0,0.4,0.0,true,false,false,ok,19.079,550.367,550.367,1.1319905223017972,false,555945203
5a,7473263357498,no-sampling,no-sampling,production,1000,100.0,0.4,0.0,true,false,false,ok,4.875,176.969,176.969,1.110933944349409,false,1516290568
21a,213313866033908,no-sampling,no-sampling,production,1000,100.0,0.4,0.0,true,false,false,ok,35.256,51.793,51.793,1.4697219069239502,false,1875661095
16b,209856417338923,no-sampling,no-sampling,production,1000,100.0,0.4,0.0,true,false,false,ok,5.542,6834.324,6834.324,1.6811021249412417,false,-222209972
11a,209186402440887,production-floor,full,production,1000,100.0,0.4,0.0,true,true,false,ok,59.268,16.513,16.513,1.0134094326306424,false,-1055439248
1a,6940687412902,no-sampling,no-sampling,production,1000,100.0,0.4,0.0,true,false,false,ok,3.374,9.736,9.736,1.0764553043285976,false,958676468
20c,213189311981843,production-floor,full,production,1000,100.0,0.4,0.0,true,true,false,ok,198.521,288.353,288.353,0.7970275204506537,false,216174188
4c,7348709305945,production-floor,full,production,1000,100.0,0.4,0.0,true,true,false,ok,19.665,3150.502,3150.502,0.9346995375309588,false,464932698
16b,209856417338923,production-floor,full,production,1000,100.0,0.4,0.0,true,true,false,ok,167.374,3786.27,3786.27,0.9313439840723494,false,-32917605
15c,209727568320073,production-floor,full,production,1000,100.0,0.4,0.0,true,true,false,ok,196.123,728.175,728.175,0.7620536176812556,false,-1098297468
25c,213855031913078,no-sampling,no-sampling,production,1000,100.0,0.4,0.0,true,false,false,ok,14.352,10319.655,10319.655,10.03175857649253,true,-1785408503
7c,7748141264890,no-sampling,no-sampling,production,1000,100.0,0.4,0.0,true,false,false,ok,7.733,15126.735,15126.735,8.46482715126744,false,1134307114
8a,7872695316447,production-floor,full,production,1000,100.0,0.4,0.0,true,true,false,ok,147.735,151.867,151.867,1.9674312253450876,false,-1424306548
23b,213584448973495,no-sampling,no-sampling,production,1000,100.0,0.4,0.0,true,false,false,ok,17.415,77.422,77.422,0.7151883533171984,false,-976682035
16d,209865007273513,no-sampling,no-sampling,production,1000,100.0,0.4,0.0,true,false,false,ok,4.557,409.198,409.198,1.3436416412735106,false,2025501659
25a,213846441978504,no-sampling,no-sampling,production,1000,100.0,0.4,0.0,true,false,false,ok,10.285,1763.08,1763.08,1.9465533602467362,false,-1295408368
12c,209328136361620,production-floor,full,production,1000,100.0,0.4,0.0,true,true,false,ok,76.357,342.605,342.605,0.8945825799165747,false,-1953493739
13d,209465575315060,no-sampling,no-sampling,production,1000,100.0,0.4,0.0,true,false,false,ok,6.465,4101.859,4101.859,1.277364552506875,false,-1402813810
32b,217578768559381,production-floor,full,production,1000,100.0,0.4,0.0,true,true,false,ok,55.35,114.232,114.232,2.1852128168340506,false,-239234728
33c,217716207513333,no-sampling,no-sampling,production,1000,100.0,0.4,0.0,true,false,false,ok,91.355,50.493,50.493,6.1897640208397195,false,-1229604950
15d,209731863287350,production-floor,full,production,1000,100.0,0.4,0.0,true,true,false,ok,117.687,475.231,475.231,0.8464027114466183,false,-704972777
27a,214112729950794,production-floor,full,production,1000,100.0,0.4,0.0,true,true,false,ok,133.416,21.528,21.528,0.9736990886270608,false,1608906155
1d,6953572314789,no-sampling,no-sampling,production,1000,100.0,0.4,0.0,true,false,false,ok,2.562,0.78,0.78,1.4377880184331797,false,1234261665
12a,209319546427030,no-sampling,no-sampling,production,1000,100.0,0.4,0.0,true,false,false,ok,4.31,1801.444,1801.444,10.887884245772238,true,-515552557
7a,7739551330300,production-floor,full,production,1000,100.0,0.4,0.0,true,true,false,ok,241.271,10.402,10.402,0.9426370638876301,false,-2009290410
31a,217441329605941,no-sampling,no-sampling,production,1000,100.0,0.4,0.0,true,false,false,ok,26.197,19358.613,19358.613,100.48931316135763,true,-1795126799
10a,209053258454740,production-floor,full,production,1000,100.0,0.4,0.0,true,true,false,ok,248.936,471.076,471.076,1.2848041194375046,false,1718403736
5a,7473263357498,production-floor,full,production,1000,100.0,0.4,0.0,true,true,false,ok,61.072,191.933,191.933,1.2048713884398687,false,414652499
21c,213322455968498,no-sampling,no-sampling,production,1000,100.0,0.4,0.0,true,false,false,ok,9.985,35.523,35.523,0.6702516061472279,false,1875661095
16a,209852122371626,no-sampling,no-sampling,production,1000,100.0,0.4,0.0,true,false,false,ok,3.019,199.45,199.45,4.570453035129128,false,1108344190
21c,213322455968498,production-floor,full,production,1000,100.0,0.4,0.0,true,true,false,ok,113.126,52.484,52.484,0.9902734931461619,false,405046416
29a,214379017923084,no-sampling,no-sampling,production,1000,100.0,0.4,0.0,true,false,false,ok,505.7,673.166,673.166,24.030485845857285,true,-980331532
25c,213855031913078,production-floor,full,production,1000,100.0,0.4,0.0,true,true,false,ok,292.416,1414.274,1414.274,1.3748187637096778,false,-472157051
30b,217312480587091,no-sampling,no-sampling,production,1000,100.0,0.4,0.0,true,false,false,timeout,,,30000.0,786.5242183915581,true,
8c,7881285251037,production-floor,full,production,1000,100.0,0.4,0.0,true,true,true,ok,19.791,5787.637,5787.637,0.9529880510888299,false,1588336649
9a,8005839302590,no-sampling,no-sampling,production,1000,100.0,0.4,0.0,true,false,false,ok,16.685,745.754,745.754,1.3658398106973575,false,-1811363958
8b,7876990283740,production-floor,full,production,1000,100.0,0.4,0.0,true,true,false,ok,131.128,196.205,196.205,0.9213232531930879,false,-387699444
1c,6949277347492,no-sampling,no-sampling,production,1000,100.0,0.4,0.0,true,false,false,ok,4.597,8.552,8.552,6.6115191341322,false,958676468
9c,8014429237180,production-floor,full,production,1000,100.0,0.4,0.0,true,true,false,ok,272.235,1046.706,1046.706,1.3646219834947786,false,-1283145132
11a,209186402440887,no-sampling,no-sampling,production,1000,100.0,0.4,0.0,true,false,false,ok,11.121,56.858,56.858,3.48939826321765,false,1643046009
4a,7340119371355,production-floor,full,production,1000,100.0,0.4,0.0,true,true,false,ok,20.399,775.769,775.769,1.0177603523339036,false,1427000343
19a,210251554330575,production-floor,full,production,1000,100.0,0.4,0.0,true,true,false,ok,544.285,681.619,681.619,0.961033815716751,false,-1917738233
5b,7477558324795,production-floor,full,production,1000,100.0,0.4,0.0,true,true,false,ok,49.039,256.089,256.089,1.00034765625,false,2137438787
1b,6944982380199,production-floor,full,production,1000,100.0,0.4,0.0,true,true,false,ok,12.711,0.576,0.576,1.0369036903690367,false,1003820838
30c,217316775554384,production-floor,full,production,1000,100.0,0.4,0.0,true,true,false,ok,329.589,910.879,910.879,0.778830940026754,false,-1836733028
8b,7876990283740,no-sampling,no-sampling,production,1000,100.0,0.4,0.0,true,false,false,ok,4.762,125.386,125.386,0.5887772351615327,false,1175150577
8d,7885580218330,no-sampling,no-sampling,production,1000,100.0,0.4,0.0,true,false,false,timeout,,,30000.0,52.45548496407236,true,
26a,213979585964651,no-sampling,no-sampling,production,1000,100.0,0.4,0.0,true,false,true,ok,51.593,336.209,336.209,0.9948424628349588,false,-2024555218
12b,209323841394327,production-floor,full,production,1000,100.0,0.4,0.0,true,true,false,ok,431.386,5.9,5.9,2.8829709259711707,false,466548996
12b,209323841394327,no-sampling,no-sampling,production,1000,100.0,0.4,0.0,true,false,false,ok,5.844,3.058,3.058,1.4942584901050573,false,1748720315
13c,209461280347767,production-floor,full,production,1000,100.0,0.4,0.0,true,true,false,ok,143.035,789.699,789.699,0.9580458605742459,false,1004522218
14b,209590129366633,no-sampling,no-sampling,production,1000,100.0,0.4,0.0,true,false,false,ok,10.301,161.037,161.037,4.377432858540829,false,-1877309394
28c,214254463871531,production-floor,full,production,1000,100.0,0.4,0.0,true,true,false,ok,448.293,899.051,899.051,1.9661852811277696,false,-127293549
17b,209989561325066,production-floor,full,production,1000,100.0,0.4,0.0,true,true,false,ok,120.021,911.786,911.786,1.1186597470155937,false,-138391054
27a,214112729950794,no-sampling,no-sampling,production,1000,100.0,0.4,0.0,true,false,false,ok,61.463,57.143,57.143,2.584545105045343,false,-1578205233
8c,7881285251037,no-sampling,no-sampling,production,1000,100.0,0.4,0.0,true,false,false,timeout,,,30000.0,4.939777932283055,true,
30c,217316775554384,no-sampling,no-sampling,production,1000,100.0,0.4,0.0,true,false,true,timeout,,,30000.0,25.650968131664712,true,
15b,209723273352776,no-sampling,no-sampling,production,1000,100.0,0.4,0.0,true,false,true,ok,14.259,10.225,10.225,0.8011439316775053,false,527170132
19a,210251554330575,no-sampling,no-sampling,production,1000,100.0,0.4,0.0,true,false,false,ok,18.457,10833.339,10833.339,15.274229615258804,true,1270559632
1a,6940687412902,production-floor,full,production,1000,100.0,0.4,0.0,true,true,false,ok,62.435,9.098,9.098,1.005915197081099,false,686382736
22a,213447010020055,production-floor,full,production,1000,100.0,0.4,0.0,true,true,false,ok,175.534,387.719,387.719,0.8963129752110057,false,-1072711187
19b,210255849297868,production-floor,full,production,1000,100.0,0.4,0.0,true,true,false,ok,81.598,211.118,211.118,1.2572609412871683,false,825922194
2b,7078126366342,production-floor,full,production,1000,100.0,0.4,0.0,true,true,false,ok,20.99,146.787,146.787,1.168928281332123,false,321836810
32a,217574473592084,no-sampling,no-sampling,production,1000,100.0,0.4,0.0,true,false,false,ok,4.938,0.36,0.36,0.8035714285714285,false,957982218
24b,213717592959638,production-floor,full,production,1000,100.0,0.4,0.0,true,true,false,ok,417.06,3.913,3.913,1.4154458310725266,false,644596804
29a,214379017923084,production-floor,full,production,1000,100.0,0.4,0.0,true,true,false,ok,1035.638,29.612,29.612,1.0570806411309035,false,-858518681
32a,217574473592084,production-floor,full,production,1000,100.0,0.4,0.0,true,true,false,ok,100.341,0.486,0.486,1.0848214285714286,false,1765267761
6a,7606407343645,production-floor,full,production,1000,100.0,0.4,0.0,true,true,false,ok,141.61,4.065,4.065,0.9455687369155618,false,-224470636
