Query Name,Sample Seed,Conditions,Plan Hashes
11a,209186402440978,s1000-p0-a04 | s1000-p100-a0 | s1000-p100-a04 | s1000-p100-a16 | s1000-p25-a04 | s1000-p400-a04 | s250-p100-a04 | s4000-p100-a04,-1055439248 | -1055439248 | -1055439248 | -1535681465 | -1055439248 | -1535681465 | -1055439248 | -1055439248
11a,209186402440980,s1000-p0-a04 | s1000-p100-a0 | s1000-p100-a04 | s1000-p100-a16 | s1000-p25-a04 | s1000-p400-a04 | s250-p100-a04 | s4000-p100-a04,-1055439248 | -1055439248 | -1055439248 | -1055439248 | -1055439248 | -1055439248 | -1535681465 | -1055439248
11b,209190697408272,s1000-p0-a04 | s1000-p100-a0 | s1000-p100-a04 | s1000-p100-a16 | s1000-p25-a04 | s1000-p400-a04 | s250-p100-a04 | s4000-p100-a04,-1446711126 | -1446711126 | -1446711126 | -1446711126 | -1446711126 | -1446711126 | 898037380 | -1446711126
11b,209190697408273,s1000-p0-a04 | s1000-p100-a0 | s1000-p100-a04 | s1000-p100-a16 | s1000-p25-a04 | s1000-p400-a04 | s250-p100-a04 | s4000-p100-a04,-861283655 | -1446711126 | -1446711126 | 898037380 | -1446711126 | 898037380 | 898037380 | -1446711126
11b,209190697408275,s1000-p0-a04 | s1000-p100-a0 | s1000-p100-a04 | s1000-p100-a16 | s1000-p25-a04 | s1000-p400-a04 | s250-p100-a04 | s4000-p100-a04,-40651920 | 898037380 | 898037380 | 898037380 | 898037380 | 898037380 | 898037380 | -1446711126
11b,209190697408276,s1000-p0-a04 | s1000-p100-a0 | s1000-p100-a04 | s1000-p100-a16 | s1000-p25-a04 | s1000-p400-a04 | s250-p100-a04 | s4000-p100-a04,-1446711126 | -1446711126 | -1446711126 | 898037380 | -1446711126 | 898037380 | -1446711126 | -1446711126
11b,209190697408277,s1000-p0-a04 | s1000-p100-a0 | s1000-p100-a04 | s1000-p100-a16 | s1000-p25-a04 | s1000-p400-a04 | s250-p100-a04 | s4000-p100-a04,-861283655 | 898037380 | 898037380 | 898037380 | 898037380 | 898037380 | -1446711126 | -1446711126
11b,209190697408279,s1000-p0-a04 | s1000-p100-a0 | s1000-p100-a04 | s1000-p100-a16 | s1000-p25-a04 | s1000-p400-a04 | s250-p100-a04 | s4000-p100-a04,2069975928 | -1446711126 | -1446711126 | -1446711126 | -1446711126 | -1446711126 | -1446711126 | -1446711126
11b,209190697408280,s1000-p0-a04 | s1000-p100-a0 | s1000-p100-a04 | s1000-p100-a16 | s1000-p25-a04 | s1000-p400-a04 | s250-p100-a04 | s4000-p100-a04,898037380 | 898037380 | 898037380 | 898037380 | 898037380 | 898037380 | -1446711126 | -1446711126
11b,209190697408283,s1000-p0-a04 | s1000-p100-a0 | s1000-p100-a04 | s1000-p100-a16 | s1000-p25-a04 | s1000-p400-a04 | s250-p100-a04 | s4000-p100-a04,-861283655 | -1446711126 | -1446711126 | -1446711126 | -1446711126 | 898037380 | -1446711126 | -1446711126
11c,209194992375568,s1000-p0-a04 | s1000-p100-a0 | s1000-p100-a04 | s1000-p100-a16 | s1000-p25-a04 | s1000-p400-a04 | s250-p100-a04 | s4000-p100-a04,869093453 | 212006990 | 212006990 | 1916526955 | 212006990 | 1916526955 | 1916526955 | 212006990
11c,209194992375569,s1000-p0-a04 | s1000-p100-a0 | s1000-p100-a04 | s1000-p100-a16 | s1000-p25-a04 | s1000-p400-a04 | s250-p100-a04 | s4000-p100-a04,212006990 | 212006990 | 212006990 | 1916526955 | 212006990 | 1916526955 | 1916526955 | 1916526955
11c,209194992375570,s1000-p0-a04 | s1000-p100-a0 | s1000-p100-a04 | s1000-p100-a16 | s1000-p25-a04 | s1000-p400-a04 | s250-p100-a04 | s4000-p100-a04,212006990 | 212006990 | 212006990 | 1916526955 | 212006990 | 1916526955 | 1916526955 | 212006990
11c,209194992375572,s1000-p0-a04 | s1000-p100-a0 | s1000-p100-a04 | s1000-p100-a16 | s1000-p25-a04 | s1000-p400-a04 | s250-p100-a04 | s4000-p100-a04,212006990 | 212006990 | 1916526955 | 1916526955 | 212006990 | 1916526955 | 1916526955 | 1916526955
11c,209194992375573,s1000-p0-a04 | s1000-p100-a0 | s1000-p100-a04 | s1000-p100-a16 | s1000-p25-a04 | s1000-p400-a04 | s250-p100-a04 | s4000-p100-a04,212006990 | 212006990 | 212006990 | 1916526955 | 212006990 | 1916526955 | 1916526955 | 1916526955
11c,209194992375574,s1000-p0-a04 | s1000-p100-a0 | s1000-p100-a04 | s1000-p100-a16 | s1000-p25-a04 | s1000-p400-a04 | s250-p100-a04 | s4000-p100-a04,212006990 | 212006990 | 212006990 | 1916526955 | 212006990 | 1916526955 | 1916526955 | 1916526955
11c,209194992375575,s1000-p0-a04 | s1000-p100-a0 | s1000-p100-a04 | s1000-p100-a16 | s1000-p25-a04 | s1000-p400-a04 | s250-p100-a04 | s4000-p100-a04,869093453 | 212006990 | 212006990 | 1916526955 | 212006990 | 1916526955 | 1916526955 | 1916526955
11c,209194992375577,s1000-p0-a04 | s1000-p100-a0 | s1000-p100-a04 | s1000-p100-a16 | s1000-p25-a04 | s1000-p400-a04 | s250-p100-a04 | s4000-p100-a04,869093453 | 212006990 | 1916526955 | 1916526955 | 212006990 | 1916526955 | 1916526955 | 212006990
11c,209194992375578,s1000-p0-a04 | s1000-p100-a0 | s1000-p100-a04 | s1000-p100-a16 | s1000-p25-a04 | s1000-p400-a04 | s250-p100-a04 | s4000-p100-a04,212006990 | 212006990 | 1916526955 | 1916526955 | 212006990 | 1916526955 | 1916526955 | 1916526955
11c,209194992375579,s1000-p0-a04 | s1000-p100-a0 | s1000-p100-a04 | s1000-p100-a16 | s1000-p25-a04 | s1000-p400-a04 | s250-p100-a04 | s4000-p100-a04,212006990 | 212006990 | 1916526955 | 1916526955 | 212006990 | 1916526955 | 1916526955 | 1916526955
11d,209199287342864,s1000-p0-a04 | s1000-p100-a0 | s1000-p100-a04 | s1000-p100-a16 | s1000-p25-a04 | s1000-p400-a04 | s250-p100-a04 | s4000-p100-a04,198126114 | 198126114 | 2003817464 | 2003817464 | 2003817464 | 2003817464 | 2003817464 | 2003817464
11d,209199287342865,s1000-p0-a04 | s1000-p100-a0 | s1000-p100-a04 | s1000-p100-a16 | s1000-p25-a04 | s1000-p400-a04 | s250-p100-a04 | s4000-p100-a04,198126114 | 198126114 | 2003817464 | 2003817464 | 2003817464 | 2003817464 | 2003817464 | 2003817464
11d,209199287342866,s1000-p0-a04 | s1000-p100-a0 | s1000-p100-a04 | s1000-p100-a16 | s1000-p25-a04 | s1000-p400-a04 | s250-p100-a04 | s4000-p100-a04,670874103 | 198126114 | 2003817464 | 2003817464 | 2003817464 | 2003817464 | 2003817464 | 2003817464
11d,209199287342867,s1000-p0-a04 | s1000-p100-a0 | s1000-p100-a04 | s1000-p100-a16 | s1000-p25-a04 | s1000-p400-a04 | s250-p100-a04 | s4000-p100-a04,198126114 | 198126114 | 2003817464 | 2003817464 | 2003817464 | 2003817464 | 2003817464 | 2003817464
11d,209199287342869,s1000-p0-a04 | s1000-p100-a0 | s1000-p100-a04 | s1000-p100-a16 | s1000-p25-a04 | s1000-p400-a04 | s250-p100-a04 | s4000-p100-a04,198126114 | 198126114 | 2003817464 | 2003817464 | 2003817464 | 2003817464 | 2003817464 | 2003817464
11d,209199287342870,s1000-p0-a04 | s1000-p100-a0 | s1000-p100-a04 | s1000-p100-a16 | s1000-p25-a04 | s1000-p400-a04 | s250-p100-a04 | s4000-p100-a04,670874103 | 198126114 | 2003817464 | 2003817464 | 198126114 | 2003817464 | 2003817464 | 2003817464
11d,209199287342871,s1000-p0-a04 | s1000-p100-a0 | s1000-p100-a04 | s1000-p100-a16 | s1000-p25-a04 | s1000-p400-a04 | s250-p100-a04 | s4000-p100-a04,670874103 | 198126114 | 2003817464 | 2003817464 | 198126114 | 2003817464 | 2003817464 | 2003817464
11d,209199287342876,s1000-p0-a04 | s1000-p100-a0 | s1000-p100-a04 | s1000-p100-a16 | s1000-p25-a04 | s1000-p400-a04 | s250-p100-a04 | s4000-p100-a04,198126114 | 198126114 | 2003817464 | 2003817464 | 2003817464 | 2003817464 | 2003817464 | 2003817464
11d,209199287342877,s1000-p0-a04 | s1000-p100-a0 | s1000-p100-a04 | s1000-p100-a16 | s1000-p25-a04 | s1000-p400-a04 | s250-p100-a04 | s4000-p100-a04,198126114 | 198126114 | 2003817464 | 2003817464 | 2003817464 | 2003817464 | 2003817464 | 2003817464
11d,209199287342878,s1000-p0-a04 | s1000-p100-a0 | s1000-p100-a04 | s1000-p100-a16 | s1000-p25-a04 | s1000-p400-a04 | s250-p100-a04 | s4000-p100-a04,670874103 | 198126114 | 2003817464 | 2003817464 | 2003817464 | 2003817464 | 2003817464 | 2003817464
12b,209323841394480,s1000-p0-a04 | s1000-p100-a0 | s1000-p100-a04 | s1000-p100-a16 | s1000-p25-a04 | s1000-p400-a04 | s250-p100-a04 | s4000-p100-a04,-1300552445 | 466548996 | 466548996 | 466548996 | 466548996 | 466548996 | 466548996 | -1300552445
12b,209323841394482,s1000-p0-a04 | s1000-p100-a0 | s1000-p100-a04 | s1000-p100-a16 | s1000-p25-a04 | s1000-p400-a04 | s250-p100-a04 | s4000-p100-a04,466548996 | 466548996 | 466548996 | 466548996 | 466548996 | 466548996 | 466548996 | -1300552445
12b,209323841394483,s1000-p0-a04 | s1000-p100-a0 | s1000-p100-a04 | s1000-p100-a16 | s1000-p25-a04 | s1000-p400-a04 | s250-p100-a04 | s4000-p100-a04,-1300552445 | 466548996 | 466548996 | 466548996 | 466548996 | 466548996 | 466548996 | -1300552445
12b,209323841394484,s1000-p0-a04 | s1000-p100-a0 | s1000-p100-a04 | s1000-p100-a16 | s1000-p25-a04 | s1000-p400-a04 | s250-p100-a04 | s4000-p100-a04,-1300552445 | 466548996 | 466548996 | 466548996 | 466548996 | 466548996 | 466548996 | -1300552445
12b,209323841394485,s1000-p0-a04 | s1000-p100-a0 | s1000-p100-a04 | s1000-p100-a16 | s1000-p25-a04 | s1000-p400-a04 | s250-p100-a04 | s4000-p100-a04,-1300552445 | 466548996 | 466548996 | 466548996 | 466548996 | 466548996 | 466548996 | -1300552445
12b,209323841394486,s1000-p0-a04 | s1000-p100-a0 | s1000-p100-a04 | s1000-p100-a16 | s1000-p25-a04 | s1000-p400-a04 | s250-p100-a04 | s4000-p100-a04,-1300552445 | 466548996 | 466548996 | 466548996 | 466548996 | 466548996 | 466548996 | -1300552445
12b,209323841394487,s1000-p0-a04 | s1000-p100-a0 | s1000-p100-a04 | s1000-p100-a16 | s1000-p25-a04 | s1000-p400-a04 | s250-p100-a04 | s4000-p100-a04,466548996 | 466548996 | 466548996 | 466548996 | 466548996 | 466548996 | 466548996 | -1300552445
12b,209323841394488,s1000-p0-a04 | s1000-p100-a0 | s1000-p100-a04 | s1000-p100-a16 | s1000-p25-a04 | s1000-p400-a04 | s250-p100-a04 | s4000-p100-a04,1435336516 | 466548996 | 466548996 | 466548996 | -1300552445 | 466548996 | 466548996 | -1300552445
12b,209323841394489,s1000-p0-a04 | s1000-p100-a0 | s1000-p100-a04 | s1000-p100-a16 | s1000-p25-a04 | s1000-p400-a04 | s250-p100-a04 | s4000-p100-a04,-1300552445 | -1300552445 | 466548996 | 466548996 | -1300552445 | 466548996 | 466548996 | -1300552445
12b,209323841394491,s1000-p0-a04 | s1000-p100-a0 | s1000-p100-a04 | s1000-p100-a16 | s1000-p25-a04 | s1000-p400-a04 | s250-p100-a04 | s4000-p100-a04,-1300552445 | -1300552445 | 466548996 | 466548996 | -1300552445 | 466548996 | 466548996 | -1300552445
13a,209452690413349,s1000-p0-a04 | s1000-p100-a0 | s1000-p100-a04 | s1000-p100-a16 | s1000-p25-a04 | s1000-p400-a04 | s250-p100-a04 | s4000-p100-a04,1188104532 | 1188104532 | -1062568155 | -1062568155 | 1188104532 | -1062568155 | -1062568155 | 1188104532
13a,209452690413350,s1000-p0-a04 | s1000-p100-a0 | s1000-p100-a04 | s1000-p100-a16 | s1000-p25-a04 | s1000-p400-a04 | s250-p100-a04 | s4000-p100-a04,1188104532 | 1188104532 | -1062568155 | -1062568155 | 1188104532 | -1062568155 | -1062568155 | 1188104532
13a,209452690413351,s1000-p0-a04 | s1000-p100-a0 | s1000-p100-a04 | s1000-p100-a16 | s1000-p25-a04 | s1000-p400-a04 | s250-p100-a04 | s4000-p100-a04,1188104532 | 1188104532 | -1062568155 | -1062568155 | 1188104532 | -1062568155 | -1062568155 | 1188104532
13a,209452690413352,s1000-p0-a04 | s1000-p100-a0 | s1000-p100-a04 | s1000-p100-a16 | s1000-p25-a04 | s1000-p400-a04 | s250-p100-a04 | s4000-p100-a04,1188104532 | 1188104532 | -1062568155 | -1062568155 | 1188104532 | -1062568155 | -1062568155 | 1188104532
13a,209452690413353,s1000-p0-a04 | s1000-p100-a0 | s1000-p100-a04 | s1000-p100-a16 | s1000-p25-a04 | s1000-p400-a04 | s250-p100-a04 | s4000-p100-a04,1188104532 | 1188104532 | -1062568155 | -1062568155 | 1188104532 | -1062568155 | -1062568155 | 1188104532
13a,209452690413354,s1000-p0-a04 | s1000-p100-a0 | s1000-p100-a04 | s1000-p100-a16 | s1000-p25-a04 | s1000-p400-a04 | s250-p100-a04 | s4000-p100-a04,-124300931 | 1188104532 | -1062568155 | -1062568155 | 1188104532 | -1062568155 | -1062568155 | 1188104532
13a,209452690413355,s1000-p0-a04 | s1000-p100-a0 | s1000-p100-a04 | s1000-p100-a16 | s1000-p25-a04 | s1000-p400-a04 | s250-p100-a04 | s4000-p100-a04,1188104532 | 1188104532 | -1062568155 | -1062568155 | 1188104532 | -1062568155 | -1062568155 | 1188104532
13a,209452690413356,s1000-p0-a04 | s1000-p100-a0 | s1000-p100-a04 | s1000-p100-a16 | s1000-p25-a04 | s1000-p400-a04 | s250-p100-a04 | s4000-p100-a04,1188104532 | 1188104532 | -1062568155 | -1062568155 | 1188104532 | -1062568155 | -1062568155 | 1188104532
13a,209452690413357,s1000-p0-a04 | s1000-p100-a0 | s1000-p100-a04 | s1000-p100-a16 | s1000-p25-a04 | s1000-p400-a04 | s250-p100-a04 | s4000-p100-a04,1188104532 | 1188104532 | -1062568155 | -1062568155 | 1188104532 | -1062568155 | -1062568155 | 1188104532
13a,209452690413358,s1000-p0-a04 | s1000-p100-a0 | s1000-p100-a04 | s1000-p100-a16 | s1000-p25-a04 | s1000-p400-a04 | s250-p100-a04 | s4000-p100-a04,1188104532 | 1188104532 | -1062568155 | -1062568155 | 1188104532 | -1062568155 | -1062568155 | 1188104532
13b,209456985380817,s1000-p0-a04 | s1000-p100-a0 | s1000-p100-a04 | s1000-p100-a16 | s1000-p25-a04 | s1000-p400-a04 | s250-p100-a04 | s4000-p100-a04,876197618 | 876197618 | 876197618 | 876197618 | 876197618 | 876197618 | 876197618 | -2119720580
13b,209456985380818,s1000-p0-a04 | s1000-p100-a0 | s1000-p100-a04 | s1000-p100-a16 | s1000-p25-a04 | s1000-p400-a04 | s250-p100-a04 | s4000-p100-a04,-1005059989 | -2119720580 | -2119720580 | -2119720580 | -2119720580 | -2119720580 | 876197618 | -2119720580
13b,209456985380819,s1000-p0-a04 | s1000-p100-a0 | s1000-p100-a04 | s1000-p100-a16 | s1000-p25-a04 | s1000-p400-a04 | s250-p100-a04 | s4000-p100-a04,-1005059989 | -2119720580 | -2119720580 | -2119720580 | -2119720580 | -2119720580 | 876197618 | -2119720580
13b,209456985380820,s1000-p0-a04 | s1000-p100-a0 | s1000-p100-a04 | s1000-p100-a16 | s1000-p25-a04 | s1000-p400-a04 | s250-p100-a04 | s4000-p100-a04,-1005059989 | -2119720580 | -2119720580 | -2119720580 | -2119720580 | -2119720580 | 876197618 | -2119720580
13b,209456985380821,s1000-p0-a04 | s1000-p100-a0 | s1000-p100-a04 | s1000-p100-a16 | s1000-p25-a04 | s1000-p400-a04 | s250-p100-a04 | s4000-p100-a04,-1005059989 | -2119720580 | -2119720580 | -2119720580 | -2119720580 | -2119720580 | 876197618 | -2119720580
13b,209456985380822,s1000-p0-a04 | s1000-p100-a0 | s1000-p100-a04 | s1000-p100-a16 | s1000-p25-a04 | s1000-p400-a04 | s250-p100-a04 | s4000-p100-a04,-2119720580 | -2119720580 | -2119720580 | -2119720580 | -2119720580 | -2119720580 | 876197618 | -2119720580
13b,209456985380823,s1000-p0-a04 | s1000-p100-a0 | s1000-p100-a04 | s1000-p100-a16 | s1000-p25-a04 | s1000-p400-a04 | s250-p100-a04 | s4000-p100-a04,-1005059989 | -2119720580 | -2119720580 | -2119720580 | -2119720580 | -2119720580 | 876197618 | -2119720580
13b,209456985380824,s1000-p0-a04 | s1000-p100-a0 | s1000-p100-a04 | s1000-p100-a16 | s1000-p25-a04 | s1000-p400-a04 | s250-p100-a04 | s4000-p100-a04,-1005059989 | -2119720580 | -2119720580 | -2119720580 | -2119720580 | -2119720580 | 876197618 | -2119720580
13b,209456985380825,s1000-p0-a04 | s1000-p100-a0 | s1000-p100-a04 | s1000-p100-a16 | s1000-p25-a04 | s1000-p400-a04 | s250-p100-a04 | s4000-p100-a04,-1005059989 | -2119720580 | -2119720580 | -2119720580 | -2119720580 | -2119720580 | 876197618 | -2119720580
13b,209456985380826,s1000-p0-a04 | s1000-p100-a0 | s1000-p100-a04 | s1000-p100-a16 | s1000-p25-a04 | s1000-p400-a04 | s250-p100-a04 | s4000-p100-a04,-1005059989 | -2119720580 | -2119720580 | -2119720580 | -2119720580 | -2119720580 | 876197618 | -2119720580
13c,209461280348112,s1000-p0-a04 | s1000-p100-a0 | s1000-p100-a04 | s1000-p100-a16 | s1000-p25-a04 | s1000-p400-a04 | s250-p100-a04 | s4000-p100-a04,876197618 | 876197618 | 876197618 | 876197618 | 876197618 | 876197618 | 876197618 | -2119720580
14b,209590129366983,s1000-p0-a04 | s1000-p100-a0 | s1000-p100-a04 | s1000-p100-a16 | s1000-p25-a04 | s1000-p400-a04 | s250-p100-a04 | s4000-p100-a04,-725338943 | -725338943 | -725338943 | -725338943 | -725338943 | 1297441228 | 1297441228 | 1297441228
14b,209590129366984,s1000-p0-a04 | s1000-p100-a0 | s1000-p100-a04 | s1000-p100-a16 | s1000-p25-a04 | s1000-p400-a04 | s250-p100-a04 | s4000-p100-a04,-916921058 | 1297441228 | 1297441228 | 1297441228 | 1297441228 | 1297441228 | 1297441228 | 1297441228
14b,209590129366985,s1000-p0-a04 | s1000-p100-a0 | s1000-p100-a04 | s1000-p100-a16 | s1000-p25-a04 | s1000-p400-a04 | s250-p100-a04 | s4000-p100-a04,1313982226 | 1297441228 | 1297441228 | -725338943 | -725338943 | 1297441228 | 1297441228 | 1297441228
14b,209590129366986,s1000-p0-a04 | s1000-p100-a0 | s1000-p100-a04 | s1000-p100-a16 | s1000-p25-a04 | s1000-p400-a04 | s250-p100-a04 | s4000-p100-a04,1313982226 | -725338943 | -725338943 | -725338943 | -725338943 | 1297441228 | 1297441228 | 1297441228
14b,209590129366987,s1000-p0-a04 | s1000-p100-a0 | s1000-p100-a04 | s1000-p100-a16 | s1000-p25-a04 | s1000-p400-a04 | s250-p100-a04 | s4000-p100-a04,1297441228 | 1297441228 | 1297441228 | 1297441228 | -725338943 | 1297441228 | 1297441228 | 1297441228
14b,209590129366988,s1000-p0-a04 | s1000-p100-a0 | s1000-p100-a04 | s1000-p100-a16 | s1000-p25-a04 | s1000-p400-a04 | s250-p100-a04 | s4000-p100-a04,1313982226 | 1297441228 | 1297441228 | 1297441228 | 1297441228 | 1297441228 | 1297441228 | 1297441228
14b,209590129366989,s1000-p0-a04 | s1000-p100-a0 | s1000-p100-a04 | s1000-p100-a16 | s1000-p25-a04 | s1000-p400-a04 | s250-p100-a04 | s4000-p100-a04,1313982226 | -725338943 | 1297441228 | -725338943 | -725338943 | 1297441228 | -725338943 | -725338943
14b,209590129366990,s1000-p0-a04 | s1000-p100-a0 | s1000-p100-a04 | s1000-p100-a16 | s1000-p25-a04 | s1000-p400-a04 | s250-p100-a04 | s4000-p100-a04,1313982226 | 1297441228 | 1297441228 | 1297441228 | 1297441228 | 1297441228 | 1297441228 | 1297441228
15a,209718978385892,s1000-p0-a04 | s1000-p100-a0 | s1000-p100-a04 | s1000-p100-a16 | s1000-p25-a04 | s1000-p400-a04 | s250-p100-a04 | s4000-p100-a04,697904049 | -93948010 | -874818637 | 196157638 | -93948010 | 196157638 | 196157638 | -93948010
15a,209718978385893,s1000-p0-a04 | s1000-p100-a0 | s1000-p100-a04 | s1000-p100-a16 | s1000-p25-a04 | s1000-p400-a04 | s250-p100-a04 | s4000-p100-a04,-662433972 | -93948010 | -874818637 | 196157638 | -93948010 | 196157638 | 196157638 | -93948010
15a,209718978385895,s1000-p0-a04 | s1000-p100-a0 | s1000-p100-a04 | s1000-p100-a16 | s1000-p25-a04 | s1000-p400-a04 | s250-p100-a04 | s4000-p100-a04,-1334561136 | -93948010 | -874818637 | 196157638 | -93948010 | 196157638 | 196157638 | -93948010
15a,209718978385896,s1000-p0-a04 | s1000-p100-a0 | s1000-p100-a04 | s1000-p100-a16 | s1000-p25-a04 | s1000-p400-a04 | s250-p100-a04 | s4000-p100-a04,532935496 | -93948010 | -874818637 | 196157638 | -93948010 | 196157638 | 196157638 | -93948010
15a,209718978385897,s1000-p0-a04 | s1000-p100-a0 | s1000-p100-a04 | s1000-p100-a16 | s1000-p25-a04 | s1000-p400-a04 | s250-p100-a04 | s4000-p100-a04,-662433972 | -93948010 | -874818637 | 196157638 | -93948010 | 196157638 | 196157638 | -93948010
15a,209718978385898,s1000-p0-a04 | s1000-p100-a0 | s1000-p100-a04 | s1000-p100-a16 | s1000-p25-a04 | s1000-p400-a04 | s250-p100-a04 | s4000-p100-a04,-1876644405 | -93948010 | -874818637 | 196157638 | -93948010 | 196157638 | 196157638 | -93948010
15a,209718978385899,s1000-p0-a04 | s1000-p100-a0 | s1000-p100-a04 | s1000-p100-a16 | s1000-p25-a04 | s1000-p400-a04 | s250-p100-a04 | s4000-p100-a04,532935496 | -93948010 | -874818637 | 196157638 | -315585349 | 196157638 | 196157638 | -93948010
15a,209718978385900,s1000-p0-a04 | s1000-p100-a0 | s1000-p100-a04 | s1000-p100-a16 | s1000-p25-a04 | s1000-p400-a04 | s250-p100-a04 | s4000-p100-a04,532935496 | -93948010 | -874818637 | 196157638 | -93948010 | 196157638 | 196157638 | -93948010
15a,209718978385902,s1000-p0-a04 | s1000-p100-a0 | s1000-p100-a04 | s1000-p100-a16 | s1000-p25-a04 | s1000-p400-a04 | s250-p100-a04 | s4000-p100-a04,-662433972 | -93948010 | -874818637 | 196157638 | -93948010 | 196157638 | 196157638 | -93948010
15a,209718978385903,s1000-p0-a04 | s1000-p100-a0 | s1000-p100-a04 | s1000-p100-a16 | s1000-p25-a04 | s1000-p400-a04 | s250-p100-a04 | s4000-p100-a04,-662433972 | -93948010 | -874818637 | -874818637 | -93948010 | 196157638 | 196157638 | -93948010
15b,209723273353188,s1000-p0-a04 | s1000-p100-a0 | s1000-p100-a04 | s1000-p100-a16 | s1000-p25-a04 | s1000-p400-a04 | s250-p100-a04 | s4000-p100-a04,1563801558 | -347771581 | -347771581 | -1293176700 | -347771581 | -1293176700 | 814061452 | -347771581
15b,209723273353190,s1000-p0-a04 | s1000-p100-a0 | s1000-p100-a04 | s1000-p100-a16 | s1000-p25-a04 | s1000-p400-a04 | s250-p100-a04 | s4000-p100-a04,-1478206114 | -347771581 | -347771581 | -1293176700 | -347771581 | -1293176700 | -1293176700 | -347771581
15b,209723273353191,s1000-p0-a04 | s1000-p100-a0 | s1000-p100-a04 | s1000-p100-a16 | s1000-p25-a04 | s1000-p400-a04 | s250-p100-a04 | s4000-p100-a04,1563801558 | -347771581 | 814061452 | -1293176700 | -347771581 | -1293176700 | -1293176700 | -347771581
15b,209723273353192,s1000-p0-a04 | s1000-p100-a0 | s1000-p100-a04 | s1000-p100-a16 | s1000-p25-a04 | s1000-p400-a04 | s250-p100-a04 | s4000-p100-a04,1032376295 | -347771581 | -347771581 | -1293176700 | -347771581 | -1293176700 | -1293176700 | -347771581
15b,209723273353193,s1000-p0-a04 | s1000-p100-a0 | s1000-p100-a04 | s1000-p100-a16 | s1000-p25-a04 | s1000-p400-a04 | s250-p100-a04 | s4000-p100-a04,-1478206114 | -347771581 | -347771581 | -1293176700 | -347771581 | -1293176700 | -1293176700 | -347771581
15b,209723273353194,s1000-p0-a04 | s1000-p100-a0 | s1000-p100-a04 | s1000-p100-a16 | s1000-p25-a04 | s1000-p400-a04 | s250-p100-a04 | s4000-p100-a04,1563801558 | -347771581 | -347771581 | -1293176700 | -347771581 | -1293176700 | -1293176700 | -347771581
15b,209723273353195,s1000-p0-a04 | s1000-p100-a0 | s1000-p100-a04 | s1000-p100-a16 | s1000-p25-a04 | s1000-p400-a04 | s250-p100-a04 | s4000-p100-a04,1563801558 | -347771581 | -347771581 | -1293176700 | -347771581 | -1293176700 | -1293176700 | -347771581
15b,209723273353196,s1000-p0-a04 | s1000-p100-a0 | s1000-p100-a04 | s1000-p100-a16 | s1000-p25-a04 | s1000-p400-a04 | s250-p100-a04 | s4000-p100-a04,-1478206114 | -347771581 | -347771581 | -1293176700 | -347771581 | -1293176700 | -1293176700 | -347771581
15b,209723273353197,s1000-p0-a04 | s1000-p100-a0 | s1000-p100-a04 | s1000-p100-a16 | s1000-p25-a04 | s1000-p400-a04 | s250-p100-a04 | s4000-p100-a04,-1478206114 | -347771581 | -347771581 | -1293176700 | -347771581 | -1293176700 | 814061452 | -347771581
15b,209723273353199,s1000-p0-a04 | s1000-p100-a0 | s1000-p100-a04 | s1000-p100-a16 | s1000-p25-a04 | s1000-p400-a04 | s250-p100-a04 | s4000-p100-a04,1563801558 | -347771581 | -1293176700 | -1293176700 | -347771581 | -1293176700 | -1293176700 | -347771581
15c,209727568320485,s1000-p0-a04 | s1000-p100-a0 | s1000-p100-a04 | s1000-p100-a16 | s1000-p25-a04 | s1000-p400-a04 | s250-p100-a04 | s4000-p100-a04,-1076120849 | 592161665 | 592161665 | -1622553236 | 592161665 | -1622553236 | 1618416054 | 592161665
15c,209727568320486,s1000-p0-a04 | s1000-p100-a0 | s1000-p100-a04 | s1000-p100-a16 | s1000-p25-a04 | s1000-p400-a04 | s250-p100-a04 | s4000-p100-a04,-888802497 | 592161665 | 592161665 | -1622553236 | 592161665 | -1622553236 | -1622553236 | 592161665
15c,209727568320487,s1000-p0-a04 | s1000-p100-a0 | s1000-p100-a04 | s1000-p100-a16 | s1000-p25-a04 | s1000-p400-a04 | s250-p100-a04 | s4000-p100-a04,-888802497 | -484181717 | 592161665 | -1622553236 | 592161665 | -1622553236 | -1622553236 | 592161665
15c,209727568320488,s1000-p0-a04 | s1000-p100-a0 | s1000-p100-a04 | s1000-p100-a16 | s1000-p25-a04 | s1000-p400-a04 | s250-p100-a04 | s4000-p100-a04,-848300716 | 592161665 | 592161665 | -1622553236 | 592161665 | -1622553236 | -1622553236 | 592161665
15c,209727568320489,s1000-p0-a04 | s1000-p100-a0 | s1000-p100-a04 | s1000-p100-a16 | s1000-p25-a04 | s1000-p400-a04 | s250-p100-a04 | s4000-p100-a04,-848300716 | 592161665 | 592161665 | -1622553236 | 592161665 | -1622553236 | -1622553236 | 592161665
15c,209727568320490,s1000-p0-a04 | s1000-p100-a0 | s1000-p100-a04 | s1000-p100-a16 | s1000-p25-a04 | s1000-p400-a04 | s250-p100-a04 | s4000-p100-a04,-1076120849 | 592161665 | 592161665 | -1622553236 | 592161665 | -1622553236 | -1622553236 | 592161665
15c,209727568320491,s1000-p0-a04 | s1000-p100-a0 | s1000-p100-a04 | s1000-p100-a16 | s1000-p25-a04 | s1000-p400-a04 | s250-p100-a04 | s4000-p100-a04,-848300716 | 592161665 | 592161665 | -1622553236 | 592161665 | -1622553236 | -1622553236 | 592161665
15c,209727568320492,s1000-p0-a04 | s1000-p100-a0 | s1000-p100-a04 | s1000-p100-a16 | s1000-p25-a04 | s1000-p400-a04 | s250-p100-a04 | s4000-p100-a04,-1076120849 | 592161665 | 592161665 | -1622553236 | 592161665 | -1622553236 | 1618416054 | 592161665
15c,209727568320493,s1000-p0-a04 | s1000-p100-a0 | s1000-p100-a04 | s1000-p100-a16 | s1000-p25-a04 | s1000-p400-a04 | s250-p100-a04 | s4000-p100-a04,-1076120849 | 592161665 | 592161665 | -1622553236 | 592161665 | -1622553236 | -1622553236 | 592161665
15c,209727568320494,s1000-p0-a04 | s1000-p100-a0 | s1000-p100-a04 | s1000-p100-a16 | s1000-p25-a04 | s1000-p400-a04 | s250-p100-a04 | s4000-p100-a04,-1076120849 | 592161665 | 592161665 | -1622553236 | 592161665 | -1622553236 | -1622553236 | 592161665
15d,209731863287697,s1000-p0-a04 | s1000-p100-a0 | s1000-p100-a04 | s1000-p100-a16 | s1000-p25-a04 | s1000-p400-a04 | s250-p100-a04 | s4000-p100-a04,502765013 | -704972777 | -704972777 | -704972777 | -704972777 | -704972777 | -704972777 | -704972777
15d,209731863287698,s1000-p0-a04 | s1000-p100-a0 | s1000-p100-a04 | s1000-p100-a16 | s1000-p25-a04 | s1000-p400-a04 | s250-p100-a04 | s4000-p100-a04,502765013 | -704972777 | -704972777 | -704972777 | -704972777 | -704972777 | 16738698 | -704972777
15d,209731863287699,s1000-p0-a04 | s1000-p100-a0 | s1000-p100-a04 | s1000-p100-a16 | s1000-p25-a04 | s1000-p400-a04 | s250-p100-a04 | s4000-p100-a04,502765013 | -704972777 | -704972777 | -704972777 | -704972777 | -704972777 | 16738698 | -704972777
15d,209731863287700,s1000-p0-a04 | s1000-p100-a0 | s1000-p100-a04 | s1000-p100-a16 | s1000-p25-a04 | s1000-p400-a04 | s250-p100-a04 | s4000-p100-a04,502765013 | -704972777 | -704972777 | -704972777 | -704972777 | -704972777 | -704972777 | -704972777
15d,209731863287701,s1000-p0-a04 | s1000-p100-a0 | s1000-p100-a04 | s1000-p100-a16 | s1000-p25-a04 | s1000-p400-a04 | s250-p100-a04 | s4000-p100-a04,502765013 | -704972777 | -704972777 | -704972777 | -704972777 | -704972777 | -704972777 | -704972777
15d,209731863287702,s1000-p0-a04 | s1000-p100-a0 | s1000-p100-a04 | s1000-p100-a16 | s1000-p25-a04 | s1000-p400-a04 | s250-p100-a04 | s4000-p100-a04,502765013 | -704972777 | -704972777 | -704972777 | -704972777 | -704972777 | -704972777 | -704972777
15d,209731863287703,s1000-p0-a04 | s1000-p100-a0 | s1000-p100-a04 | s1000-p100-a16 | s1000-p25-a04 | s1000-p400-a04 | s250-p100-a04 | s4000-p100-a04,502765013 | -704972777 | -704972777 | -704972777 | -704972777 | -704972777 | -704972777 | -704972777
15d,209731863287705,s1000-p0-a04 | s1000-p100-a0 | s1000-p100-a04 | s1000-p100-a16 | s1000-p25-a04 | s1000-p400-a04 | s250-p100-a04 | s4000-p100-a04,502765013 | -704972777 | -704972777 | -704972777 | -704972777 | -704972777 | -704972777 | -704972777
15d,209731863287706,s1000-p0-a04 | s1000-p100-a0 | s1000-p100-a04 | s1000-p100-a16 | s1000-p25-a04 | s1000-p400-a04 | s250-p100-a04 | s4000-p100-a04,502765013 | -704972777 | -704972777 | -704972777 | -704972777 | -704972777 | -704972777 | -704972777
18a,210118410344000,s1000-p0-a04 | s1000-p100-a0 | s1000-p100-a04 | s1000-p100-a16 | s1000-p25-a04 | s1000-p400-a04 | s250-p100-a04 | s4000-p100-a04,-1701613315 | -1701613315 | -1701613315 | -574815707 | -1701613315 | -574815707 | -574815707 | -1701613315
18a,210118410344002,s1000-p0-a04 | s1000-p100-a0 | s1000-p100-a04 | s1000-p100-a16 | s1000-p25-a04 | s1000-p400-a04 | s250-p100-a04 | s4000-p100-a04,-574815707 | -1701613315 | -1701613315 | -574815707 | -1701613315 | -574815707 | -574815707 | -1701613315
18a,210118410344003,s1000-p0-a04 | s1000-p100-a0 | s1000-p100-a04 | s1000-p100-a16 | s1000-p25-a04 | s1000-p400-a04 | s250-p100-a04 | s4000-p100-a04,-1701613315 | -1701613315 | -1701613315 | -574815707 | -1701613315 | -574815707 | -574815707 | -1701613315
18a,210118410344008,s1000-p0-a04 | s1000-p100-a0 | s1000-p100-a04 | s1000-p100-a16 | s1000-p25-a04 | s1000-p400-a04 | s250-p100-a04 | s4000-p100-a04,-1701613315 | -1701613315 | -1701613315 | -574815707 | -1701613315 | -574815707 | -574815707 | -1701613315
18a,210118410344009,s1000-p0-a04 | s1000-p100-a0 | s1000-p100-a04 | s1000-p100-a16 | s1000-p25-a04 | s1000-p400-a04 | s250-p100-a04 | s4000-p100-a04,-574815707 | -1701613315 | -1701613315 | -574815707 | -1701613315 | -574815707 | -574815707 | -1701613315
18a,210118410344011,s1000-p0-a04 | s1000-p100-a0 | s1000-p100-a04 | s1000-p100-a16 | s1000-p25-a04 | s1000-p400-a04 | s250-p100-a04 | s4000-p100-a04,-574815707 | -1701613315 | -1701613315 | -574815707 | -1701613315 | -574815707 | -574815707 | -1701613315
18a,210118410344012,s1000-p0-a04 | s1000-p100-a0 | s1000-p100-a04 | s1000-p100-a16 | s1000-p25-a04 | s1000-p400-a04 | s250-p100-a04 | s4000-p100-a04,-1701613315 | -1701613315 | -1701613315 | -574815707 | -1701613315 | -574815707 | -574815707 | -1701613315
18a,210118410344013,s1000-p0-a04 | s1000-p100-a0 | s1000-p100-a04 | s1000-p100-a16 | s1000-p25-a04 | s1000-p400-a04 | s250-p100-a04 | s4000-p100-a04,-574815707 | -1701613315 | -1701613315 | -574815707 | -1701613315 | -574815707 | -574815707 | -1701613315
18a,210118410344014,s1000-p0-a04 | s1000-p100-a0 | s1000-p100-a04 | s1000-p100-a16 | s1000-p25-a04 | s1000-p400-a04 | s250-p100-a04 | s4000-p100-a04,-574815707 | -1701613315 | -1701613315 | -574815707 | -1701613315 | -574815707 | -574815707 | -1701613315
18a,210118410344015,s1000-p0-a04 | s1000-p100-a0 | s1000-p100-a04 | s1000-p100-a16 | s1000-p25-a04 | s1000-p400-a04 | s250-p100-a04 | s4000-p100-a04,-574815707 | -1701613315 | -1701613315 | -574815707 | -1701613315 | -574815707 | -574815707 | -1701613315
18b,210122705311297,s1000-p0-a04 | s1000-p100-a0 | s1000-p100-a04 | s1000-p100-a16 | s1000-p25-a04 | s1000-p400-a04 | s250-p100-a04 | s4000-p100-a04,-633376097 | -633376097 | -633376097 | -633376097 | -633376097 | -2103027714 | -2103027714 | -633376097
18b,210122705311298,s1000-p0-a04 | s1000-p100-a0 | s1000-p100-a04 | s1000-p100-a16 | s1000-p25-a04 | s1000-p400-a04 | s250-p100-a04 | s4000-p100-a04,-633376097 | -2103027714 | -633376097 | -633376097 | -633376097 | -2103027714 | -1852800932 | -633376097
18b,210122705311299,s1000-p0-a04 | s1000-p100-a0 | s1000-p100-a04 | s1000-p100-a16 | s1000-p25-a04 | s1000-p400-a04 | s250-p100-a04 | s4000-p100-a04,-633376097 | -633376097 | -2103027714 | -1852800932 | -633376097 | -1852800932 | -1852800932 | -633376097
18b,210122705311304,s1000-p0-a04 | s1000-p100-a0 | s1000-p100-a04 | s1000-p100-a16 | s1000-p25-a04 | s1000-p400-a04 | s250-p100-a04 | s4000-p100-a04,-633376097 | -633376097 | -633376097 | -633376097 | -633376097 | -2103027714 | -1852800932 | -633376097
18b,210122705311305,s1000-p0-a04 | s1000-p100-a0 | s1000-p100-a04 | s1000-p100-a16 | s1000-p25-a04 | s1000-p400-a04 | s250-p100-a04 | s4000-p100-a04,-633376097 | -633376097 | -2103027714 | -1852800932 | -633376097 | -1852800932 | -1852800932 | -633376097
18b,210122705311306,s1000-p0-a04 | s1000-p100-a0 | s1000-p100-a04 | s1000-p100-a16 | s1000-p25-a04 | s1000-p400-a04 | s250-p100-a04 | s4000-p100-a04,-633376097 | -633376097 | -633376097 | -633376097 | -633376097 | -1852800932 | -1852800932 | -633376097
18b,210122705311308,s1000-p0-a04 | s1000-p100-a0 | s1000-p100-a04 | s1000-p100-a16 | s1000-p25-a04 | s1000-p400-a04 | s250-p100-a04 | s4000-p100-a04,-633376097 | -633376097 | -2103027714 | -1852800932 | -633376097 | -1852800932 | -1852800932 | -633376097
18b,210122705311309,s1000-p0-a04 | s1000-p100-a0 | s1000-p100-a04 | s1000-p100-a16 | s1000-p25-a04 | s1000-p400-a04 | s250-p100-a04 | s4000-p100-a04,-633376097 | -633376097 | -2103027714 | -1852800932 | -633376097 | -1852800932 | -1852800932 | -633376097
18b,210122705311310,s1000-p0-a04 | s1000-p100-a0 | s1000-p100-a04 | s1000-p100-a16 | s1000-p25-a04 | s1000-p400-a04 | s250-p100-a04 | s4000-p100-a04,-633376097 | -633376097 | -633376097 | -2103027714 | -633376097 | -1852800932 | -2103027714 | -633376097
18b,210122705311311,s1000-p0-a04 | s1000-p100-a0 | s1000-p100-a04 | s1000-p100-a16 | s1000-p25-a04 | s1000-p400-a04 | s250-p100-a04 | s4000-p100-a04,-633376097 | -2103027714 | -2103027714 | -1852800932 | -633376097 | -1852800932 | -1852800932 | -633376097
19a,210251554330208,s1000-p0-a04 | s1000-p100-a0 | s1000-p100-a04 | s1000-p100-a16 | s1000-p25-a04 | s1000-p400-a04 | s250-p100-a04 | s4000-p100-a04,-392804058 | -1819667816 | -1819667816 | -1819667816 | -477815540 | -1819667816 | -477815540 | -1917738233
19a,210251554330209,s1000-p0-a04 | s1000-p100-a0 | s1000-p100-a04 | s1000-p100-a16 | s1000-p25-a04 | s1000-p400-a04 | s250-p100-a04 | s4000-p100-a04,-637633703 | 187704695 | -477815540 | -477815540 | 187704695 | -477815540 | -1819667816 | 187704695
19a,210251554330211,s1000-p0-a04 | s1000-p100-a0 | s1000-p100-a04 | s1000-p100-a16 | s1000-p25-a04 | s1000-p400-a04 | s250-p100-a04 | s4000-p100-a04,-637633703 | -477815540 | -477815540 | -477815540 | -477815540 | -1819667816 | -477815540 | 187704695
19a,210251554330216,s1000-p0-a04 | s1000-p100-a0 | s1000-p100-a04 | s1000-p100-a16 | s1000-p25-a04 | s1000-p400-a04 | s250-p100-a04 | s4000-p100-a04,-392804058 | 187704695 | -1819667816 | -1819667816 | 187704695 | -1819667816 | -477815540 | 187704695
19a,210251554330218,s1000-p0-a04 | s1000-p100-a0 | s1000-p100-a04 | s1000-p100-a16 | s1000-p25-a04 | s1000-p400-a04 | s250-p100-a04 | s4000-p100-a04,-637633703 | 187704695 | -1917738233 | -1819667816 | -477815540 | -1819667816 | -1819667816 | 187704695
19a,210251554330219,s1000-p0-a04 | s1000-p100-a0 | s1000-p100-a04 | s1000-p100-a16 | s1000-p25-a04 | s1000-p400-a04 | s250-p100-a04 | s4000-p100-a04,1791313305 | -477815540 | -477815540 | -477815540 | -1819667816 | -477815540 | -1819667816 | 187704695
19a,210251554330220,s1000-p0-a04 | s1000-p100-a0 | s1000-p100-a04 | s1000-p100-a16 | s1000-p25-a04 | s1000-p400-a04 | s250-p100-a04 | s4000-p100-a04,-637633703 | 187704695 | -1917738233 | -1819667816 | 187704695 | -1819667816 | -1819667816 | 187704695
19a,210251554330221,s1000-p0-a04 | s1000-p100-a0 | s1000-p100-a04 | s1000-p100-a16 | s1000-p25-a04 | s1000-p400-a04 | s250-p100-a04 | s4000-p100-a04,-392804058 | 187704695 | -477815540 | -477815540 | -477815540 | -477815540 | -1819667816 | 187704695
19a,210251554330222,s1000-p0-a04 | s1000-p100-a0 | s1000-p100-a04 | s1000-p100-a16 | s1000-p25-a04 | s1000-p400-a04 | s250-p100-a04 | s4000-p100-a04,-637633703 | 187704695 | -477815540 | -477815540 | 187704695 | -477815540 | -477815540 | 187704695
19a,210251554330223,s1000-p0-a04 | s1000-p100-a0 | s1000-p100-a04 | s1000-p100-a16 | s1000-p25-a04 | s1000-p400-a04 | s250-p100-a04 | s4000-p100-a04,-1722146823 | -477815540 | -477815540 | -477815540 | -477815540 | -477815540 | -1819667816 | 187704695
19b,210255849297504,s1000-p0-a04 | s1000-p100-a0 | s1000-p100-a04 | s1000-p100-a16 | s1000-p25-a04 | s1000-p400-a04 | s250-p100-a04 | s4000-p100-a04,-1906746532 | 825922194 | 825922194 | 825922194 | 825922194 | -1834056489 | 825922194 | 910037442
19b,210255849297506,s1000-p0-a04 | s1000-p100-a0 | s1000-p100-a04 | s1000-p100-a16 | s1000-p25-a04 | s1000-p400-a04 | s250-p100-a04 | s4000-p100-a04,-1906746532 | -1834056489 | -1834056489 | -1834056489 | 825922194 | -1834056489 | 825922194 | 910037442
19b,210255849297507,s1000-p0-a04 | s1000-p100-a0 | s1000-p100-a04 | s1000-p100-a16 | s1000-p25-a04 | s1000-p400-a04 | s250-p100-a04 | s4000-p100-a04,-1906746532 | 825922194 | 825922194 | 825922194 | 825922194 | 825922194 | 825922194 | 910037442
19b,210255849297512,s1000-p0-a04 | s1000-p100-a0 | s1000-p100-a04 | s1000-p100-a16 | s1000-p25-a04 | s1000-p400-a04 | s250-p100-a04 | s4000-p100-a04,-1205520184 | 825922194 | 825922194 | -1834056489 | 825922194 | -1834056489 | 825922194 | 910037442
19b,210255849297513,s1000-p0-a04 | s1000-p100-a0 | s1000-p100-a04 | s1000-p100-a16 | s1000-p25-a04 | s1000-p400-a04 | s250-p100-a04 | s4000-p100-a04,-1205520184 | 825922194 | 825922194 | 825922194 | 825922194 | -1834056489 | 825922194 | 910037442
19b,210255849297515,s1000-p0-a04 | s1000-p100-a0 | s1000-p100-a04 | s1000-p100-a16 | s1000-p25-a04 | s1000-p400-a04 | s250-p100-a04 | s4000-p100-a04,-1205520184 | 910037442 | 910037442 | 910037442 | 910037442 | -1402516586 | 910037442 | 910037442
19b,210255849297516,s1000-p0-a04 | s1000-p100-a0 | s1000-p100-a04 | s1000-p100-a16 | s1000-p25-a04 | s1000-p400-a04 | s250-p100-a04 | s4000-p100-a04,-1205520184 | 825922194 | -1834056489 | -1834056489 | 825922194 | -1834056489 | 910037442 | 910037442
19b,210255849297517,s1000-p0-a04 | s1000-p100-a0 | s1000-p100-a04 | s1000-p100-a16 | s1000-p25-a04 | s1000-p400-a04 | s250-p100-a04 | s4000-p100-a04,-1205520184 | 910037442 | 910037442 | -1402516586 | 910037442 | -1834056489 | 825922194 | 910037442
19b,210255849297518,s1000-p0-a04 | s1000-p100-a0 | s1000-p100-a04 | s1000-p100-a16 | s1000-p25-a04 | s1000-p400-a04 | s250-p100-a04 | s4000-p100-a04,-1205520184 | 825922194 | 825922194 | 825922194 | 825922194 | 825922194 | 825922194 | 910037442
19b,210255849297519,s1000-p0-a04 | s1000-p100-a0 | s1000-p100-a04 | s1000-p100-a16 | s1000-p25-a04 | s1000-p400-a04 | s250-p100-a04 | s4000-p100-a04,-1205520184 | 910037442 | 910037442 | -1402516586 | 910037442 | -1402516586 | 825922194 | 910037442
19c,210260144264801,s1000-p0-a04 | s1000-p100-a0 | s1000-p100-a04 | s1000-p100-a16 | s1000-p25-a04 | s1000-p400-a04 | s250-p100-a04 | s4000-p100-a04,-1142457374 | -649799299 | 1055693188 | 1055693188 | -649799299 | 1055693188 | 1055693188 | -649799299
19c,210260144264802,s1000-p0-a04 | s1000-p100-a0 | s1000-p100-a04 | s1000-p100-a16 | s1000-p25-a04 | s1000-p400-a04 | s250-p100-a04 | s4000-p100-a04,-1065192089 | -649799299 | 1055693188 | 1055693188 | -649799299 | 1055693188 | 1055693188 | -649799299
19c,210260144264803,s1000-p0-a04 | s1000-p100-a0 | s1000-p100-a04 | s1000-p100-a16 | s1000-p25-a04 | s1000-p400-a04 | s250-p100-a04 | s4000-p100-a04,1347037819 | -649799299 | 1055693188 | 1055693188 | -649799299 | 1055693188 | 1055693188 | -649799299
19c,210260144264808,s1000-p0-a04 | s1000-p100-a0 | s1000-p100-a04 | s1000-p100-a16 | s1000-p25-a04 | s1000-p400-a04 | s250-p100-a04 | s4000-p100-a04,-1142457374 | -649799299 | 1055693188 | 1055693188 | -649799299 | 1055693188 | 1055693188 | -649799299
19c,210260144264809,s1000-p0-a04 | s1000-p100-a0 | s1000-p100-a04 | s1000-p100-a16 | s1000-p25-a04 | s1000-p400-a04 | s250-p100-a04 | s4000-p100-a04,-1065192089 | -649799299 | 1055693188 | 1055693188 | -649799299 | 1055693188 | 1055693188 | -649799299
19c,210260144264810,s1000-p0-a04 | s1000-p100-a0 | s1000-p100-a04 | s1000-p100-a16 | s1000-p25-a04 | s1000-p400-a04 | s250-p100-a04 | s4000-p100-a04,-1142457374 | -649799299 | 1055693188 | 1055693188 | -649799299 | 1055693188 | 1055693188 | -649799299
19c,210260144264812,s1000-p0-a04 | s1000-p100-a0 | s1000-p100-a04 | s1000-p100-a16 | s1000-p25-a04 | s1000-p400-a04 | s250-p100-a04 | s4000-p100-a04,-1142457374 | -649799299 | 1055693188 | 1055693188 | -649799299 | 1055693188 | 1055693188 | -649799299
19c,210260144264813,s1000-p0-a04 | s1000-p100-a0 | s1000-p100-a04 | s1000-p100-a16 | s1000-p25-a04 | s1000-p400-a04 | s250-p100-a04 | s4000-p100-a04,-1142457374 | -649799299 | 1055693188 | 1055693188 | -649799299 | 1055693188 | 1055693188 | -649799299
19c,210260144264814,s1000-p0-a04 | s1000-p100-a0 | s1000-p100-a04 | s1000-p100-a16 | s1000-p25-a04 | s1000-p400-a04 | s250-p100-a04 | s4000-p100-a04,-1142457374 | -649799299 | 1055693188 | 1055693188 | -649799299 | 1055693188 | 1055693188 | -649799299
19c,210260144264815,s1000-p0-a04 | s1000-p100-a0 | s1000-p100-a04 | s1000-p100-a16 | s1000-p25-a04 | s1000-p400-a04 | s250-p100-a04 | s4000-p100-a04,-1142457374 | -649799299 | 1055693188 | 1055693188 | -649799299 | 1055693188 | 1055693188 | -649799299
19d,210264439232100,s1000-p0-a04 | s1000-p100-a0 | s1000-p100-a04 | s1000-p100-a16 | s1000-p25-a04 | s1000-p400-a04 | s250-p100-a04 | s4000-p100-a04,-1211980585 | -1211980585 | 723032794 | -1246359705 | -1211980585 | -1246359705 | -1246359705 | -1211980585
19d,210264439232101,s1000-p0-a04 | s1000-p100-a0 | s1000-p100-a04 | s1000-p100-a16 | s1000-p25-a04 | s1000-p400-a04 | s250-p100-a04 | s4000-p100-a04,-1211980585 | -1211980585 | 723032794 | -1246359705 | -1211980585 | -1246359705 | -1246359705 | -1211980585
19d,210264439232102,s1000-p0-a04 | s1000-p100-a0 | s1000-p100-a04 | s1000-p100-a16 | s1000-p25-a04 | s1000-p400-a04 | s250-p100-a04 | s4000-p100-a04,-1211980585 | -1211980585 | 723032794 | -1246359705 | -1211980585 | -1246359705 | -1246359705 | -1211980585
19d,210264439232104,s1000-p0-a04 | s1000-p100-a0 | s1000-p100-a04 | s1000-p100-a16 | s1000-p25-a04 | s1000-p400-a04 | s250-p100-a04 | s4000-p100-a04,-1211980585 | -1211980585 | 723032794 | -1246359705 | -1211980585 | -1246359705 | -1246359705 | -1211980585
19d,210264439232105,s1000-p0-a04 | s1000-p100-a0 | s1000-p100-a04 | s1000-p100-a16 | s1000-p25-a04 | s1000-p400-a04 | s250-p100-a04 | s4000-p100-a04,-1211980585 | -1211980585 | 723032794 | -1246359705 | -1211980585 | -1246359705 | -1246359705 | -1211980585
19d,210264439232106,s1000-p0-a04 | s1000-p100-a0 | s1000-p100-a04 | s1000-p100-a16 | s1000-p25-a04 | s1000-p400-a04 | s250-p100-a04 | s4000-p100-a04,-1211980585 | -1211980585 | 723032794 | -1246359705 | -1211980585 | -1246359705 | -1246359705 | -1211980585
19d,210264439232107,s1000-p0-a04 | s1000-p100-a0 | s1000-p100-a04 | s1000-p100-a16 | s1000-p25-a04 | s1000-p400-a04 | s250-p100-a04 | s4000-p100-a04,-1211980585 | -1211980585 | 723032794 | -1246359705 | -1211980585 | -1246359705 | -1246359705 | -1211980585
19d,210264439232109,s1000-p0-a04 | s1000-p100-a0 | s1000-p100-a04 | s1000-p100-a16 | s1000-p25-a04 | s1000-p400-a04 | s250-p100-a04 | s4000-p100-a04,-1211980585 | -1211980585 | 723032794 | 723032794 | -1211980585 | -1246359705 | -1246359705 | -1211980585
19d,210264439232110,s1000-p0-a04 | s1000-p100-a0 | s1000-p100-a04 | s1000-p100-a16 | s1000-p25-a04 | s1000-p400-a04 | s250-p100-a04 | s4000-p100-a04,-1211980585 | -1211980585 | 723032794 | -1246359705 | -1211980585 | -1246359705 | -1246359705 | -1211980585
19d,210264439232111,s1000-p0-a04 | s1000-p100-a0 | s1000-p100-a04 | s1000-p100-a16 | s1000-p25-a04 | s1000-p400-a04 | s250-p100-a04 | s4000-p100-a04,-1211980585 | -1211980585 | 723032794 | -1246359705 | -1211980585 | -1246359705 | -1246359705 | -1211980585
21a,213313866034000,s1000-p0-a04 | s1000-p100-a0 | s1000-p100-a04 | s1000-p100-a16 | s1000-p25-a04 | s1000-p400-a04 | s250-p100-a04 | s4000-p100-a04,-597700708 | 405046416 | 405046416 | 1230868213 | 405046416 | 405046416 | 405046416 | 405046416
21a,213313866034005,s1000-p0-a04 | s1000-p100-a0 | s1000-p100-a04 | s1000-p100-a16 | s1000-p25-a04 | s1000-p400-a04 | s250-p100-a04 | s4000-p100-a04,-597700708 | 405046416 | 405046416 | 405046416 | 405046416 | 405046416 | 405046416 | 405046416
21a,213313866034008,s1000-p0-a04 | s1000-p100-a0 | s1000-p100-a04 | s1000-p100-a16 | s1000-p25-a04 | s1000-p400-a04 | s250-p100-a04 | s4000-p100-a04,-597700708 | 405046416 | 405046416 | 405046416 | 405046416 | 405046416 | 405046416 | 405046416
21a,213313866034010,s1000-p0-a04 | s1000-p100-a0 | s1000-p100-a04 | s1000-p100-a16 | s1000-p25-a04 | s1000-p400-a04 | s250-p100-a04 | s4000-p100-a04,-597700708 | 405046416 | 405046416 | 405046416 | 405046416 | 405046416 | 405046416 | 405046416
21a,213313866034011,s1000-p0-a04 | s1000-p100-a0 | s1000-p100-a04 | s1000-p100-a16 | s1000-p25-a04 | s1000-p400-a04 | s250-p100-a04 | s4000-p100-a04,-597700708 | 405046416 | 405046416 | 405046416 | 405046416 | 405046416 | 405046416 | 405046416
21b,213318161001297,s1000-p0-a04 | s1000-p100-a0 | s1000-p100-a04 | s1000-p100-a16 | s1000-p25-a04 | s1000-p400-a04 | s250-p100-a04 | s4000-p100-a04,-597700708 | 405046416 | 405046416 | 405046416 | 405046416 | 405046416 | 405046416 | 405046416
21b,213318161001298,s1000-p0-a04 | s1000-p100-a0 | s1000-p100-a04 | s1000-p100-a16 | s1000-p25-a04 | s1000-p400-a04 | s250-p100-a04 | s4000-p100-a04,832297807 | 405046416 | 405046416 | 405046416 | 405046416 | 405046416 | 405046416 | 405046416
21b,213318161001301,s1000-p0-a04 | s1000-p100-a0 | s1000-p100-a04 | s1000-p100-a16 | s1000-p25-a04 | s1000-p400-a04 | s250-p100-a04 | s4000-p100-a04,-597700708 | 405046416 | 405046416 | 405046416 | 405046416 | 405046416 | 405046416 | 405046416
21b,213318161001302,s1000-p0-a04 | s1000-p100-a0 | s1000-p100-a04 | s1000-p100-a16 | s1000-p25-a04 | s1000-p400-a04 | s250-p100-a04 | s4000-p100-a04,-597700708 | 405046416 | 405046416 | 405046416 | 405046416 | 405046416 | 405046416 | 405046416
21b,213318161001303,s1000-p0-a04 | s1000-p100-a0 | s1000-p100-a04 | s1000-p100-a16 | s1000-p25-a04 | s1000-p400-a04 | s250-p100-a04 | s4000-p100-a04,832297807 | 405046416 | 405046416 | 405046416 | 405046416 | 405046416 | 405046416 | 405046416
21b,213318161001305,s1000-p0-a04 | s1000-p100-a0 | s1000-p100-a04 | s1000-p100-a16 | s1000-p25-a04 | s1000-p400-a04 | s250-p100-a04 | s4000-p100-a04,-597700708 | 405046416 | 405046416 | 405046416 | 405046416 | 405046416 | 405046416 | 405046416
21b,213318161001306,s1000-p0-a04 | s1000-p100-a0 | s1000-p100-a04 | s1000-p100-a16 | s1000-p25-a04 | s1000-p400-a04 | s250-p100-a04 | s4000-p100-a04,405046416 | 405046416 | 405046416 | 1230868213 | 405046416 | 1230868213 | 405046416 | 405046416
21b,213318161001307,s1000-p0-a04 | s1000-p100-a0 | s1000-p100-a04 | s1000-p100-a16 | s1000-p25-a04 | s1000-p400-a04 | s250-p100-a04 | s4000-p100-a04,-597700708 | 405046416 | 405046416 | 1230868213 | 405046416 | 1230868213 | 405046416 | 405046416
21c,213322455968592,s1000-p0-a04 | s1000-p100-a0 | s1000-p100-a04 | s1000-p100-a16 | s1000-p25-a04 | s1000-p400-a04 | s250-p100-a04 | s4000-p100-a04,-597700708 | 405046416 | 405046416 | 1230868213 | 405046416 | 405046416 | 405046416 | 405046416
21c,213322455968593,s1000-p0-a04 | s1000-p100-a0 | s1000-p100-a04 | s1000-p100-a16 | s1000-p25-a04 | s1000-p400-a04 | s250-p100-a04 | s4000-p100-a04,-597700708 | 405046416 | 405046416 | 405046416 | 405046416 | 405046416 | 1230868213 | 405046416
21c,213322455968595,s1000-p0-a04 | s1000-p100-a0 | s1000-p100-a04 | s1000-p100-a16 | s1000-p25-a04 | s1000-p400-a04 | s250-p100-a04 | s4000-p100-a04,-597700708 | 405046416 | 405046416 | 405046416 | 405046416 | 405046416 | 405046416 | 405046416
21c,213322455968597,s1000-p0-a04 | s1000-p100-a0 | s1000-p100-a04 | s1000-p100-a16 | s1000-p25-a04 | s1000-p400-a04 | s250-p100-a04 | s4000-p100-a04,-597700708 | 405046416 | 405046416 | 405046416 | 405046416 | 405046416 | 405046416 | 405046416
21c,213322455968598,s1000-p0-a04 | s1000-p100-a0 | s1000-p100-a04 | s1000-p100-a16 | s1000-p25-a04 | s1000-p400-a04 | s250-p100-a04 | s4000-p100-a04,-597700708 | 405046416 | 405046416 | 405046416 | 405046416 | 405046416 | 405046416 | 405046416
21c,213322455968604,s1000-p0-a04 | s1000-p100-a0 | s1000-p100-a04 | s1000-p100-a16 | s1000-p25-a04 | s1000-p400-a04 | s250-p100-a04 | s4000-p100-a04,-597700708 | 405046416 | 405046416 | 405046416 | 405046416 | 405046416 | 405046416 | 405046416
21c,213322455968605,s1000-p0-a04 | s1000-p100-a0 | s1000-p100-a04 | s1000-p100-a16 | s1000-p25-a04 | s1000-p400-a04 | s250-p100-a04 | s4000-p100-a04,-597700708 | 405046416 | 405046416 | 405046416 | 405046416 | 405046416 | 405046416 | 405046416
21c,213322455968606,s1000-p0-a04 | s1000-p100-a0 | s1000-p100-a04 | s1000-p100-a16 | s1000-p25-a04 | s1000-p400-a04 | s250-p100-a04 | s4000-p100-a04,-597700708 | 405046416 | 405046416 | 405046416 | 405046416 | 405046416 | 405046416 | 405046416
22a,213447010020208,s1000-p0-a04 | s1000-p100-a0 | s1000-p100-a04 | s1000-p100-a16 | s1000-p25-a04 | s1000-p400-a04 | s250-p100-a04 | s4000-p100-a04,-2145268623 | -2145268623 | 316133052 | 316133052 | -2145268623 | 316133052 | -1072711187 | -2145268623
22a,213447010020210,s1000-p0-a04 | s1000-p100-a0 | s1000-p100-a04 | s1000-p100-a16 | s1000-p25-a04 | s1000-p400-a04 | s250-p100-a04 | s4000-p100-a04,-2145268623 | -2145268623 | 815426615 | 316133052 | -2145268623 | 316133052 | -1072711187 | -2145268623
22a,213447010020211,s1000-p0-a04 | s1000-p100-a0 | s1000-p100-a04 | s1000-p100-a16 | s1000-p25-a04 | s1000-p400-a04 | s250-p100-a04 | s4000-p100-a04,-2145268623 | -2145268623 | 815426615 | 316133052 | -2145268623 | 316133052 | 316133052 | -2145268623
22a,213447010020212,s1000-p0-a04 | s1000-p100-a0 | s1000-p100-a04 | s1000-p100-a16 | s1000-p25-a04 | s1000-p400-a04 | s250-p100-a04 | s4000-p100-a04,-2145268623 | -2145268623 | 316133052 | 316133052 | -2145268623 | 316133052 | -1072711187 | -2145268623
22a,213447010020213,s1000-p0-a04 | s1000-p100-a0 | s1000-p100-a04 | s1000-p100-a16 | s1000-p25-a04 | s1000-p400-a04 | s250-p100-a04 | s4000-p100-a04,-2145268623 | -2145268623 | 457903786 | 316133052 | -2145268623 | 316133052 | 316133052 | -2145268623
22a,213447010020214,s1000-p0-a04 | s1000-p100-a0 | s1000-p100-a04 | s1000-p100-a16 | s1000-p25-a04 | s1000-p400-a04 | s250-p100-a04 | s4000-p100-a04,-2145268623 | -2145268623 | 316133052 | 316133052 | -2145268623 | 316133052 | 316133052 | -2145268623
22a,213447010020215,s1000-p0-a04 | s1000-p100-a0 | s1000-p100-a04 | s1000-p100-a16 | s1000-p25-a04 | s1000-p400-a04 | s250-p100-a04 | s4000-p100-a04,-2145268623 | -2145268623 | 316133052 | 316133052 | -2145268623 | 316133052 | 316133052 | -2145268623
22a,213447010020216,s1000-p0-a04 | s1000-p100-a0 | s1000-p100-a04 | s1000-p100-a16 | s1000-p25-a04 | s1000-p400-a04 | s250-p100-a04 | s4000-p100-a04,-2145268623 | -2145268623 | 386685412 | 316133052 | -2145268623 | 316133052 | 316133052 | -2145268623
22a,213447010020217,s1000-p0-a04 | s1000-p100-a0 | s1000-p100-a04 | s1000-p100-a16 | s1000-p25-a04 | s1000-p400-a04 | s250-p100-a04 | s4000-p100-a04,-2145268623 | -2145268623 | 457903786 | 316133052 | -2145268623 | 316133052 | 316133052 | -2145268623
22a,213447010020219,s1000-p0-a04 | s1000-p100-a0 | s1000-p100-a04 | s1000-p100-a16 | s1000-p25-a04 | s1000-p400-a04 | s250-p100-a04 | s4000-p100-a04,-2145268623 | -2145268623 | -557882130 | 316133052 | -2145268623 | 316133052 | 316133052 | -2145268623
22b,213451304987504,s1000-p0-a04 | s1000-p100-a0 | s1000-p100-a04 | s1000-p100-a16 | s1000-p25-a04 | s1000-p400-a04 | s250-p100-a04 | s4000-p100-a04,-2145268623 | -2145268623 | 815426615 | 316133052 | -2145268623 | 316133052 | 316133052 | -2145268623
22b,213451304987505,s1000-p0-a04 | s1000-p100-a0 | s1000-p100-a04 | s1000-p100-a16 | s1000-p25-a04 | s1000-p400-a04 | s250-p100-a04 | s4000-p100-a04,-2145268623 | -2145268623 | 815426615 | 316133052 | -2145268623 | 316133052 | 316133052 | -2145268623
22b,213451304987507,s1000-p0-a04 | s1000-p100-a0 | s1000-p100-a04 | s1000-p100-a16 | s1000-p25-a04 | s1000-p400-a04 | s250-p100-a04 | s4000-p100-a04,-2145268623 | -2145268623 | 815426615 | 316133052 | 1654838330 | 316133052 | 316133052 | -2145268623
22b,213451304987508,s1000-p0-a04 | s1000-p100-a0 | s1000-p100-a04 | s1000-p100-a16 | s1000-p25-a04 | s1000-p400-a04 | s250-p100-a04 | s4000-p100-a04,-2145268623 | -2145268623 | 316133052 | 316133052 | -2145268623 | 316133052 | 316133052 | -2145268623
22b,213451304987509,s1000-p0-a04 | s1000-p100-a0 | s1000-p100-a04 | s1000-p100-a16 | s1000-p25-a04 | s1000-p400-a04 | s250-p100-a04 | s4000-p100-a04,-2145268623 | 541848229 | 815426615 | 316133052 | 541848229 | 316133052 | 316133052 | -2145268623
22b,213451304987510,s1000-p0-a04 | s1000-p100-a0 | s1000-p100-a04 | s1000-p100-a16 | s1000-p25-a04 | s1000-p400-a04 | s250-p100-a04 | s4000-p100-a04,-2145268623 | -2145268623 | 815426615 | 316133052 | -2145268623 | 316133052 | 316133052 | -2145268623
22b,213451304987511,s1000-p0-a04 | s1000-p100-a0 | s1000-p100-a04 | s1000-p100-a16 | s1000-p25-a04 | s1000-p400-a04 | s250-p100-a04 | s4000-p100-a04,-2145268623 | -2145268623 | 815426615 | 316133052 | -2145268623 | 316133052 | 316133052 | -2145268623
22b,213451304987512,s1000-p0-a04 | s1000-p100-a0 | s1000-p100-a04 | s1000-p100-a16 | s1000-p25-a04 | s1000-p400-a04 | s250-p100-a04 | s4000-p100-a04,-2145268623 | -1640244435 | 815426615 | 316133052 | -2145268623 | 316133052 | 316133052 | 815426615
22b,213451304987514,s1000-p0-a04 | s1000-p100-a0 | s1000-p100-a04 | s1000-p100-a16 | s1000-p25-a04 | s1000-p400-a04 | s250-p100-a04 | s4000-p100-a04,-2145268623 | -2145268623 | 815426615 | 316133052 | -2145268623 | 316133052 | -1072711187 | -2145268623
22b,213451304987515,s1000-p0-a04 | s1000-p100-a0 | s1000-p100-a04 | s1000-p100-a16 | s1000-p25-a04 | s1000-p400-a04 | s250-p100-a04 | s4000-p100-a04,-2145268623 | -2145268623 | 815426615 | 316133052 | -2145268623 | 316133052 | 316133052 | -2145268623
22d,213459894922096,s1000-p0-a04 | s1000-p100-a0 | s1000-p100-a04 | s1000-p100-a16 | s1000-p25-a04 | s1000-p400-a04 | s250-p100-a04 | s4000-p100-a04,1311334790 | 1311334790 | -438265046 | -438265046 | 1311334790 | -438265046 | -438265046 | 1311334790
22d,213459894922097,s1000-p0-a04 | s1000-p100-a0 | s1000-p100-a04 | s1000-p100-a16 | s1000-p25-a04 | s1000-p400-a04 | s250-p100-a04 | s4000-p100-a04,1311334790 | 1311334790 | -438265046 | -438265046 | 1311334790 | -438265046 | -438265046 | 1311334790
22d,213459894922098,s1000-p0-a04 | s1000-p100-a0 | s1000-p100-a04 | s1000-p100-a16 | s1000-p25-a04 | s1000-p400-a04 | s250-p100-a04 | s4000-p100-a04,1311334790 | 1311334790 | -438265046 | -438265046 | 1311334790 | -438265046 | -438265046 | 1311334790
22d,213459894922099,s1000-p0-a04 | s1000-p100-a0 | s1000-p100-a04 | s1000-p100-a16 | s1000-p25-a04 | s1000-p400-a04 | s250-p100-a04 | s4000-p100-a04,1311334790 | 1311334790 | -438265046 | -438265046 | 1311334790 | -438265046 | -438265046 | 1311334790
22d,213459894922101,s1000-p0-a04 | s1000-p100-a0 | s1000-p100-a04 | s1000-p100-a16 | s1000-p25-a04 | s1000-p400-a04 | s250-p100-a04 | s4000-p100-a04,1311334790 | 1311334790 | -438265046 | -438265046 | 1311334790 | -438265046 | -438265046 | 1311334790
22d,213459894922102,s1000-p0-a04 | s1000-p100-a0 | s1000-p100-a04 | s1000-p100-a16 | s1000-p25-a04 | s1000-p400-a04 | s250-p100-a04 | s4000-p100-a04,1311334790 | 1311334790 | 739141114 | -438265046 | 1311334790 | -438265046 | -438265046 | 1311334790
22d,213459894922103,s1000-p0-a04 | s1000-p100-a0 | s1000-p100-a04 | s1000-p100-a16 | s1000-p25-a04 | s1000-p400-a04 | s250-p100-a04 | s4000-p100-a04,1311334790 | 1311334790 | -438265046 | -438265046 | 1311334790 | -438265046 | -438265046 | 1311334790
22d,213459894922108,s1000-p0-a04 | s1000-p100-a0 | s1000-p100-a04 | s1000-p100-a16 | s1000-p25-a04 | s1000-p400-a04 | s250-p100-a04 | s4000-p100-a04,1311334790 | 1311334790 | -438265046 | -438265046 | 1311334790 | -438265046 | -438265046 | -438265046
22d,213459894922109,s1000-p0-a04 | s1000-p100-a0 | s1000-p100-a04 | s1000-p100-a16 | s1000-p25-a04 | s1000-p400-a04 | s250-p100-a04 | s4000-p100-a04,1311334790 | 1311334790 | -438265046 | -438265046 | 1311334790 | -438265046 | -438265046 | 1311334790
22d,213459894922110,s1000-p0-a04 | s1000-p100-a0 | s1000-p100-a04 | s1000-p100-a16 | s1000-p25-a04 | s1000-p400-a04 | s250-p100-a04 | s4000-p100-a04,1311334790 | 1311334790 | 739141114 | -438265046 | 1311334790 | -438265046 | -438265046 | 1311334790
23a,213580154006289,s1000-p0-a04 | s1000-p100-a0 | s1000-p100-a04 | s1000-p100-a16 | s1000-p25-a04 | s1000-p400-a04 | s250-p100-a04 | s4000-p100-a04,-645930611 | -1576721678 | 1835492322 | 1835492322 | -1576721678 | 1835492322 | 1835492322 | -1576721678
23a,213580154006290,s1000-p0-a04 | s1000-p100-a0 | s1000-p100-a04 | s1000-p100-a16 | s1000-p25-a04 | s1000-p400-a04 | s250-p100-a04 | s4000-p100-a04,-1748251853 | -1576721678 | 1835492322 | 1835492322 | -1576721678 | 1835492322 | 1835492322 | -1576721678
23a,213580154006291,s1000-p0-a04 | s1000-p100-a0 | s1000-p100-a04 | s1000-p100-a16 | s1000-p25-a04 | s1000-p400-a04 | s250-p100-a04 | s4000-p100-a04,-645930611 | -1576721678 | 1835492322 | 1835492322 | -1576721678 | 1835492322 | 1835492322 | -1576721678
23a,213580154006292,s1000-p0-a04 | s1000-p100-a0 | s1000-p100-a04 | s1000-p100-a16 | s1000-p25-a04 | s1000-p400-a04 | s250-p100-a04 | s4000-p100-a04,-1550513565 | -1576721678 | 1835492322 | 1835492322 | -1576721678 | 1835492322 | 1835492322 | -1576721678
23a,213580154006293,s1000-p0-a04 | s1000-p100-a0 | s1000-p100-a04 | s1000-p100-a16 | s1000-p25-a04 | s1000-p400-a04 | s250-p100-a04 | s4000-p100-a04,1062427072 | -1576721678 | 1835492322 | 1835492322 | -1576721678 | 1835492322 | 1835492322 | -1576721678
23a,213580154006294,s1000-p0-a04 | s1000-p100-a0 | s1000-p100-a04 | s1000-p100-a16 | s1000-p25-a04 | s1000-p400-a04 | s250-p100-a04 | s4000-p100-a04,1062427072 | -1576721678 | 1835492322 | 1835492322 | -1576721678 | 1835492322 | 1835492322 | -1576721678
23a,213580154006295,s1000-p0-a04 | s1000-p100-a0 | s1000-p100-a04 | s1000-p100-a16 | s1000-p25-a04 | s1000-p400-a04 | s250-p100-a04 | s4000-p100-a04,-1576721678 | -1576721678 | 1835492322 | 1835492322 | 1835492322 | 1835492322 | 1835492322 | -1576721678
23a,213580154006296,s1000-p0-a04 | s1000-p100-a0 | s1000-p100-a04 | s1000-p100-a16 | s1000-p25-a04 | s1000-p400-a04 | s250-p100-a04 | s4000-p100-a04,-1748251853 | -1576721678 | 1835492322 | 1835492322 | -1576721678 | 1835492322 | 1835492322 | -1576721678
23a,213580154006297,s1000-p0-a04 | s1000-p100-a0 | s1000-p100-a04 | s1000-p100-a16 | s1000-p25-a04 | s1000-p400-a04 | s250-p100-a04 | s4000-p100-a04,1062427072 | -1576721678 | 1835492322 | 1835492322 | -1576721678 | 1835492322 | 1835492322 | 1835492322
23a,213580154006298,s1000-p0-a04 | s1000-p100-a0 | s1000-p100-a04 | s1000-p100-a16 | s1000-p25-a04 | s1000-p400-a04 | s250-p100-a04 | s4000-p100-a04,-1576721678 | -1576721678 | 1835492322 | 1835492322 | -1576721678 | 1835492322 | 1835492322 | -1576721678
23b,213584448973584,s1000-p0-a04 | s1000-p100-a0 | s1000-p100-a04 | s1000-p100-a16 | s1000-p25-a04 | s1000-p400-a04 | s250-p100-a04 | s4000-p100-a04,-1221980907 | -439854755 | 2055054090 | 2055054090 | -439854755 | 2055054090 | 2055054090 | -439854755
23b,213584448973586,s1000-p0-a04 | s1000-p100-a0 | s1000-p100-a04 | s1000-p100-a16 | s1000-p25-a04 | s1000-p400-a04 | s250-p100-a04 | s4000-p100-a04,-439854755 | -439854755 | 2055054090 | 2055054090 | -439854755 | 2055054090 | 2055054090 | -439854755
23b,213584448973587,s1000-p0-a04 | s1000-p100-a0 | s1000-p100-a04 | s1000-p100-a16 | s1000-p25-a04 | s1000-p400-a04 | s250-p100-a04 | s4000-p100-a04,-439854755 | -439854755 | 2055054090 | 2055054090 | -439854755 | 2055054090 | 2055054090 | -439854755
23b,213584448973588,s1000-p0-a04 | s1000-p100-a0 | s1000-p100-a04 | s1000-p100-a16 | s1000-p25-a04 | s1000-p400-a04 | s250-p100-a04 | s4000-p100-a04,-1221980907 | -439854755 | 2055054090 | 2055054090 | -439854755 | 2055054090 | 2055054090 | -439854755
23b,213584448973589,s1000-p0-a04 | s1000-p100-a0 | s1000-p100-a04 | s1000-p100-a16 | s1000-p25-a04 | s1000-p400-a04 | s250-p100-a04 | s4000-p100-a04,-1221980907 | -439854755 | 2055054090 | 2055054090 | -439854755 | 2055054090 | 2055054090 | -439854755
23b,213584448973590,s1000-p0-a04 | s1000-p100-a0 | s1000-p100-a04 | s1000-p100-a16 | s1000-p25-a04 | s1000-p400-a04 | s250-p100-a04 | s4000-p100-a04,-439854755 | -439854755 | 2055054090 | 2055054090 | -439854755 | 2055054090 | 2055054090 | -439854755
23b,213584448973591,s1000-p0-a04 | s1000-p100-a0 | s1000-p100-a04 | s1000-p100-a16 | s1000-p25-a04 | s1000-p400-a04 | s250-p100-a04 | s4000-p100-a04,-439854755 | -439854755 | 2055054090 | 2055054090 | -439854755 | 2055054090 | 2055054090 | -439854755
23b,213584448973592,s1000-p0-a04 | s1000-p100-a0 | s1000-p100-a04 | s1000-p100-a16 | s1000-p25-a04 | s1000-p400-a04 | s250-p100-a04 | s4000-p100-a04,-439854755 | -439854755 | 2055054090 | 2055054090 | -439854755 | 2055054090 | 2055054090 | -439854755
23b,213584448973593,s1000-p0-a04 | s1000-p100-a0 | s1000-p100-a04 | s1000-p100-a16 | s1000-p25-a04 | s1000-p400-a04 | s250-p100-a04 | s4000-p100-a04,-439854755 | -439854755 | 2055054090 | 2055054090 | -439854755 | 2055054090 | 2055054090 | -439854755
23b,213584448973595,s1000-p0-a04 | s1000-p100-a0 | s1000-p100-a04 | s1000-p100-a16 | s1000-p25-a04 | s1000-p400-a04 | s250-p100-a04 | s4000-p100-a04,-439854755 | -439854755 | 2055054090 | 2055054090 | -439854755 | 2055054090 | 2055054090 | -439854755
23c,213588743940880,s1000-p0-a04 | s1000-p100-a0 | s1000-p100-a04 | s1000-p100-a16 | s1000-p25-a04 | s1000-p400-a04 | s250-p100-a04 | s4000-p100-a04,1062427072 | -1576721678 | 1835492322 | 1835492322 | -1576721678 | 1835492322 | 1835492322 | -1576721678
23c,213588743940881,s1000-p0-a04 | s1000-p100-a0 | s1000-p100-a04 | s1000-p100-a16 | s1000-p25-a04 | s1000-p400-a04 | s250-p100-a04 | s4000-p100-a04,-645930611 | -1576721678 | 1835492322 | 1835492322 | -1576721678 | 1835492322 | 1835492322 | -1576721678
23c,213588743940883,s1000-p0-a04 | s1000-p100-a0 | s1000-p100-a04 | s1000-p100-a16 | s1000-p25-a04 | s1000-p400-a04 | s250-p100-a04 | s4000-p100-a04,-1576721678 | -1576721678 | 1835492322 | 1835492322 | -1576721678 | 1835492322 | 1835492322 | -1576721678
23c,213588743940884,s1000-p0-a04 | s1000-p100-a0 | s1000-p100-a04 | s1000-p100-a16 | s1000-p25-a04 | s1000-p400-a04 | s250-p100-a04 | s4000-p100-a04,1062427072 | -1576721678 | 1835492322 | 1835492322 | -1576721678 | 1835492322 | 1835492322 | -1576721678
23c,213588743940885,s1000-p0-a04 | s1000-p100-a0 | s1000-p100-a04 | s1000-p100-a16 | s1000-p25-a04 | s1000-p400-a04 | s250-p100-a04 | s4000-p100-a04,-1576721678 | -1576721678 | 1835492322 | 1835492322 | -1576721678 | 1835492322 | 1835492322 | -1576721678
23c,213588743940886,s1000-p0-a04 | s1000-p100-a0 | s1000-p100-a04 | s1000-p100-a16 | s1000-p25-a04 | s1000-p400-a04 | s250-p100-a04 | s4000-p100-a04,-1550513565 | -1576721678 | 1835492322 | 1835492322 | -1576721678 | 1835492322 | 1835492322 | -1576721678
23c,213588743940887,s1000-p0-a04 | s1000-p100-a0 | s1000-p100-a04 | s1000-p100-a16 | s1000-p25-a04 | s1000-p400-a04 | s250-p100-a04 | s4000-p100-a04,-645930611 | -1576721678 | 1835492322 | 1835492322 | -1576721678 | 1835492322 | 1835492322 | -1576721678
23c,213588743940888,s1000-p0-a04 | s1000-p100-a0 | s1000-p100-a04 | s1000-p100-a16 | s1000-p25-a04 | s1000-p400-a04 | s250-p100-a04 | s4000-p100-a04,1062427072 | -1576721678 | -1576721678 | 1835492322 | -1576721678 | 1835492322 | 1835492322 | -1576721678
23c,213588743940890,s1000-p0-a04 | s1000-p100-a0 | s1000-p100-a04 | s1000-p100-a16 | s1000-p25-a04 | s1000-p400-a04 | s250-p100-a04 | s4000-p100-a04,-1576721678 | -1576721678 | 1835492322 | 1835492322 | -1576721678 | 1835492322 | 1835492322 | -1576721678
23c,213588743940891,s1000-p0-a04 | s1000-p100-a0 | s1000-p100-a04 | s1000-p100-a16 | s1000-p25-a04 | s1000-p400-a04 | s250-p100-a04 | s4000-p100-a04,-1576721678 | -1576721678 | 1835492322 | 1835492322 | -1576721678 | 1835492322 | 1835492322 | -1576721678
24a,213713297992453,s1000-p0-a04 | s1000-p100-a0 | s1000-p100-a04 | s1000-p100-a16 | s1000-p25-a04 | s1000-p400-a04 | s250-p100-a04 | s4000-p100-a04,-520825330 | 941138625 | 941138625 | 941138625 | 672276191 | 941138625 | 672276191 | 2055842777
24a,213713297992454,s1000-p0-a04 | s1000-p100-a0 | s1000-p100-a04 | s1000-p100-a16 | s1000-p25-a04 | s1000-p400-a04 | s250-p100-a04 | s4000-p100-a04,-520825330 | 2055842777 | 672276191 | 672276191 | 2055842777 | 672276191 | 941138625 | 2055842777
24a,213713297992455,s1000-p0-a04 | s1000-p100-a0 | s1000-p100-a04 | s1000-p100-a16 | s1000-p25-a04 | s1000-p400-a04 | s250-p100-a04 | s4000-p100-a04,-520825330 | 2055842777 | 672276191 | 672276191 | 2055842777 | 941138625 | 672276191 | 2055842777
24a,213713297992456,s1000-p0-a04 | s1000-p100-a0 | s1000-p100-a04 | s1000-p100-a16 | s1000-p25-a04 | s1000-p400-a04 | s250-p100-a04 | s4000-p100-a04,-520825330 | 499733213 | 941138625 | 941138625 | 2055842777 | 941138625 | 672276191 | 2055842777
24a,213713297992457,s1000-p0-a04 | s1000-p100-a0 | s1000-p100-a04 | s1000-p100-a16 | s1000-p25-a04 | s1000-p400-a04 | s250-p100-a04 | s4000-p100-a04,1810971046 | 499733213 | 941138625 | 941138625 | 499733213 | 941138625 | 941138625 | 2055842777
24a,213713297992458,s1000-p0-a04 | s1000-p100-a0 | s1000-p100-a04 | s1000-p100-a16 | s1000-p25-a04 | s1000-p400-a04 | s250-p100-a04 | s4000-p100-a04,785322840 | 499733213 | 941138625 | 941138625 | 499733213 | 941138625 | 941138625 | 2055842777
24a,213713297992459,s1000-p0-a04 | s1000-p100-a0 | s1000-p100-a04 | s1000-p100-a16 | s1000-p25-a04 | s1000-p400-a04 | s250-p100-a04 | s4000-p100-a04,-520825330 | 2055842777 | 672276191 | 672276191 | 2055842777 | 941138625 | 672276191 | 2055842777
24a,213713297992460,s1000-p0-a04 | s1000-p100-a0 | s1000-p100-a04 | s1000-p100-a16 | s1000-p25-a04 | s1000-p400-a04 | s250-p100-a04 | s4000-p100-a04,1810971046 | 499733213 | 941138625 | 941138625 | 499733213 | 941138625 | 941138625 | 2055842777
24a,213713297992461,s1000-p0-a04 | s1000-p100-a0 | s1000-p100-a04 | s1000-p100-a16 | s1000-p25-a04 | s1000-p400-a04 | s250-p100-a04 | s4000-p100-a04,1810971046 | 499733213 | 941138625 | 941138625 | 499733213 | 941138625 | 672276191 | 2055842777
24a,213713297992462,s1000-p0-a04 | s1000-p100-a0 | s1000-p100-a04 | s1000-p100-a16 | s1000-p25-a04 | s1000-p400-a04 | s250-p100-a04 | s4000-p100-a04,1810971046 | 499733213 | 941138625 | 941138625 | 499733213 | 941138625 | 672276191 | 2055842777
24b,213717592959793,s1000-p0-a04 | s1000-p100-a0 | s1000-p100-a04 | s1000-p100-a16 | s1000-p25-a04 | s1000-p400-a04 | s250-p100-a04 | s4000-p100-a04,-11808397 | 644596804 | 644596804 | 644596804 | 644596804 | 644596804 | -870534348 | 644596804
24b,213717592959794,s1000-p0-a04 | s1000-p100-a0 | s1000-p100-a04 | s1000-p100-a16 | s1000-p25-a04 | s1000-p400-a04 | s250-p100-a04 | s4000-p100-a04,-452589321 | -870534348 | -870534348 | -870534348 | -870534348 | -870534348 | -870534348 | 644596804
24b,213717592959795,s1000-p0-a04 | s1000-p100-a0 | s1000-p100-a04 | s1000-p100-a16 | s1000-p25-a04 | s1000-p400-a04 | s250-p100-a04 | s4000-p100-a04,576851097 | 644596804 | 644596804 | -870534348 | 644596804 | -870534348 | -870534348 | 644596804
24b,213717592959796,s1000-p0-a04 | s1000-p100-a0 | s1000-p100-a04 | s1000-p100-a16 | s1000-p25-a04 | s1000-p400-a04 | s250-p100-a04 | s4000-p100-a04,576851097 | -870534348 | -870534348 | -870534348 | -870534348 | -870534348 | -856239350 | 644596804
24b,213717592959797,s1000-p0-a04 | s1000-p100-a0 | s1000-p100-a04 | s1000-p100-a16 | s1000-p25-a04 | s1000-p400-a04 | s250-p100-a04 | s4000-p100-a04,576851097 | 644596804 | 644596804 | -870534348 | 644596804 | -870534348 | -856239350 | 644596804
24b,213717592959798,s1000-p0-a04 | s1000-p100-a0 | s1000-p100-a04 | s1000-p100-a16 | s1000-p25-a04 | s1000-p400-a04 | s250-p100-a04 | s4000-p100-a04,53629030 | -870534348 | -870534348 | -870534348 | -870534348 | -870534348 | -870534348 | 644596804
24b,213717592959799,s1000-p0-a04 | s1000-p100-a0 | s1000-p100-a04 | s1000-p100-a16 | s1000-p25-a04 | s1000-p400-a04 | s250-p100-a04 | s4000-p100-a04,1314643678 | 644596804 | -870534348 | -870534348 | 644596804 | -870534348 | -870534348 | 644596804
24b,213717592959800,s1000-p0-a04 | s1000-p100-a0 | s1000-p100-a04 | s1000-p100-a16 | s1000-p25-a04 | s1000-p400-a04 | s250-p100-a04 | s4000-p100-a04,576851097 | 644596804 | 644596804 | 644596804 | 644596804 | 644596804 | -870534348 | 644596804
24b,213717592959801,s1000-p0-a04 | s1000-p100-a0 | s1000-p100-a04 | s1000-p100-a16 | s1000-p25-a04 | s1000-p400-a04 | s250-p100-a04 | s4000-p100-a04,-11808397 | -870534348 | -870534348 | -870534348 | 644596804 | -870534348 | -870534348 | 644596804
24b,213717592959802,s1000-p0-a04 | s1000-p100-a0 | s1000-p100-a04 | s1000-p100-a16 | s1000-p25-a04 | s1000-p400-a04 | s250-p100-a04 | s4000-p100-a04,-11808397 | 644596804 | 644596804 | 644596804 | 644596804 | 644596804 | -870534348 | 644596804
25c,213855031913426,s1000-p0-a04 | s1000-p100-a0 | s1000-p100-a04 | s1000-p100-a16 | s1000-p25-a04 | s1000-p400-a04 | s250-p100-a04 | s4000-p100-a04,35421457 | 35421457 | 35421457 | 35421457 | 35421457 | 35421457 | 674462572 | 35421457
25c,213855031913430,s1000-p0-a04 | s1000-p100-a0 | s1000-p100-a04 | s1000-p100-a16 | s1000-p25-a04 | s1000-p400-a04 | s250-p100-a04 | s4000-p100-a04,35421457 | 35421457 | 35421457 | 35421457 | 35421457 | 35421457 | 674462572 | 35421457
25c,213855031913431,s1000-p0-a04 | s1000-p100-a0 | s1000-p100-a04 | s1000-p100-a16 | s1000-p25-a04 | s1000-p400-a04 | s250-p100-a04 | s4000-p100-a04,35421457 | 35421457 | 35421457 | 35421457 | 35421457 | 35421457 | 674462572 | 35421457
26c,213988175899589,s1000-p0-a04 | s1000-p100-a0 | s1000-p100-a04 | s1000-p100-a16 | s1000-p25-a04 | s1000-p400-a04 | s250-p100-a04 | s4000-p100-a04,628672308 | 628672308 | -321495561 | -321495561 | 628672308 | -321495561 | -321495561 | 628672308
26c,213988175899590,s1000-p0-a04 | s1000-p100-a0 | s1000-p100-a04 | s1000-p100-a16 | s1000-p25-a04 | s1000-p400-a04 | s250-p100-a04 | s4000-p100-a04,628672308 | 628672308 | -321495561 | -321495561 | 628672308 | -321495561 | -321495561 | 628672308
26c,213988175899591,s1000-p0-a04 | s1000-p100-a0 | s1000-p100-a04 | s1000-p100-a16 | s1000-p25-a04 | s1000-p400-a04 | s250-p100-a04 | s4000-p100-a04,628672308 | 628672308 | 628672308 | -321495561 | 628672308 | -321495561 | -321495561 | 628672308
26c,213988175899592,s1000-p0-a04 | s1000-p100-a0 | s1000-p100-a04 | s1000-p100-a16 | s1000-p25-a04 | s1000-p400-a04 | s250-p100-a04 | s4000-p100-a04,628672308 | 628672308 | -321495561 | -321495561 | 628672308 | -321495561 | -321495561 | 628672308
26c,213988175899593,s1000-p0-a04 | s1000-p100-a0 | s1000-p100-a04 | s1000-p100-a16 | s1000-p25-a04 | s1000-p400-a04 | s250-p100-a04 | s4000-p100-a04,628672308 | 628672308 | -321495561 | -321495561 | 628672308 | -321495561 | -321495561 | 628672308
26c,213988175899594,s1000-p0-a04 | s1000-p100-a0 | s1000-p100-a04 | s1000-p100-a16 | s1000-p25-a04 | s1000-p400-a04 | s250-p100-a04 | s4000-p100-a04,628672308 | 628672308 | -321495561 | -321495561 | 628672308 | -321495561 | -321495561 | 628672308
26c,213988175899595,s1000-p0-a04 | s1000-p100-a0 | s1000-p100-a04 | s1000-p100-a16 | s1000-p25-a04 | s1000-p400-a04 | s250-p100-a04 | s4000-p100-a04,628672308 | -321495561 | -321495561 | -321495561 | 628672308 | -321495561 | -321495561 | 628672308
26c,213988175899596,s1000-p0-a04 | s1000-p100-a0 | s1000-p100-a04 | s1000-p100-a16 | s1000-p25-a04 | s1000-p400-a04 | s250-p100-a04 | s4000-p100-a04,628672308 | 628672308 | -321495561 | -321495561 | 628672308 | -321495561 | -321495561 | 628672308
26c,213988175899597,s1000-p0-a04 | s1000-p100-a0 | s1000-p100-a04 | s1000-p100-a16 | s1000-p25-a04 | s1000-p400-a04 | s250-p100-a04 | s4000-p100-a04,628672308 | 628672308 | -321495561 | -321495561 | 628672308 | -321495561 | -321495561 | 628672308
26c,213988175899598,s1000-p0-a04 | s1000-p100-a0 | s1000-p100-a04 | s1000-p100-a16 | s1000-p25-a04 | s1000-p400-a04 | s250-p100-a04 | s4000-p100-a04,628672308 | 628672308 | -321495561 | -321495561 | 628672308 | -321495561 | -321495561 | 628672308
27a,214112729951204,s1000-p0-a04 | s1000-p100-a0 | s1000-p100-a04 | s1000-p100-a16 | s1000-p25-a04 | s1000-p400-a04 | s250-p100-a04 | s4000-p100-a04,1430642209 | -1953543145 | -1953543145 | 704699266 | -1953543145 | 704699266 | 704699266 | -1953543145
27a,214112729951205,s1000-p0-a04 | s1000-p100-a0 | s1000-p100-a04 | s1000-p100-a16 | s1000-p25-a04 | s1000-p400-a04 | s250-p100-a04 | s4000-p100-a04,-1953543145 | -1953543145 | -1953543145 | 704699266 | -1953543145 | 704699266 | -282884216 | -1953543145
27a,214112729951206,s1000-p0-a04 | s1000-p100-a0 | s1000-p100-a04 | s1000-p100-a16 | s1000-p25-a04 | s1000-p400-a04 | s250-p100-a04 | s4000-p100-a04,-1953543145 | -1953543145 | -1953543145 | 704699266 | -1953543145 | 704699266 | 704699266 | -1953543145
27a,214112729951208,s1000-p0-a04 | s1000-p100-a0 | s1000-p100-a04 | s1000-p100-a16 | s1000-p25-a04 | s1000-p400-a04 | s250-p100-a04 | s4000-p100-a04,1430642209 | -1953543145 | -1953543145 | 704699266 | -1953543145 | 704699266 | 704699266 | -1953543145
27a,214112729951209,s1000-p0-a04 | s1000-p100-a0 | s1000-p100-a04 | s1000-p100-a16 | s1000-p25-a04 | s1000-p400-a04 | s250-p100-a04 | s4000-p100-a04,-1953543145 | -1953543145 | -1953543145 | 704699266 | -1953543145 | 704699266 | 704699266 | -1953543145
27a,214112729951210,s1000-p0-a04 | s1000-p100-a0 | s1000-p100-a04 | s1000-p100-a16 | s1000-p25-a04 | s1000-p400-a04 | s250-p100-a04 | s4000-p100-a04,-1953543145 | -1953543145 | -1953543145 | 704699266 | -1953543145 | 704699266 | -282884216 | -1953543145
27a,214112729951211,s1000-p0-a04 | s1000-p100-a0 | s1000-p100-a04 | s1000-p100-a16 | s1000-p25-a04 | s1000-p400-a04 | s250-p100-a04 | s4000-p100-a04,-1953543145 | -1953543145 | -1953543145 | 704699266 | -1953543145 | -282884216 | 704699266 | -1953543145
27a,214112729951213,s1000-p0-a04 | s1000-p100-a0 | s1000-p100-a04 | s1000-p100-a16 | s1000-p25-a04 | s1000-p400-a04 | s250-p100-a04 | s4000-p100-a04,1430642209 | -1953543145 | -1953543145 | 704699266 | -1953543145 | 704699266 | 704699266 | -1953543145
27a,214112729951214,s1000-p0-a04 | s1000-p100-a0 | s1000-p100-a04 | s1000-p100-a16 | s1000-p25-a04 | s1000-p400-a04 | s250-p100-a04 | s4000-p100-a04,1430642209 | -1953543145 | -1953543145 | 704699266 | -1953543145 | 704699266 | -1953543145 | -1953543145
27a,214112729951215,s1000-p0-a04 | s1000-p100-a0 | s1000-p100-a04 | s1000-p100-a16 | s1000-p25-a04 | s1000-p400-a04 | s250-p100-a04 | s4000-p100-a04,-1953543145 | -1953543145 | -1953543145 | 55735656 | -1953543145 | 55735656 | 55735656 | -1953543145
27b,214117024918500,s1000-p0-a04 | s1000-p100-a0 | s1000-p100-a04 | s1000-p100-a16 | s1000-p25-a04 | s1000-p400-a04 | s250-p100-a04 | s4000-p100-a04,1728540501 | 1728540501 | 1728540501 | -1505844372 | 1728540501 | -1505844372 | -1505844372 | 1728540501
27b,214117024918501,s1000-p0-a04 | s1000-p100-a0 | s1000-p100-a04 | s1000-p100-a16 | s1000-p25-a04 | s1000-p400-a04 | s250-p100-a04 | s4000-p100-a04,1728540501 | 1728540501 | 1728540501 | -1505844372 | 1728540501 | -1505844372 | 1728540501 | 1728540501
27b,214117024918503,s1000-p0-a04 | s1000-p100-a0 | s1000-p100-a04 | s1000-p100-a16 | s1000-p25-a04 | s1000-p400-a04 | s250-p100-a04 | s4000-p100-a04,1728540501 | 1728540501 | -1505844372 | -1505844372 | 1728540501 | -1505844372 | -1505844372 | 1728540501
27b,214117024918504,s1000-p0-a04 | s1000-p100-a0 | s1000-p100-a04 | s1000-p100-a16 | s1000-p25-a04 | s1000-p400-a04 | s250-p100-a04 | s4000-p100-a04,1728540501 | 1728540501 | 1728540501 | -1505844372 | 1728540501 | -1505844372 | 1728540501 | 1728540501
27b,214117024918505,s1000-p0-a04 | s1000-p100-a0 | s1000-p100-a04 | s1000-p100-a16 | s1000-p25-a04 | s1000-p400-a04 | s250-p100-a04 | s4000-p100-a04,1728540501 | 1728540501 | 1728540501 | -1505844372 | 1728540501 | -1505844372 | -1505844372 | 1728540501
27b,214117024918506,s1000-p0-a04 | s1000-p100-a0 | s1000-p100-a04 | s1000-p100-a16 | s1000-p25-a04 | s1000-p400-a04 | s250-p100-a04 | s4000-p100-a04,1728540501 | 1728540501 | 1728540501 | -1505844372 | 1728540501 | -1505844372 | -732732587 | 1728540501
27b,214117024918507,s1000-p0-a04 | s1000-p100-a0 | s1000-p100-a04 | s1000-p100-a16 | s1000-p25-a04 | s1000-p400-a04 | s250-p100-a04 | s4000-p100-a04,1728540501 | 1728540501 | -1505844372 | -1505844372 | 1728540501 | -1505844372 | -1505844372 | 1728540501
27b,214117024918508,s1000-p0-a04 | s1000-p100-a0 | s1000-p100-a04 | s1000-p100-a16 | s1000-p25-a04 | s1000-p400-a04 | s250-p100-a04 | s4000-p100-a04,1728540501 | 1728540501 | 1728540501 | -1505844372 | 1728540501 | -1505844372 | -628226742 | 1728540501
27b,214117024918510,s1000-p0-a04 | s1000-p100-a0 | s1000-p100-a04 | s1000-p100-a16 | s1000-p25-a04 | s1000-p400-a04 | s250-p100-a04 | s4000-p100-a04,1728540501 | 1728540501 | 1728540501 | -1505844372 | 1728540501 | -1505844372 | -1505844372 | 1728540501
27b,214117024918511,s1000-p0-a04 | s1000-p100-a0 | s1000-p100-a04 | s1000-p100-a16 | s1000-p25-a04 | s1000-p400-a04 | s250-p100-a04 | s4000-p100-a04,1728540501 | 1728540501 | 1728540501 | -1505844372 | 1728540501 | -1505844372 | -1505844372 | 1728540501
27c,214121319885796,s1000-p0-a04 | s1000-p100-a0 | s1000-p100-a04 | s1000-p100-a16 | s1000-p25-a04 | s1000-p400-a04 | s250-p100-a04 | s4000-p100-a04,-496094261 | -1273730499 | -1273730499 | -1093302568 | -1273730499 | -1093302568 | -1093302568 | -1273730499
27c,214121319885798,s1000-p0-a04 | s1000-p100-a0 | s1000-p100-a04 | s1000-p100-a16 | s1000-p25-a04 | s1000-p400-a04 | s250-p100-a04 | s4000-p100-a04,-1273730499 | -1273730499 | -1273730499 | -1093302568 | -1273730499 | -1093302568 | -1273730499 | -1273730499
27c,214121319885799,s1000-p0-a04 | s1000-p100-a0 | s1000-p100-a04 | s1000-p100-a16 | s1000-p25-a04 | s1000-p400-a04 | s250-p100-a04 | s4000-p100-a04,2087529319 | -1273730499 | -1273730499 | -1093302568 | -1273730499 | -1093302568 | -1093302568 | -1273730499
27c,214121319885800,s1000-p0-a04 | s1000-p100-a0 | s1000-p100-a04 | s1000-p100-a16 | s1000-p25-a04 | s1000-p400-a04 | s250-p100-a04 | s4000-p100-a04,-496094261 | -1273730499 | -1273730499 | -1093302568 | -1273730499 | -1093302568 | -1093302568 | -1273730499
27c,214121319885801,s1000-p0-a04 | s1000-p100-a0 | s1000-p100-a04 | s1000-p100-a16 | s1000-p25-a04 | s1000-p400-a04 | s250-p100-a04 | s4000-p100-a04,2087529319 | -1273730499 | -1273730499 | -1093302568 | -1273730499 | -1093302568 | -1093302568 | -1273730499
27c,214121319885802,s1000-p0-a04 | s1000-p100-a0 | s1000-p100-a04 | s1000-p100-a16 | s1000-p25-a04 | s1000-p400-a04 | s250-p100-a04 | s4000-p100-a04,-496094261 | -1273730499 | -1273730499 | -1093302568 | -1273730499 | -1093302568 | -1093302568 | -1273730499
27c,214121319885803,s1000-p0-a04 | s1000-p100-a0 | s1000-p100-a04 | s1000-p100-a16 | s1000-p25-a04 | s1000-p400-a04 | s250-p100-a04 | s4000-p100-a04,2087529319 | -1273730499 | -1273730499 | -1093302568 | -1273730499 | -1093302568 | -1093302568 | -1273730499
27c,214121319885804,s1000-p0-a04 | s1000-p100-a0 | s1000-p100-a04 | s1000-p100-a16 | s1000-p25-a04 | s1000-p400-a04 | s250-p100-a04 | s4000-p100-a04,2087529319 | -1273730499 | -1273730499 | -1093302568 | -1273730499 | -1093302568 | -1093302568 | -1273730499
27c,214121319885805,s1000-p0-a04 | s1000-p100-a0 | s1000-p100-a04 | s1000-p100-a16 | s1000-p25-a04 | s1000-p400-a04 | s250-p100-a04 | s4000-p100-a04,-1273730499 | -1273730499 | -1093302568 | -1093302568 | -1273730499 | -1093302568 | -1093302568 | -1273730499
27c,214121319885807,s1000-p0-a04 | s1000-p100-a0 | s1000-p100-a04 | s1000-p100-a16 | s1000-p25-a04 | s1000-p400-a04 | s250-p100-a04 | s4000-p100-a04,-496094261 | -1273730499 | -1273730499 | -1093302568 | -1273730499 | -1093302568 | -1093302568 | -1273730499
28a,214245873937281,s1000-p0-a04 | s1000-p100-a0 | s1000-p100-a04 | s1000-p100-a16 | s1000-p25-a04 | s1000-p400-a04 | s250-p100-a04 | s4000-p100-a04,96586315 | 96586315 | -351635764 | -351635764 | 96586315 | -351635764 | -351635764 | 96586315
28a,214245873937282,s1000-p0-a04 | s1000-p100-a0 | s1000-p100-a04 | s1000-p100-a16 | s1000-p25-a04 | s1000-p400-a04 | s250-p100-a04 | s4000-p100-a04,96586315 | 96586315 | -1129740832 | -351635764 | 96586315 | -351635764 | -351635764 | 96586315
28a,214245873937283,s1000-p0-a04 | s1000-p100-a0 | s1000-p100-a04 | s1000-p100-a16 | s1000-p25-a04 | s1000-p400-a04 | s250-p100-a04 | s4000-p100-a04,96586315 | 96586315 | -937872645 | -351635764 | 96586315 | -351635764 | -351635764 | 96586315
28a,214245873937288,s1000-p0-a04 | s1000-p100-a0 | s1000-p100-a04 | s1000-p100-a16 | s1000-p25-a04 | s1000-p400-a04 | s250-p100-a04 | s4000-p100-a04,96586315 | 96586315 | -937872645 | -351635764 | 96586315 | -351635764 | -351635764 | 96586315
28a,214245873937289,s1000-p0-a04 | s1000-p100-a0 | s1000-p100-a04 | s1000-p100-a16 | s1000-p25-a04 | s1000-p400-a04 | s250-p100-a04 | s4000-p100-a04,96586315 | 96586315 | -937872645 | -907954322 | 96586315 | -351635764 | -351635764 | 96586315
28a,214245873937290,s1000-p0-a04 | s1000-p100-a0 | s1000-p100-a04 | s1000-p100-a16 | s1000-p25-a04 | s1000-p400-a04 | s250-p100-a04 | s4000-p100-a04,96586315 | 96586315 | 96586315 | -351635764 | 96586315 | -351635764 | -351635764 | 96586315
28a,214245873937292,s1000-p0-a04 | s1000-p100-a0 | s1000-p100-a04 | s1000-p100-a16 | s1000-p25-a04 | s1000-p400-a04 | s250-p100-a04 | s4000-p100-a04,96586315 | 96586315 | -937872645 | -351635764 | 96586315 | -351635764 | -351635764 | 96586315
28a,214245873937293,s1000-p0-a04 | s1000-p100-a0 | s1000-p100-a04 | s1000-p100-a16 | s1000-p25-a04 | s1000-p400-a04 | s250-p100-a04 | s4000-p100-a04,96586315 | 96586315 | -351635764 | -351635764 | 96586315 | -351635764 | -351635764 | 96586315
28a,214245873937294,s1000-p0-a04 | s1000-p100-a0 | s1000-p100-a04 | s1000-p100-a16 | s1000-p25-a04 | s1000-p400-a04 | s250-p100-a04 | s4000-p100-a04,96586315 | 96586315 | -351635764 | -351635764 | 96586315 | -351635764 | -351635764 | 96586315
28a,214245873937295,s1000-p0-a04 | s1000-p100-a0 | s1000-p100-a04 | s1000-p100-a16 | s1000-p25-a04 | s1000-p400-a04 | s250-p100-a04 | s4000-p100-a04,96586315 | 96586315 | -351635764 | -351635764 | 96586315 | -351635764 | -351635764 | 96586315
28b,214250168904580,s1000-p0-a04 | s1000-p100-a0 | s1000-p100-a04 | s1000-p100-a16 | s1000-p25-a04 | s1000-p400-a04 | s250-p100-a04 | s4000-p100-a04,1300118193 | 1300118193 | -461396360 | 1439246871 | 1300118193 | 1439246871 | 513417771 | 1300118193
28b,214250168904581,s1000-p0-a04 | s1000-p100-a0 | s1000-p100-a04 | s1000-p100-a16 | s1000-p25-a04 | s1000-p400-a04 | s250-p100-a04 | s4000-p100-a04,1300118193 | 1300118193 | -461396360 | 1439246871 | 1300118193 | 1439246871 | 1439246871 | 1300118193
28b,214250168904582,s1000-p0-a04 | s1000-p100-a0 | s1000-p100-a04 | s1000-p100-a16 | s1000-p25-a04 | s1000-p400-a04 | s250-p100-a04 | s4000-p100-a04,1300118193 | 1300118193 | -461396360 | 1439246871 | 1300118193 | 1439246871 | 1439246871 | 1300118193
28b,214250168904584,s1000-p0-a04 | s1000-p100-a0 | s1000-p100-a04 | s1000-p100-a16 | s1000-p25-a04 | s1000-p400-a04 | s250-p100-a04 | s4000-p100-a04,1300118193 | 1300118193 | -2038163606 | 513417771 | 1300118193 | 513417771 | 1439246871 | 1300118193
28b,214250168904585,s1000-p0-a04 | s1000-p100-a0 | s1000-p100-a04 | s1000-p100-a16 | s1000-p25-a04 | s1000-p400-a04 | s250-p100-a04 | s4000-p100-a04,1300118193 | 1300118193 | 513417771 | 1439246871 | 1300118193 | 513417771 | 513417771 | 1300118193
28b,214250168904586,s1000-p0-a04 | s1000-p100-a0 | s1000-p100-a04 | s1000-p100-a16 | s1000-p25-a04 | s1000-p400-a04 | s250-p100-a04 | s4000-p100-a04,1300118193 | 1300118193 | -461396360 | 1439246871 | 1300118193 | 1439246871 | 1439246871 | 1300118193
28b,214250168904587,s1000-p0-a04 | s1000-p100-a0 | s1000-p100-a04 | s1000-p100-a16 | s1000-p25-a04 | s1000-p400-a04 | s250-p100-a04 | s4000-p100-a04,1300118193 | 1300118193 | -2038163606 | 1439246871 | 1300118193 | 1439246871 | 513417771 | 1300118193
28b,214250168904589,s1000-p0-a04 | s1000-p100-a0 | s1000-p100-a04 | s1000-p100-a16 | s1000-p25-a04 | s1000-p400-a04 | s250-p100-a04 | s4000-p100-a04,1300118193 | 1300118193 | -461396360 | 1439246871 | 1300118193 | 1439246871 | 513417771 | 1300118193
28b,214250168904590,s1000-p0-a04 | s1000-p100-a0 | s1000-p100-a04 | s1000-p100-a16 | s1000-p25-a04 | s1000-p400-a04 | s250-p100-a04 | s4000-p100-a04,1300118193 | 1300118193 | -2038163606 | 513417771 | 1300118193 | 513417771 | 1439246871 | 1300118193
28b,214250168904591,s1000-p0-a04 | s1000-p100-a0 | s1000-p100-a04 | s1000-p100-a16 | s1000-p25-a04 | s1000-p400-a04 | s250-p100-a04 | s4000-p100-a04,1300118193 | 759785349 | -2038163606 | 759785349 | 759785349 | 513417771 | 1439246871 | 1300118193
28c,214254463871876,s1000-p0-a04 | s1000-p100-a0 | s1000-p100-a04 | s1000-p100-a16 | s1000-p25-a04 | s1000-p400-a04 | s250-p100-a04 | s4000-p100-a04,-1040088321 | -1040088321 | -676166940 | -676166940 | -1040088321 | -676166940 | -676166940 | -1040088321
28c,214254463871877,s1000-p0-a04 | s1000-p100-a0 | s1000-p100-a04 | s1000-p100-a16 | s1000-p25-a04 | s1000-p400-a04 | s250-p100-a04 | s4000-p100-a04,-1040088321 | -1040088321 | -1613403286 | -676166940 | -1040088321 | -676166940 | -676166940 | -1040088321
28c,214254463871879,s1000-p0-a04 | s1000-p100-a0 | s1000-p100-a04 | s1000-p100-a16 | s1000-p25-a04 | s1000-p400-a04 | s250-p100-a04 | s4000-p100-a04,-1040088321 | -1040088321 | -676166940 | -676166940 | -1040088321 | -676166940 | -676166940 | -1040088321
28c,214254463871880,s1000-p0-a04 | s1000-p100-a0 | s1000-p100-a04 | s1000-p100-a16 | s1000-p25-a04 | s1000-p400-a04 | s250-p100-a04 | s4000-p100-a04,-1040088321 | -1040088321 | -1613403286 | -676166940 | -1040088321 | -676166940 | -676166940 | -1040088321
28c,214254463871881,s1000-p0-a04 | s1000-p100-a0 | s1000-p100-a04 | s1000-p100-a16 | s1000-p25-a04 | s1000-p400-a04 | s250-p100-a04 | s4000-p100-a04,-1040088321 | -1040088321 | -1331141441 | -676166940 | -1040088321 | -676166940 | -676166940 | -1040088321
28c,214254463871882,s1000-p0-a04 | s1000-p100-a0 | s1000-p100-a04 | s1000-p100-a16 | s1000-p25-a04 | s1000-p400-a04 | s250-p100-a04 | s4000-p100-a04,-1040088321 | -1040088321 | -1613403286 | -676166940 | -1040088321 | -676166940 | -676166940 | -1040088321
28c,214254463871883,s1000-p0-a04 | s1000-p100-a0 | s1000-p100-a04 | s1000-p100-a16 | s1000-p25-a04 | s1000-p400-a04 | s250-p100-a04 | s4000-p100-a04,-1040088321 | -1040088321 | -1613403286 | -676166940 | -1040088321 | -676166940 | -676166940 | -1040088321
28c,214254463871884,s1000-p0-a04 | s1000-p100-a0 | s1000-p100-a04 | s1000-p100-a16 | s1000-p25-a04 | s1000-p400-a04 | s250-p100-a04 | s4000-p100-a04,-1040088321 | -1040088321 | -1613403286 | -676166940 | -1040088321 | -676166940 | -676166940 | -1040088321
28c,214254463871886,s1000-p0-a04 | s1000-p100-a0 | s1000-p100-a04 | s1000-p100-a16 | s1000-p25-a04 | s1000-p400-a04 | s250-p100-a04 | s4000-p100-a04,-1040088321 | -1040088321 | -1613403286 | -676166940 | -1040088321 | -676166940 | -676166940 | -1040088321
28c,214254463871887,s1000-p0-a04 | s1000-p100-a0 | s1000-p100-a04 | s1000-p100-a16 | s1000-p25-a04 | s1000-p400-a04 | s250-p100-a04 | s4000-p100-a04,-1040088321 | -1040088321 | -1331141441 | -676166940 | -1040088321 | -676166940 | -676166940 | -1040088321
29a,214379017923488,s1000-p0-a04 | s1000-p100-a0 | s1000-p100-a04 | s1000-p100-a16 | s1000-p25-a04 | s1000-p400-a04 | s250-p100-a04 | s4000-p100-a04,-2068277166 | -858518681 | -858518681 | -858518681 | -858518681 | 304812620 | 304812620 | 77915294
29a,214379017923490,s1000-p0-a04 | s1000-p100-a0 | s1000-p100-a04 | s1000-p100-a16 | s1000-p25-a04 | s1000-p400-a04 | s250-p100-a04 | s4000-p100-a04,-529581098 | -858518681 | -858518681 | -858518681 | -858518681 | 304812620 | 239079407 | 77915294
29a,214379017923491,s1000-p0-a04 | s1000-p100-a0 | s1000-p100-a04 | s1000-p100-a16 | s1000-p25-a04 | s1000-p400-a04 | s250-p100-a04 | s4000-p100-a04,-1339255407 | 898180284 | -858518681 | -858518681 | 186564313 | -858518681 | 304812620 | 239079407
29a,214379017923496,s1000-p0-a04 | s1000-p100-a0 | s1000-p100-a04 | s1000-p100-a16 | s1000-p25-a04 | s1000-p400-a04 | s250-p100-a04 | s4000-p100-a04,-696713909 | 1742077774 | -858518681 | -858518681 | 1130067847 | -858518681 | -1614272091 | -858518681
29a,214379017923497,s1000-p0-a04 | s1000-p100-a0 | s1000-p100-a04 | s1000-p100-a16 | s1000-p25-a04 | s1000-p400-a04 | s250-p100-a04 | s4000-p100-a04,-20100233 | 898180284 | -858518681 | -858518681 | 898180284 | 304812620 | 304812620 | -858518681
29a,214379017923499,s1000-p0-a04 | s1000-p100-a0 | s1000-p100-a04 | s1000-p100-a16 | s1000-p25-a04 | s1000-p400-a04 | s250-p100-a04 | s4000-p100-a04,-1092631929 | 898180284 | -858518681 | -858518681 | 186564313 | -858518681 | 304812620 | 833502681
29a,214379017923500,s1000-p0-a04 | s1000-p100-a0 | s1000-p100-a04 | s1000-p100-a16 | s1000-p25-a04 | s1000-p400-a04 | s250-p100-a04 | s4000-p100-a04,-1339255407 | 898180284 | -1907074882 | -858518681 | 57044432 | -858518681 | 239079407 | 77915294
29a,214379017923501,s1000-p0-a04 | s1000-p100-a0 | s1000-p100-a04 | s1000-p100-a16 | s1000-p25-a04 | s1000-p400-a04 | s250-p100-a04 | s4000-p100-a04,1698827784 | -858518681 | -858518681 | -858518681 | -858518681 | -858518681 | 304812620 | 77915294
29a,214379017923502,s1000-p0-a04 | s1000-p100-a0 | s1000-p100-a04 | s1000-p100-a16 | s1000-p25-a04 | s1000-p400-a04 | s250-p100-a04 | s4000-p100-a04,2069007779 | -858518681 | -858518681 | -858518681 | -858518681 | -858518681 | 304812620 | 77915294
29a,214379017923503,s1000-p0-a04 | s1000-p100-a0 | s1000-p100-a04 | s1000-p100-a16 | s1000-p25-a04 | s1000-p400-a04 | s250-p100-a04 | s4000-p100-a04,-2068277166 | -858518681 | -858518681 | -858518681 | -858518681 | 304812620 | 304812620 | -858518681
29b,214383312890785,s1000-p0-a04 | s1000-p100-a0 | s1000-p100-a04 | s1000-p100-a16 | s1000-p25-a04 | s1000-p400-a04 | s250-p100-a04 | s4000-p100-a04,-290208566 | -665152500 | -665152500 | -665152500 | -665152500 | -665152500 | -1248259250 | -665152500
29b,214383312890786,s1000-p0-a04 | s1000-p100-a0 | s1000-p100-a04 | s1000-p100-a16 | s1000-p25-a04 | s1000-p400-a04 | s250-p100-a04 | s4000-p100-a04,-290208566 | -665152500 | -665152500 | -665152500 | -665152500 | -665152500 | 256639789 | -665152500
29b,214383312890787,s1000-p0-a04 | s1000-p100-a0 | s1000-p100-a04 | s1000-p100-a16 | s1000-p25-a04 | s1000-p400-a04 | s250-p100-a04 | s4000-p100-a04,-1637348541 | -665152500 | -665152500 | -665152500 | -665152500 | -665152500 | -665152500 | -665152500
29b,214383312890792,s1000-p0-a04 | s1000-p100-a0 | s1000-p100-a04 | s1000-p100-a16 | s1000-p25-a04 | s1000-p400-a04 | s250-p100-a04 | s4000-p100-a04,-452640197 | -665152500 | -665152500 | -665152500 | -665152500 | -665152500 | 256639789 | -665152500
29b,214383312890793,s1000-p0-a04 | s1000-p100-a0 | s1000-p100-a04 | s1000-p100-a16 | s1000-p25-a04 | s1000-p400-a04 | s250-p100-a04 | s4000-p100-a04,-290208566 | -665152500 | -665152500 | -665152500 | -665152500 | -665152500 | -665152500 | -665152500
29b,214383312890794,s1000-p0-a04 | s1000-p100-a0 | s1000-p100-a04 | s1000-p100-a16 | s1000-p25-a04 | s1000-p400-a04 | s250-p100-a04 | s4000-p100-a04,-290208566 | -665152500 | -665152500 | -665152500 | -452640197 | -665152500 | -665152500 | -665152500
29b,214383312890796,s1000-p0-a04 | s1000-p100-a0 | s1000-p100-a04 | s1000-p100-a16 | s1000-p25-a04 | s1000-p400-a04 | s250-p100-a04 | s4000-p100-a04,-452640197 | -665152500 | -665152500 | -665152500 | -665152500 | -665152500 | 256639789 | -665152500
29b,214383312890797,s1000-p0-a04 | s1000-p100-a0 | s1000-p100-a04 | s1000-p100-a16 | s1000-p25-a04 | s1000-p400-a04 | s250-p100-a04 | s4000-p100-a04,-290208566 | -665152500 | -665152500 | -665152500 | -665152500 | -665152500 | -665152500 | -665152500
29b,214383312890798,s1000-p0-a04 | s1000-p100-a0 | s1000-p100-a04 | s1000-p100-a16 | s1000-p25-a04 | s1000-p400-a04 | s250-p100-a04 | s4000-p100-a04,-290208566 | -665152500 | -665152500 | -665152500 | -665152500 | -665152500 | -1248259250 | -665152500
29b,214383312890799,s1000-p0-a04 | s1000-p100-a0 | s1000-p100-a04 | s1000-p100-a16 | s1000-p25-a04 | s1000-p400-a04 | s250-p100-a04 | s4000-p100-a04,-290208566 | -665152500 | -665152500 | -665152500 | -665152500 | -665152500 | -665152500 | -665152500
29c,214387607858084,s1000-p0-a04 | s1000-p100-a0 | s1000-p100-a04 | s1000-p100-a16 | s1000-p25-a04 | s1000-p400-a04 | s250-p100-a04 | s4000-p100-a04,254816621 | 1216159973 | 2081534655 | 2081534655 | 1216159973 | 2081534655 | 1025211200 | 485902434
29c,214387607858085,s1000-p0-a04 | s1000-p100-a0 | s1000-p100-a04 | s1000-p100-a16 | s1000-p25-a04 | s1000-p400-a04 | s250-p100-a04 | s4000-p100-a04,-482989254 | 1216159973 | 2081534655 | 2081534655 | -1545538153 | 2081534655 | 1982492668 | 485902434
29c,214387607858086,s1000-p0-a04 | s1000-p100-a0 | s1000-p100-a04 | s1000-p100-a16 | s1000-p25-a04 | s1000-p400-a04 | s250-p100-a04 | s4000-p100-a04,254816621 | 1216159973 | 2081534655 | 2081534655 | 1216159973 | 2081534655 | 1025211200 | 485902434
29c,214387607858088,s1000-p0-a04 | s1000-p100-a0 | s1000-p100-a04 | s1000-p100-a16 | s1000-p25-a04 | s1000-p400-a04 | s250-p100-a04 | s4000-p100-a04,254816621 | 1216159973 | 2081534655 | 2081534655 | 1216159973 | 2081534655 | 1025211200 | 485902434
29c,214387607858089,s1000-p0-a04 | s1000-p100-a0 | s1000-p100-a04 | s1000-p100-a16 | s1000-p25-a04 | s1000-p400-a04 | s250-p100-a04 | s4000-p100-a04,254816621 | 1216159973 | 2081534655 | 2081534655 | 1216159973 | 2081534655 | 1982492668 | 485902434
29c,214387607858090,s1000-p0-a04 | s1000-p100-a0 | s1000-p100-a04 | s1000-p100-a16 | s1000-p25-a04 | s1000-p400-a04 | s250-p100-a04 | s4000-p100-a04,254816621 | 1216159973 | 2081534655 | 2081534655 | 1216159973 | 2081534655 | 1025211200 | 485902434
29c,214387607858091,s1000-p0-a04 | s1000-p100-a0 | s1000-p100-a04 | s1000-p100-a16 | s1000-p25-a04 | s1000-p400-a04 | s250-p100-a04 | s4000-p100-a04,254816621 | 1216159973 | 2081534655 | 2081534655 | 1216159973 | 2081534655 | 1025211200 | 485902434
29c,214387607858093,s1000-p0-a04 | s1000-p100-a0 | s1000-p100-a04 | s1000-p100-a16 | s1000-p25-a04 | s1000-p400-a04 | s250-p100-a04 | s4000-p100-a04,254816621 | 1216159973 | 2081534655 | 2081534655 | 1216159973 | 2081534655 | 1982492668 | 485902434
29c,214387607858094,s1000-p0-a04 | s1000-p100-a0 | s1000-p100-a04 | s1000-p100-a16 | s1000-p25-a04 | s1000-p400-a04 | s250-p100-a04 | s4000-p100-a04,254816621 | 1216159973 | 2081534655 | 2081534655 | 1216159973 | 2081534655 | 1025211200 | 485902434
29c,214387607858095,s1000-p0-a04 | s1000-p100-a0 | s1000-p100-a04 | s1000-p100-a16 | s1000-p25-a04 | s1000-p400-a04 | s250-p100-a04 | s4000-p100-a04,254816621 | 1216159973 | 2081534655 | 2081534655 | 1216159973 | 2081534655 | 1982492668 | 485902434
30a,217308185619696,s1000-p0-a04 | s1000-p100-a0 | s1000-p100-a04 | s1000-p100-a16 | s1000-p25-a04 | s1000-p400-a04 | s250-p100-a04 | s4000-p100-a04,-358644662 | 1041678136 | 216250776 | -824386529 | 1824803898 | -824386529 | -824386529 | 216250776
30a,217308185619697,s1000-p0-a04 | s1000-p100-a0 | s1000-p100-a04 | s1000-p100-a16 | s1000-p25-a04 | s1000-p400-a04 | s250-p100-a04 | s4000-p100-a04,-358644662 | 1041678136 | 216250776 | -824386529 | 1041678136 | -824386529 | -824386529 | 1041678136
30a,217308185619698,s1000-p0-a04 | s1000-p100-a0 | s1000-p100-a04 | s1000-p100-a16 | s1000-p25-a04 | s1000-p400-a04 | s250-p100-a04 | s4000-p100-a04,1041678136 | 1041678136 | 216250776 | -824386529 | 1041678136 | -824386529 | -824386529 | 1824803898
30a,217308185619699,s1000-p0-a04 | s1000-p100-a0 | s1000-p100-a04 | s1000-p100-a16 | s1000-p25-a04 | s1000-p400-a04 | s250-p100-a04 | s4000-p100-a04,-358644662 | 1041678136 | 216250776 | -824386529 | 1041678136 | -824386529 | -824386529 | 1824803898
30a,217308185619701,s1000-p0-a04 | s1000-p100-a0 | s1000-p100-a04 | s1000-p100-a16 | s1000-p25-a04 | s1000-p400-a04 | s250-p100-a04 | s4000-p100-a04,1041678136 | 1041678136 | 216250776 | -824386529 | 1824803898 | -824386529 | -824386529 | 1824803898
30a,217308185619702,s1000-p0-a04 | s1000-p100-a0 | s1000-p100-a04 | s1000-p100-a16 | s1000-p25-a04 | s1000-p400-a04 | s250-p100-a04 | s4000-p100-a04,-358644662 | 1041678136 | 216250776 | -824386529 | 1041678136 | -824386529 | -824386529 | 1041678136
30a,217308185619703,s1000-p0-a04 | s1000-p100-a0 | s1000-p100-a04 | s1000-p100-a16 | s1000-p25-a04 | s1000-p400-a04 | s250-p100-a04 | s4000-p100-a04,-358644662 | 1041678136 | 216250776 | -824386529 | 1041678136 | -824386529 | -824386529 | 1041678136
30a,217308185619708,s1000-p0-a04 | s1000-p100-a0 | s1000-p100-a04 | s1000-p100-a16 | s1000-p25-a04 | s1000-p400-a04 | s250-p100-a04 | s4000-p100-a04,1041678136 | 1041678136 | 216250776 | -824386529 | 1041678136 | -824386529 | -824386529 | 1824803898
30a,217308185619709,s1000-p0-a04 | s1000-p100-a0 | s1000-p100-a04 | s1000-p100-a16 | s1000-p25-a04 | s1000-p400-a04 | s250-p100-a04 | s4000-p100-a04,1041678136 | 1041678136 | 216250776 | -824386529 | 1041678136 | -824386529 | -824386529 | 1041678136
30a,217308185619710,s1000-p0-a04 | s1000-p100-a0 | s1000-p100-a04 | s1000-p100-a16 | s1000-p25-a04 | s1000-p400-a04 | s250-p100-a04 | s4000-p100-a04,1041678136 | 1041678136 | 216250776 | -824386529 | 1824803898 | -824386529 | -824386529 | 1041678136
30b,217312480586992,s1000-p0-a04 | s1000-p100-a0 | s1000-p100-a04 | s1000-p100-a16 | s1000-p25-a04 | s1000-p400-a04 | s250-p100-a04 | s4000-p100-a04,1278165864 | 1910947129 | -1031970200 | -1031970200 | 1910947129 | -119349660 | -119349660 | 1910947129
30b,217312480586993,s1000-p0-a04 | s1000-p100-a0 | s1000-p100-a04 | s1000-p100-a16 | s1000-p25-a04 | s1000-p400-a04 | s250-p100-a04 | s4000-p100-a04,1910947129 | 1910947129 | -1031970200 | -1031970200 | 1910947129 | -119349660 | -119349660 | 1910947129
30b,217312480586994,s1000-p0-a04 | s1000-p100-a0 | s1000-p100-a04 | s1000-p100-a16 | s1000-p25-a04 | s1000-p400-a04 | s250-p100-a04 | s4000-p100-a04,1910947129 | 1910947129 | -1031970200 | -1031970200 | 1910947129 | -119349660 | -119349660 | 1910947129
30b,217312480586995,s1000-p0-a04 | s1000-p100-a0 | s1000-p100-a04 | s1000-p100-a16 | s1000-p25-a04 | s1000-p400-a04 | s250-p100-a04 | s4000-p100-a04,1910947129 | 1910947129 | -1031970200 | -1031970200 | 1910947129 | -119349660 | 476359364 | 1910947129
30b,217312480586996,s1000-p0-a04 | s1000-p100-a0 | s1000-p100-a04 | s1000-p100-a16 | s1000-p25-a04 | s1000-p400-a04 | s250-p100-a04 | s4000-p100-a04,1910947129 | 1910947129 | 1910947129 | -1031970200 | 1910947129 | -119349660 | 1910947129 | 1910947129
30b,217312480586998,s1000-p0-a04 | s1000-p100-a0 | s1000-p100-a04 | s1000-p100-a16 | s1000-p25-a04 | s1000-p400-a04 | s250-p100-a04 | s4000-p100-a04,1910947129 | 1910947129 | 1910947129 | -1031970200 | 1910947129 | -119349660 | 476359364 | 1910947129
30b,217312480586999,s1000-p0-a04 | s1000-p100-a0 | s1000-p100-a04 | s1000-p100-a16 | s1000-p25-a04 | s1000-p400-a04 | s250-p100-a04 | s4000-p100-a04,1910947129 | 1910947129 | -1031970200 | -1031970200 | 1910947129 | -119349660 | -119349660 | 1910947129
30b,217312480587004,s1000-p0-a04 | s1000-p100-a0 | s1000-p100-a04 | s1000-p100-a16 | s1000-p25-a04 | s1000-p400-a04 | s250-p100-a04 | s4000-p100-a04,1910947129 | 1910947129 | -1031970200 | -1031970200 | 1910947129 | -119349660 | -119349660 | 1910947129
30b,217312480587005,s1000-p0-a04 | s1000-p100-a0 | s1000-p100-a04 | s1000-p100-a16 | s1000-p25-a04 | s1000-p400-a04 | s250-p100-a04 | s4000-p100-a04,1910947129 | 1910947129 | 1910947129 | -1031970200 | 1910947129 | -119349660 | -119349660 | 1910947129
30b,217312480587007,s1000-p0-a04 | s1000-p100-a0 | s1000-p100-a04 | s1000-p100-a16 | s1000-p25-a04 | s1000-p400-a04 | s250-p100-a04 | s4000-p100-a04,1910947129 | 1910947129 | -1031970200 | -1031970200 | 1910947129 | -119349660 | -119349660 | 1910947129
30c,217316775554288,s1000-p0-a04 | s1000-p100-a0 | s1000-p100-a04 | s1000-p100-a16 | s1000-p25-a04 | s1000-p400-a04 | s250-p100-a04 | s4000-p100-a04,-1451103391 | -1451103391 | -804478301 | -804478301 | -433732479 | -804478301 | -1984686161 | -1451103391
30c,217316775554289,s1000-p0-a04 | s1000-p100-a0 | s1000-p100-a04 | s1000-p100-a16 | s1000-p25-a04 | s1000-p400-a04 | s250-p100-a04 | s4000-p100-a04,-1451103391 | -1451103391 | -804478301 | -804478301 | -1451103391 | -804478301 | -804478301 | -1451103391
30c,217316775554290,s1000-p0-a04 | s1000-p100-a0 | s1000-p100-a04 | s1000-p100-a16 | s1000-p25-a04 | s1000-p400-a04 | s250-p100-a04 | s4000-p100-a04,-1451103391 | -1451103391 | -804478301 | -804478301 | -1451103391 | -804478301 | -1984686161 | -1451103391
30c,217316775554291,s1000-p0-a04 | s1000-p100-a0 | s1000-p100-a04 | s1000-p100-a16 | s1000-p25-a04 | s1000-p400-a04 | s250-p100-a04 | s4000-p100-a04,-1451103391 | -1451103391 | -804478301 | -804478301 | -1451103391 | -804478301 | -804478301 | -1451103391
30c,217316775554292,s1000-p0-a04 | s1000-p100-a0 | s1000-p100-a04 | s1000-p100-a16 | s1000-p25-a04 | s1000-p400-a04 | s250-p100-a04 | s4000-p100-a04,-1451103391 | -1451103391 | -804478301 | -804478301 | -1451103391 | -804478301 | -804478301 | -1451103391
30c,217316775554293,s1000-p0-a04 | s1000-p100-a0 | s1000-p100-a04 | s1000-p100-a16 | s1000-p25-a04 | s1000-p400-a04 | s250-p100-a04 | s4000-p100-a04,-1451103391 | -1451103391 | -804478301 | -804478301 | -433732479 | -804478301 | -804478301 | -1451103391
30c,217316775554295,s1000-p0-a04 | s1000-p100-a0 | s1000-p100-a04 | s1000-p100-a16 | s1000-p25-a04 | s1000-p400-a04 | s250-p100-a04 | s4000-p100-a04,-1451103391 | -1451103391 | -804478301 | -804478301 | -1451103391 | -804478301 | 1235453522 | -433732479
30c,217316775554300,s1000-p0-a04 | s1000-p100-a0 | s1000-p100-a04 | s1000-p100-a16 | s1000-p25-a04 | s1000-p400-a04 | s250-p100-a04 | s4000-p100-a04,-1451103391 | -1451103391 | -804478301 | -804478301 | -433732479 | -804478301 | -1984686161 | -433732479
30c,217316775554302,s1000-p0-a04 | s1000-p100-a0 | s1000-p100-a04 | s1000-p100-a16 | s1000-p25-a04 | s1000-p400-a04 | s250-p100-a04 | s4000-p100-a04,-1451103391 | -1451103391 | -804478301 | -804478301 | -1451103391 | -804478301 | 1235453522 | -1451103391
30c,217316775554303,s1000-p0-a04 | s1000-p100-a0 | s1000-p100-a04 | s1000-p100-a16 | s1000-p25-a04 | s1000-p400-a04 | s250-p100-a04 | s4000-p100-a04,-1451103391 | -1451103391 | -804478301 | -804478301 | -1451103391 | -804478301 | -804478301 | -1451103391
31a,217441329605776,s1000-p0-a04 | s1000-p100-a0 | s1000-p100-a04 | s1000-p100-a16 | s1000-p25-a04 | s1000-p400-a04 | s250-p100-a04 | s4000-p100-a04,2133672151 | 2133672151 | 499229554 | 619611693 | 2133672151 | 619611693 | 619611693 | 2133672151
31a,217441329605777,s1000-p0-a04 | s1000-p100-a0 | s1000-p100-a04 | s1000-p100-a16 | s1000-p25-a04 | s1000-p400-a04 | s250-p100-a04 | s4000-p100-a04,2133672151 | 499229554 | 499229554 | 619611693 | 499229554 | 619611693 | 619611693 | 499229554
31a,217441329605778,s1000-p0-a04 | s1000-p100-a0 | s1000-p100-a04 | s1000-p100-a16 | s1000-p25-a04 | s1000-p400-a04 | s250-p100-a04 | s4000-p100-a04,2133672151 | 2133672151 | 499229554 | 619611693 | 2133672151 | 619611693 | 619611693 | 499229554
31a,217441329605780,s1000-p0-a04 | s1000-p100-a0 | s1000-p100-a04 | s1000-p100-a16 | s1000-p25-a04 | s1000-p400-a04 | s250-p100-a04 | s4000-p100-a04,2133672151 | 2133672151 | 499229554 | 619611693 | 2133672151 | 619611693 | 1715547282 | 499229554
31a,217441329605781,s1000-p0-a04 | s1000-p100-a0 | s1000-p100-a04 | s1000-p100-a16 | s1000-p25-a04 | s1000-p400-a04 | s250-p100-a04 | s4000-p100-a04,2133672151 | 2133672151 | 499229554 | 619611693 | 499229554 | 619611693 | 619611693 | 499229554
31a,217441329605782,s1000-p0-a04 | s1000-p100-a0 | s1000-p100-a04 | s1000-p100-a16 | s1000-p25-a04 | s1000-p400-a04 | s250-p100-a04 | s4000-p100-a04,2133672151 | 2133672151 | 499229554 | 619611693 | 499229554 | 619611693 | 619611693 | 499229554
31a,217441329605783,s1000-p0-a04 | s1000-p100-a0 | s1000-p100-a04 | s1000-p100-a16 | s1000-p25-a04 | s1000-p400-a04 | s250-p100-a04 | s4000-p100-a04,2133672151 | 2133672151 | 499229554 | 619611693 | 499229554 | 619611693 | 619611693 | 499229554
31a,217441329605785,s1000-p0-a04 | s1000-p100-a0 | s1000-p100-a04 | s1000-p100-a16 | s1000-p25-a04 | s1000-p400-a04 | s250-p100-a04 | s4000-p100-a04,2133672151 | 499229554 | 499229554 | 619611693 | 499229554 | 619611693 | 619611693 | 499229554
31a,217441329605786,s1000-p0-a04 | s1000-p100-a0 | s1000-p100-a04 | s1000-p100-a16 | s1000-p25-a04 | s1000-p400-a04 | s250-p100-a04 | s4000-p100-a04,499229554 | 499229554 | 499229554 | 619611693 | 499229554 | 619611693 | 619611693 | 499229554
31a,217441329605787,s1000-p0-a04 | s1000-p100-a0 | s1000-p100-a04 | s1000-p100-a16 | s1000-p25-a04 | s1000-p400-a04 | s250-p100-a04 | s4000-p100-a04,2133672151 | 499229554 | 499229554 | 619611693 | 499229554 | 619611693 | 619611693 | 499229554
31b,217445624573072,s1000-p0-a04 | s1000-p100-a0 | s1000-p100-a04 | s1000-p100-a16 | s1000-p25-a04 | s1000-p400-a04 | s250-p100-a04 | s4000-p100-a04,-744571733 | -744571733 | -744571733 | -536655723 | -744571733 | 933065134 | 447087389 | -744571733
31b,217445624573073,s1000-p0-a04 | s1000-p100-a0 | s1000-p100-a04 | s1000-p100-a16 | s1000-p25-a04 | s1000-p400-a04 | s250-p100-a04 | s4000-p100-a04,-744571733 | -744571733 | -536655723 | -536655723 | -744571733 | 933065134 | 681841729 | -536655723
31b,217445624573074,s1000-p0-a04 | s1000-p100-a0 | s1000-p100-a04 | s1000-p100-a16 | s1000-p25-a04 | s1000-p400-a04 | s250-p100-a04 | s4000-p100-a04,-744571733 | -744571733 | -744571733 | -536655723 | -744571733 | 933065134 | 933065134 | -744571733
31b,217445624573075,s1000-p0-a04 | s1000-p100-a0 | s1000-p100-a04 | s1000-p100-a16 | s1000-p25-a04 | s1000-p400-a04 | s250-p100-a04 | s4000-p100-a04,446546678 | -744571733 | -536655723 | -536655723 | -744571733 | 933065134 | 447087389 | -744571733
31b,217445624573077,s1000-p0-a04 | s1000-p100-a0 | s1000-p100-a04 | s1000-p100-a16 | s1000-p25-a04 | s1000-p400-a04 | s250-p100-a04 | s4000-p100-a04,-744571733 | -744571733 | -536655723 | -536655723 | -744571733 | 933065134 | 447087389 | -744571733
31b,217445624573078,s1000-p0-a04 | s1000-p100-a0 | s1000-p100-a04 | s1000-p100-a16 | s1000-p25-a04 | s1000-p400-a04 | s250-p100-a04 | s4000-p100-a04,730199536 | -303167854 | -303167854 | 1671376112 | -303167854 | 933065134 | 447087389 | -744571733
31b,217445624573079,s1000-p0-a04 | s1000-p100-a0 | s1000-p100-a04 | s1000-p100-a16 | s1000-p25-a04 | s1000-p400-a04 | s250-p100-a04 | s4000-p100-a04,1691909910 | -744571733 | -536655723 | -536655723 | -744571733 | 681841729 | 933065134 | -744571733
31b,217445624573084,s1000-p0-a04 | s1000-p100-a0 | s1000-p100-a04 | s1000-p100-a16 | s1000-p25-a04 | s1000-p400-a04 | s250-p100-a04 | s4000-p100-a04,-744571733 | -744571733 | -744571733 | -536655723 | -744571733 | 933065134 | 933065134 | -744571733
31b,217445624573085,s1000-p0-a04 | s1000-p100-a0 | s1000-p100-a04 | s1000-p100-a16 | s1000-p25-a04 | s1000-p400-a04 | s250-p100-a04 | s4000-p100-a04,-744571733 | -744571733 | -744571733 | -536655723 | -744571733 | 933065134 | 447087389 | -744571733
31b,217445624573086,s1000-p0-a04 | s1000-p100-a0 | s1000-p100-a04 | s1000-p100-a16 | s1000-p25-a04 | s1000-p400-a04 | s250-p100-a04 | s4000-p100-a04,-744571733 | -744571733 | -744571733 | -536655723 | -744571733 | 681841729 | 933065134 | -744571733
31c,217449919540368,s1000-p0-a04 | s1000-p100-a0 | s1000-p100-a04 | s1000-p100-a16 | s1000-p25-a04 | s1000-p400-a04 | s250-p100-a04 | s4000-p100-a04,-105956113 | -105956113 | 1346825370 | 1982821986 | -105956113 | 1982821986 | -1995652378 | 1346825370
31c,217449919540369,s1000-p0-a04 | s1000-p100-a0 | s1000-p100-a04 | s1000-p100-a16 | s1000-p25-a04 | s1000-p400-a04 | s250-p100-a04 | s4000-p100-a04,-105956113 | 1346825370 | 1346825370 | 1982821986 | 1346825370 | 1982821986 | 1982821986 | 1346825370
31c,217449919540370,s1000-p0-a04 | s1000-p100-a0 | s1000-p100-a04 | s1000-p100-a16 | s1000-p25-a04 | s1000-p400-a04 | s250-p100-a04 | s4000-p100-a04,-105956113 | 1346825370 | 1346825370 | 1982821986 | 1346825370 | 1982821986 | 1982821986 | -105956113
31c,217449919540371,s1000-p0-a04 | s1000-p100-a0 | s1000-p100-a04 | s1000-p100-a16 | s1000-p25-a04 | s1000-p400-a04 | s250-p100-a04 | s4000-p100-a04,-105956113 | 1346825370 | 1346825370 | 1982821986 | 1346825370 | 1982821986 | 634659572 | 1346825370
31c,217449919540372,s1000-p0-a04 | s1000-p100-a0 | s1000-p100-a04 | s1000-p100-a16 | s1000-p25-a04 | s1000-p400-a04 | s250-p100-a04 | s4000-p100-a04,-105956113 | -105956113 | 1346825370 | 1982821986 | 61147595 | 1982821986 | -1995652378 | 1346825370
31c,217449919540374,s1000-p0-a04 | s1000-p100-a0 | s1000-p100-a04 | s1000-p100-a16 | s1000-p25-a04 | s1000-p400-a04 | s250-p100-a04 | s4000-p100-a04,-105956113 | -105956113 | 1346825370 | 1982821986 | -105956113 | 1982821986 | 1982821986 | 1346825370
31c,217449919540375,s1000-p0-a04 | s1000-p100-a0 | s1000-p100-a04 | s1000-p100-a16 | s1000-p25-a04 | s1000-p400-a04 | s250-p100-a04 | s4000-p100-a04,-105956113 | -105956113 | 1346825370 | 1982821986 | -105956113 | 1982821986 | 1982821986 | 1346825370
31c,217449919540380,s1000-p0-a04 | s1000-p100-a0 | s1000-p100-a04 | s1000-p100-a16 | s1000-p25-a04 | s1000-p400-a04 | s250-p100-a04 | s4000-p100-a04,-105956113 | 1346825370 | 1346825370 | 1982821986 | 1346825370 | 1982821986 | 1982821986 | -105956113
31c,217449919540381,s1000-p0-a04 | s1000-p100-a0 | s1000-p100-a04 | s1000-p100-a16 | s1000-p25-a04 | s1000-p400-a04 | s250-p100-a04 | s4000-p100-a04,-105956113 | -105956113 | 1346825370 | 1982821986 | 1346825370 | 1982821986 | 1982821986 | 1346825370
31c,217449919540383,s1000-p0-a04 | s1000-p100-a0 | s1000-p100-a04 | s1000-p100-a16 | s1000-p25-a04 | s1000-p400-a04 | s250-p100-a04 | s4000-p100-a04,-105956113 | -105956113 | 1346825370 | 1982821986 | 1346825370 | 1982821986 | 1982821986 | 1346825370
32a,217574473591984,s1000-p0-a04 | s1000-p100-a0 | s1000-p100-a04 | s1000-p100-a16 | s1000-p25-a04 | s1000-p400-a04 | s250-p100-a04 | s4000-p100-a04,957982218 | 1765267761 | -1917286155 | 1765267761 | -1917286155 | 1765267761 | 1765267761 | 1765267761
32a,217574473591985,s1000-p0-a04 | s1000-p100-a0 | s1000-p100-a04 | s1000-p100-a16 | s1000-p25-a04 | s1000-p400-a04 | s250-p100-a04 | s4000-p100-a04,957982218 | 957982218 | -1917286155 | 1765267761 | -1917286155 | 1765267761 | 1765267761 | 1765267761
32a,217574473591987,s1000-p0-a04 | s1000-p100-a0 | s1000-p100-a04 | s1000-p100-a16 | s1000-p25-a04 | s1000-p400-a04 | s250-p100-a04 | s4000-p100-a04,957982218 | 957982218 | -1917286155 | -1917286155 | -1917286155 | -1917286155 | 1765267761 | 1765267761
32a,217574473591988,s1000-p0-a04 | s1000-p100-a0 | s1000-p100-a04 | s1000-p100-a16 | s1000-p25-a04 | s1000-p400-a04 | s250-p100-a04 | s4000-p100-a04,957982218 | 1765267761 | -1917286155 | 1765267761 | -1917286155 | 1765267761 | 1765267761 | 1765267761
32a,217574473591989,s1000-p0-a04 | s1000-p100-a0 | s1000-p100-a04 | s1000-p100-a16 | s1000-p25-a04 | s1000-p400-a04 | s250-p100-a04 | s4000-p100-a04,957982218 | 1765267761 | 1765267761 | 1765267761 | 1765267761 | 1765267761 | -1917286155 | 1765267761
32a,217574473591990,s1000-p0-a04 | s1000-p100-a0 | s1000-p100-a04 | s1000-p100-a16 | s1000-p25-a04 | s1000-p400-a04 | s250-p100-a04 | s4000-p100-a04,957982218 | 957982218 | -1917286155 | 1765267761 | -1917286155 | 1765267761 | -1917286155 | -1917286155
32a,217574473591991,s1000-p0-a04 | s1000-p100-a0 | s1000-p100-a04 | s1000-p100-a16 | s1000-p25-a04 | s1000-p400-a04 | s250-p100-a04 | s4000-p100-a04,1765267761 | 1765267761 | -1917286155 | 1765267761 | -1917286155 | 1765267761 | -1917286155 | -1917286155
32a,217574473591992,s1000-p0-a04 | s1000-p100-a0 | s1000-p100-a04 | s1000-p100-a16 | s1000-p25-a04 | s1000-p400-a04 | s250-p100-a04 | s4000-p100-a04,957982218 | 1765267761 | 1765267761 | 1765267761 | -1917286155 | 1765267761 | 1765267761 | -1917286155
32a,217574473591994,s1000-p0-a04 | s1000-p100-a0 | s1000-p100-a04 | s1000-p100-a16 | s1000-p25-a04 | s1000-p400-a04 | s250-p100-a04 | s4000-p100-a04,957982218 | 957982218 | -1917286155 | 1765267761 | -1917286155 | 1765267761 | 1765267761 | -1917286155
32a,217574473591995,s1000-p0-a04 | s1000-p100-a0 | s1000-p100-a04 | s1000-p100-a16 | s1000-p25-a04 | s1000-p400-a04 | s250-p100-a04 | s4000-p100-a04,957982218 | 1765267761 | -1917286155 | 1765267761 | -1917286155 | 1765267761 | 1765267761 | 1765267761
32b,217578768559280,s1000-p0-a04 | s1000-p100-a0 | s1000-p100-a04 | s1000-p100-a16 | s1000-p25-a04 | s1000-p400-a04 | s250-p100-a04 | s4000-p100-a04,1520237401 | 1013953437 | 1520237401 | -888812919 | 1520237401 | -888812919 | -239234728 | 1520237401
32b,217578768559281,s1000-p0-a04 | s1000-p100-a0 | s1000-p100-a04 | s1000-p100-a16 | s1000-p25-a04 | s1000-p400-a04 | s250-p100-a04 | s4000-p100-a04,1520237401 | 1013953437 | -888812919 | -888812919 | 1520237401 | -888812919 | -888812919 | 1520237401
32b,217578768559282,s1000-p0-a04 | s1000-p100-a0 | s1000-p100-a04 | s1000-p100-a16 | s1000-p25-a04 | s1000-p400-a04 | s250-p100-a04 | s4000-p100-a04,1520237401 | 1013953437 | 1520237401 | -888812919 | 1520237401 | -888812919 | -239234728 | 1520237401
32b,217578768559284,s1000-p0-a04 | s1000-p100-a0 | s1000-p100-a04 | s1000-p100-a16 | s1000-p25-a04 | s1000-p400-a04 | s250-p100-a04 | s4000-p100-a04,1520237401 | 1520237401 | 1520237401 | -888812919 | 1520237401 | -888812919 | -239234728 | 1520237401
32b,217578768559285,s1000-p0-a04 | s1000-p100-a0 | s1000-p100-a04 | s1000-p100-a16 | s1000-p25-a04 | s1000-p400-a04 | s250-p100-a04 | s4000-p100-a04,1520237401 | 1520237401 | 1520237401 | -888812919 | 1520237401 | -888812919 | -888812919 | 1520237401
32b,217578768559286,s1000-p0-a04 | s1000-p100-a0 | s1000-p100-a04 | s1000-p100-a16 | s1000-p25-a04 | s1000-p400-a04 | s250-p100-a04 | s4000-p100-a04,1520237401 | 1013953437 | 1520237401 | -888812919 | 1520237401 | -888812919 | -888812919 | 1520237401
32b,217578768559287,s1000-p0-a04 | s1000-p100-a0 | s1000-p100-a04 | s1000-p100-a16 | s1000-p25-a04 | s1000-p400-a04 | s250-p100-a04 | s4000-p100-a04,1520237401 | 145399798 | -888812919 | -888812919 | 1520237401 | -888812919 | -888812919 | 1520237401
32b,217578768559289,s1000-p0-a04 | s1000-p100-a0 | s1000-p100-a04 | s1000-p100-a16 | s1000-p25-a04 | s1000-p400-a04 | s250-p100-a04 | s4000-p100-a04,1520237401 | 1520237401 | -888812919 | -888812919 | 1520237401 | -888812919 | -239234728 | 1520237401
32b,217578768559290,s1000-p0-a04 | s1000-p100-a0 | s1000-p100-a04 | s1000-p100-a16 | s1000-p25-a04 | s1000-p400-a04 | s250-p100-a04 | s4000-p100-a04,1520237401 | 1520237401 | 1520237401 | -888812919 | 1520237401 | -888812919 | -239234728 | 1520237401
32b,217578768559291,s1000-p0-a04 | s1000-p100-a0 | s1000-p100-a04 | s1000-p100-a16 | s1000-p25-a04 | s1000-p400-a04 | s250-p100-a04 | s4000-p100-a04,1520237401 | 1013953437 | 1520237401 | -888812919 | 1520237401 | -888812919 | -888812919 | 1520237401
33a,217707617578832,s1000-p0-a04 | s1000-p100-a0 | s1000-p100-a04 | s1000-p100-a16 | s1000-p25-a04 | s1000-p400-a04 | s250-p100-a04 | s4000-p100-a04,-2124008857 | -2124008857 | 1514619789 | 14380942 | -2124008857 | 1514619789 | 14380942 | -2124008857
33a,217707617578834,s1000-p0-a04 | s1000-p100-a0 | s1000-p100-a04 | s1000-p100-a16 | s1000-p25-a04 | s1000-p400-a04 | s250-p100-a04 | s4000-p100-a04,-2124008857 | -2124008857 | 1253926702 | 14380942 | -2124008857 | 1514619789 | 14380942 | -2124008857
33a,217707617578835,s1000-p0-a04 | s1000-p100-a0 | s1000-p100-a04 | s1000-p100-a16 | s1000-p25-a04 | s1000-p400-a04 | s250-p100-a04 | s4000-p100-a04,-2124008857 | -2124008857 | 1253926702 | 14380942 | -2124008857 | 1514619789 | 14380942 | -2124008857
33a,217707617578836,s1000-p0-a04 | s1000-p100-a0 | s1000-p100-a04 | s1000-p100-a16 | s1000-p25-a04 | s1000-p400-a04 | s250-p100-a04 | s4000-p100-a04,-2124008857 | -2124008857 | -2124008857 | 321636491 | -2124008857 | 14380942 | 14380942 | -2124008857
33a,217707617578837,s1000-p0-a04 | s1000-p100-a0 | s1000-p100-a04 | s1000-p100-a16 | s1000-p25-a04 | s1000-p400-a04 | s250-p100-a04 | s4000-p100-a04,-2124008857 | -2124008857 | 1253926702 | 1514619789 | -2124008857 | 1514619789 | 14380942 | -2124008857
33a,217707617578838,s1000-p0-a04 | s1000-p100-a0 | s1000-p100-a04 | s1000-p100-a16 | s1000-p25-a04 | s1000-p400-a04 | s250-p100-a04 | s4000-p100-a04,-2124008857 | -2124008857 | 1253926702 | 14380942 | -2124008857 | 1514619789 | 14380942 | -2124008857
33a,217707617578839,s1000-p0-a04 | s1000-p100-a0 | s1000-p100-a04 | s1000-p100-a16 | s1000-p25-a04 | s1000-p400-a04 | s250-p100-a04 | s4000-p100-a04,-2124008857 | -2124008857 | 1253926702 | 14380942 | -2124008857 | 1514619789 | 14380942 | -2124008857
33a,217707617578840,s1000-p0-a04 | s1000-p100-a0 | s1000-p100-a04 | s1000-p100-a16 | s1000-p25-a04 | s1000-p400-a04 | s250-p100-a04 | s4000-p100-a04,-2124008857 | -2124008857 | 1253926702 | 1514619789 | -2124008857 | 1514619789 | 14380942 | -2124008857
33a,217707617578841,s1000-p0-a04 | s1000-p100-a0 | s1000-p100-a04 | s1000-p100-a16 | s1000-p25-a04 | s1000-p400-a04 | s250-p100-a04 | s4000-p100-a04,-2124008857 | 321636491 | 1253926702 | 1514619789 | 321636491 | 1514619789 | 14380942 | -2124008857
33a,217707617578843,s1000-p0-a04 | s1000-p100-a0 | s1000-p100-a04 | s1000-p100-a16 | s1000-p25-a04 | s1000-p400-a04 | s250-p100-a04 | s4000-p100-a04,-2124008857 | -2124008857 | 1253926702 | 1514619789 | -2124008857 | 1514619789 | 14380942 | 14380942
33b,217711912546128,s1000-p0-a04 | s1000-p100-a0 | s1000-p100-a04 | s1000-p100-a16 | s1000-p25-a04 | s1000-p400-a04 | s250-p100-a04 | s4000-p100-a04,1896864069 | -397240962 | -1992524807 | -1215026023 | 1896864069 | -1989803960 | -1989803960 | 1896864069
33b,217711912546129,s1000-p0-a04 | s1000-p100-a0 | s1000-p100-a04 | s1000-p100-a16 | s1000-p25-a04 | s1000-p400-a04 | s250-p100-a04 | s4000-p100-a04,1896864069 | -397240962 | -1992524807 | -1989803960 | -397240962 | -1989803960 | -1989803960 | 1896864069
33b,217711912546131,s1000-p0-a04 | s1000-p100-a0 | s1000-p100-a04 | s1000-p100-a16 | s1000-p25-a04 | s1000-p400-a04 | s250-p100-a04 | s4000-p100-a04,1896864069 | -397240962 | -1992524807 | -1989803960 | -397240962 | -1989803960 | -1989803960 | 1896864069
33b,217711912546132,s1000-p0-a04 | s1000-p100-a0 | s1000-p100-a04 | s1000-p100-a16 | s1000-p25-a04 | s1000-p400-a04 | s250-p100-a04 | s4000-p100-a04,1896864069 | 1896864069 | -1992524807 | -1989803960 | 1896864069 | -1989803960 | -1989803960 | 1896864069
33b,217711912546133,s1000-p0-a04 | s1000-p100-a0 | s1000-p100-a04 | s1000-p100-a16 | s1000-p25-a04 | s1000-p400-a04 | s250-p100-a04 | s4000-p100-a04,1896864069 | -397240962 | -1992524807 | -1989803960 | -397240962 | -1989803960 | -1989803960 | 1896864069
33b,217711912546134,s1000-p0-a04 | s1000-p100-a0 | s1000-p100-a04 | s1000-p100-a16 | s1000-p25-a04 | s1000-p400-a04 | s250-p100-a04 | s4000-p100-a04,1896864069 | 1896864069 | -1992524807 | -1989803960 | 1896864069 | -1989803960 | -1989803960 | 1896864069
33b,217711912546135,s1000-p0-a04 | s1000-p100-a0 | s1000-p100-a04 | s1000-p100-a16 | s1000-p25-a04 | s1000-p400-a04 | s250-p100-a04 | s4000-p100-a04,1896864069 | -397240962 | -1992524807 | -1989803960 | -397240962 | -1989803960 | -1989803960 | 1896864069
33b,217711912546136,s1000-p0-a04 | s1000-p100-a0 | s1000-p100-a04 | s1000-p100-a16 | s1000-p25-a04 | s1000-p400-a04 | s250-p100-a04 | s4000-p100-a04,1896864069 | 1896864069 | -1992524807 | -1989803960 | 1896864069 | -1989803960 | -1989803960 | -397240962
33b,217711912546138,s1000-p0-a04 | s1000-p100-a0 | s1000-p100-a04 | s1000-p100-a16 | s1000-p25-a04 | s1000-p400-a04 | s250-p100-a04 | s4000-p100-a04,1896864069 | -397240962 | -1992524807 | -1989803960 | -397240962 | -1989803960 | -1215026023 | 1896864069
33b,217711912546139,s1000-p0-a04 | s1000-p100-a0 | s1000-p100-a04 | s1000-p100-a16 | s1000-p25-a04 | s1000-p400-a04 | s250-p100-a04 | s4000-p100-a04,1896864069 | -397240962 | -1992524807 | -1989803960 | -397240962 | -1989803960 | -1989803960 | 1896864069
3b,7211270352853,s1000-p0-a04 | s1000-p100-a0 | s1000-p100-a04 | s1000-p100-a16 | s1000-p25-a04 | s1000-p400-a04 | s250-p100-a04 | s4000-p100-a04,129508754 | 129508754 | 129508754 | 129508754 | 129508754 | 129508754 | 129508754 | 113844438
3b,7211270352854,s1000-p0-a04 | s1000-p100-a0 | s1000-p100-a04 | s1000-p100-a16 | s1000-p25-a04 | s1000-p400-a04 | s250-p100-a04 | s4000-p100-a04,129508754 | 129508754 | 129508754 | 129508754 | 129508754 | 129508754 | 113844438 | 113844438
3b,7211270352855,s1000-p0-a04 | s1000-p100-a0 | s1000-p100-a04 | s1000-p100-a16 | s1000-p25-a04 | s1000-p400-a04 | s250-p100-a04 | s4000-p100-a04,129508754 | 129508754 | 129508754 | 129508754 | 129508754 | 129508754 | 113844438 | 129508754
3b,7211270352856,s1000-p0-a04 | s1000-p100-a0 | s1000-p100-a04 | s1000-p100-a16 | s1000-p25-a04 | s1000-p400-a04 | s250-p100-a04 | s4000-p100-a04,129508754 | 129508754 | 129508754 | 129508754 | 129508754 | 129508754 | 129508754 | 113844438
3b,7211270352857,s1000-p0-a04 | s1000-p100-a0 | s1000-p100-a04 | s1000-p100-a16 | s1000-p25-a04 | s1000-p400-a04 | s250-p100-a04 | s4000-p100-a04,129508754 | 129508754 | 129508754 | 129508754 | 129508754 | 129508754 | 129508754 | 113844438
3b,7211270352858,s1000-p0-a04 | s1000-p100-a0 | s1000-p100-a04 | s1000-p100-a16 | s1000-p25-a04 | s1000-p400-a04 | s250-p100-a04 | s4000-p100-a04,129508754 | 129508754 | 113844438 | 113844438 | 113844438 | 113844438 | 129508754 | 129508754
3b,7211270352859,s1000-p0-a04 | s1000-p100-a0 | s1000-p100-a04 | s1000-p100-a16 | s1000-p25-a04 | s1000-p400-a04 | s250-p100-a04 | s4000-p100-a04,129508754 | 129508754 | 113844438 | 113844438 | 113844438 | 113844438 | 129508754 | 113844438
3b,7211270352860,s1000-p0-a04 | s1000-p100-a0 | s1000-p100-a04 | s1000-p100-a16 | s1000-p25-a04 | s1000-p400-a04 | s250-p100-a04 | s4000-p100-a04,129508754 | 129508754 | 129508754 | 129508754 | 129508754 | 129508754 | 113844438 | 129508754
3b,7211270352861,s1000-p0-a04 | s1000-p100-a0 | s1000-p100-a04 | s1000-p100-a16 | s1000-p25-a04 | s1000-p400-a04 | s250-p100-a04 | s4000-p100-a04,129508754 | 129508754 | 113844438 | 113844438 | 129508754 | 113844438 | 129508754 | 113844438
3b,7211270352862,s1000-p0-a04 | s1000-p100-a0 | s1000-p100-a04 | s1000-p100-a16 | s1000-p25-a04 | s1000-p400-a04 | s250-p100-a04 | s4000-p100-a04,129508754 | 129508754 | 129508754 | 129508754 | 129508754 | 129508754 | 129508754 | 113844438
4a,7340119371764,s1000-p0-a04 | s1000-p100-a0 | s1000-p100-a04 | s1000-p100-a16 | s1000-p25-a04 | s1000-p400-a04 | s250-p100-a04 | s4000-p100-a04,-1202259619 | 1427000343 | -1509295857 | -1509295857 | -1509295857 | -1509295857 | -1509295857 | 1427000343
4a,7340119371765,s1000-p0-a04 | s1000-p100-a0 | s1000-p100-a04 | s1000-p100-a16 | s1000-p25-a04 | s1000-p400-a04 | s250-p100-a04 | s4000-p100-a04,-1202259619 | 1427000343 | -1509295857 | -1509295857 | 1427000343 | -1509295857 | 1427000343 | 1427000343
4a,7340119371767,s1000-p0-a04 | s1000-p100-a0 | s1000-p100-a04 | s1000-p100-a16 | s1000-p25-a04 | s1000-p400-a04 | s250-p100-a04 | s4000-p100-a04,1427000343 | 1427000343 | -1509295857 | -1509295857 | 1427000343 | -1509295857 | 1427000343 | 1427000343
4a,7340119371768,s1000-p0-a04 | s1000-p100-a0 | s1000-p100-a04 | s1000-p100-a16 | s1000-p25-a04 | s1000-p400-a04 | s250-p100-a04 | s4000-p100-a04,1427000343 | 1427000343 | -1509295857 | -1509295857 | 1427000343 | -1509295857 | 1427000343 | 1427000343
4a,7340119371769,s1000-p0-a04 | s1000-p100-a0 | s1000-p100-a04 | s1000-p100-a16 | s1000-p25-a04 | s1000-p400-a04 | s250-p100-a04 | s4000-p100-a04,-1202259619 | 1427000343 | 1427000343 | -1509295857 | 1427000343 | -1509295857 | -1509295857 | 1427000343
4a,7340119371770,s1000-p0-a04 | s1000-p100-a0 | s1000-p100-a04 | s1000-p100-a16 | s1000-p25-a04 | s1000-p400-a04 | s250-p100-a04 | s4000-p100-a04,-1202259619 | 1427000343 | 1427000343 | -1509295857 | 1427000343 | -1509295857 | -1509295857 | 1427000343
4a,7340119371771,s1000-p0-a04 | s1000-p100-a0 | s1000-p100-a04 | s1000-p100-a16 | s1000-p25-a04 | s1000-p400-a04 | s250-p100-a04 | s4000-p100-a04,-1202259619 | 1427000343 | 1427000343 | -1509295857 | 1427000343 | -1509295857 | 1427000343 | 1427000343
4a,7340119371772,s1000-p0-a04 | s1000-p100-a0 | s1000-p100-a04 | s1000-p100-a16 | s1000-p25-a04 | s1000-p400-a04 | s250-p100-a04 | s4000-p100-a04,-1202259619 | 1427000343 | -1509295857 | -1509295857 | 1427000343 | -1509295857 | -1509295857 | 1427000343
4a,7340119371774,s1000-p0-a04 | s1000-p100-a0 | s1000-p100-a04 | s1000-p100-a16 | s1000-p25-a04 | s1000-p400-a04 | s250-p100-a04 | s4000-p100-a04,1427000343 | 1427000343 | -1509295857 | -1509295857 | 1427000343 | -1509295857 | -1509295857 | 1427000343
4a,7340119371775,s1000-p0-a04 | s1000-p100-a0 | s1000-p100-a04 | s1000-p100-a16 | s1000-p25-a04 | s1000-p400-a04 | s250-p100-a04 | s4000-p100-a04,-1202259619 | 1427000343 | -1509295857 | -1509295857 | 1427000343 | -1509295857 | 1427000343 | 1427000343
4b,7344414339060,s1000-p0-a04 | s1000-p100-a0 | s1000-p100-a04 | s1000-p100-a16 | s1000-p25-a04 | s1000-p400-a04 | s250-p100-a04 | s4000-p100-a04,611794456 | 261415237 | 261415237 | 261415237 | 261415237 | 261415237 | 261415237 | 261415237
4b,7344414339062,s1000-p0-a04 | s1000-p100-a0 | s1000-p100-a04 | s1000-p100-a16 | s1000-p25-a04 | s1000-p400-a04 | s250-p100-a04 | s4000-p100-a04,611794456 | 261415237 | 261415237 | 261415237 | 261415237 | 261415237 | 261415237 | 261415237
4b,7344414339063,s1000-p0-a04 | s1000-p100-a0 | s1000-p100-a04 | s1000-p100-a16 | s1000-p25-a04 | s1000-p400-a04 | s250-p100-a04 | s4000-p100-a04,611794456 | 261415237 | 261415237 | 261415237 | 261415237 | 261415237 | 261415237 | 261415237
4b,7344414339064,s1000-p0-a04 | s1000-p100-a0 | s1000-p100-a04 | s1000-p100-a16 | s1000-p25-a04 | s1000-p400-a04 | s250-p100-a04 | s4000-p100-a04,611794456 | 261415237 | 261415237 | 261415237 | 261415237 | 261415237 | 261415237 | 261415237
4b,7344414339065,s1000-p0-a04 | s1000-p100-a0 | s1000-p100-a04 | s1000-p100-a16 | s1000-p25-a04 | s1000-p400-a04 | s250-p100-a04 | s4000-p100-a04,611794456 | 261415237 | 261415237 | 261415237 | 261415237 | 261415237 | 261415237 | 261415237
4b,7344414339066,s1000-p0-a04 | s1000-p100-a0 | s1000-p100-a04 | s1000-p100-a16 | s1000-p25-a04 | s1000-p400-a04 | s250-p100-a04 | s4000-p100-a04,611794456 | 261415237 | 261415237 | 261415237 | 261415237 | 261415237 | 261415237 | 261415237
4b,7344414339067,s1000-p0-a04 | s1000-p100-a0 | s1000-p100-a04 | s1000-p100-a16 | s1000-p25-a04 | s1000-p400-a04 | s250-p100-a04 | s4000-p100-a04,611794456 | 261415237 | 261415237 | 261415237 | 261415237 | 261415237 | 261415237 | 261415237
4b,7344414339068,s1000-p0-a04 | s1000-p100-a0 | s1000-p100-a04 | s1000-p100-a16 | s1000-p25-a04 | s1000-p400-a04 | s250-p100-a04 | s4000-p100-a04,611794456 | 261415237 | 261415237 | 261415237 | 261415237 | 261415237 | 261415237 | 261415237
4b,7344414339069,s1000-p0-a04 | s1000-p100-a0 | s1000-p100-a04 | s1000-p100-a16 | s1000-p25-a04 | s1000-p400-a04 | s250-p100-a04 | s4000-p100-a04,611794456 | 261415237 | 261415237 | 261415237 | 261415237 | 261415237 | 261415237 | 261415237
4b,7344414339071,s1000-p0-a04 | s1000-p100-a0 | s1000-p100-a04 | s1000-p100-a16 | s1000-p25-a04 | s1000-p400-a04 | s250-p100-a04 | s4000-p100-a04,611794456 | 261415237 | 261415237 | 261415237 | 261415237 | 261415237 | 261415237 | 261415237
4c,7348709306357,s1000-p0-a04 | s1000-p100-a0 | s1000-p100-a04 | s1000-p100-a16 | s1000-p25-a04 | s1000-p400-a04 | s250-p100-a04 | s4000-p100-a04,-1125545911 | -430037632 | -430037632 | -430037632 | -430037632 | -430037632 | -430037632 | -430037632
4c,7348709306358,s1000-p0-a04 | s1000-p100-a0 | s1000-p100-a04 | s1000-p100-a16 | s1000-p25-a04 | s1000-p400-a04 | s250-p100-a04 | s4000-p100-a04,-1125545911 | -430037632 | -430037632 | -430037632 | -430037632 | -430037632 | -430037632 | -430037632
4c,7348709306359,s1000-p0-a04 | s1000-p100-a0 | s1000-p100-a04 | s1000-p100-a16 | s1000-p25-a04 | s1000-p400-a04 | s250-p100-a04 | s4000-p100-a04,-1125545911 | -430037632 | 1192923874 | 1192923874 | 1192923874 | 1192923874 | 1192923874 | -430037632
4c,7348709306360,s1000-p0-a04 | s1000-p100-a0 | s1000-p100-a04 | s1000-p100-a16 | s1000-p25-a04 | s1000-p400-a04 | s250-p100-a04 | s4000-p100-a04,-430037632 | -430037632 | 1192923874 | 1192923874 | -430037632 | 1192923874 | -430037632 | -430037632
4c,7348709306361,s1000-p0-a04 | s1000-p100-a0 | s1000-p100-a04 | s1000-p100-a16 | s1000-p25-a04 | s1000-p400-a04 | s250-p100-a04 | s4000-p100-a04,-226412603 | -430037632 | -430037632 | -430037632 | -430037632 | -430037632 | -430037632 | -430037632
4c,7348709306362,s1000-p0-a04 | s1000-p100-a0 | s1000-p100-a04 | s1000-p100-a16 | s1000-p25-a04 | s1000-p400-a04 | s250-p100-a04 | s4000-p100-a04,-1125545911 | -430037632 | -430037632 | 1192923874 | -430037632 | 1192923874 | -430037632 | -430037632
4c,7348709306363,s1000-p0-a04 | s1000-p100-a0 | s1000-p100-a04 | s1000-p100-a16 | s1000-p25-a04 | s1000-p400-a04 | s250-p100-a04 | s4000-p100-a04,-1125545911 | -430037632 | 1192923874 | 1192923874 | -430037632 | 1192923874 | -430037632 | -430037632
4c,7348709306364,s1000-p0-a04 | s1000-p100-a0 | s1000-p100-a04 | s1000-p100-a16 | s1000-p25-a04 | s1000-p400-a04 | s250-p100-a04 | s4000-p100-a04,-1125545911 | -430037632 | -430037632 | 1192923874 | -430037632 | 1192923874 | 1192923874 | -430037632
4c,7348709306365,s1000-p0-a04 | s1000-p100-a0 | s1000-p100-a04 | s1000-p100-a16 | s1000-p25-a04 | s1000-p400-a04 | s250-p100-a04 | s4000-p100-a04,-1125545911 | -430037632 | -430037632 | -430037632 | -430037632 | -430037632 | -430037632 | -430037632
4c,7348709306366,s1000-p0-a04 | s1000-p100-a0 | s1000-p100-a04 | s1000-p100-a16 | s1000-p25-a04 | s1000-p400-a04 | s250-p100-a04 | s4000-p100-a04,-430037632 | -430037632 | 1192923874 | 1192923874 | -430037632 | 1192923874 | -430037632 | -430037632
5b,7477558325140,s1000-p0-a04 | s1000-p100-a0 | s1000-p100-a04 | s1000-p100-a16 | s1000-p25-a04 | s1000-p400-a04 | s250-p100-a04 | s4000-p100-a04,1589551454 | 1589551454 | 1589551454 | 1589551454 | 1589551454 | 1589551454 | -1512145598 | 1589551454
5b,7477558325141,s1000-p0-a04 | s1000-p100-a0 | s1000-p100-a04 | s1000-p100-a16 | s1000-p25-a04 | s1000-p400-a04 | s250-p100-a04 | s4000-p100-a04,-1512145598 | -1512145598 | -1512145598 | -1512145598 | -1512145598 | -1512145598 | -1512145598 | 1589551454
5b,7477558325143,s1000-p0-a04 | s1000-p100-a0 | s1000-p100-a04 | s1000-p100-a16 | s1000-p25-a04 | s1000-p400-a04 | s250-p100-a04 | s4000-p100-a04,-1512145598 | -1512145598 | -1512145598 | -1512145598 | -1512145598 | -1512145598 | -1512145598 | 1589551454
5b,7477558325144,s1000-p0-a04 | s1000-p100-a0 | s1000-p100-a04 | s1000-p100-a16 | s1000-p25-a04 | s1000-p400-a04 | s250-p100-a04 | s4000-p100-a04,-1512145598 | -1512145598 | -1512145598 | -1512145598 | -1512145598 | -1512145598 | -1512145598 | 1589551454
5b,7477558325145,s1000-p0-a04 | s1000-p100-a0 | s1000-p100-a04 | s1000-p100-a16 | s1000-p25-a04 | s1000-p400-a04 | s250-p100-a04 | s4000-p100-a04,1589551454 | 1589551454 | 1589551454 | 1589551454 | 1589551454 | 1589551454 | -1512145598 | 1589551454
5b,7477558325146,s1000-p0-a04 | s1000-p100-a0 | s1000-p100-a04 | s1000-p100-a16 | s1000-p25-a04 | s1000-p400-a04 | s250-p100-a04 | s4000-p100-a04,-1512145598 | -1512145598 | -1512145598 | -1512145598 | -1512145598 | -1512145598 | -1512145598 | 1589551454
5b,7477558325147,s1000-p0-a04 | s1000-p100-a0 | s1000-p100-a04 | s1000-p100-a16 | s1000-p25-a04 | s1000-p400-a04 | s250-p100-a04 | s4000-p100-a04,1589551454 | 1589551454 | 1589551454 | 1589551454 | 1589551454 | 1589551454 | -1512145598 | 1589551454
5b,7477558325148,s1000-p0-a04 | s1000-p100-a0 | s1000-p100-a04 | s1000-p100-a16 | s1000-p25-a04 | s1000-p400-a04 | s250-p100-a04 | s4000-p100-a04,1589551454 | 1589551454 | 1589551454 | 1589551454 | 1589551454 | 1589551454 | -1512145598 | 1589551454
5b,7477558325150,s1000-p0-a04 | s1000-p100-a0 | s1000-p100-a04 | s1000-p100-a16 | s1000-p25-a04 | s1000-p400-a04 | s250-p100-a04 | s4000-p100-a04,-1512145598 | -1512145598 | -1512145598 | -1512145598 | -1512145598 | -1512145598 | -1512145598 | 1589551454
5b,7477558325151,s1000-p0-a04 | s1000-p100-a0 | s1000-p100-a04 | s1000-p100-a16 | s1000-p25-a04 | s1000-p400-a04 | s250-p100-a04 | s4000-p100-a04,1589551454 | 1589551454 | 1589551454 | 1589551454 | 1589551454 | 1589551454 | -1512145598 | 1589551454
7c,7748141264468,s1000-p0-a04 | s1000-p100-a0 | s1000-p100-a04 | s1000-p100-a16 | s1000-p25-a04 | s1000-p400-a04 | s250-p100-a04 | s4000-p100-a04,52935710 | 52935710 | -399731567 | -1004347469 | 52935710 | -1004347469 | -399731567 | -399731567
7c,7748141264469,s1000-p0-a04 | s1000-p100-a0 | s1000-p100-a04 | s1000-p100-a16 | s1000-p25-a04 | s1000-p400-a04 | s250-p100-a04 | s4000-p100-a04,1723747105 | -1004347469 | -1004347469 | -1004347469 | -1004347469 | -1004347469 | -399731567 | -399731567
7c,7748141264470,s1000-p0-a04 | s1000-p100-a0 | s1000-p100-a04 | s1000-p100-a16 | s1000-p25-a04 | s1000-p400-a04 | s250-p100-a04 | s4000-p100-a04,-1004347469 | -1004347469 | -1004347469 | -1004347469 | -1004347469 | -1004347469 | -1004347469 | -399731567
7c,7748141264472,s1000-p0-a04 | s1000-p100-a0 | s1000-p100-a04 | s1000-p100-a16 | s1000-p25-a04 | s1000-p400-a04 | s250-p100-a04 | s4000-p100-a04,52935710 | 52935710 | -399731567 | -1004347469 | 1552020490 | -1004347469 | -1004347469 | -399731567
7c,7748141264473,s1000-p0-a04 | s1000-p100-a0 | s1000-p100-a04 | s1000-p100-a16 | s1000-p25-a04 | s1000-p400-a04 | s250-p100-a04 | s4000-p100-a04,1723747105 | -1004347469 | -1004347469 | -1004347469 | -1004347469 | -1004347469 | -399731567 | -399731567
7c,7748141264474,s1000-p0-a04 | s1000-p100-a0 | s1000-p100-a04 | s1000-p100-a16 | s1000-p25-a04 | s1000-p400-a04 | s250-p100-a04 | s4000-p100-a04,-1004347469 | -1004347469 | -1004347469 | -1004347469 | -1004347469 | -1004347469 | -1004347469 | -399731567
7c,7748141264475,s1000-p0-a04 | s1000-p100-a0 | s1000-p100-a04 | s1000-p100-a16 | s1000-p25-a04 | s1000-p400-a04 | s250-p100-a04 | s4000-p100-a04,52935710 | 52935710 | -1004347469 | -1004347469 | 1552020490 | -1004347469 | -1004347469 | -399731567
7c,7748141264477,s1000-p0-a04 | s1000-p100-a0 | s1000-p100-a04 | s1000-p100-a16 | s1000-p25-a04 | s1000-p400-a04 | s250-p100-a04 | s4000-p100-a04,52935710 | 52935710 | -399731567 | -399731567 | 52935710 | -399731567 | -1183213214 | -399731567
7c,7748141264478,s1000-p0-a04 | s1000-p100-a0 | s1000-p100-a04 | s1000-p100-a16 | s1000-p25-a04 | s1000-p400-a04 | s250-p100-a04 | s4000-p100-a04,52935710 | 52935710 | -1004347469 | -1004347469 | 52935710 | -1004347469 | 538787980 | -399731567
7c,7748141264479,s1000-p0-a04 | s1000-p100-a0 | s1000-p100-a04 | s1000-p100-a16 | s1000-p25-a04 | s1000-p400-a04 | s250-p100-a04 | s4000-p100-a04,1723747105 | -1004347469 | -1004347469 | -1004347469 | -1004347469 | -1004347469 | -399731567 | -399731567
8a,7872695316080,s1000-p0-a04 | s1000-p100-a0 | s1000-p100-a04 | s1000-p100-a16 | s1000-p25-a04 | s1000-p400-a04 | s250-p100-a04 | s4000-p100-a04,115582433 | -1762716238 | -1762716238 | -1762716238 | 115582433 | -1762716238 | -1762716238 | -1762716238
8a,7872695316081,s1000-p0-a04 | s1000-p100-a0 | s1000-p100-a04 | s1000-p100-a16 | s1000-p25-a04 | s1000-p400-a04 | s250-p100-a04 | s4000-p100-a04,115582433 | -1762716238 | -1762716238 | -1762716238 | -1762716238 | -1762716238 | -1762716238 | -1762716238
8a,7872695316083,s1000-p0-a04 | s1000-p100-a0 | s1000-p100-a04 | s1000-p100-a16 | s1000-p25-a04 | s1000-p400-a04 | s250-p100-a04 | s4000-p100-a04,115582433 | -1762716238 | -1762716238 | -1762716238 | -1762716238 | -1762716238 | -1762716238 | -1762716238
8a,7872695316088,s1000-p0-a04 | s1000-p100-a0 | s1000-p100-a04 | s1000-p100-a16 | s1000-p25-a04 | s1000-p400-a04 | s250-p100-a04 | s4000-p100-a04,115582433 | -1762716238 | -1762716238 | -1762716238 | -1762716238 | -1762716238 | -1762716238 | -1762716238
8a,7872695316090,s1000-p0-a04 | s1000-p100-a0 | s1000-p100-a04 | s1000-p100-a16 | s1000-p25-a04 | s1000-p400-a04 | s250-p100-a04 | s4000-p100-a04,115582433 | -1762716238 | -1762716238 | -1762716238 | -1762716238 | -1762716238 | -1762716238 | -1762716238
8a,7872695316091,s1000-p0-a04 | s1000-p100-a0 | s1000-p100-a04 | s1000-p100-a16 | s1000-p25-a04 | s1000-p400-a04 | s250-p100-a04 | s4000-p100-a04,115582433 | -1762716238 | -1762716238 | -1762716238 | -1762716238 | -1762716238 | -1762716238 | -1762716238
8a,7872695316092,s1000-p0-a04 | s1000-p100-a0 | s1000-p100-a04 | s1000-p100-a16 | s1000-p25-a04 | s1000-p400-a04 | s250-p100-a04 | s4000-p100-a04,115582433 | -1762716238 | -1762716238 | -1762716238 | -1762716238 | -1762716238 | -1762716238 | -1762716238
8a,7872695316093,s1000-p0-a04 | s1000-p100-a0 | s1000-p100-a04 | s1000-p100-a16 | s1000-p25-a04 | s1000-p400-a04 | s250-p100-a04 | s4000-p100-a04,115582433 | -1762716238 | -1762716238 | -1762716238 | -1762716238 | -1762716238 | -1762716238 | -1762716238
8a,7872695316094,s1000-p0-a04 | s1000-p100-a0 | s1000-p100-a04 | s1000-p100-a16 | s1000-p25-a04 | s1000-p400-a04 | s250-p100-a04 | s4000-p100-a04,115582433 | -1762716238 | -1762716238 | -1762716238 | -1762716238 | -1762716238 | -1762716238 | -1762716238
8a,7872695316095,s1000-p0-a04 | s1000-p100-a0 | s1000-p100-a04 | s1000-p100-a16 | s1000-p25-a04 | s1000-p400-a04 | s250-p100-a04 | s4000-p100-a04,115582433 | -1762716238 | -1762716238 | -1762716238 | -1762716238 | -1762716238 | -1762716238 | -1762716238
8b,7876990283376,s1000-p0-a04 | s1000-p100-a0 | s1000-p100-a04 | s1000-p100-a16 | s1000-p25-a04 | s1000-p400-a04 | s250-p100-a04 | s4000-p100-a04,1478161348 | -1987159524 | -1987159524 | -1718178947 | -1987159524 | -1718178947 | -387699444 | -1987159524
8b,7876990283378,s1000-p0-a04 | s1000-p100-a0 | s1000-p100-a04 | s1000-p100-a16 | s1000-p25-a04 | s1000-p400-a04 | s250-p100-a04 | s4000-p100-a04,1478161348 | -1987159524 | -1987159524 | -1718178947 | -1987159524 | -1718178947 | -1987159524 | -1987159524
8b,7876990283379,s1000-p0-a04 | s1000-p100-a0 | s1000-p100-a04 | s1000-p100-a16 | s1000-p25-a04 | s1000-p400-a04 | s250-p100-a04 | s4000-p100-a04,1478161348 | -1987159524 | -1987159524 | -1718178947 | -1987159524 | -1718178947 | -1718178947 | -1987159524
8b,7876990283384,s1000-p0-a04 | s1000-p100-a0 | s1000-p100-a04 | s1000-p100-a16 | s1000-p25-a04 | s1000-p400-a04 | s250-p100-a04 | s4000-p100-a04,1478161348 | -1987159524 | -1987159524 | -387699444 | -1987159524 | -387699444 | -387699444 | -1987159524
8b,7876990283385,s1000-p0-a04 | s1000-p100-a0 | s1000-p100-a04 | s1000-p100-a16 | s1000-p25-a04 | s1000-p400-a04 | s250-p100-a04 | s4000-p100-a04,1478161348 | -1987159524 | -1718178947 | -1718178947 | -1987159524 | -1718178947 | -387699444 | -1987159524
8b,7876990283387,s1000-p0-a04 | s1000-p100-a0 | s1000-p100-a04 | s1000-p100-a16 | s1000-p25-a04 | s1000-p400-a04 | s250-p100-a04 | s4000-p100-a04,1478161348 | -1987159524 | -1987159524 | -1718178947 | -1987159524 | -1718178947 | -1718178947 | -1987159524
8b,7876990283388,s1000-p0-a04 | s1000-p100-a0 | s1000-p100-a04 | s1000-p100-a16 | s1000-p25-a04 | s1000-p400-a04 | s250-p100-a04 | s4000-p100-a04,-1485134671 | -387699444 | -387699444 | -387699444 | -387699444 | -387699444 | -387699444 | -1987159524
8b,7876990283389,s1000-p0-a04 | s1000-p100-a0 | s1000-p100-a04 | s1000-p100-a16 | s1000-p25-a04 | s1000-p400-a04 | s250-p100-a04 | s4000-p100-a04,1478161348 | -1987159524 | 798450042 | -1718178947 | -1987159524 | -1718178947 | -387699444 | -1987159524
8b,7876990283390,s1000-p0-a04 | s1000-p100-a0 | s1000-p100-a04 | s1000-p100-a16 | s1000-p25-a04 | s1000-p400-a04 | s250-p100-a04 | s4000-p100-a04,-1485134671 | -387699444 | -387699444 | -387699444 | -387699444 | -387699444 | 798450042 | -1987159524
8b,7876990283391,s1000-p0-a04 | s1000-p100-a0 | s1000-p100-a04 | s1000-p100-a16 | s1000-p25-a04 | s1000-p400-a04 | s250-p100-a04 | s4000-p100-a04,1478161348 | -1718178947 | -1718178947 | -1718178947 | -1718178947 | -1718178947 | -1718178947 | -1987159524
8c,7881285250673,s1000-p0-a04 | s1000-p100-a0 | s1000-p100-a04 | s1000-p100-a16 | s1000-p25-a04 | s1000-p400-a04 | s250-p100-a04 | s4000-p100-a04,-388506810 | -388506810 | -388506810 | 1733352584 | -388506810 | 1733352584 | 1733352584 | 737600458
8c,7881285250674,s1000-p0-a04 | s1000-p100-a0 | s1000-p100-a04 | s1000-p100-a16 | s1000-p25-a04 | s1000-p400-a04 | s250-p100-a04 | s4000-p100-a04,-388506810 | -388506810 | 1733352584 | 1733352584 | -388506810 | 1733352584 | 1733352584 | 737600458
8c,7881285250675,s1000-p0-a04 | s1000-p100-a0 | s1000-p100-a04 | s1000-p100-a16 | s1000-p25-a04 | s1000-p400-a04 | s250-p100-a04 | s4000-p100-a04,-388506810 | -388506810 | -388506810 | 1733352584 | -388506810 | 1733352584 | 1733352584 | 1733352584
8c,7881285250680,s1000-p0-a04 | s1000-p100-a0 | s1000-p100-a04 | s1000-p100-a16 | s1000-p25-a04 | s1000-p400-a04 | s250-p100-a04 | s4000-p100-a04,-388506810 | -388506810 | 1733352584 | 1733352584 | -388506810 | 1733352584 | 233035150 | 737600458
8c,7881285250681,s1000-p0-a04 | s1000-p100-a0 | s1000-p100-a04 | s1000-p100-a16 | s1000-p25-a04 | s1000-p400-a04 | s250-p100-a04 | s4000-p100-a04,-388506810 | -388506810 | 1733352584 | 1733352584 | -388506810 | 1733352584 | 233035150 | 737600458
8c,7881285250682,s1000-p0-a04 | s1000-p100-a0 | s1000-p100-a04 | s1000-p100-a16 | s1000-p25-a04 | s1000-p400-a04 | s250-p100-a04 | s4000-p100-a04,-388506810 | -388506810 | -388506810 | 1733352584 | -388506810 | 1733352584 | 1733352584 | 737600458
8c,7881285250684,s1000-p0-a04 | s1000-p100-a0 | s1000-p100-a04 | s1000-p100-a16 | s1000-p25-a04 | s1000-p400-a04 | s250-p100-a04 | s4000-p100-a04,-388506810 | -388506810 | -388506810 | 1733352584 | -388506810 | 1733352584 | 1733352584 | 737600458
8c,7881285250685,s1000-p0-a04 | s1000-p100-a0 | s1000-p100-a04 | s1000-p100-a16 | s1000-p25-a04 | s1000-p400-a04 | s250-p100-a04 | s4000-p100-a04,-388506810 | -388506810 | -388506810 | 1733352584 | -388506810 | 1733352584 | 1733352584 | 737600458
8c,7881285250686,s1000-p0-a04 | s1000-p100-a0 | s1000-p100-a04 | s1000-p100-a16 | s1000-p25-a04 | s1000-p400-a04 | s250-p100-a04 | s4000-p100-a04,-388506810 | -388506810 | -388506810 | 1733352584 | -388506810 | 1733352584 | 1733352584 | 1733352584
8c,7881285250687,s1000-p0-a04 | s1000-p100-a0 | s1000-p100-a04 | s1000-p100-a16 | s1000-p25-a04 | s1000-p400-a04 | s250-p100-a04 | s4000-p100-a04,-388506810 | -388506810 | -388506810 | 1733352584 | -388506810 | 1733352584 | 1733352584 | 737600458
8d,7885580217972,s1000-p0-a04 | s1000-p100-a0 | s1000-p100-a04 | s1000-p100-a16 | s1000-p25-a04 | s1000-p400-a04 | s250-p100-a04 | s4000-p100-a04,-1012298996 | -1012298996 | -1012298996 | 1142152349 | -1012298996 | 1142152349 | 1142152349 | 1460871818
8d,7885580217973,s1000-p0-a04 | s1000-p100-a0 | s1000-p100-a04 | s1000-p100-a16 | s1000-p25-a04 | s1000-p400-a04 | s250-p100-a04 | s4000-p100-a04,-1012298996 | -1012298996 | -1012298996 | 1142152349 | -1012298996 | 1142152349 | 1142152349 | 1460871818
8d,7885580217974,s1000-p0-a04 | s1000-p100-a0 | s1000-p100-a04 | s1000-p100-a16 | s1000-p25-a04 | s1000-p400-a04 | s250-p100-a04 | s4000-p100-a04,-1012298996 | -1012298996 | -1012298996 | 1142152349 | -1012298996 | 1142152349 | 1142152349 | 1460871818
8d,7885580217976,s1000-p0-a04 | s1000-p100-a0 | s1000-p100-a04 | s1000-p100-a16 | s1000-p25-a04 | s1000-p400-a04 | s250-p100-a04 | s4000-p100-a04,-1012298996 | -1012298996 | -1012298996 | 1142152349 | -1012298996 | 1142152349 | 1142152349 | 1460871818
8d,7885580217977,s1000-p0-a04 | s1000-p100-a0 | s1000-p100-a04 | s1000-p100-a16 | s1000-p25-a04 | s1000-p400-a04 | s250-p100-a04 | s4000-p100-a04,-1012298996 | -1012298996 | -1012298996 | 1142152349 | -1012298996 | 1142152349 | 1142152349 | 1460871818
8d,7885580217978,s1000-p0-a04 | s1000-p100-a0 | s1000-p100-a04 | s1000-p100-a16 | s1000-p25-a04 | s1000-p400-a04 | s250-p100-a04 | s4000-p100-a04,-1012298996 | -1012298996 | 1142152349 | 1142152349 | -1012298996 | 1142152349 | 1142152349 | 1460871818
8d,7885580217979,s1000-p0-a04 | s1000-p100-a0 | s1000-p100-a04 | s1000-p100-a16 | s1000-p25-a04 | s1000-p400-a04 | s250-p100-a04 | s4000-p100-a04,-1012298996 | -1012298996 | -1012298996 | 1142152349 | -1012298996 | 1142152349 | 1142152349 | 1460871818
8d,7885580217981,s1000-p0-a04 | s1000-p100-a0 | s1000-p100-a04 | s1000-p100-a16 | s1000-p25-a04 | s1000-p400-a04 | s250-p100-a04 | s4000-p100-a04,-1012298996 | -1012298996 | 1142152349 | 1142152349 | -1012298996 | 1142152349 | 1142152349 | 1460871818
8d,7885580217982,s1000-p0-a04 | s1000-p100-a0 | s1000-p100-a04 | s1000-p100-a16 | s1000-p25-a04 | s1000-p400-a04 | s250-p100-a04 | s4000-p100-a04,-1012298996 | -1012298996 | -1012298996 | 1142152349 | -1012298996 | 1142152349 | 1142152349 | 1142152349
8d,7885580217983,s1000-p0-a04 | s1000-p100-a0 | s1000-p100-a04 | s1000-p100-a16 | s1000-p25-a04 | s1000-p400-a04 | s250-p100-a04 | s4000-p100-a04,-1012298996 | -1012298996 | -1012298996 | 1142152349 | -1012298996 | 1142152349 | 1142152349 | 1460871818
9a,8005839302160,s1000-p0-a04 | s1000-p100-a0 | s1000-p100-a04 | s1000-p100-a16 | s1000-p25-a04 | s1000-p400-a04 | s250-p100-a04 | s4000-p100-a04,403009818 | 2029736178 | 1576652456 | 1576652456 | 2029736178 | 1576652456 | 1576652456 | 2029736178
9a,8005839302161,s1000-p0-a04 | s1000-p100-a0 | s1000-p100-a04 | s1000-p100-a16 | s1000-p25-a04 | s1000-p400-a04 | s250-p100-a04 | s4000-p100-a04,403009818 | 2029736178 | 1576652456 | 1576652456 | 2029736178 | 1576652456 | 1576652456 | 2029736178
9a,8005839302162,s1000-p0-a04 | s1000-p100-a0 | s1000-p100-a04 | s1000-p100-a16 | s1000-p25-a04 | s1000-p400-a04 | s250-p100-a04 | s4000-p100-a04,403009818 | 2029736178 | 1576652456 | 1576652456 | 2029736178 | 1576652456 | 1576652456 | 2029736178
9a,8005839302169,s1000-p0-a04 | s1000-p100-a0 | s1000-p100-a04 | s1000-p100-a16 | s1000-p25-a04 | s1000-p400-a04 | s250-p100-a04 | s4000-p100-a04,403009818 | 2029736178 | 1576652456 | 1576652456 | 2029736178 | 1576652456 | 1399494282 | 2029736178
9a,8005839302170,s1000-p0-a04 | s1000-p100-a0 | s1000-p100-a04 | s1000-p100-a16 | s1000-p25-a04 | s1000-p400-a04 | s250-p100-a04 | s4000-p100-a04,403009818 | 2029736178 | 1576652456 | 1576652456 | 2029736178 | 1576652456 | 1576652456 | 2029736178
9a,8005839302171,s1000-p0-a04 | s1000-p100-a0 | s1000-p100-a04 | s1000-p100-a16 | s1000-p25-a04 | s1000-p400-a04 | s250-p100-a04 | s4000-p100-a04,403009818 | 523020579 | 1702002598 | 1702002598 | 2029736178 | 1702002598 | 1576652456 | 2029736178
9a,8005839302172,s1000-p0-a04 | s1000-p100-a0 | s1000-p100-a04 | s1000-p100-a16 | s1000-p25-a04 | s1000-p400-a04 | s250-p100-a04 | s4000-p100-a04,403009818 | 2029736178 | 1576652456 | 1576652456 | 2029736178 | 1576652456 | 1576652456 | 1576652456
9a,8005839302173,s1000-p0-a04 | s1000-p100-a0 | s1000-p100-a04 | s1000-p100-a16 | s1000-p25-a04 | s1000-p400-a04 | s250-p100-a04 | s4000-p100-a04,403009818 | 2029736178 | 1576652456 | 1576652456 | 2029736178 | 1576652456 | 1576652456 | 2029736178
9a,8005839302174,s1000-p0-a04 | s1000-p100-a0 | s1000-p100-a04 | s1000-p100-a16 | s1000-p25-a04 | s1000-p400-a04 | s250-p100-a04 | s4000-p100-a04,403009818 | 2029736178 | 1576652456 | 1576652456 | 2029736178 | 1576652456 | 1576652456 | 2029736178
9a,8005839302175,s1000-p0-a04 | s1000-p100-a0 | s1000-p100-a04 | s1000-p100-a16 | s1000-p25-a04 | s1000-p400-a04 | s250-p100-a04 | s4000-p100-a04,403009818 | 2029736178 | 1576652456 | 1576652456 | 2029736178 | 1576652456 | 1576652456 | 2029736178
9b,8010134269456,s1000-p0-a04 | s1000-p100-a0 | s1000-p100-a04 | s1000-p100-a16 | s1000-p25-a04 | s1000-p400-a04 | s250-p100-a04 | s4000-p100-a04,1524708452 | -1597619169 | 1750536935 | -4751552 | 1556140202 | -4751552 | 140277402 | 1556140202
9b,8010134269457,s1000-p0-a04 | s1000-p100-a0 | s1000-p100-a04 | s1000-p100-a16 | s1000-p25-a04 | s1000-p400-a04 | s250-p100-a04 | s4000-p100-a04,1524708452 | 1556140202 | 140277402 | 140277402 | 1556140202 | 140277402 | -1921967388 | 1556140202
9b,8010134269459,s1000-p0-a04 | s1000-p100-a0 | s1000-p100-a04 | s1000-p100-a16 | s1000-p25-a04 | s1000-p400-a04 | s250-p100-a04 | s4000-p100-a04,1524708452 | 1556140202 | 140277402 | 140277402 | 1556140202 | 140277402 | 140277402 | 1556140202
9b,8010134269464,s1000-p0-a04 | s1000-p100-a0 | s1000-p100-a04 | s1000-p100-a16 | s1000-p25-a04 | s1000-p400-a04 | s250-p100-a04 | s4000-p100-a04,1524708452 | 140277402 | 140277402 | 140277402 | 140277402 | 140277402 | 140277402 | 1556140202
9b,8010134269466,s1000-p0-a04 | s1000-p100-a0 | s1000-p100-a04 | s1000-p100-a16 | s1000-p25-a04 | s1000-p400-a04 | s250-p100-a04 | s4000-p100-a04,1524708452 | -75107825 | -4751552 | -4751552 | -4751552 | -4751552 | 140277402 | 1556140202
9b,8010134269467,s1000-p0-a04 | s1000-p100-a0 | s1000-p100-a04 | s1000-p100-a16 | s1000-p25-a04 | s1000-p400-a04 | s250-p100-a04 | s4000-p100-a04,1524708452 | 140277402 | 140277402 | 140277402 | 1556140202 | 140277402 | 140277402 | 1556140202
9b,8010134269468,s1000-p0-a04 | s1000-p100-a0 | s1000-p100-a04 | s1000-p100-a16 | s1000-p25-a04 | s1000-p400-a04 | s250-p100-a04 | s4000-p100-a04,1524708452 | 1556140202 | 140277402 | 140277402 | 1556140202 | 140277402 | -4751552 | 1556140202
9b,8010134269469,s1000-p0-a04 | s1000-p100-a0 | s1000-p100-a04 | s1000-p100-a16 | s1000-p25-a04 | s1000-p400-a04 | s250-p100-a04 | s4000-p100-a04,1524708452 | 140277402 | 140277402 | 140277402 | 140277402 | 140277402 | -4751552 | 1556140202
9b,8010134269470,s1000-p0-a04 | s1000-p100-a0 | s1000-p100-a04 | s1000-p100-a16 | s1000-p25-a04 | s1000-p400-a04 | s250-p100-a04 | s4000-p100-a04,1524708452 | 1556140202 | 140277402 | 140277402 | 1556140202 | 140277402 | 140277402 | 1556140202
9b,8010134269471,s1000-p0-a04 | s1000-p100-a0 | s1000-p100-a04 | s1000-p100-a16 | s1000-p25-a04 | s1000-p400-a04 | s250-p100-a04 | s4000-p100-a04,1524708452 | 140277402 | 140277402 | 140277402 | 140277402 | 140277402 | 140277402 | 1556140202
9c,8014429236752,s1000-p0-a04 | s1000-p100-a0 | s1000-p100-a04 | s1000-p100-a16 | s1000-p25-a04 | s1000-p400-a04 | s250-p100-a04 | s4000-p100-a04,-305338705 | 659609918 | 659609918 | 659609918 | 659609918 | 659609918 | 906638406 | 659609918
9c,8014429236754,s1000-p0-a04 | s1000-p100-a0 | s1000-p100-a04 | s1000-p100-a16 | s1000-p25-a04 | s1000-p400-a04 | s250-p100-a04 | s4000-p100-a04,-305338705 | 841077701 | 906638406 | 906638406 | 841077701 | 906638406 | 906638406 | 906638406
9c,8014429236755,s1000-p0-a04 | s1000-p100-a0 | s1000-p100-a04 | s1000-p100-a16 | s1000-p25-a04 | s1000-p400-a04 | s250-p100-a04 | s4000-p100-a04,-294239528 | 841077701 | 906638406 | 906638406 | 906638406 | 906638406 | 659609918 | 906638406
9c,8014429236760,s1000-p0-a04 | s1000-p100-a0 | s1000-p100-a04 | s1000-p100-a16 | s1000-p25-a04 | s1000-p400-a04 | s250-p100-a04 | s4000-p100-a04,-305338705 | 841077701 | 906638406 | 906638406 | 906638406 | 906638406 | 841077701 | 906638406
9c,8014429236761,s1000-p0-a04 | s1000-p100-a0 | s1000-p100-a04 | s1000-p100-a16 | s1000-p25-a04 | s1000-p400-a04 | s250-p100-a04 | s4000-p100-a04,-294239528 | 659609918 | 659609918 | 659609918 | 659609918 | 659609918 | 841077701 | 906638406
9c,8014429236763,s1000-p0-a04 | s1000-p100-a0 | s1000-p100-a04 | s1000-p100-a16 | s1000-p25-a04 | s1000-p400-a04 | s250-p100-a04 | s4000-p100-a04,-305338705 | 659609918 | 659609918 | 659609918 | 659609918 | 659609918 | 841077701 | 659609918
9c,8014429236764,s1000-p0-a04 | s1000-p100-a0 | s1000-p100-a04 | s1000-p100-a16 | s1000-p25-a04 | s1000-p400-a04 | s250-p100-a04 | s4000-p100-a04,-294239528 | 906638406 | 906638406 | 906638406 | 906638406 | 906638406 | 659609918 | 906638406
9c,8014429236765,s1000-p0-a04 | s1000-p100-a0 | s1000-p100-a04 | s1000-p100-a16 | s1000-p25-a04 | s1000-p400-a04 | s250-p100-a04 | s4000-p100-a04,-294239528 | 906638406 | 906638406 | 659609918 | 906638406 | 659609918 | 659609918 | 906638406
9c,8014429236766,s1000-p0-a04 | s1000-p100-a0 | s1000-p100-a04 | s1000-p100-a16 | s1000-p25-a04 | s1000-p400-a04 | s250-p100-a04 | s4000-p100-a04,-305338705 | 659609918 | 659609918 | 659609918 | 659609918 | 659609918 | 906638406 | 906638406
9c,8014429236767,s1000-p0-a04 | s1000-p100-a0 | s1000-p100-a04 | s1000-p100-a16 | s1000-p25-a04 | s1000-p400-a04 | s250-p100-a04 | s4000-p100-a04,1405744561 | 659609918 | 659609918 | 659609918 | 659609918 | 659609918 | 906638406 | 906638406
9d,8018724204049,s1000-p0-a04 | s1000-p100-a0 | s1000-p100-a04 | s1000-p100-a16 | s1000-p25-a04 | s1000-p400-a04 | s250-p100-a04 | s4000-p100-a04,-1708131848 | -1708131848 | -1708131848 | 969253244 | -1708131848 | 969253244 | 969253244 | -1708131848
9d,8018724204050,s1000-p0-a04 | s1000-p100-a0 | s1000-p100-a04 | s1000-p100-a16 | s1000-p25-a04 | s1000-p400-a04 | s250-p100-a04 | s4000-p100-a04,-1708131848 | -1708131848 | -1708131848 | 969253244 | -1708131848 | 969253244 | 969253244 | -1708131848
9d,8018724204051,s1000-p0-a04 | s1000-p100-a0 | s1000-p100-a04 | s1000-p100-a16 | s1000-p25-a04 | s1000-p400-a04 | s250-p100-a04 | s4000-p100-a04,-1708131848 | -1708131848 | -1708131848 | 969253244 | -1708131848 | 969253244 | 969253244 | -1708131848
9d,8018724204056,s1000-p0-a04 | s1000-p100-a0 | s1000-p100-a04 | s1000-p100-a16 | s1000-p25-a04 | s1000-p400-a04 | s250-p100-a04 | s4000-p100-a04,-1708131848 | -1708131848 | -1708131848 | 969253244 | -1708131848 | 969253244 | 969253244 | -1708131848
9d,8018724204057,s1000-p0-a04 | s1000-p100-a0 | s1000-p100-a04 | s1000-p100-a16 | s1000-p25-a04 | s1000-p400-a04 | s250-p100-a04 | s4000-p100-a04,-1708131848 | -1708131848 | -1708131848 | 969253244 | -1708131848 | 969253244 | 969253244 | -1708131848
9d,8018724204058,s1000-p0-a04 | s1000-p100-a0 | s1000-p100-a04 | s1000-p100-a16 | s1000-p25-a04 | s1000-p400-a04 | s250-p100-a04 | s4000-p100-a04,-1708131848 | -1708131848 | -1708131848 | 969253244 | -1708131848 | 969253244 | 969253244 | -1708131848
9d,8018724204060,s1000-p0-a04 | s1000-p100-a0 | s1000-p100-a04 | s1000-p100-a16 | s1000-p25-a04 | s1000-p400-a04 | s250-p100-a04 | s4000-p100-a04,-1708131848 | -1708131848 | -1708131848 | 969253244 | -1708131848 | 969253244 | 969253244 | -1708131848
9d,8018724204061,s1000-p0-a04 | s1000-p100-a0 | s1000-p100-a04 | s1000-p100-a16 | s1000-p25-a04 | s1000-p400-a04 | s250-p100-a04 | s4000-p100-a04,-1708131848 | -1708131848 | -1708131848 | 969253244 | -1708131848 | 969253244 | 969253244 | -1708131848
9d,8018724204062,s1000-p0-a04 | s1000-p100-a0 | s1000-p100-a04 | s1000-p100-a16 | s1000-p25-a04 | s1000-p400-a04 | s250-p100-a04 | s4000-p100-a04,-1708131848 | -1708131848 | -1708131848 | 969253244 | -1708131848 | 969253244 | 969253244 | -1708131848
9d,8018724204063,s1000-p0-a04 | s1000-p100-a0 | s1000-p100-a04 | s1000-p100-a16 | s1000-p25-a04 | s1000-p400-a04 | s250-p100-a04 | s4000-p100-a04,-1708131848 | -1708131848 | -1708131848 | 969253244 | -1708131848 | 969253244 | 969253244 | -1708131848
