Query Name,Sample Seed,Condition,Base Mode,Estimator Policy,Sample Budget,Prior Size,Variance Alpha,Tail Pseudo-count,Conservative Lower Bound,Baseline,Worker Rewarmed,Status,Planning Time (ms),Execution Time (ms),Charged Execution Time (ms),Slowdown,Catastrophe,Plan Hash
32b,217578768559282,s250-p100-a04,shrink-only,shrink,250,100.0,0.4,0.0,false,false,false,ok,11.491,51.22,51.22,0.36056964654037577,false,-239234728
4a,7340119371772,s1000-p0-a04,shrink-only,shrink,1000,0.0,0.4,0.0,false,false,false,ok,8.75,753.421,753.421,0.9949836209976105,false,-1202259619
6b,7610702311357,s1000-p25-a04,shrink-only,shrink,1000,25.0,0.4,0.0,false,false,false,ok,64.688,4.2,4.2,1.00647016534867,false,1482096114
27b,214117024918508,s1000-p100-a16,shrink-only,shrink,1000,100.0,1.6,0.0,false,false,false,ok,69.106,5.942,5.942,1.0184248864512813,false,-1505844372
11b,209190697408275,s1000-p25-a04,shrink-only,shrink,1000,25.0,0.4,0.0,false,false,false,ok,11.742,2.067,2.067,1.0505717916137232,false,898037380
14b,209590129366990,s1000-p100-a16,shrink-only,shrink,1000,100.0,1.6,0.0,false,false,false,ok,21.978,37.674,37.674,1.0194423022283556,false,1297441228
9c,8014429236763,s1000-p100-a16,shrink-only,shrink,1000,100.0,1.6,0.0,false,false,false,ok,123.382,732.559,732.559,1.1013581320666355,false,659609918
27a,214112729951213,s250-p100-a04,shrink-only,shrink,250,100.0,0.4,0.0,false,false,false,ok,82.319,18.227,18.227,1.0360370601943956,false,704699266
23c,213588743940883,s1000-p25-a04,shrink-only,shrink,1000,25.0,0.4,0.0,false,false,false,ok,26.726,893.168,893.168,0.963547431490963,false,-1576721678
3b,7211270352862,s4000-p100-a04,shrink-only,shrink,4000,100.0,0.4,0.0,false,false,false,ok,26.372,4.128,4.128,0.5690653432588917,false,113844438
11d,209199287342869,s1000-p25-a04,shrink-only,shrink,1000,25.0,0.4,0.0,false,false,false,ok,14.972,212.558,212.558,0.9532774827784156,false,2003817464
8b,7876990283387,s4000-p100-a04,shrink-only,shrink,4000,100.0,0.4,0.0,false,false,false,ok,276.489,145.12,145.12,0.7138359830001575,false,-1987159524
12b,209323841394480,s250-p100-a04,shrink-only,shrink,250,100.0,0.4,0.0,false,false,false,ok,10.79,1.396,1.396,1.039463886820551,false,466548996
32a,217574473591987,s250-p100-a04,shrink-only,shrink,250,100.0,0.4,0.0,false,false,false,ok,17.702,0.257,0.257,1.3012658227848102,false,1765267761
19d,210264439232109,s250-p100-a04,shrink-only,shrink,250,100.0,0.4,0.0,false,false,false,ok,24.419,2996.339,2996.339,0.5159722350177048,false,-1246359705
24b,213717592959793,s1000-p400-a04,shrink-only,shrink,1000,400.0,0.4,0.0,false,false,false,ok,132.661,1.96,1.96,1.102052291256677,false,644596804
9a,8005839302169,s1000-p100-a0,shrink-only,shrink,1000,100.0,0.0,0.0,false,false,false,ok,98.528,464.19,464.19,0.9458122658722923,false,2029736178
27b,214117024918508,s1000-p100-a04,shrink-only,shrink,1000,100.0,0.4,0.0,false,true,false,ok,68.395,5.768,5.768,0.9886022795440911,false,1728540501
12b,209323841394480,s1000-p25-a04,shrink-only,shrink,1000,25.0,0.4,0.0,false,false,false,ok,20.949,1.359,1.359,1.0119136262099777,false,466548996
25c,213855031913425,s4000-p100-a04,shrink-only,shrink,4000,100.0,0.4,0.0,false,false,false,ok,292.988,914.564,914.564,1.029894118077628,false,35421457
30c,217316775554295,s1000-p100-a16,shrink-only,shrink,1000,100.0,1.6,0.0,false,false,false,ok,126.582,587.835,587.835,0.7358929901540426,false,-804478301
11a,209186402440976,s1000-p0-a04,shrink-only,shrink,1000,0.0,0.4,0.0,false,false,false,ok,16.562,14.395,14.395,0.9655565616929939,false,-1055439248
22b,213451304987507,s1000-p0-a04,shrink-only,shrink,1000,0.0,0.4,0.0,false,false,false,ok,34.546,115.79,115.79,0.2433173874533628,false,-2145268623
8a,7872695316088,s1000-p0-a04,shrink-only,shrink,1000,0.0,0.4,0.0,false,false,false,ok,77.359,72.161,72.161,0.7576912576912577,false,115582433
9a,8005839302169,s4000-p100-a04,shrink-only,shrink,4000,100.0,0.4,0.0,false,false,false,ok,371.629,465.881,465.881,0.9492577699580976,false,2029736178
5b,7477558325148,s1000-p25-a04,shrink-only,shrink,1000,25.0,0.4,0.0,false,false,false,ok,7.128,327.124,327.124,1.245373022958334,false,1589551454
5a,7473263357853,s1000-p100-a0,shrink-only,shrink,1000,100.0,0.0,0.0,false,false,false,ok,12.157,151.071,151.071,0.9876600515826187,false,414652499
10a,209053258454899,s4000-p100-a04,shrink-only,shrink,4000,100.0,0.4,0.0,false,false,false,ok,411.612,294.456,294.456,0.9328545337327202,false,1718403736
22a,213447010020208,s4000-p100-a04,shrink-only,shrink,4000,100.0,0.4,0.0,false,false,false,ok,85.569,411.518,411.518,0.8731152726960258,false,-2145268623
30a,217308185619701,s1000-p100-a0,shrink-only,shrink,1000,100.0,0.0,0.0,false,false,false,ok,115.512,716.67,716.67,0.9115317987448901,false,1041678136
23a,213580154006289,s1000-p0-a04,shrink-only,shrink,1000,0.0,0.4,0.0,false,false,false,ok,25.015,349.03,349.03,0.922862956054082,false,-645930611
1c,6949277347587,s1000-p25-a04,shrink-only,shrink,1000,25.0,0.4,0.0,false,false,false,ok,6.689,1.019,1.019,0.943081906524757,false,686382736
13b,209456985380817,s1000-p0-a04,shrink-only,shrink,1000,0.0,0.4,0.0,false,false,false,ok,21.193,712.51,712.51,2.1161065374152086,false,876197618
24a,213713297992462,s1000-p25-a04,shrink-only,shrink,1000,25.0,0.4,0.0,false,false,false,ok,118.512,112.147,112.147,0.7964561546792607,false,499733213
4c,7348709306366,s1000-p100-a16,shrink-only,shrink,1000,100.0,1.6,0.0,false,false,false,ok,8.445,1385.009,1385.009,0.9519495421908513,false,1192923874
21b,213318161001298,s1000-p0-a04,shrink-only,shrink,1000,0.0,0.4,0.0,false,false,false,ok,24.262,13.102,13.102,1.0092824403959482,false,832297807
11c,209194992375570,s4000-p100-a04,shrink-only,shrink,4000,100.0,0.4,0.0,false,false,false,ok,109.889,363.935,363.935,0.7231959843531258,false,212006990
15b,209723273353199,s4000-p100-a04,shrink-only,shrink,4000,100.0,0.4,0.0,false,false,false,ok,113.635,6.12,6.12,0.7054348452538759,false,-347771581
31c,217449919540372,s1000-p100-a16,shrink-only,shrink,1000,100.0,1.6,0.0,false,false,false,ok,135.146,208.635,208.635,0.9209001767778756,false,1982821986
16d,209865007273870,s1000-p0-a04,shrink-only,shrink,1000,0.0,0.4,0.0,false,false,false,ok,78.551,346.683,346.683,1.1556311865717537,false,719404660
14b,209590129366990,s250-p100-a04,shrink-only,shrink,250,100.0,0.4,0.0,false,false,false,ok,8.547,36.592,36.592,0.9901638457063224,false,1297441228
8d,7885580217981,s1000-p0-a04,shrink-only,shrink,1000,0.0,0.4,0.0,false,false,false,ok,69.695,517.73,517.73,0.8547270999817574,false,-1012298996
21b,213318161001298,s1000-p100-a0,shrink-only,shrink,1000,100.0,0.0,0.0,false,false,false,ok,24.832,13.278,13.278,1.022840195663059,false,405046416
33b,217711912546131,s1000-p100-a04,shrink-only,shrink,1000,100.0,0.4,0.0,false,true,false,ok,94.162,3.766,3.766,0.9437413857912542,false,-1992524807
8b,7876990283387,s1000-p100-a16,shrink-only,shrink,1000,100.0,1.6,0.0,false,false,false,ok,56.183,144.289,144.289,0.7097483472375256,false,-1718178947
29c,214387607858093,s1000-p400-a04,shrink-only,shrink,1000,400.0,0.4,0.0,false,false,false,ok,937.682,81.454,81.454,1.2478017096112013,false,2081534655
19d,210264439232109,s1000-p100-a0,shrink-only,shrink,1000,100.0,0.0,0.0,false,false,false,ok,74.852,5374.191,5374.191,0.9254404597350413,false,-1211980585
27b,214117024918508,s1000-p25-a04,shrink-only,shrink,1000,25.0,0.4,0.0,false,false,false,ok,68.563,6.137,6.137,1.0518467735024422,false,1728540501
16c,209860712306575,s1000-p25-a04,shrink-only,shrink,1000,25.0,0.4,0.0,false,false,false,ok,95.207,347.319,347.319,0.8615237693633805,false,719404660
19b,210255849297515,s1000-p0-a04,shrink-only,shrink,1000,0.0,0.4,0.0,false,false,false,ok,44.698,205.598,205.598,1.330081416524611,false,-1205520184
13b,209456985380817,s1000-p100-a04,shrink-only,shrink,1000,100.0,0.4,0.0,false,true,false,ok,14.161,683.283,683.283,2.029304323033608,false,876197618
31c,217449919540372,s1000-p0-a04,shrink-only,shrink,1000,0.0,0.4,0.0,false,false,false,ok,70.677,204.912,204.912,0.9044671173288665,false,-105956113
1c,6949277347587,s1000-p100-a16,shrink-only,shrink,1000,100.0,1.6,0.0,false,false,false,ok,7.38,1.117,1.117,1.033780657103193,false,686382736
32a,217574473591987,s4000-p100-a04,shrink-only,shrink,4000,100.0,0.4,0.0,false,false,false,ok,120.068,0.296,0.296,1.4987341772151896,false,1765267761
26c,213988175899598,s1000-p100-a0,shrink-only,shrink,1000,100.0,0.0,0.0,false,false,false,ok,137.871,355.19,355.19,1.031133741985772,false,628672308
24b,213717592959793,s1000-p0-a04,shrink-only,shrink,1000,0.0,0.4,0.0,false,false,false,ok,53.123,2.766,2.766,1.555243182457127,false,-11808397
3b,7211270352862,s1000-p100-a16,shrink-only,shrink,1000,100.0,1.6,0.0,false,false,false,ok,8.701,6.057,6.057,0.8349875930521092,false,129508754
18a,210118410344011,s1000-p100-a16,shrink-only,shrink,1000,100.0,1.6,0.0,false,false,false,ok,70.409,965.006,965.006,0.9852901687030905,false,-574815707
6b,7610702311357,s1000-p0-a04,shrink-only,shrink,1000,0.0,0.4,0.0,false,false,false,ok,9.955,3.922,3.922,0.9398514258327343,false,1482096114
8d,7885580217981,s4000-p100-a04,shrink-only,shrink,4000,100.0,0.4,0.0,false,false,false,ok,302.018,762.518,762.518,1.258850750050972,false,1460871818
7c,7748141264477,s1000-p100-a04,shrink-only,shrink,1000,100.0,0.4,0.0,false,true,false,ok,140.877,1399.376,1399.376,0.9375940524670389,false,-399731567
6a,7606407344058,s4000-p100-a04,shrink-only,shrink,4000,100.0,0.4,0.0,false,false,false,ok,223.324,4.8,4.8,1.222462753087992,false,-224470636
16d,209865007273870,s4000-p100-a04,shrink-only,shrink,4000,100.0,0.4,0.0,false,false,false,ok,345.548,281.801,281.801,0.9393538881546161,false,719404660
22d,213459894922101,s1000-p100-a0,shrink-only,shrink,1000,100.0,0.0,0.0,false,false,false,ok,44.741,5396.138,5396.138,8.932975427496338,false,1311334790
22a,213447010020208,s1000-p0-a04,shrink-only,shrink,1000,0.0,0.4,0.0,false,false,false,ok,33.29,355.362,355.362,0.7539694242677238,false,-2145268623
22d,213459894922101,s1000-p25-a04,shrink-only,shrink,1000,25.0,0.4,0.0,false,false,false,ok,41.783,4962.965,4962.965,8.215884099428957,false,1311334790
16c,209860712306575,s1000-p100-a04,shrink-only,shrink,1000,100.0,0.4,0.0,false,true,false,ok,20.295,348.06,348.06,0.8633618177082688,false,719404660
11d,209199287342869,s250-p100-a04,shrink-only,shrink,250,100.0,0.4,0.0,false,false,false,ok,6.558,200.676,200.676,0.8999892365097588,false,2003817464
6b,7610702311357,s1000-p100-a04,shrink-only,shrink,1000,100.0,0.4,0.0,false,true,false,ok,12.238,4.197,4.197,1.0057512580877066,false,1482096114
15a,209718978385900,s1000-p100-a0,shrink-only,shrink,1000,100.0,0.0,0.0,false,false,false,ok,45.607,822.244,822.244,1.8362165511927957,false,-93948010
19d,210264439232109,s1000-p0-a04,shrink-only,shrink,1000,0.0,0.4,0.0,false,false,false,ok,28.504,5195.541,5195.541,0.8946767711851433,false,-1211980585
10a,209053258454899,s1000-p100-a16,shrink-only,shrink,1000,100.0,1.6,0.0,false,false,false,ok,128.059,307.658,307.658,0.9746792734369183,false,1718403736
11d,209199287342869,s1000-p100-a04,shrink-only,shrink,1000,100.0,0.4,0.0,false,true,false,ok,15.651,227.582,227.582,1.0206569316877152,false,2003817464
29b,214383312890794,s4000-p100-a04,shrink-only,shrink,4000,100.0,0.4,0.0,false,false,false,ok,1151.294,2.611,2.611,0.9735272184936615,false,-665152500
23a,213580154006289,s4000-p100-a04,shrink-only,shrink,4000,100.0,0.4,0.0,false,false,false,ok,71.256,354.486,354.486,0.937289052057953,false,-1576721678
32b,217578768559282,s1000-p0-a04,shrink-only,shrink,1000,0.0,0.4,0.0,false,false,false,ok,19.737,133.361,133.361,0.938811570329384,false,1520237401
8c,7881285250682,s4000-p100-a04,shrink-only,shrink,4000,100.0,0.4,0.0,false,false,false,ok,306.715,4962.594,4962.594,1.0767424563279362,false,737600458
22d,213459894922101,s250-p100-a04,shrink-only,shrink,250,100.0,0.4,0.0,false,false,false,ok,25.32,590.953,590.953,0.9782864388948621,false,-438265046
21b,213318161001298,s4000-p100-a04,shrink-only,shrink,4000,100.0,0.4,0.0,false,false,false,ok,75.165,12.799,12.799,0.9859415321804105,false,405046416
2d,7086716301091,s1000-p100-a04,shrink-only,shrink,1000,100.0,0.4,0.0,false,true,false,ok,15.452,211.972,211.972,1.4658893660574124,false,321836810
16c,209860712306575,s1000-p400-a04,shrink-only,shrink,1000,400.0,0.4,0.0,false,false,false,ok,18.632,351.968,351.968,0.8730556003423087,false,719404660
16d,209865007273870,s1000-p400-a04,shrink-only,shrink,1000,400.0,0.4,0.0,false,false,false,ok,20.009,287.202,287.202,0.9573575515551118,false,719404660
27c,214121319885807,s1000-p25-a04,shrink-only,shrink,1000,25.0,0.4,0.0,false,false,false,ok,119.453,28.575,28.575,1.0907113002652822,false,-1273730499
23c,213588743940883,s1000-p400-a04,shrink-only,shrink,1000,400.0,0.4,0.0,false,false,false,ok,24.355,912.731,912.731,0.9846519475531793,false,1835492322
11c,209194992375570,s250-p100-a04,shrink-only,shrink,250,100.0,0.4,0.0,false,false,false,ok,6.595,642.673,642.673,1.277092153412495,false,1916526955
25c,213855031913425,s1000-p0-a04,shrink-only,shrink,1000,0.0,0.4,0.0,false,false,false,ok,73.224,896.176,896.176,1.009187318943602,false,35421457
8c,7881285250682,s1000-p400-a04,shrink-only,shrink,1000,400.0,0.4,0.0,false,false,false,ok,71.407,4475.069,4475.069,0.9709633283111617,false,1733352584
15d,209731863287697,s1000-p25-a04,shrink-only,shrink,1000,25.0,0.4,0.0,false,false,false,ok,60.738,554.403,554.403,1.099717931018067,false,-704972777
15d,209731863287697,s4000-p100-a04,shrink-only,shrink,4000,100.0,0.4,0.0,false,false,false,ok,114.942,488.458,488.458,0.9689089365483645,false,-704972777
13a,209452690413358,s1000-p100-a0,shrink-only,shrink,1000,100.0,0.0,0.0,false,false,false,ok,42.847,813.031,813.031,1.0658480182275347,false,1188104532
22d,213459894922101,s1000-p0-a04,shrink-only,shrink,1000,0.0,0.4,0.0,false,false,false,ok,43.768,5631.539,5631.539,9.322667342085635,false,1311334790
14b,209590129366990,s1000-p100-a0,shrink-only,shrink,1000,100.0,0.0,0.0,false,false,false,ok,21.614,37.784,37.784,1.0224188551095235,false,1297441228
11b,209190697408275,s1000-p400-a04,shrink-only,shrink,1000,400.0,0.4,0.0,false,false,false,ok,11.083,2.028,2.028,1.0307496823379925,false,898037380
31b,217445624573077,s1000-p0-a04,shrink-only,shrink,1000,0.0,0.4,0.0,false,false,false,ok,88.12,8.228,8.228,1.0126146083317948,false,-744571733
4c,7348709306366,s4000-p100-a04,shrink-only,shrink,4000,100.0,0.4,0.0,false,false,false,ok,28.322,1390.807,1390.807,0.9559346451364802,false,-430037632
23c,213588743940883,s1000-p100-a16,shrink-only,shrink,1000,100.0,1.6,0.0,false,false,false,ok,23.194,943.744,943.744,1.0181086953238443,false,1835492322
28a,214245873937290,s4000-p100-a04,shrink-only,shrink,4000,100.0,0.4,0.0,false,false,false,ok,224.551,683.053,683.053,1.2820918060418816,false,96586315
28a,214245873937290,s1000-p100-a04,shrink-only,shrink,1000,100.0,0.4,0.0,false,true,false,ok,237.515,812.264,812.264,1.5246211036959108,false,96586315
23c,213588743940883,s250-p100-a04,shrink-only,shrink,250,100.0,0.4,0.0,false,false,false,ok,15.027,881.354,881.354,0.950802517481914,false,1835492322
31c,217449919540372,s4000-p100-a04,shrink-only,shrink,4000,100.0,0.4,0.0,false,false,false,ok,473.878,225.915,225.915,0.9971728781689255,false,1346825370
18b,210122705311306,s1000-p25-a04,shrink-only,shrink,1000,25.0,0.4,0.0,false,false,false,ok,53.763,649.123,649.123,0.9973733641144228,false,-633376097
10a,209053258454899,s1000-p400-a04,shrink-only,shrink,1000,400.0,0.4,0.0,false,false,false,ok,12.616,348.061,348.061,1.1026784370688465,false,1718403736
32a,217574473591987,s1000-p25-a04,shrink-only,shrink,1000,25.0,0.4,0.0,false,false,false,ok,17.123,0.209,0.209,1.0582278481012657,false,-1917286155
9d,8018724204058,s1000-p100-a16,shrink-only,shrink,1000,100.0,1.6,0.0,false,false,false,ok,124.932,1273.696,1273.696,1.0757881036229517,false,969253244
18a,210118410344011,s1000-p25-a04,shrink-only,shrink,1000,25.0,0.4,0.0,false,false,false,ok,17.201,907.721,907.721,0.9268010532839568,false,-1701613315
17e,210002446227374,s4000-p100-a04,shrink-only,shrink,4000,100.0,0.4,0.0,false,false,false,ok,277.562,4413.923,4413.923,1.0720874823101871,false,-1125412742
29a,214379017923499,s1000-p25-a04,shrink-only,shrink,1000,25.0,0.4,0.0,false,false,false,ok,677.862,93.733,93.733,3.6650244379276633,false,186564313
29a,214379017923499,s1000-p400-a04,shrink-only,shrink,1000,400.0,0.4,0.0,false,false,false,ok,621.282,63.434,63.434,2.4803128054740955,false,-858518681
9b,8010134269464,s1000-p100-a0,shrink-only,shrink,1000,100.0,0.0,0.0,false,false,false,ok,89.414,475.371,475.371,0.9554418183042385,false,140277402
28c,214254463871884,s1000-p0-a04,shrink-only,shrink,1000,0.0,0.4,0.0,false,false,false,ok,128.177,1131.19,1131.19,2.2533149141005735,false,-1040088321
9c,8014429236763,s250-p100-a04,shrink-only,shrink,250,100.0,0.4,0.0,false,false,false,ok,27.565,628.652,628.652,0.9451402445945714,false,841077701
19b,210255849297515,s1000-p400-a04,shrink-only,shrink,1000,400.0,0.4,0.0,false,false,false,ok,14.87,150.689,150.689,0.974856946928847,false,-1402516586
22b,213451304987507,s4000-p100-a04,shrink-only,shrink,4000,100.0,0.4,0.0,false,false,false,ok,83.921,116.035,116.035,0.24383222258529189,false,-2145268623
3c,7215565320129,s1000-p100-a0,shrink-only,shrink,1000,100.0,0.0,0.0,false,false,false,ok,13.753,1271.396,1271.396,0.969147118885927,false,-1572305105
13d,209465575315411,s1000-p0-a04,shrink-only,shrink,1000,0.0,0.4,0.0,false,false,false,ok,26.431,2944.856,2944.856,0.9561535875289396,false,-2119720580
19d,210264439232109,s1000-p25-a04,shrink-only,shrink,1000,25.0,0.4,0.0,false,false,false,ok,30.195,5639.86,5639.86,0.9711888973133389,false,-1211980585
11a,209186402440976,s250-p100-a04,shrink-only,shrink,250,100.0,0.4,0.0,false,false,false,ok,10.424,16.021,16.021,1.0746218600127444,false,-1055439248
8c,7881285250682,s1000-p100-a16,shrink-only,shrink,1000,100.0,1.6,0.0,false,false,false,ok,16.67,4547.599,4547.599,0.9867002857083343,false,1733352584
15a,209718978385900,s1000-p25-a04,shrink-only,shrink,1000,25.0,0.4,0.0,false,false,false,ok,38.34,638.483,638.483,1.4258456762897993,false,-93948010
8c,7881285250682,s1000-p0-a04,shrink-only,shrink,1000,0.0,0.4,0.0,false,false,false,ok,13.923,4594.649,4594.649,0.9969088041908517,false,-388506810
6f,7627882180513,s1000-p0-a04,shrink-only,shrink,1000,0.0,0.4,0.0,false,false,false,ok,142.288,2777.688,2777.688,1.5752893388060656,false,1250717231
3c,7215565320129,s1000-p25-a04,shrink-only,shrink,1000,25.0,0.4,0.0,false,false,false,ok,15.279,1322.707,1322.707,1.008259958486772,false,-1572305105
4c,7348709306366,s250-p100-a04,shrink-only,shrink,250,100.0,0.4,0.0,false,false,false,ok,3.975,1492.097,1492.097,1.025553665033471,false,-430037632
5b,7477558325148,s1000-p0-a04,shrink-only,shrink,1000,0.0,0.4,0.0,false,false,false,ok,16.075,436.576,436.576,1.6620607869525246,false,1589551454
18a,210118410344011,s250-p100-a04,shrink-only,shrink,250,100.0,0.4,0.0,false,false,false,ok,29.919,947.173,947.173,0.9670823238000721,false,-574815707
2b,7078126366497,s1000-p0-a04,shrink-only,shrink,1000,0.0,0.4,0.0,false,false,false,ok,39.151,125.536,125.536,0.9284142720324222,false,321836810
26c,213988175899598,s1000-p0-a04,shrink-only,shrink,1000,0.0,0.4,0.0,false,false,false,ok,188.173,320.039,320.039,0.9290886895784918,false,628672308
23c,213588743940883,s1000-p100-a04,shrink-only,shrink,1000,100.0,0.4,0.0,false,true,false,ok,27.49,942.9,942.9,1.017198190209265,false,1835492322
1c,6949277347587,s1000-p100-a0,shrink-only,shrink,1000,100.0,0.0,0.0,false,false,false,ok,7.36,1.052,1.052,0.973623322535863,false,686382736
24a,213713297992462,s4000-p100-a04,shrink-only,shrink,4000,100.0,0.4,0.0,false,false,false,ok,877.617,165.707,165.707,1.1768336203682332,false,2055842777
9d,8018724204058,s1000-p25-a04,shrink-only,shrink,1000,25.0,0.4,0.0,false,false,false,ok,41.913,1185.029,1185.029,1.0008982525250947,false,-1708131848
8c,7881285250682,s250-p100-a04,shrink-only,shrink,250,100.0,0.4,0.0,false,false,false,ok,34.06,4489.455,4489.455,0.9740846831866025,false,1733352584
30b,217312480586996,s1000-p100-a04,shrink-only,shrink,1000,100.0,0.4,0.0,false,true,false,ok,152.911,36.118,36.118,1.023810873632292,false,1910947129
11b,209190697408275,s1000-p100-a16,shrink-only,shrink,1000,100.0,1.6,0.0,false,false,false,ok,11.835,2.121,2.121,1.078017789072427,false,898037380
31c,217449919540372,s1000-p100-a04,shrink-only,shrink,1000,100.0,0.4,0.0,false,true,false,ok,189.128,210.305,210.305,0.928271439007219,false,1346825370
7c,7748141264477,s1000-p0-a04,shrink-only,shrink,1000,0.0,0.4,0.0,false,false,false,ok,428.005,4435.825,4435.825,2.972041208213234,false,52935710
31a,217441329605778,s1000-p0-a04,shrink-only,shrink,1000,0.0,0.4,0.0,false,false,false,ok,331.724,192.298,192.298,0.9458596689702663,false,2133672151
19c,210260144264810,s4000-p100-a04,shrink-only,shrink,4000,100.0,0.4,0.0,false,false,false,ok,389.771,754.787,754.787,0.9972610522421584,false,-649799299
15c,209727568320494,s1000-p100-a0,shrink-only,shrink,1000,100.0,0.0,0.0,false,false,false,ok,65.644,616.166,616.166,1.0867163552605124,false,592161665
23b,213584448973584,s1000-p400-a04,shrink-only,shrink,1000,400.0,0.4,0.0,false,false,false,ok,34.656,73.713,73.713,1.4857597807026384,false,2055054090
33a,217707617578832,s1000-p100-a0,shrink-only,shrink,1000,100.0,0.0,0.0,false,false,false,ok,151.595,7.584,7.584,1.6465479808944854,false,-2124008857
30a,217308185619701,s1000-p100-a16,shrink-only,shrink,1000,100.0,1.6,0.0,false,false,false,ok,276.0,730.635,730.635,0.9292938671577893,false,-824386529
9c,8014429236763,s1000-p100-a0,shrink-only,shrink,1000,100.0,0.0,0.0,false,false,false,ok,152.701,662.254,662.254,0.9956588184619364,false,659609918
23b,213584448973584,s1000-p100-a16,shrink-only,shrink,1000,100.0,1.6,0.0,false,false,false,ok,23.883,43.51,43.51,0.8769878862394936,false,2055054090
14b,209590129366990,s1000-p400-a04,shrink-only,shrink,1000,400.0,0.4,0.0,false,false,false,ok,23.766,36.847,36.847,0.9970640364763026,false,1297441228
24b,213717592959793,s1000-p100-a0,shrink-only,shrink,1000,100.0,0.0,0.0,false,false,false,ok,167.974,2.056,2.056,1.1560303626651673,false,644596804
19c,210260144264810,s1000-p0-a04,shrink-only,shrink,1000,0.0,0.4,0.0,false,false,false,ok,82.918,674.671,674.671,0.8914079222048993,false,-1142457374
8a,7872695316088,s1000-p25-a04,shrink-only,shrink,1000,25.0,0.4,0.0,false,false,false,ok,99.186,128.53,128.53,1.3495663495663497,false,-1762716238
16c,209860712306575,s1000-p100-a16,shrink-only,shrink,1000,100.0,1.6,0.0,false,false,false,ok,101.597,412.648,412.648,1.023572163861638,false,719404660
4b,7344414339071,s250-p100-a04,shrink-only,shrink,250,100.0,0.4,0.0,false,false,false,ok,4.027,22.366,22.366,1.0258456599013874,false,261415237
15d,209731863287697,s1000-p0-a04,shrink-only,shrink,1000,0.0,0.4,0.0,false,false,false,ok,52.558,887.42,887.42,1.7602929391508575,false,502765013
9d,8018724204058,s1000-p0-a04,shrink-only,shrink,1000,0.0,0.4,0.0,false,false,false,ok,23.15,1203.999,1203.999,1.0169206788542402,false,-1708131848
15b,209723273353199,s1000-p100-a16,shrink-only,shrink,1000,100.0,1.6,0.0,false,false,false,ok,54.652,19.302,19.302,2.224886173707567,false,-1293176700
2d,7086716301091,s1000-p0-a04,shrink-only,shrink,1000,0.0,0.4,0.0,false,false,false,ok,22.681,133.873,133.873,0.9257968368567733,false,321836810
6b,7610702311357,s250-p100-a04,shrink-only,shrink,250,100.0,0.4,0.0,false,false,false,ok,18.419,4.336,4.336,1.0390606278456747,false,1482096114
19b,210255849297515,s1000-p100-a0,shrink-only,shrink,1000,100.0,0.0,0.0,false,false,false,ok,22.766,156.601,156.601,1.0131036289709558,false,910037442
11d,209199287342869,s1000-p100-a16,shrink-only,shrink,1000,100.0,1.6,0.0,false,false,false,ok,19.721,206.267,206.267,0.9250636839839265,false,2003817464
13b,209456985380817,s1000-p25-a04,shrink-only,shrink,1000,25.0,0.4,0.0,false,false,false,ok,37.005,858.642,858.642,2.550108699525999,false,876197618
23b,213584448973584,s1000-p100-a0,shrink-only,shrink,1000,100.0,0.0,0.0,false,false,false,ok,25.018,43.757,43.757,0.8819664200915083,false,-439854755
27b,214117024918508,s1000-p100-a0,shrink-only,shrink,1000,100.0,0.0,0.0,false,false,false,ok,73.268,5.951,5.951,1.0199674350844117,false,1728540501
17a,209985266358186,s1000-p100-a04,shrink-only,shrink,1000,100.0,0.4,0.0,false,true,false,ok,87.622,1801.288,1801.288,0.9363125941978173,false,-1125412742
19a,210251554330216,s1000-p100-a04,shrink-only,shrink,1000,100.0,0.4,0.0,false,true,false,ok,81.89,728.003,728.003,1.283864203703263,false,-1819667816
27a,214112729951213,s1000-p100-a04,shrink-only,shrink,1000,100.0,0.4,0.0,false,true,false,ok,94.533,18.725,18.725,1.0643437730915706,false,-1953543145
26c,213988175899598,s1000-p25-a04,shrink-only,shrink,1000,25.0,0.4,0.0,false,false,false,ok,35.248,303.199,303.199,0.8802013554332727,false,628672308
22b,213451304987507,s1000-p100-a0,shrink-only,shrink,1000,100.0,0.0,0.0,false,false,false,ok,37.794,115.487,115.487,0.24268067298407897,false,-2145268623
23a,213580154006289,s1000-p25-a04,shrink-only,shrink,1000,25.0,0.4,0.0,false,false,false,ok,27.352,353.997,353.997,0.935996097339131,false,-1576721678
15d,209731863287697,s1000-p100-a0,shrink-only,shrink,1000,100.0,0.0,0.0,false,false,false,ok,19.922,537.379,537.379,1.0659489974847858,false,-704972777
30a,217308185619701,s4000-p100-a04,shrink-only,shrink,4000,100.0,0.4,0.0,false,false,false,ok,446.47,749.859,749.859,0.9537448519891227,false,1824803898
8d,7885580217981,s1000-p25-a04,shrink-only,shrink,1000,25.0,0.4,0.0,false,false,false,ok,94.002,592.248,592.248,0.9777498223205067,false,-1012298996
9b,8010134269464,s4000-p100-a04,shrink-only,shrink,4000,100.0,0.4,0.0,false,false,false,ok,497.864,572.12,572.12,1.1498963400969369,false,1556140202
18a,210118410344011,s1000-p100-a04,shrink-only,shrink,1000,100.0,0.4,0.0,false,true,false,ok,22.406,907.41,907.41,0.9264835161469165,false,-1701613315
29c,214387607858093,s1000-p0-a04,shrink-only,shrink,1000,0.0,0.4,0.0,false,false,false,ok,1022.123,107.462,107.462,1.6462207788228809,false,254816621
11b,209190697408275,s1000-p100-a04,shrink-only,shrink,1000,100.0,0.4,0.0,false,true,false,ok,19.397,2.499,2.499,1.2701397712833546,false,898037380
2d,7086716301091,s250-p100-a04,shrink-only,shrink,250,100.0,0.4,0.0,false,false,false,ok,6.757,140.693,140.693,0.9729604503364384,false,321836810
19a,210251554330216,s1000-p25-a04,shrink-only,shrink,1000,25.0,0.4,0.0,false,false,false,ok,23.713,477.587,477.587,0.8422449542845706,false,187704695
15a,209718978385900,s4000-p100-a04,shrink-only,shrink,4000,100.0,0.4,0.0,false,false,false,ok,118.208,421.434,421.434,0.941136798852147,false,-93948010
2d,7086716301091,s1000-p100-a16,shrink-only,shrink,1000,100.0,1.6,0.0,false,false,false,ok,8.152,133.014,133.014,0.9198564345138068,false,321836810
13a,209452690413358,s1000-p25-a04,shrink-only,shrink,1000,25.0,0.4,0.0,false,false,false,ok,42.973,698.13,698.13,0.9152178415892984,false,1188104532
19b,210255849297515,s250-p100-a04,shrink-only,shrink,250,100.0,0.4,0.0,false,false,false,ok,19.472,152.25,152.25,0.9849555718726447,false,910037442
9d,8018724204058,s1000-p400-a04,shrink-only,shrink,1000,400.0,0.4,0.0,false,false,false,ok,19.705,1206.77,1206.77,1.0192611186727991,false,969253244
25c,213855031913425,s250-p100-a04,shrink-only,shrink,250,100.0,0.4,0.0,false,false,false,ok,27.781,1039.045,1039.045,1.1700726618563262,false,35421457
17e,210002446227374,s1000-p100-a0,shrink-only,shrink,1000,100.0,0.0,0.0,false,false,false,ok,106.122,4184.35,4184.35,1.0163270307625738,false,-1125412742
31a,217441329605778,s4000-p100-a04,shrink-only,shrink,4000,100.0,0.4,0.0,false,false,false,ok,365.961,181.438,181.438,0.8924423895132928,false,499229554
2b,7078126366497,s1000-p100-a0,shrink-only,shrink,1000,100.0,0.0,0.0,false,false,false,ok,8.817,168.965,168.965,1.2495978641501897,false,321836810
28c,214254463871884,s250-p100-a04,shrink-only,shrink,250,100.0,0.4,0.0,false,false,false,ok,91.1,518.777,518.777,1.0333966452959744,false,-676166940
21a,213313866034003,s1000-p100-a04,shrink-only,shrink,1000,100.0,0.4,0.0,false,true,false,ok,43.552,36.543,36.543,1.220948880721684,false,405046416
16c,209860712306575,s1000-p100-a0,shrink-only,shrink,1000,100.0,0.0,0.0,false,false,false,ok,18.788,342.495,342.495,0.8495578513934193,false,719404660
18b,210122705311306,s1000-p0-a04,shrink-only,shrink,1000,0.0,0.4,0.0,false,false,false,ok,29.501,645.078,645.078,0.9911582473216995,false,-633376097
23c,213588743940883,s1000-p0-a04,shrink-only,shrink,1000,0.0,0.4,0.0,false,false,false,ok,23.007,881.167,881.167,0.9506007823439682,false,-1576721678
19d,210264439232109,s4000-p100-a04,shrink-only,shrink,4000,100.0,0.4,0.0,false,false,false,ok,328.567,5496.115,5496.115,0.9464358807412421,false,-1211980585
32a,217574473591987,s1000-p400-a04,shrink-only,shrink,1000,400.0,0.4,0.0,false,false,false,ok,28.896,0.248,0.248,1.2556962025316456,false,-1917286155
33a,217707617578832,s250-p100-a04,shrink-only,shrink,250,100.0,0.4,0.0,false,false,false,ok,85.972,4.419,4.419,0.9594007815892314,false,14380942
11a,209186402440976,s1000-p100-a0,shrink-only,shrink,1000,100.0,0.0,0.0,false,false,false,ok,20.4,15.26,15.26,1.023577153972566,false,-1055439248
9a,8005839302169,s1000-p100-a04,shrink-only,shrink,1000,100.0,0.4,0.0,false,true,false,ok,116.774,498.792,498.792,1.0163157149420978,false,1576652456
13b,209456985380817,s4000-p100-a04,shrink-only,shrink,4000,100.0,0.4,0.0,false,false,false,ok,85.393,341.49,341.49,1.0142022167575466,false,-2119720580
23c,213588743940883,s4000-p100-a04,shrink-only,shrink,4000,100.0,0.4,0.0,false,false,false,ok,78.717,896.634,896.634,0.9672865437269003,false,-1576721678
3c,7215565320129,s1000-p100-a04,shrink-only,shrink,1000,100.0,0.4,0.0,false,true,false,ok,12.808,1279.892,1279.892,0.975623365407117,false,-1572305105
22a,213447010020208,s1000-p100-a16,shrink-only,shrink,1000,100.0,1.6,0.0,false,false,false,ok,36.605,445.656,445.656,0.9455456625679074,false,316133052
8b,7876990283387,s1000-p100-a04,shrink-only,shrink,1000,100.0,0.4,0.0,false,true,false,ok,64.13,215.566,215.566,1.0603553439320006,false,-1987159524
27c,214121319885807,s1000-p0-a04,shrink-only,shrink,1000,0.0,0.4,0.0,false,false,false,ok,115.526,31.703,31.703,1.210107448899746,false,-496094261
15a,209718978385900,s1000-p100-a04,shrink-only,shrink,1000,100.0,0.4,0.0,false,true,false,ok,17.332,418.555,418.555,0.9347074817019043,false,-874818637
16c,209860712306575,s250-p100-a04,shrink-only,shrink,250,100.0,0.4,0.0,false,false,false,ok,30.107,354.628,354.628,0.8796537226060103,false,719404660
21a,213313866034003,s4000-p100-a04,shrink-only,shrink,4000,100.0,0.4,0.0,false,false,false,ok,106.443,29.367,29.367,0.9811894420314067,false,405046416
28b,214250168904589,s250-p100-a04,shrink-only,shrink,250,100.0,0.4,0.0,false,false,false,ok,84.82,267.775,267.775,2.4597655747643805,false,513417771
13c,209461280348112,s1000-p100-a04,shrink-only,shrink,1000,100.0,0.4,0.0,false,true,false,ok,25.149,463.035,463.035,0.9842228043978468,false,876197618
7c,7748141264477,s4000-p100-a04,shrink-only,shrink,4000,100.0,0.4,0.0,false,false,false,ok,730.044,2046.926,2046.926,1.3714581666686767,false,-399731567
5b,7477558325148,s1000-p400-a04,shrink-only,shrink,1000,400.0,0.4,0.0,false,false,false,ok,7.149,361.358,361.358,1.3757031120620244,false,1589551454
19c,210260144264810,s250-p100-a04,shrink-only,shrink,250,100.0,0.4,0.0,false,false,false,ok,20.185,673.234,673.234,0.8895092883756573,false,1055693188
21b,213318161001298,s250-p100-a04,shrink-only,shrink,250,100.0,0.4,0.0,false,false,false,ok,12.938,15.962,15.962,1.2295959634865,false,405046416
24a,213713297992462,s1000-p400-a04,shrink-only,shrink,1000,400.0,0.4,0.0,false,false,false,ok,149.522,114.099,114.099,0.810319052607283,false,941138625
24b,213717592959793,s1000-p100-a16,shrink-only,shrink,1000,100.0,1.6,0.0,false,false,false,ok,105.704,1.814,1.814,1.019960640989598,false,644596804
6f,7627882180513,s1000-p400-a04,shrink-only,shrink,1000,400.0,0.4,0.0,false,false,false,ok,10.971,1600.789,1600.789,0.9078434458362576,false,1250717231
28b,214250168904589,s1000-p0-a04,shrink-only,shrink,1000,0.0,0.4,0.0,false,false,false,ok,104.414,158.069,158.069,1.4520126398559643,false,1300118193
19d,210264439232109,s1000-p100-a04,shrink-only,shrink,1000,100.0,0.4,0.0,false,true,false,ok,46.156,5247.412,5247.412,0.9036090034200819,false,723032794
13a,209452690413358,s1000-p100-a16,shrink-only,shrink,1000,100.0,1.6,0.0,false,false,false,ok,18.262,655.015,655.015,0.8586959656634355,false,-1062568155
15a,209718978385900,s250-p100-a04,shrink-only,shrink,250,100.0,0.4,0.0,false,false,false,ok,24.41,433.146,433.146,0.9672917701837347,false,196157638
18a,210118410344011,s1000-p0-a04,shrink-only,shrink,1000,0.0,0.4,0.0,false,false,false,ok,16.837,1379.628,1379.628,1.4086274125420022,false,-574815707
33a,217707617578832,s1000-p25-a04,shrink-only,shrink,1000,25.0,0.4,0.0,false,false,false,ok,228.79,7.953,7.953,1.7266608771168044,false,-2124008857
9d,8018724204058,s1000-p100-a0,shrink-only,shrink,1000,100.0,0.0,0.0,false,false,false,ok,22.325,1196.882,1196.882,1.0109095239683927,false,-1708131848
9a,8005839302169,s250-p100-a04,shrink-only,shrink,250,100.0,0.4,0.0,false,false,false,ok,34.339,611.379,611.379,1.245717825236942,false,1399494282
30b,217312480586996,s1000-p0-a04,shrink-only,shrink,1000,0.0,0.4,0.0,false,false,false,ok,82.733,36.043,36.043,1.0216849027722659,false,1910947129
32b,217578768559282,s4000-p100-a04,shrink-only,shrink,4000,100.0,0.4,0.0,false,false,false,ok,171.796,145.208,145.208,1.0222100202037268,false,1520237401
27a,214112729951213,s1000-p25-a04,shrink-only,shrink,1000,25.0,0.4,0.0,false,false,false,ok,88.232,22.545,22.545,1.281475586881146,false,-1953543145
21c,213322455968597,s1000-p400-a04,shrink-only,shrink,1000,400.0,0.4,0.0,false,false,false,ok,87.912,50.801,50.801,1.215523945111082,false,405046416
23a,213580154006289,s1000-p100-a16,shrink-only,shrink,1000,100.0,1.6,0.0,false,false,false,ok,35.781,440.187,440.187,1.1638892818284339,false,1835492322
8c,7881285250682,s1000-p100-a04,shrink-only,shrink,1000,100.0,0.4,0.0,false,true,false,ok,43.368,4316.31,4316.31,0.936517118199239,false,-388506810
22d,213459894922101,s1000-p100-a16,shrink-only,shrink,1000,100.0,1.6,0.0,false,false,false,ok,56.121,595.965,595.965,0.9865834974286899,false,-438265046
2b,7078126366497,s250-p100-a04,shrink-only,shrink,250,100.0,0.4,0.0,false,false,false,ok,6.921,125.997,125.997,0.9318236444786284,false,321836810
12b,209323841394480,s1000-p100-a16,shrink-only,shrink,1000,100.0,1.6,0.0,false,false,false,ok,31.31,1.65,1.65,1.2285927029039463,false,466548996
15c,209727568320494,s4000-p100-a04,shrink-only,shrink,4000,100.0,0.4,0.0,false,false,false,ok,152.136,545.889,545.889,0.9627705917833925,false,592161665
11a,209186402440976,s1000-p100-a04,shrink-only,shrink,1000,100.0,0.4,0.0,false,true,false,ok,14.778,14.974,14.974,1.0043934668142336,false,-1055439248
25c,213855031913425,s1000-p100-a16,shrink-only,shrink,1000,100.0,1.6,0.0,false,false,false,ok,86.413,941.033,941.033,1.0597009631003895,false,35421457
32b,217578768559282,s1000-p100-a0,shrink-only,shrink,1000,100.0,0.0,0.0,false,false,false,ok,51.265,51.047,51.047,0.3593517912328497,false,1013953437
22a,213447010020208,s1000-p400-a04,shrink-only,shrink,1000,400.0,0.4,0.0,false,false,false,ok,33.514,452.639,452.639,0.9603614517903384,false,316133052
29c,214387607858093,s1000-p100-a04,shrink-only,shrink,1000,100.0,0.4,0.0,false,true,false,ok,848.508,62.471,62.471,0.9569992953215479,false,2081534655
6a,7606407344058,s1000-p100-a0,shrink-only,shrink,1000,100.0,0.0,0.0,false,false,false,ok,83.042,4.789,4.789,1.2196612759454986,false,-224470636
15c,209727568320494,s1000-p25-a04,shrink-only,shrink,1000,25.0,0.4,0.0,false,false,false,ok,35.789,569.976,569.976,1.005252223111898,false,592161665
1c,6949277347587,s1000-p100-a04,shrink-only,shrink,1000,100.0,0.4,0.0,false,true,false,ok,7.132,1.127,1.127,1.0430356316520129,false,686382736
1c,6949277347587,s1000-p0-a04,shrink-only,shrink,1000,0.0,0.4,0.0,false,false,false,ok,4.693,0.864,0.864,0.7996298010180471,false,686382736
19c,210260144264810,s1000-p100-a0,shrink-only,shrink,1000,100.0,0.0,0.0,false,false,false,ok,26.975,691.05,691.05,0.9130486483629733,false,-649799299
22b,213451304987507,s1000-p100-a16,shrink-only,shrink,1000,100.0,1.6,0.0,false,false,false,ok,33.665,340.255,340.255,0.7150009298552893,false,316133052
2b,7078126366497,s1000-p400-a04,shrink-only,shrink,1000,400.0,0.4,0.0,false,false,false,ok,8.924,123.307,123.307,0.9119294755408958,false,321836810
28b,214250168904589,s1000-p100-a16,shrink-only,shrink,1000,100.0,1.6,0.0,false,false,false,ok,104.324,337.701,337.701,3.1021017434917604,false,1439246871
31c,217449919540372,s250-p100-a04,shrink-only,shrink,250,100.0,0.4,0.0,false,false,false,ok,70.375,249.202,249.202,1.0999600539382182,false,-1995652378
13c,209461280348112,s1000-p100-a16,shrink-only,shrink,1000,100.0,1.6,0.0,false,false,false,ok,16.541,455.22,455.22,0.9676113145183147,false,876197618
31c,217449919540372,s1000-p25-a04,shrink-only,shrink,1000,25.0,0.4,0.0,false,false,false,ok,58.223,183.689,183.689,0.8107902920035046,false,61147595
33a,217707617578832,s1000-p0-a04,shrink-only,shrink,1000,0.0,0.4,0.0,false,false,false,ok,82.002,7.426,7.426,1.6122448979591837,false,-2124008857
13a,209452690413358,s1000-p100-a04,shrink-only,shrink,1000,100.0,0.4,0.0,false,true,false,ok,19.247,919.678,919.678,1.2056575625129458,false,-1062568155
18a,210118410344011,s1000-p100-a0,shrink-only,shrink,1000,100.0,0.0,0.0,false,false,false,ok,16.445,910.77,910.77,0.9299141424506311,false,-1701613315
8b,7876990283387,s250-p100-a04,shrink-only,shrink,250,100.0,0.4,0.0,false,false,false,ok,23.672,147.455,147.455,0.7253216984102,false,-1718178947
4b,7344414339071,s4000-p100-a04,shrink-only,shrink,4000,100.0,0.4,0.0,false,false,false,ok,25.266,21.475,21.475,0.984978786836372,false,261415237
5a,7473263357853,s1000-p25-a04,shrink-only,shrink,1000,25.0,0.4,0.0,false,false,false,ok,11.855,191.852,191.852,1.2542748523292264,false,414652499
8a,7872695316088,s1000-p100-a0,shrink-only,shrink,1000,100.0,0.0,0.0,false,false,false,ok,12.943,71.165,71.165,0.7472332472332474,false,-1762716238
9d,8018724204058,s250-p100-a04,shrink-only,shrink,250,100.0,0.4,0.0,false,false,false,ok,34.46,1149.595,1149.595,0.9709700155958937,false,969253244
15a,209718978385900,s1000-p100-a16,shrink-only,shrink,1000,100.0,1.6,0.0,false,false,false,ok,22.2,468.63,468.63,1.0465338298430633,false,196157638
11d,209199287342869,s1000-p400-a04,shrink-only,shrink,1000,400.0,0.4,0.0,false,false,false,ok,13.91,203.04,203.04,0.9105912743972445,false,2003817464
16d,209865007273870,s1000-p100-a04,shrink-only,shrink,1000,100.0,0.4,0.0,false,true,false,ok,97.011,280.274,280.274,0.9342637948362387,false,719404660
4c,7348709306366,s1000-p0-a04,shrink-only,shrink,1000,0.0,0.4,0.0,false,false,false,ok,8.813,1521.678,1521.678,1.0458853880818755,false,-430037632
11d,209199287342869,s1000-p100-a0,shrink-only,shrink,1000,100.0,0.0,0.0,false,false,false,ok,14.747,1202.105,1202.105,5.391185598450058,false,198126114
4a,7340119371772,s250-p100-a04,shrink-only,shrink,250,100.0,0.4,0.0,false,false,false,ok,3.979,738.933,738.933,0.9758504634389369,false,-1509295857
22b,213451304987507,s250-p100-a04,shrink-only,shrink,250,100.0,0.4,0.0,false,false,false,ok,21.048,414.933,414.933,0.8719268808030588,false,316133052
22d,213459894922101,s1000-p100-a04,shrink-only,shrink,1000,100.0,0.4,0.0,false,true,false,ok,43.727,595.1,595.1,0.9851515429929834,false,-438265046
13a,209452690413358,s4000-p100-a04,shrink-only,shrink,4000,100.0,0.4,0.0,false,false,false,ok,127.077,671.19,671.19,0.8799006819594076,false,1188104532
13d,209465575315411,s250-p100-a04,shrink-only,shrink,250,100.0,0.4,0.0,false,false,false,ok,9.898,3979.987,3979.987,1.2922461568132846,false,-2119720580
2b,7078126366497,s1000-p100-a04,shrink-only,shrink,1000,100.0,0.4,0.0,false,true,false,ok,9.604,126.827,126.827,0.9379619940021667,false,321836810
5a,7473263357853,s1000-p100-a16,shrink-only,shrink,1000,100.0,1.6,0.0,false,false,false,ok,11.487,152.899,152.899,0.999611005599558,false,414652499
21b,213318161001298,s1000-p100-a04,shrink-only,shrink,1000,100.0,0.4,0.0,false,true,false,ok,25.599,12.984,12.984,1.0001925817509532,false,405046416
17e,210002446227374,s1000-p100-a04,shrink-only,shrink,1000,100.0,0.4,0.0,false,true,false,ok,15.036,4096.73,4096.73,0.9950452129329426,false,-1125412742
17e,210002446227374,s1000-p100-a16,shrink-only,shrink,1000,100.0,1.6,0.0,false,false,false,ok,13.892,4308.797,4308.797,1.0465536728927276,false,-1125412742
30c,217316775554295,s1000-p25-a04,shrink-only,shrink,1000,25.0,0.4,0.0,false,false,false,ok,173.53,1290.208,1290.208,1.6151726641670996,false,-1451103391
22b,213451304987507,s1000-p400-a04,shrink-only,shrink,1000,400.0,0.4,0.0,false,false,false,ok,34.221,453.238,453.238,0.9524197776542641,false,316133052
28a,214245873937290,s1000-p400-a04,shrink-only,shrink,1000,400.0,0.4,0.0,false,false,false,ok,119.727,526.456,526.456,0.9881589332622576,false,-351635764
17e,210002446227374,s1000-p0-a04,shrink-only,shrink,1000,0.0,0.4,0.0,false,false,false,ok,14.72,4172.408,4172.408,1.0134264661823245,false,-1125412742
22a,213447010020208,s250-p100-a04,shrink-only,shrink,250,100.0,0.4,0.0,false,false,false,ok,19.517,365.451,365.451,0.7753751950632424,false,-1072711187
8a,7872695316088,s1000-p100-a16,shrink-only,shrink,1000,100.0,1.6,0.0,false,false,false,ok,13.588,71.308,71.308,0.7487347487347488,false,-1762716238
15d,209731863287697,s1000-p100-a16,shrink-only,shrink,1000,100.0,1.6,0.0,false,false,false,ok,39.364,551.41,551.41,1.0937809938666858,false,-704972777
23b,213584448973584,s1000-p100-a04,shrink-only,shrink,1000,100.0,0.4,0.0,false,true,false,ok,28.594,69.02,69.02,1.3911676375143611,false,2055054090
8b,7876990283387,s1000-p0-a04,shrink-only,shrink,1000,0.0,0.4,0.0,false,false,false,ok,12.686,147.058,147.058,0.7233688808436959,false,1478161348
4a,7340119371772,s1000-p25-a04,shrink-only,shrink,1000,25.0,0.4,0.0,false,false,false,ok,8.133,760.952,760.952,1.0049292180140634,false,1427000343
22a,213447010020208,s1000-p100-a0,shrink-only,shrink,1000,100.0,0.0,0.0,false,false,false,ok,32.135,365.547,365.547,0.7755788776875233,false,-2145268623
11b,209190697408275,s4000-p100-a04,shrink-only,shrink,4000,100.0,0.4,0.0,false,false,false,ok,33.45,2.099,2.099,1.0668360864040662,false,-1446711126
11b,209190697408275,s1000-p100-a0,shrink-only,shrink,1000,100.0,0.0,0.0,false,false,false,ok,11.111,1.764,1.764,0.896569250317662,false,898037380
22a,213447010020208,s1000-p25-a04,shrink-only,shrink,1000,25.0,0.4,0.0,false,false,false,ok,28.919,399.089,399.089,0.846744737933661,false,-2145268623
11c,209194992375570,s1000-p0-a04,shrink-only,shrink,1000,0.0,0.4,0.0,false,false,false,ok,13.725,357.879,357.879,0.7111617615351981,false,212006990
27b,214117024918508,s1000-p400-a04,shrink-only,shrink,1000,400.0,0.4,0.0,false,false,false,ok,69.659,5.711,5.711,0.9788328048675979,false,-1505844372
29a,214379017923499,s250-p100-a04,shrink-only,shrink,250,100.0,0.4,0.0,false,false,false,ok,758.333,24.952,24.952,0.9756402737047898,false,304812620
29b,214383312890794,s1000-p100-a0,shrink-only,shrink,1000,100.0,0.0,0.0,false,false,false,ok,775.76,2.528,2.528,0.9425801640566741,false,-665152500
29b,214383312890794,s1000-p25-a04,shrink-only,shrink,1000,25.0,0.4,0.0,false,false,false,ok,707.036,4.456,4.456,1.66144668158091,false,-452640197
6f,7627882180513,s1000-p25-a04,shrink-only,shrink,1000,25.0,0.4,0.0,false,false,false,ok,17.547,1860.658,1860.658,1.0552210005458553,false,1250717231
3b,7211270352862,s1000-p0-a04,shrink-only,shrink,1000,0.0,0.4,0.0,false,false,false,ok,10.156,7.333,7.333,1.0108905431486077,false,129508754
21c,213322455968597,s1000-p100-a0,shrink-only,shrink,1000,100.0,0.0,0.0,false,false,false,ok,34.029,114.495,114.495,2.7395408376900714,false,405046416
31b,217445624573077,s1000-p100-a0,shrink-only,shrink,1000,100.0,0.0,0.0,false,false,false,ok,83.294,7.606,7.606,0.9360654728939757,false,-744571733
30a,217308185619701,s1000-p400-a04,shrink-only,shrink,1000,400.0,0.4,0.0,false,false,false,ok,151.592,699.44,699.44,0.889616980359337,false,-824386529
33a,217707617578832,s1000-p100-a16,shrink-only,shrink,1000,100.0,1.6,0.0,false,false,false,ok,83.888,4.351,4.351,0.9446374294398611,false,14380942
28c,214254463871884,s1000-p100-a16,shrink-only,shrink,1000,100.0,1.6,0.0,false,false,false,ok,147.083,508.384,508.384,1.0126939323103157,false,-676166940
8a,7872695316088,s1000-p100-a04,shrink-only,shrink,1000,100.0,0.4,0.0,false,true,false,ok,11.891,69.492,69.492,0.7296667296667297,false,-1762716238
21b,213318161001298,s1000-p400-a04,shrink-only,shrink,1000,400.0,0.4,0.0,false,false,false,ok,24.541,12.711,12.711,0.9791626545468551,false,405046416
27c,214121319885807,s1000-p100-a16,shrink-only,shrink,1000,100.0,1.6,0.0,false,false,false,ok,86.974,26.114,26.114,0.9967746245014026,false,-1093302568
6a,7606407344058,s1000-p400-a04,shrink-only,shrink,1000,400.0,0.4,0.0,false,false,false,ok,9.493,3.736,3.736,0.9514835094868204,false,-224470636
25c,213855031913425,s1000-p100-a04,shrink-only,shrink,1000,100.0,0.4,0.0,false,true,false,ok,38.633,651.291,651.291,0.7334213571241559,false,35421457
31c,217449919540372,s1000-p400-a04,shrink-only,shrink,1000,400.0,0.4,0.0,false,false,false,ok,76.737,195.949,195.949,0.864905067411738,false,1982821986
9b,8010134269464,s1000-p100-a04,shrink-only,shrink,1000,100.0,0.4,0.0,false,true,false,ok,116.333,529.33,529.33,1.0638932910989156,false,140277402
33b,217711912546131,s250-p100-a04,shrink-only,shrink,250,100.0,0.4,0.0,false,false,false,ok,68.877,3.724,3.724,0.9332163889236939,false,-1989803960
29b,214383312890794,s1000-p400-a04,shrink-only,shrink,1000,400.0,0.4,0.0,false,false,false,ok,653.646,2.385,2.385,0.889261744966443,false,-665152500
4b,7344414339071,s1000-p100-a16,shrink-only,shrink,1000,100.0,1.6,0.0,false,false,false,ok,8.651,21.73,21.73,0.9966746932691204,false,261415237
12b,209323841394480,s1000-p100-a0,shrink-only,shrink,1000,100.0,0.0,0.0,false,false,false,ok,12.969,1.269,1.269,0.9448994787788533,false,466548996
15d,209731863287697,s1000-p400-a04,shrink-only,shrink,1000,400.0,0.4,0.0,false,false,false,ok,19.101,514.311,514.311,1.0201911404156057,false,-704972777
11d,209199287342869,s4000-p100-a04,shrink-only,shrink,4000,100.0,0.4,0.0,false,false,false,ok,50.418,201.084,201.084,0.9018190298507462,false,2003817464
6a,7606407344058,s1000-p100-a16,shrink-only,shrink,1000,100.0,1.6,0.0,false,false,false,ok,8.913,3.686,3.686,0.938749522475487,false,-224470636
8d,7885580217981,s250-p100-a04,shrink-only,shrink,250,100.0,0.4,0.0,false,false,false,ok,28.978,579.012,579.012,0.955898340089694,false,1142152349
16c,209860712306575,s1000-p0-a04,shrink-only,shrink,1000,0.0,0.4,0.0,false,false,false,ok,92.811,403.663,403.663,1.0012848974934578,false,719404660
24b,213717592959793,s1000-p25-a04,shrink-only,shrink,1000,25.0,0.4,0.0,false,false,false,ok,56.979,1.723,1.723,0.9687939274669666,false,644596804
3c,7215565320129,s250-p100-a04,shrink-only,shrink,250,100.0,0.4,0.0,false,false,false,ok,4.772,1301.248,1301.248,0.9919024050383002,false,-1572305105
27c,214121319885807,s250-p100-a04,shrink-only,shrink,250,100.0,0.4,0.0,false,false,false,ok,69.62,26.154,26.154,0.9983014294711529,false,-1093302568
13d,209465575315411,s1000-p400-a04,shrink-only,shrink,1000,400.0,0.4,0.0,false,false,false,ok,26.135,3028.714,3028.714,0.9833811081761298,false,-2119720580
18a,210118410344011,s1000-p400-a04,shrink-only,shrink,1000,400.0,0.4,0.0,false,false,false,ok,16.568,896.339,896.339,0.9151798066801238,false,-574815707
32a,217574473591987,s1000-p0-a04,shrink-only,shrink,1000,0.0,0.4,0.0,false,false,false,ok,8.006,0.195,0.195,0.9873417721518988,false,957982218
13c,209461280348112,s1000-p25-a04,shrink-only,shrink,1000,25.0,0.4,0.0,false,false,false,ok,14.045,463.139,463.139,0.9844438658114708,false,876197618
4b,7344414339071,s1000-p100-a04,shrink-only,shrink,1000,100.0,0.4,0.0,false,true,false,ok,7.457,21.13,21.13,0.9691549134273592,false,261415237
9d,8018724204058,s4000-p100-a04,shrink-only,shrink,4000,100.0,0.4,0.0,false,false,false,ok,678.622,1123.619,1123.619,0.9490301871127156,false,-1708131848
13c,209461280348112,s250-p100-a04,shrink-only,shrink,250,100.0,0.4,0.0,false,false,false,ok,8.677,474.764,474.764,1.0091538555554966,false,876197618
30a,217308185619701,s1000-p25-a04,shrink-only,shrink,1000,25.0,0.4,0.0,false,false,false,ok,82.381,740.359,740.359,0.9416618122524567,false,1824803898
15b,209723273353199,s1000-p25-a04,shrink-only,shrink,1000,25.0,0.4,0.0,false,false,false,ok,37.849,18.21,18.21,2.099014466025013,false,-347771581
15b,209723273353199,s1000-p100-a04,shrink-only,shrink,1000,100.0,0.4,0.0,false,true,false,ok,14.141,5.767,5.767,0.6647455478070429,false,-1293176700
5b,7477558325148,s1000-p100-a16,shrink-only,shrink,1000,100.0,1.6,0.0,false,false,false,ok,7.464,304.975,304.975,1.1610509705087915,false,1589551454
31a,217441329605778,s1000-p100-a16,shrink-only,shrink,1000,100.0,1.6,0.0,false,false,false,ok,119.621,180.91,180.91,0.8898453063131747,false,619611693
21a,213313866034003,s250-p100-a04,shrink-only,shrink,250,100.0,0.4,0.0,false,false,false,ok,18.241,28.274,28.274,0.9446708987637822,false,405046416
25c,213855031913425,s1000-p400-a04,shrink-only,shrink,1000,400.0,0.4,0.0,false,false,false,ok,37.668,654.353,654.353,0.7368694873693368,false,35421457
13b,209456985380817,s1000-p400-a04,shrink-only,shrink,1000,400.0,0.4,0.0,false,false,false,ok,21.381,725.651,725.651,2.1551344191406203,false,876197618
31c,217449919540372,s1000-p100-a0,shrink-only,shrink,1000,100.0,0.0,0.0,false,false,false,ok,69.148,181.635,181.635,0.8017240808543602,false,-105956113
28b,214250168904589,s4000-p100-a04,shrink-only,shrink,4000,100.0,0.4,0.0,false,false,false,ok,178.002,124.571,124.571,1.1443019602799875,false,1300118193
11a,209186402440976,s1000-p25-a04,shrink-only,shrink,1000,25.0,0.4,0.0,false,false,false,ok,16.451,17.537,17.537,1.1763088171177516,false,-1055439248
21c,213322455968597,s1000-p25-a04,shrink-only,shrink,1000,25.0,0.4,0.0,false,false,false,ok,39.04,42.546,42.546,1.0180051921949584,false,405046416
24a,213713297992462,s1000-p100-a16,shrink-only,shrink,1000,100.0,1.6,0.0,false,false,false,ok,63.845,116.283,116.283,0.825829590043144,false,941138625
9c,8014429236763,s1000-p100-a04,shrink-only,shrink,1000,100.0,0.4,0.0,false,true,false,ok,128.039,628.814,628.814,0.9453838017925509,false,659609918
4b,7344414339071,s1000-p0-a04,shrink-only,shrink,1000,0.0,0.4,0.0,false,false,false,ok,7.571,29.749,29.749,1.3644765508542596,false,611794456
18b,210122705311306,s1000-p100-a04,shrink-only,shrink,1000,100.0,0.4,0.0,false,true,false,ok,27.363,623.062,623.062,0.9573308032404652,false,-633376097
27c,214121319885807,s1000-p100-a0,shrink-only,shrink,1000,100.0,0.0,0.0,false,false,false,ok,92.588,25.936,25.936,0.9899803423860144,false,-1273730499
26c,213988175899598,s4000-p100-a04,shrink-only,shrink,4000,100.0,0.4,0.0,false,false,false,ok,566.779,300.428,300.428,0.8721570084667405,false,628672308
33b,217711912546131,s1000-p400-a04,shrink-only,shrink,1000,400.0,0.4,0.0,false,false,false,ok,95.398,3.762,3.762,0.9427390051372009,false,-1989803960
21a,213313866034003,s1000-p100-a0,shrink-only,shrink,1000,100.0,0.0,0.0,false,false,false,ok,31.193,28.217,28.217,0.9427664550618109,false,405046416
30c,217316775554295,s1000-p400-a04,shrink-only,shrink,1000,400.0,0.4,0.0,false,false,false,ok,85.887,590.451,590.451,0.7391678820237729,false,-804478301
31a,217441329605778,s250-p100-a04,shrink-only,shrink,250,100.0,0.4,0.0,false,false,false,ok,50.556,181.694,181.694,0.8937015813678955,false,619611693
24a,213713297992462,s1000-p0-a04,shrink-only,shrink,1000,0.0,0.4,0.0,false,false,false,ok,59.743,110.488,110.488,0.7846741118193278,false,1810971046
27c,214121319885807,s1000-p100-a04,shrink-only,shrink,1000,100.0,0.4,0.0,false,true,false,ok,79.422,25.293,25.293,0.9654369524972802,false,-1273730499
21c,213322455968597,s1000-p100-a04,shrink-only,shrink,1000,100.0,0.4,0.0,false,true,false,ok,33.898,41.398,41.398,0.9905368059626497,false,405046416
10a,209053258454899,s1000-p25-a04,shrink-only,shrink,1000,25.0,0.4,0.0,false,false,false,ok,102.71,361.753,361.753,1.146055526602999,false,1718403736
5b,7477558325148,s1000-p100-a0,shrink-only,shrink,1000,100.0,0.0,0.0,false,false,false,ok,7.087,287.616,287.616,1.0949646231128995,false,1589551454
4a,7340119371772,s1000-p100-a04,shrink-only,shrink,1000,100.0,0.4,0.0,false,true,false,ok,8.327,758.102,758.102,1.0011654480636065,false,-1509295857
28b,214250168904589,s1000-p100-a0,shrink-only,shrink,1000,100.0,0.0,0.0,false,false,false,ok,101.14,88.029,88.029,0.8086292737594386,false,1300118193
9b,8010134269464,s1000-p25-a04,shrink-only,shrink,1000,25.0,0.4,0.0,false,false,false,ok,14.238,454.493,454.493,0.91347940519415,false,140277402
31b,217445624573077,s250-p100-a04,shrink-only,shrink,250,100.0,0.4,0.0,false,false,false,ok,44.027,7.764,7.764,0.9555104301273767,false,447087389
19c,210260144264810,s1000-p400-a04,shrink-only,shrink,1000,400.0,0.4,0.0,false,false,false,ok,24.251,684.994,684.994,0.9050471685648601,false,1055693188
3c,7215565320129,s1000-p400-a04,shrink-only,shrink,1000,400.0,0.4,0.0,false,false,false,ok,13.455,1278.315,1278.315,0.9744212655055261,false,-1572305105
19b,210255849297515,s1000-p25-a04,shrink-only,shrink,1000,25.0,0.4,0.0,false,false,false,ok,21.0,150.178,150.178,0.9715511190324468,false,910037442
12b,209323841394480,s4000-p100-a04,shrink-only,shrink,4000,100.0,0.4,0.0,false,false,false,ok,70.872,1.388,1.388,1.033507073715562,false,-1300552445
7c,7748141264477,s1000-p100-a0,shrink-only,shrink,1000,100.0,0.0,0.0,false,false,false,ok,156.951,2243.071,2243.071,1.5028770172286028,false,52935710
27c,214121319885807,s1000-p400-a04,shrink-only,shrink,1000,400.0,0.4,0.0,false,false,false,ok,86.111,26.031,26.031,0.993606504189171,false,-1093302568
24b,213717592959793,s1000-p100-a04,shrink-only,shrink,1000,100.0,0.4,0.0,false,true,false,ok,52.712,1.823,1.823,1.025021085184144,false,644596804
21a,213313866034003,s1000-p0-a04,shrink-only,shrink,1000,0.0,0.4,0.0,false,false,false,ok,30.314,29.152,29.152,0.9740060140327431,false,405046416
30c,217316775554295,s1000-p100-a0,shrink-only,shrink,1000,100.0,0.0,0.0,false,false,false,ok,86.16,1266.798,1266.798,1.5858663879169508,false,-1451103391
13c,209461280348112,s1000-p0-a04,shrink-only,shrink,1000,0.0,0.4,0.0,false,false,false,ok,13.844,455.595,455.595,0.9684084109616704,false,876197618
9b,8010134269464,s1000-p0-a04,shrink-only,shrink,1000,0.0,0.4,0.0,false,false,false,ok,14.38,467.87,467.87,0.9403656586750224,false,1524708452
13d,209465575315411,s1000-p100-a0,shrink-only,shrink,1000,100.0,0.0,0.0,false,false,false,ok,16.05,3000.308,3000.308,0.9741580769626011,false,-2119720580
18b,210122705311306,s1000-p100-a16,shrink-only,shrink,1000,100.0,1.6,0.0,false,false,false,ok,22.061,654.396,654.396,1.0054752951028105,false,-633376097
21c,213322455968597,s1000-p0-a04,shrink-only,shrink,1000,0.0,0.4,0.0,false,false,false,ok,33.744,24.724,24.724,0.5915752449543589,false,-597700708
5a,7473263357853,s1000-p0-a04,shrink-only,shrink,1000,0.0,0.4,0.0,false,false,false,ok,11.188,151.708,151.708,0.9918245798697031,false,414652499
31b,217445624573077,s1000-p100-a16,shrink-only,shrink,1000,100.0,1.6,0.0,false,false,false,ok,53.191,7.425,7.425,0.9137899206202694,false,-536655723
27a,214112729951213,s1000-p100-a0,shrink-only,shrink,1000,100.0,0.0,0.0,false,false,false,ok,69.749,17.133,17.133,0.9738532370829307,false,-1953543145
15d,209731863287697,s1000-p100-a04,shrink-only,shrink,1000,100.0,0.4,0.0,false,true,false,ok,19.48,499.226,499.226,0.9902684217625544,false,-704972777
5a,7473263357853,s4000-p100-a04,shrink-only,shrink,4000,100.0,0.4,0.0,false,false,false,ok,16.534,150.571,150.571,0.9843911910747032,false,414652499
32a,217574473591987,s1000-p100-a16,shrink-only,shrink,1000,100.0,1.6,0.0,false,false,false,ok,7.706,0.201,0.201,1.0177215189873419,false,-1917286155
19c,210260144264810,s1000-p100-a04,shrink-only,shrink,1000,100.0,0.4,0.0,false,true,false,ok,23.365,696.867,696.867,0.920734349813704,false,1055693188
6a,7606407344058,s1000-p0-a04,shrink-only,shrink,1000,0.0,0.4,0.0,false,false,false,ok,9.106,3.678,3.678,0.9367120845536737,false,-224470636
31a,217441329605778,s1000-p100-a0,shrink-only,shrink,1000,100.0,0.0,0.0,false,false,false,ok,62.085,177.179,177.179,0.871493568775977,false,2133672151
13d,209465575315411,s1000-p25-a04,shrink-only,shrink,1000,25.0,0.4,0.0,false,false,false,ok,16.085,2952.297,2952.297,0.9585695762376584,false,-2119720580
3c,7215565320129,s1000-p100-a16,shrink-only,shrink,1000,100.0,1.6,0.0,false,false,false,ok,12.932,1279.893,1279.893,0.9756241276771878,false,-1572305105
28b,214250168904589,s1000-p100-a04,shrink-only,shrink,1000,100.0,0.4,0.0,false,true,false,ok,140.478,87.58,87.58,0.8045047858756958,false,-461396360
10a,209053258454899,s1000-p0-a04,shrink-only,shrink,1000,0.0,0.4,0.0,false,false,false,ok,10.523,279.19,279.19,0.884490916377449,false,1718403736
28c,214254463871884,s1000-p400-a04,shrink-only,shrink,1000,400.0,0.4,0.0,false,false,false,ok,115.122,465.638,465.638,0.9275444885226733,false,-676166940
2d,7086716301091,s1000-p25-a04,shrink-only,shrink,1000,25.0,0.4,0.0,false,false,false,ok,17.772,174.86,174.86,1.2092418552865432,false,321836810
29a,214379017923499,s4000-p100-a04,shrink-only,shrink,4000,100.0,0.4,0.0,false,false,false,ok,999.905,26.933,26.933,1.0530987292277614,false,833502681
13a,209452690413358,s250-p100-a04,shrink-only,shrink,250,100.0,0.4,0.0,false,false,false,ok,11.21,643.737,643.737,0.8439110018064976,false,-1062568155
11c,209194992375570,s1000-p400-a04,shrink-only,shrink,1000,400.0,0.4,0.0,false,false,false,ok,16.465,523.236,523.236,1.0397520822921458,false,1916526955
16d,209865007273870,s1000-p100-a0,shrink-only,shrink,1000,100.0,0.0,0.0,false,false,false,ok,18.694,338.668,338.668,1.1289140300905516,false,719404660
13d,209465575315411,s4000-p100-a04,shrink-only,shrink,4000,100.0,0.4,0.0,false,false,false,ok,83.725,2840.184,2840.184,0.9221680519666476,false,-2119720580
11b,209190697408275,s1000-p0-a04,shrink-only,shrink,1000,0.0,0.4,0.0,false,false,false,ok,12.191,2.131,2.131,1.083100381194409,false,-40651920
6b,7610702311357,s1000-p400-a04,shrink-only,shrink,1000,400.0,0.4,0.0,false,false,false,ok,80.352,4.234,4.234,1.014617780972921,false,1482096114
1c,6949277347587,s4000-p100-a04,shrink-only,shrink,4000,100.0,0.4,0.0,false,false,false,ok,27.312,1.059,1.059,0.9801018047200369,false,686382736
27a,214112729951213,s4000-p100-a04,shrink-only,shrink,4000,100.0,0.4,0.0,false,false,false,ok,167.033,18.654,18.654,1.0603080770761097,false,-1953543145
31b,217445624573077,s1000-p400-a04,shrink-only,shrink,1000,400.0,0.4,0.0,false,false,false,ok,62.816,9.107,9.107,1.1207925666112852,false,933065134
4b,7344414339071,s1000-p100-a0,shrink-only,shrink,1000,100.0,0.0,0.0,false,false,false,ok,7.818,22.339,22.339,1.024607269808508,false,261415237
15a,209718978385900,s1000-p400-a04,shrink-only,shrink,1000,400.0,0.4,0.0,false,false,false,ok,17.927,417.122,417.122,0.9315073387785637,false,196157638
23a,213580154006289,s1000-p400-a04,shrink-only,shrink,1000,400.0,0.4,0.0,false,false,false,ok,23.605,403.893,403.893,1.0679250720842086,false,1835492322
4b,7344414339071,s1000-p400-a04,shrink-only,shrink,1000,400.0,0.4,0.0,false,false,false,ok,6.117,23.395,23.395,1.073042082330008,false,261415237
1c,6949277347587,s1000-p400-a04,shrink-only,shrink,1000,400.0,0.4,0.0,false,false,false,ok,11.687,1.087,1.087,1.006015733456733,false,686382736
4c,7348709306366,s1000-p25-a04,shrink-only,shrink,1000,25.0,0.4,0.0,false,false,false,ok,8.238,1493.774,1493.774,1.0267063069168478,false,-430037632
33b,217711912546131,s1000-p100-a0,shrink-only,shrink,1000,100.0,0.0,0.0,false,false,false,ok,77.111,3.91,3.91,0.9798270893371759,false,-397240962
2d,7086716301091,s4000-p100-a04,shrink-only,shrink,4000,100.0,0.4,0.0,false,false,false,ok,51.339,132.008,132.008,0.9128994557512639,false,321836810
4c,7348709306366,s1000-p100-a04,shrink-only,shrink,1000,100.0,0.4,0.0,false,true,false,ok,8.147,1413.207,1413.207,0.9713306965304243,false,1192923874
17a,209985266358186,s250-p100-a04,shrink-only,shrink,250,100.0,0.4,0.0,false,false,false,ok,106.552,1688.103,1688.103,0.8774788369228674,false,-1125412742
8b,7876990283387,s1000-p400-a04,shrink-only,shrink,1000,400.0,0.4,0.0,false,false,false,ok,14.281,145.702,145.702,0.7166988037147805,false,-1718178947
8d,7885580217981,s1000-p100-a0,shrink-only,shrink,1000,100.0,0.0,0.0,false,false,false,ok,86.937,663.619,663.619,1.0955771219801709,false,-1012298996
19a,210251554330216,s1000-p100-a0,shrink-only,shrink,1000,100.0,0.0,0.0,false,false,false,ok,62.212,469.945,469.945,0.8287679627821999,false,187704695
5a,7473263357853,s1000-p400-a04,shrink-only,shrink,1000,400.0,0.4,0.0,false,false,false,ok,11.26,153.62,153.62,1.0043247024519721,false,414652499
25c,213855031913425,s1000-p25-a04,shrink-only,shrink,1000,25.0,0.4,0.0,false,false,false,ok,40.773,958.111,958.111,1.0789325660811866,false,35421457
29b,214383312890794,s1000-p100-a04,shrink-only,shrink,1000,100.0,0.4,0.0,false,true,false,ok,691.023,2.916,2.916,1.087248322147651,false,-665152500
28a,214245873937290,s1000-p100-a0,shrink-only,shrink,1000,100.0,0.0,0.0,false,false,false,ok,116.004,836.82,836.82,1.570712763331641,false,96586315
29b,214383312890794,s1000-p0-a04,shrink-only,shrink,1000,0.0,0.4,0.0,false,false,false,ok,645.468,3.54,3.54,1.319910514541387,false,-290208566
32a,217574473591987,s1000-p100-a04,shrink-only,shrink,1000,100.0,0.4,0.0,false,true,false,ok,7.797,0.257,0.257,1.3012658227848102,false,-1917286155
9a,8005839302169,s1000-p100-a16,shrink-only,shrink,1000,100.0,1.6,0.0,false,false,false,ok,92.794,461.394,461.394,0.9401152644388729,false,1576652456
29b,214383312890794,s250-p100-a04,shrink-only,shrink,250,100.0,0.4,0.0,false,false,false,ok,668.771,2.755,2.755,1.0272184936614466,false,-665152500
15b,209723273353199,s1000-p400-a04,shrink-only,shrink,1000,400.0,0.4,0.0,false,false,false,ok,17.216,6.074,6.074,0.7001325572013141,false,-1293176700
16d,209865007273870,s250-p100-a04,shrink-only,shrink,250,100.0,0.4,0.0,false,false,false,ok,28.529,275.857,275.857,0.9195401915701789,false,719404660
24a,213713297992462,s250-p100-a04,shrink-only,shrink,250,100.0,0.4,0.0,false,false,false,ok,72.041,111.349,111.349,0.79078884292385,false,672276191
14b,209590129366990,s1000-p100-a04,shrink-only,shrink,1000,100.0,0.4,0.0,false,true,false,ok,19.201,35.96,35.96,0.9730621964254306,false,1297441228
24a,213713297992462,s1000-p100-a04,shrink-only,shrink,1000,100.0,0.4,0.0,false,true,false,ok,87.253,109.622,109.622,0.778523871242654,false,941138625
19a,210251554330216,s250-p100-a04,shrink-only,shrink,250,100.0,0.4,0.0,false,false,false,ok,20.958,468.72,468.72,0.826607623265005,false,-477815540
28c,214254463871884,s1000-p25-a04,shrink-only,shrink,1000,25.0,0.4,0.0,false,false,false,ok,114.83,1121.513,1121.513,2.2340384632622956,false,-1040088321
29a,214379017923499,s1000-p0-a04,shrink-only,shrink,1000,0.0,0.4,0.0,false,false,false,ok,663.441,6.735,6.735,0.2633431085043988,false,-1092631929
4a,7340119371772,s4000-p100-a04,shrink-only,shrink,4000,100.0,0.4,0.0,false,false,false,ok,25.744,697.49,697.49,0.9211199658751525,false,1427000343
18b,210122705311306,s250-p100-a04,shrink-only,shrink,250,100.0,0.4,0.0,false,false,false,ok,17.821,662.31,662.31,1.0176351058067936,false,-1852800932
31b,217445624573077,s4000-p100-a04,shrink-only,shrink,4000,100.0,0.4,0.0,false,false,false,ok,259.117,7.68,7.68,0.9451726047627838,false,-744571733
16d,209865007273870,s1000-p25-a04,shrink-only,shrink,1000,25.0,0.4,0.0,false,false,false,ok,18.447,266.372,266.372,0.8879229452539963,false,719404660
33b,217711912546131,s1000-p25-a04,shrink-only,shrink,1000,25.0,0.4,0.0,false,false,false,ok,75.448,3.881,3.881,0.9725598295952887,false,-397240962
26c,213988175899598,s250-p100-a04,shrink-only,shrink,250,100.0,0.4,0.0,false,false,false,ok,46.184,323.125,323.125,0.9380474967739875,false,-321495561
11c,209194992375570,s1000-p100-a0,shrink-only,shrink,1000,100.0,0.0,0.0,false,false,false,ok,12.876,343.342,343.342,0.6822744601639603,false,212006990
24b,213717592959793,s4000-p100-a04,shrink-only,shrink,4000,100.0,0.4,0.0,false,false,false,ok,511.737,1.849,1.849,1.03964014619061,false,644596804
21b,213318161001298,s1000-p100-a16,shrink-only,shrink,1000,100.0,1.6,0.0,false,false,false,ok,23.784,12.571,12.571,0.9683780764934714,false,405046416
10a,209053258454899,s1000-p100-a04,shrink-only,shrink,1000,100.0,0.4,0.0,false,true,false,ok,10.469,280.755,280.755,0.8894489316506705,false,1718403736
9c,8014429236763,s1000-p0-a04,shrink-only,shrink,1000,0.0,0.4,0.0,false,false,false,ok,18.038,662.038,662.038,0.9953340755312968,false,-305338705
23b,213584448973584,s250-p100-a04,shrink-only,shrink,250,100.0,0.4,0.0,false,false,false,ok,15.465,43.244,43.244,0.8716263882450165,false,2055054090
27a,214112729951213,s1000-p400-a04,shrink-only,shrink,1000,400.0,0.4,0.0,false,false,false,ok,71.557,17.297,17.297,0.9831751264707554,false,704699266
19a,210251554330216,s1000-p400-a04,shrink-only,shrink,1000,400.0,0.4,0.0,false,false,false,ok,22.426,630.668,630.668,1.1122097980655703,false,-1819667816
30b,217312480586996,s4000-p100-a04,shrink-only,shrink,4000,100.0,0.4,0.0,false,false,false,ok,272.509,34.537,34.537,0.9789954079029421,false,1910947129
17e,210002446227374,s1000-p25-a04,shrink-only,shrink,1000,25.0,0.4,0.0,false,false,false,ok,13.412,3976.26,3976.26,0.9657845350747408,false,-1125412742
17a,209985266358186,s1000-p400-a04,shrink-only,shrink,1000,400.0,0.4,0.0,false,false,false,ok,66.163,1663.331,1663.331,0.8646023088032838,false,-1125412742
30c,217316775554295,s1000-p100-a04,shrink-only,shrink,1000,100.0,0.4,0.0,false,true,false,ok,86.608,875.531,875.531,1.0960509761456174,false,-804478301
10a,209053258454899,s1000-p100-a0,shrink-only,shrink,1000,100.0,0.0,0.0,false,false,false,ok,10.374,278.158,278.158,0.8812214775519126,false,1718403736
13d,209465575315411,s1000-p100-a16,shrink-only,shrink,1000,100.0,1.6,0.0,false,false,false,ok,16.468,2934.496,2934.496,0.9527898403145428,false,-2119720580
27a,214112729951213,s1000-p0-a04,shrink-only,shrink,1000,0.0,0.4,0.0,false,false,false,ok,80.664,15.279,15.279,0.8684704143693515,false,1430642209
5b,7477558325148,s250-p100-a04,shrink-only,shrink,250,100.0,0.4,0.0,false,false,false,ok,3.083,231.819,231.819,0.8825434049754161,false,-1512145598
7c,7748141264477,s250-p100-a04,shrink-only,shrink,250,100.0,0.4,0.0,false,false,false,ok,44.983,2098.717,2098.717,1.4061585856920988,false,-1183213214
14b,209590129366990,s1000-p0-a04,shrink-only,shrink,1000,0.0,0.4,0.0,false,false,false,ok,20.447,37.358,37.358,1.0108914775879096,false,1313982226
3b,7211270352862,s1000-p100-a04,shrink-only,shrink,1000,100.0,0.4,0.0,false,true,false,ok,7.858,6.106,6.106,0.8417424869037773,false,129508754
11a,209186402440976,s1000-p400-a04,shrink-only,shrink,1000,400.0,0.4,0.0,false,false,false,ok,13.736,14.752,14.752,0.9895026327262971,false,-1055439248
31a,217441329605778,s1000-p100-a04,shrink-only,shrink,1000,100.0,0.4,0.0,false,true,false,ok,79.514,265.517,265.517,1.306003295541182,false,499229554
17e,210002446227374,s1000-p400-a04,shrink-only,shrink,1000,400.0,0.4,0.0,false,false,false,ok,13.794,4134.203,4134.203,1.004146942669644,false,-1125412742
13a,209452690413358,s1000-p400-a04,shrink-only,shrink,1000,400.0,0.4,0.0,false,false,false,ok,17.314,633.564,633.564,0.8305746445342304,false,-1062568155
11d,209199287342869,s1000-p0-a04,shrink-only,shrink,1000,0.0,0.4,0.0,false,false,false,ok,14.335,1282.755,1282.755,5.752883718427096,false,198126114
4b,7344414339071,s1000-p25-a04,shrink-only,shrink,1000,25.0,0.4,0.0,false,false,false,ok,8.216,21.427,21.427,0.9827772044490309,false,261415237
8a,7872695316088,s1000-p400-a04,shrink-only,shrink,1000,400.0,0.4,0.0,false,false,false,ok,14.516,69.194,69.194,0.7265377265377265,false,-1762716238
8d,7885580217981,s1000-p400-a04,shrink-only,shrink,1000,400.0,0.4,0.0,false,false,false,ok,14.066,582.743,582.743,0.9620578958620696,false,1142152349
6b,7610702311357,s1000-p100-a16,shrink-only,shrink,1000,100.0,1.6,0.0,false,false,false,ok,9.818,3.708,3.708,0.888569374550683,false,1482096114
22a,213447010020208,s1000-p100-a04,shrink-only,shrink,1000,100.0,0.4,0.0,false,true,false,ok,31.027,507.813,507.813,1.0774237967077673,false,316133052
15c,209727568320494,s1000-p100-a16,shrink-only,shrink,1000,100.0,1.6,0.0,false,false,false,ok,21.122,540.14,540.14,0.952631226212438,false,-1622553236
17a,209985266358186,s1000-p25-a04,shrink-only,shrink,1000,25.0,0.4,0.0,false,false,false,ok,13.951,1815.462,1815.462,0.9436802637265989,false,-1125412742
21c,213322455968597,s1000-p100-a16,shrink-only,shrink,1000,100.0,1.6,0.0,false,false,false,ok,34.614,43.099,43.099,1.0312369148312535,false,405046416
26c,213988175899598,s1000-p400-a04,shrink-only,shrink,1000,400.0,0.4,0.0,false,false,false,ok,137.383,291.955,291.955,0.8475594798317972,false,-321495561
16c,209860712306575,s4000-p100-a04,shrink-only,shrink,4000,100.0,0.4,0.0,false,false,false,ok,500.742,356.606,356.606,0.8845601458532291,false,719404660
9c,8014429236763,s1000-p25-a04,shrink-only,shrink,1000,25.0,0.4,0.0,false,false,false,ok,20.657,642.076,642.076,0.9653224163580232,false,659609918
1c,6949277347587,s250-p100-a04,shrink-only,shrink,250,100.0,0.4,0.0,false,false,false,ok,3.613,0.991,0.991,0.917167977788061,false,686382736
30a,217308185619701,s1000-p100-a04,shrink-only,shrink,1000,100.0,0.4,0.0,false,true,false,ok,89.113,815.62,815.62,1.0373861968441644,false,216250776
15b,209723273353199,s1000-p100-a0,shrink-only,shrink,1000,100.0,0.0,0.0,false,false,false,ok,17.236,6.887,6.887,0.7938447351737652,false,-347771581
8a,7872695316088,s4000-p100-a04,shrink-only,shrink,4000,100.0,0.4,0.0,false,false,false,ok,285.629,70.98,70.98,0.7452907452907453,false,-1762716238
24a,213713297992462,s1000-p100-a0,shrink-only,shrink,1000,100.0,0.0,0.0,false,false,false,ok,62.869,114.563,114.563,0.8136143316229604,false,499733213
12b,209323841394480,s1000-p400-a04,shrink-only,shrink,1000,400.0,0.4,0.0,false,false,false,ok,13.882,1.358,1.358,1.011169024571854,false,466548996
18b,210122705311306,s4000-p100-a04,shrink-only,shrink,4000,100.0,0.4,0.0,false,false,false,ok,201.29,454.235,454.235,0.6979291906903851,false,-633376097
29c,214387607858093,s4000-p100-a04,shrink-only,shrink,4000,100.0,0.4,0.0,false,false,false,ok,1362.637,59.958,59.958,0.9185024050981955,false,485902434
8c,7881285250682,s1000-p100-a0,shrink-only,shrink,1000,100.0,0.0,0.0,false,false,false,ok,20.326,4305.774,4305.774,0.9342311043685949,false,-388506810
28a,214245873937290,s1000-p100-a16,shrink-only,shrink,1000,100.0,1.6,0.0,false,false,false,ok,139.246,635.948,635.948,1.1936756296637632,false,-351635764
7c,7748141264477,s1000-p400-a04,shrink-only,shrink,1000,400.0,0.4,0.0,false,false,false,ok,26.768,1478.002,1478.002,0.9902741541475546,false,-399731567
12b,209323841394480,s1000-p100-a04,shrink-only,shrink,1000,100.0,0.4,0.0,false,true,false,ok,14.496,1.465,1.465,1.0908413998510798,false,466548996
5b,7477558325148,s1000-p100-a04,shrink-only,shrink,1000,100.0,0.4,0.0,false,true,false,ok,7.396,371.506,371.506,1.4143369189272532,false,1589551454
19c,210260144264810,s1000-p100-a16,shrink-only,shrink,1000,100.0,1.6,0.0,false,false,false,ok,25.824,678.398,678.398,0.8963322146764263,false,1055693188
9a,8005839302169,s1000-p400-a04,shrink-only,shrink,1000,400.0,0.4,0.0,false,false,false,ok,20.966,605.035,605.035,1.2327915816412296,false,1576652456
29a,214379017923499,s1000-p100-a0,shrink-only,shrink,1000,100.0,0.0,0.0,false,false,false,ok,601.931,25.234,25.234,0.9866666666666666,false,898180284
15c,209727568320494,s1000-p400-a04,shrink-only,shrink,1000,400.0,0.4,0.0,false,false,false,ok,20.47,571.165,571.165,1.007349232272424,false,-1622553236
21a,213313866034003,s1000-p25-a04,shrink-only,shrink,1000,25.0,0.4,0.0,false,false,false,ok,31.676,28.657,28.657,0.9574674239893084,false,405046416
31a,217441329605778,s1000-p25-a04,shrink-only,shrink,1000,25.0,0.4,0.0,false,false,false,ok,70.81,181.942,181.942,0.8949214234770418,false,2133672151
2d,7086716301091,s1000-p100-a0,shrink-only,shrink,1000,100.0,0.0,0.0,false,false,false,ok,9.0,132.378,132.378,0.9154581855148232,false,321836810
17e,210002446227374,s250-p100-a04,shrink-only,shrink,250,100.0,0.4,0.0,false,false,false,ok,22.024,4045.255,4045.255,0.9825425700114607,false,-1125412742
13c,209461280348112,s4000-p100-a04,shrink-only,shrink,4000,100.0,0.4,0.0,false,false,false,ok,72.399,297.328,297.328,0.6319975768268121,false,-2119720580
29c,214387607858093,s250-p100-a04,shrink-only,shrink,250,100.0,0.4,0.0,false,false,false,ok,815.002,58.829,58.829,0.9012071448267411,false,1982492668
15c,209727568320494,s1000-p100-a04,shrink-only,shrink,1000,100.0,0.4,0.0,false,true,false,ok,19.32,512.771,512.771,0.9043612146780058,false,592161665
32b,217578768559282,s1000-p25-a04,shrink-only,shrink,1000,25.0,0.4,0.0,false,false,false,ok,31.606,139.803,139.803,0.9841608413761062,false,1520237401
29c,214387607858093,s1000-p100-a16,shrink-only,shrink,1000,100.0,1.6,0.0,false,false,false,ok,919.365,58.256,58.256,0.8924293023683325,false,2081534655
8a,7872695316088,s250-p100-a04,shrink-only,shrink,250,100.0,0.4,0.0,false,false,false,ok,21.946,70.616,70.616,0.7414687414687414,false,-1762716238
31b,217445624573077,s1000-p25-a04,shrink-only,shrink,1000,25.0,0.4,0.0,false,false,false,ok,55.949,7.878,7.878,0.9695403359793243,false,-744571733
2b,7078126366497,s1000-p100-a16,shrink-only,shrink,1000,100.0,1.6,0.0,false,false,false,ok,9.431,122.397,122.397,0.9051994778705104,false,321836810
28b,214250168904589,s1000-p400-a04,shrink-only,shrink,1000,400.0,0.4,0.0,false,false,false,ok,101.059,284.94,284.94,2.6174422663555696,false,1439246871
13c,209461280348112,s1000-p400-a04,shrink-only,shrink,1000,400.0,0.4,0.0,false,false,false,ok,13.586,486.466,486.466,1.0340275157692247,false,876197618
27c,214121319885807,s4000-p100-a04,shrink-only,shrink,4000,100.0,0.4,0.0,false,false,false,ok,231.654,26.173,26.173,0.9990266618317841,false,-1273730499
32b,217578768559282,s1000-p100-a04,shrink-only,shrink,1000,100.0,0.4,0.0,false,true,false,ok,4.347,132.024,132.024,0.9293995902937636,false,1520237401
27b,214117024918508,s4000-p100-a04,shrink-only,shrink,4000,100.0,0.4,0.0,false,false,false,ok,146.672,5.76,5.76,0.9872311252035306,false,1728540501
16d,209865007273870,s1000-p100-a16,shrink-only,shrink,1000,100.0,1.6,0.0,false,false,false,ok,20.098,263.268,263.268,0.877576088894963,false,719404660
31a,217441329605778,s1000-p400-a04,shrink-only,shrink,1000,400.0,0.4,0.0,false,false,false,ok,66.878,180.535,180.535,0.888000786994909,false,619611693
11c,209194992375570,s1000-p100-a16,shrink-only,shrink,1000,100.0,1.6,0.0,false,false,false,ok,13.027,514.791,514.791,1.0229705413909902,false,1916526955
4c,7348709306366,s1000-p400-a04,shrink-only,shrink,1000,400.0,0.4,0.0,false,false,false,ok,8.138,1381.875,1381.875,0.949795469643145,false,1192923874
17a,209985266358186,s1000-p0-a04,shrink-only,shrink,1000,0.0,0.4,0.0,false,false,false,ok,13.862,1736.615,1736.615,0.9026954577906712,false,-1125412742
17a,209985266358186,s1000-p100-a0,shrink-only,shrink,1000,100.0,0.0,0.0,false,false,false,ok,11.146,1795.057,1795.057,0.9330737097026968,false,-1125412742
24b,213717592959793,s250-p100-a04,shrink-only,shrink,250,100.0,0.4,0.0,false,false,false,ok,52.145,1.594,1.594,0.8962608940118078,false,-870534348
23a,213580154006289,s1000-p100-a04,shrink-only,shrink,1000,100.0,0.4,0.0,false,true,false,ok,22.453,358.025,358.025,0.94664644827454,false,1835492322
13a,209452690413358,s1000-p0-a04,shrink-only,shrink,1000,0.0,0.4,0.0,false,false,false,ok,16.56,739.028,739.028,0.9688333276525232,false,1188104532
7c,7748141264477,s1000-p100-a16,shrink-only,shrink,1000,100.0,1.6,0.0,false,false,false,ok,23.949,1372.377,1372.377,0.9195044883880797,false,-399731567
33a,217707617578832,s1000-p100-a04,shrink-only,shrink,1000,100.0,0.4,0.0,false,true,false,ok,82.703,4.285,4.285,0.9303082935301781,false,1514619789
23b,213584448973584,s4000-p100-a04,shrink-only,shrink,4000,100.0,0.4,0.0,false,false,false,ok,70.039,44.561,44.561,0.8981718501199283,false,-439854755
19b,210255849297515,s4000-p100-a04,shrink-only,shrink,4000,100.0,0.4,0.0,false,false,false,ok,112.764,149.591,149.591,0.9677536220164257,false,910037442
3c,7215565320129,s1000-p0-a04,shrink-only,shrink,1000,0.0,0.4,0.0,false,false,false,ok,12.839,1267.581,1267.581,0.9662390585659717,false,-1572305105
15b,209723273353199,s1000-p0-a04,shrink-only,shrink,1000,0.0,0.4,0.0,false,false,false,ok,16.531,53.125,53.125,6.123566365051006,false,1563801558
29c,214387607858093,s1000-p25-a04,shrink-only,shrink,1000,25.0,0.4,0.0,false,false,false,ok,800.872,57.517,57.517,0.881108489843439,false,1216159973
27b,214117024918508,s1000-p0-a04,shrink-only,shrink,1000,0.0,0.4,0.0,false,false,false,ok,64.912,5.758,5.758,0.9868883366183906,false,1728540501
18b,210122705311306,s1000-p100-a0,shrink-only,shrink,1000,100.0,0.0,0.0,false,false,false,ok,22.727,634.323,634.323,0.9746332581731859,false,-633376097
5a,7473263357853,s1000-p100-a04,shrink-only,shrink,1000,100.0,0.4,0.0,false,true,false,ok,11.388,152.922,152.922,0.999761373182922,false,414652499
28a,214245873937290,s1000-p25-a04,shrink-only,shrink,1000,25.0,0.4,0.0,false,false,false,ok,115.293,765.717,765.717,1.4372522944002462,false,96586315
6b,7610702311357,s1000-p100-a0,shrink-only,shrink,1000,100.0,0.0,0.0,false,false,false,ok,10.203,3.87,3.87,0.9273903666427031,false,1482096114
13b,209456985380817,s250-p100-a04,shrink-only,shrink,250,100.0,0.4,0.0,false,false,false,ok,10.677,724.833,724.833,2.1527050144338715,false,876197618
19a,210251554330216,s1000-p0-a04,shrink-only,shrink,1000,0.0,0.4,0.0,false,false,false,ok,23.535,467.251,467.251,0.8240169793868339,false,-392804058
27a,214112729951213,s1000-p100-a16,shrink-only,shrink,1000,100.0,1.6,0.0,false,false,false,ok,70.972,16.904,16.904,0.9608366964133462,false,704699266
3b,7211270352862,s1000-p400-a04,shrink-only,shrink,1000,400.0,0.4,0.0,false,false,false,ok,7.509,5.998,5.998,0.8268541494347946,false,129508754
30c,217316775554295,s4000-p100-a04,shrink-only,shrink,4000,100.0,0.4,0.0,false,false,false,ok,337.937,828.248,828.248,1.0368588078442174,false,-433732479
18a,210118410344011,s4000-p100-a04,shrink-only,shrink,4000,100.0,0.4,0.0,false,false,false,ok,207.967,900.761,900.761,0.9196947559405481,false,-1701613315
11b,209190697408275,s250-p100-a04,shrink-only,shrink,250,100.0,0.4,0.0,false,false,false,ok,4.761,1.791,1.791,0.9102922490470139,false,898037380
8d,7885580217981,s1000-p100-a16,shrink-only,shrink,1000,100.0,1.6,0.0,false,false,false,ok,12.776,580.292,580.292,0.9580115085133448,false,1142152349
6f,7627882180513,s1000-p100-a16,shrink-only,shrink,1000,100.0,1.6,0.0,false,false,false,ok,10.844,1696.03,1696.03,0.9618567590367425,false,1250717231
27b,214117024918508,s250-p100-a04,shrink-only,shrink,250,100.0,0.4,0.0,false,false,false,ok,49.158,6.038,6.038,1.0348787385380067,false,-628226742
5a,7473263357853,s250-p100-a04,shrink-only,shrink,250,100.0,0.4,0.0,false,false,false,ok,4.046,149.863,149.863,0.9797624845954948,false,414652499
8b,7876990283387,s1000-p100-a0,shrink-only,shrink,1000,100.0,0.0,0.0,false,false,false,ok,9.624,143.553,143.553,0.7061280103887927,false,-1987159524
19b,210255849297515,s1000-p100-a16,shrink-only,shrink,1000,100.0,1.6,0.0,false,false,false,ok,14.411,148.797,148.797,0.9626169735824888,false,910037442
6a,7606407344058,s1000-p100-a04,shrink-only,shrink,1000,100.0,0.4,0.0,false,true,false,ok,8.981,3.694,3.694,0.9407869603973004,false,-224470636
21a,213313866034003,s1000-p400-a04,shrink-only,shrink,1000,400.0,0.4,0.0,false,false,false,ok,44.706,28.759,28.759,0.9608753758770464,false,405046416
2d,7086716301091,s1000-p400-a04,shrink-only,shrink,1000,400.0,0.4,0.0,false,false,false,ok,8.762,132.202,132.202,0.9142410600056706,false,321836810
21a,213313866034003,s1000-p100-a16,shrink-only,shrink,1000,100.0,1.6,0.0,false,false,false,ok,27.272,27.969,27.969,0.9344804543935851,false,405046416
10a,209053258454899,s250-p100-a04,shrink-only,shrink,250,100.0,0.4,0.0,false,false,false,ok,36.495,281.461,281.461,0.8916855826301558,false,1718403736
12b,209323841394480,s1000-p0-a04,shrink-only,shrink,1000,0.0,0.4,0.0,false,false,false,ok,12.794,1.258,1.258,0.9367088607594937,false,-1300552445
2b,7078126366497,s4000-p100-a04,shrink-only,shrink,4000,100.0,0.4,0.0,false,false,false,ok,39.259,123.712,123.712,0.914924694284309,false,321836810
2b,7078126366497,s1000-p25-a04,shrink-only,shrink,1000,25.0,0.4,0.0,false,false,false,ok,8.497,118.695,118.695,0.8778209598751621,false,321836810
28c,214254463871884,s1000-p100-a04,shrink-only,shrink,1000,100.0,0.4,0.0,false,true,false,ok,114.506,464.646,464.646,0.9255684381732292,false,-1613403286
26c,213988175899598,s1000-p100-a04,shrink-only,shrink,1000,100.0,0.4,0.0,false,true,false,ok,38.175,279.128,279.128,0.8103220786987375,false,-321495561
6f,7627882180513,s4000-p100-a04,shrink-only,shrink,4000,100.0,0.4,0.0,false,false,false,ok,254.705,1533.717,1533.717,0.8698054060951491,false,1250717231
6f,7627882180513,s250-p100-a04,shrink-only,shrink,250,100.0,0.4,0.0,false,false,false,ok,20.525,1628.917,1628.917,0.9237954672734877,false,1250717231
9b,8010134269464,s1000-p400-a04,shrink-only,shrink,1000,400.0,0.4,0.0,false,false,false,ok,15.533,470.384,470.384,0.9454185136687365,false,140277402
9a,8005839302169,s1000-p25-a04,shrink-only,shrink,1000,25.0,0.4,0.0,false,false,false,ok,17.762,456.987,456.987,0.931135763252507,false,2029736178
4c,7348709306366,s1000-p100-a0,shrink-only,shrink,1000,100.0,0.0,0.0,false,false,false,ok,8.04,1455.568,1455.568,1.000446416758052,false,-430037632
6a,7606407344058,s250-p100-a04,shrink-only,shrink,250,100.0,0.4,0.0,false,false,false,ok,14.274,3.803,3.803,0.9685470520820069,false,-224470636
9b,8010134269464,s1000-p100-a16,shrink-only,shrink,1000,100.0,1.6,0.0,false,false,false,ok,14.583,452.612,452.612,0.9096988084387101,false,140277402
19b,210255849297515,s1000-p100-a04,shrink-only,shrink,1000,100.0,0.4,0.0,false,true,false,ok,15.147,148.337,148.337,0.9596410815426765,false,910037442
17a,209985266358186,s1000-p100-a16,shrink-only,shrink,1000,100.0,1.6,0.0,false,false,false,ok,13.053,1778.719,1778.719,0.924581189259545,false,-1125412742
19a,210251554330216,s4000-p100-a04,shrink-only,shrink,4000,100.0,0.4,0.0,false,false,false,ok,164.68,466.141,466.141,0.8220594472528859,false,187704695
4a,7340119371772,s1000-p400-a04,shrink-only,shrink,1000,400.0,0.4,0.0,false,false,false,ok,7.798,766.787,766.787,1.0126350417547356,false,-1509295857
14b,209590129366990,s4000-p100-a04,shrink-only,shrink,4000,100.0,0.4,0.0,false,false,false,ok,61.758,36.533,36.533,0.9885673309791506,false,1297441228
30a,217308185619701,s250-p100-a04,shrink-only,shrink,250,100.0,0.4,0.0,false,false,false,ok,64.168,728.674,728.674,0.9267996733763574,false,-824386529
3b,7211270352862,s1000-p25-a04,shrink-only,shrink,1000,25.0,0.4,0.0,false,false,false,ok,7.562,5.997,5.997,0.82671629445823,false,129508754
33a,217707617578832,s4000-p100-a04,shrink-only,shrink,4000,100.0,0.4,0.0,false,false,false,ok,189.403,7.336,7.336,1.5927051671732524,false,-2124008857
11a,209186402440976,s1000-p100-a16,shrink-only,shrink,1000,100.0,1.6,0.0,false,false,false,ok,12.906,14.448,14.448,0.9691115806419157,false,-1055439248
23b,213584448973584,s1000-p25-a04,shrink-only,shrink,1000,25.0,0.4,0.0,false,false,false,ok,25.065,42.75,42.75,0.8616693205409872,false,-439854755
17a,209985266358186,s4000-p100-a04,shrink-only,shrink,4000,100.0,0.4,0.0,false,false,false,ok,219.985,1688.407,1688.407,0.8776368566446643,false,-1125412742
22b,213451304987507,s1000-p25-a04,shrink-only,shrink,1000,25.0,0.4,0.0,false,false,false,ok,31.184,569.541,569.541,1.19681516683285,false,1654838330
23a,213580154006289,s1000-p100-a0,shrink-only,shrink,1000,100.0,0.0,0.0,false,false,false,ok,22.8,354.146,354.146,0.9363900651368907,false,-1576721678
32b,217578768559282,s1000-p400-a04,shrink-only,shrink,1000,400.0,0.4,0.0,false,false,false,ok,7.612,51.654,51.654,0.36362484424827357,false,-888812919
11a,209186402440976,s4000-p100-a04,shrink-only,shrink,4000,100.0,0.4,0.0,false,false,false,ok,42.519,14.998,14.998,1.0060032867156319,false,-1055439248
3b,7211270352862,s250-p100-a04,shrink-only,shrink,250,100.0,0.4,0.0,false,false,false,ok,3.008,6.393,6.393,0.881306865177833,false,129508754
30b,217312480586996,s1000-p25-a04,shrink-only,shrink,1000,25.0,0.4,0.0,false,false,false,ok,78.101,32.517,32.517,0.9217359260729066,false,1910947129
33b,217711912546131,s1000-p100-a16,shrink-only,shrink,1000,100.0,1.6,0.0,false,false,false,ok,76.161,3.837,3.837,0.9615336424007017,false,-1989803960
28b,214250168904589,s1000-p25-a04,shrink-only,shrink,1000,25.0,0.4,0.0,false,false,false,ok,131.986,88.449,88.449,0.8124873693299774,false,1300118193
19c,210260144264810,s1000-p25-a04,shrink-only,shrink,1000,25.0,0.4,0.0,false,false,false,ok,23.333,662.264,662.264,0.8750151943556272,false,-649799299
19a,210251554330216,s1000-p100-a16,shrink-only,shrink,1000,100.0,1.6,0.0,false,false,false,ok,22.492,626.037,626.037,1.104042832919342,false,-1819667816
23a,213580154006289,s250-p100-a04,shrink-only,shrink,250,100.0,0.4,0.0,false,false,false,ok,11.278,349.161,349.161,0.923209330426609,false,1835492322
6f,7627882180513,s1000-p100-a0,shrink-only,shrink,1000,100.0,0.0,0.0,false,false,false,ok,9.889,1604.572,1604.572,0.9099888702211069,false,1250717231
15b,209723273353199,s250-p100-a04,shrink-only,shrink,250,100.0,0.4,0.0,false,false,false,ok,19.361,6.05,6.05,0.6973661460434557,false,-1293176700
30c,217316775554295,s1000-p0-a04,shrink-only,shrink,1000,0.0,0.4,0.0,false,false,false,ok,85.304,1222.017,1222.017,1.5298063983074717,false,-1451103391
30b,217312480586996,s1000-p400-a04,shrink-only,shrink,1000,400.0,0.4,0.0,false,false,false,ok,73.377,35.41,35.41,1.0037417087136455,false,-119349660
33a,217707617578832,s1000-p400-a04,shrink-only,shrink,1000,400.0,0.4,0.0,false,false,false,ok,83.656,4.224,4.224,0.9170646982197135,false,1514619789
6a,7606407344058,s1000-p25-a04,shrink-only,shrink,1000,25.0,0.4,0.0,false,false,false,ok,8.727,3.631,3.631,0.9247421367630205,false,-224470636
11c,209194992375570,s1000-p100-a04,shrink-only,shrink,1000,100.0,0.4,0.0,false,true,false,ok,12.774,403.028,403.028,0.8008799131214959,false,212006990
30b,217312480586996,s250-p100-a04,shrink-only,shrink,250,100.0,0.4,0.0,false,false,false,ok,63.271,34.333,34.333,0.9732127671636712,false,1910947129
21b,213318161001298,s1000-p25-a04,shrink-only,shrink,1000,25.0,0.4,0.0,false,false,false,ok,23.479,12.429,12.429,0.9574394330393252,false,405046416
3c,7215565320129,s4000-p100-a04,shrink-only,shrink,4000,100.0,0.4,0.0,false,false,false,ok,45.581,1287.925,1287.925,0.9817466808855443,false,-1572305105
9d,8018724204058,s1000-p100-a04,shrink-only,shrink,1000,100.0,0.4,0.0,false,true,false,ok,41.179,1180.358,1180.358,0.9969530362160045,false,-1708131848
30c,217316775554295,s250-p100-a04,shrink-only,shrink,250,100.0,0.4,0.0,false,false,false,ok,80.58,768.311,768.311,0.9618254768059789,false,1235453522
29a,214379017923499,s1000-p100-a16,shrink-only,shrink,1000,100.0,1.6,0.0,false,false,false,ok,632.69,25.083,25.083,0.9807624633431083,false,-858518681
32a,217574473591987,s1000-p100-a0,shrink-only,shrink,1000,100.0,0.0,0.0,false,false,false,ok,8.311,0.19,0.19,0.9620253164556962,false,957982218
31b,217445624573077,s1000-p100-a04,shrink-only,shrink,1000,100.0,0.4,0.0,false,true,false,ok,56.72,7.922,7.922,0.9749553873607777,false,-536655723
25c,213855031913425,s1000-p100-a0,shrink-only,shrink,1000,100.0,0.0,0.0,false,false,false,ok,40.992,661.507,661.507,0.7449256349114741,false,35421457
3b,7211270352862,s1000-p100-a0,shrink-only,shrink,1000,100.0,0.0,0.0,false,false,false,ok,8.481,6.505,6.505,0.8967466225530742,false,129508754
30b,217312480586996,s1000-p100-a16,shrink-only,shrink,1000,100.0,1.6,0.0,false,false,false,ok,73.702,35.591,35.591,1.008872385055842,false,-1031970200
22d,213459894922101,s1000-p400-a04,shrink-only,shrink,1000,400.0,0.4,0.0,false,false,false,ok,43.23,547.832,547.832,0.9069022686959033,false,-438265046
15c,209727568320494,s250-p100-a04,shrink-only,shrink,250,100.0,0.4,0.0,false,false,false,ok,14.903,558.788,558.788,0.9855202311119262,false,-1622553236
29c,214387607858093,s1000-p100-a0,shrink-only,shrink,1000,100.0,0.0,0.0,false,false,false,ok,816.79,58.943,58.943,0.9029535218603512,false,1216159973
21c,213322455968597,s250-p100-a04,shrink-only,shrink,250,100.0,0.4,0.0,false,false,false,ok,17.586,42.525,42.525,1.0175027217150991,false,405046416
30b,217312480586996,s1000-p100-a0,shrink-only,shrink,1000,100.0,0.0,0.0,false,false,false,ok,69.257,35.614,35.614,1.0095243494529167,false,1910947129
29a,214379017923499,s1000-p100-a04,shrink-only,shrink,1000,100.0,0.4,0.0,false,true,false,ok,638.584,26.633,26.633,1.041368523949169,false,-858518681
23b,213584448973584,s1000-p0-a04,shrink-only,shrink,1000,0.0,0.4,0.0,false,false,false,ok,25.286,43.44,43.44,0.8755769657146312,false,-1221980907
14b,209590129366990,s1000-p25-a04,shrink-only,shrink,1000,25.0,0.4,0.0,false,false,false,ok,19.008,37.506,37.506,1.0148962941916628,false,1297441228
9c,8014429236763,s4000-p100-a04,shrink-only,shrink,4000,100.0,0.4,0.0,false,false,false,ok,199.613,640.637,640.637,0.9631589669265863,false,659609918
19d,210264439232109,s1000-p100-a16,shrink-only,shrink,1000,100.0,1.6,0.0,false,false,false,ok,62.466,5730.183,5730.183,0.9867425980740019,false,723032794
22b,213451304987507,s1000-p100-a04,shrink-only,shrink,1000,100.0,0.4,0.0,false,true,false,ok,35.876,475.093,475.093,0.9983451727902278,false,815426615
5b,7477558325148,s4000-p100-a04,shrink-only,shrink,4000,100.0,0.4,0.0,false,false,false,ok,24.594,678.215,678.215,2.5819892908061974,false,1589551454
29b,214383312890794,s1000-p100-a16,shrink-only,shrink,1000,100.0,1.6,0.0,false,false,false,ok,907.351,3.047,3.047,1.1360924683072335,false,-665152500
33b,217711912546131,s1000-p0-a04,shrink-only,shrink,1000,0.0,0.4,0.0,false,false,false,ok,80.389,4.171,4.171,1.0452324270141586,false,1896864069
6f,7627882180513,s1000-p100-a04,shrink-only,shrink,1000,100.0,0.4,0.0,false,true,false,ok,12.684,1845.794,1845.794,1.046791291834145,false,1250717231
13b,209456985380817,s1000-p100-a16,shrink-only,shrink,1000,100.0,1.6,0.0,false,false,false,ok,20.945,683.207,683.207,2.0290786081708783,false,876197618
30a,217308185619701,s1000-p0-a04,shrink-only,shrink,1000,0.0,0.4,0.0,false,false,false,ok,83.139,799.497,799.497,1.0168793705626626,false,1041678136
7c,7748141264477,s1000-p25-a04,shrink-only,shrink,1000,25.0,0.4,0.0,false,false,false,ok,24.117,2235.729,2235.729,1.4979578135741074,false,52935710
28a,214245873937290,s250-p100-a04,shrink-only,shrink,250,100.0,0.4,0.0,false,false,false,ok,90.518,457.814,457.814,0.8593177661049113,false,-351635764
9c,8014429236763,s1000-p400-a04,shrink-only,shrink,1000,400.0,0.4,0.0,false,false,false,ok,121.736,630.95,630.95,0.9485951485510979,false,659609918
33b,217711912546131,s4000-p100-a04,shrink-only,shrink,4000,100.0,0.4,0.0,false,false,false,ok,158.367,4.021,4.021,1.007643152487157,false,1896864069
28c,214254463871884,s4000-p100-a04,shrink-only,shrink,4000,100.0,0.4,0.0,false,false,false,ok,212.527,1185.742,1185.742,2.361981747430089,false,-1040088321
4a,7340119371772,s1000-p100-a16,shrink-only,shrink,1000,100.0,1.6,0.0,false,false,false,ok,8.3,714.696,714.696,0.9438425714076303,false,-1509295857
13d,209465575315411,s1000-p100-a04,shrink-only,shrink,1000,100.0,0.4,0.0,false,true,false,ok,25.819,3117.469,3117.469,1.0121986162855692,false,-2119720580
28c,214254463871884,s1000-p100-a0,shrink-only,shrink,1000,100.0,0.0,0.0,false,false,false,ok,118.358,1023.951,1023.951,2.0396963017779477,false,-1040088321
15c,209727568320494,s1000-p0-a04,shrink-only,shrink,1000,0.0,0.4,0.0,false,false,false,ok,19.563,561.643,561.643,0.990555522241701,false,-1076120849
11c,209194992375570,s1000-p25-a04,shrink-only,shrink,1000,25.0,0.4,0.0,false,false,false,ok,13.063,339.282,339.282,0.6742066027265781,false,212006990
21c,213322455968597,s4000-p100-a04,shrink-only,shrink,4000,100.0,0.4,0.0,false,false,false,ok,130.065,41.415,41.415,0.9909435677796786,false,405046416
8c,7881285250682,s1000-p25-a04,shrink-only,shrink,1000,25.0,0.4,0.0,false,false,false,ok,14.59,4331.473,4331.473,0.9398070600855388,false,-388506810
22d,213459894922101,s4000-p100-a04,shrink-only,shrink,4000,100.0,0.4,0.0,false,false,false,ok,127.658,5374.707,5374.707,8.897497721702551,false,1311334790
8d,7885580217981,s1000-p100-a04,shrink-only,shrink,1000,100.0,0.4,0.0,false,true,false,ok,16.828,555.322,555.322,0.9167882151238473,false,1142152349
28a,214245873937290,s1000-p0-a04,shrink-only,shrink,1000,0.0,0.4,0.0,false,false,false,ok,131.183,848.909,848.909,1.5934038397828685,false,96586315
15d,209731863287697,s250-p100-a04,shrink-only,shrink,250,100.0,0.4,0.0,false,false,false,ok,41.151,510.326,510.326,1.0122864646560823,false,-704972777
9a,8005839302169,s1000-p0-a04,shrink-only,shrink,1000,0.0,0.4,0.0,false,false,false,ok,34.848,464.458,464.458,0.9463583303873697,false,403009818
4a,7340119371772,s1000-p100-a0,shrink-only,shrink,1000,100.0,0.0,0.0,false,false,false,ok,7.948,702.013,702.013,0.9270931348175795,false,1427000343
32b,217578768559282,s1000-p100-a16,shrink-only,shrink,1000,100.0,1.6,0.0,false,false,false,ok,8.177,53.144,53.144,0.37411388707031884,false,-888812919
8b,7876990283387,s1000-p25-a04,shrink-only,shrink,1000,25.0,0.4,0.0,false,false,false,ok,10.471,149.016,149.016,0.7330001574059499,false,-1987159524
26c,213988175899598,s1000-p100-a16,shrink-only,shrink,1000,100.0,1.6,0.0,false,false,false,ok,104.179,557.672,557.672,1.6189487771634605,false,-321495561
19d,210264439232109,s1000-p400-a04,shrink-only,shrink,1000,400.0,0.4,0.0,false,false,false,ok,27.948,2892.128,2892.128,0.4980270083315955,false,-1246359705
13c,209461280348112,s1000-p100-a0,shrink-only,shrink,1000,100.0,0.0,0.0,false,false,false,ok,15.507,528.976,528.976,1.1243863685880233,false,876197618
15a,209718978385900,s1000-p0-a04,shrink-only,shrink,1000,0.0,0.4,0.0,false,false,false,ok,60.756,408.824,408.824,0.9129764343976283,false,532935496
18b,210122705311306,s1000-p400-a04,shrink-only,shrink,1000,400.0,0.4,0.0,false,false,false,ok,45.182,709.623,709.623,1.0903312296174517,false,-1852800932
9b,8010134269464,s250-p100-a04,shrink-only,shrink,250,100.0,0.4,0.0,false,false,false,ok,25.375,454.926,454.926,0.9143496861059551,false,140277402
23c,213588743940883,s1000-p100-a0,shrink-only,shrink,1000,100.0,0.0,0.0,false,false,false,ok,25.029,1090.136,1090.136,1.1760360232070926,false,-1576721678
13b,209456985380817,s1000-p100-a0,shrink-only,shrink,1000,100.0,0.0,0.0,false,false,false,ok,13.566,701.224,701.224,2.0825878802998448,false,876197618
6b,7610702311357,s4000-p100-a04,shrink-only,shrink,4000,100.0,0.4,0.0,false,false,false,ok,193.292,3.416,3.416,0.8185957344835849,false,1482096114
22b,213451304987504,s1000-p0-a04,shrink-only,shrink,1000,0.0,0.4,0.0,false,false,false,ok,34.201,115.984,115.984,0.24372505282313522,false,-2145268623
6b,7610702311358,s1000-p100-a16,shrink-only,shrink,1000,100.0,1.6,0.0,false,false,false,ok,46.984,3.921,3.921,0.9396117900790798,false,1482096114
12b,209323841394483,s1000-p100-a04,shrink-only,shrink,1000,100.0,0.4,0.0,false,true,false,ok,20.67,1.343,1.343,1.0,false,466548996
19c,210260144264809,s1000-p25-a04,shrink-only,shrink,1000,25.0,0.4,0.0,false,false,false,ok,66.069,669.871,669.871,0.8850659302909388,false,-649799299
22a,213447010020211,s1000-p100-a0,shrink-only,shrink,1000,100.0,0.0,0.0,false,false,false,ok,32.048,408.723,408.723,0.8671851379578484,false,-2145268623
18b,210122705311305,s1000-p25-a04,shrink-only,shrink,1000,25.0,0.4,0.0,false,false,false,ok,65.255,635.335,635.335,0.9761881897416003,false,-633376097
3b,7211270352861,s1000-p25-a04,shrink-only,shrink,1000,25.0,0.4,0.0,false,false,false,ok,8.471,6.053,6.053,0.8344361731458506,false,129508754
28c,214254463871887,s1000-p100-a16,shrink-only,shrink,1000,100.0,1.6,0.0,false,false,false,ok,116.449,505.307,505.307,1.006564590651808,false,-676166940
26c,213988175899597,s4000-p100-a04,shrink-only,shrink,4000,100.0,0.4,0.0,false,false,false,ok,327.406,294.066,294.066,0.8536878148900251,false,628672308
22b,213451304987504,s250-p100-a04,shrink-only,shrink,250,100.0,0.4,0.0,false,false,false,ok,18.077,425.633,425.633,0.8944115171771064,false,316133052
3c,7215565320130,s250-p100-a04,shrink-only,shrink,250,100.0,0.4,0.0,false,false,false,ok,4.213,1297.167,1297.167,0.9887915808795223,false,-1572305105
31c,217449919540375,s1000-p100-a16,shrink-only,shrink,1000,100.0,1.6,0.0,false,false,false,ok,155.963,269.1,269.1,1.1877884227043707,false,1982821986
32b,217578768559281,s250-p100-a04,shrink-only,shrink,250,100.0,0.4,0.0,false,false,false,ok,9.26,49.497,49.497,0.34844037084750057,false,-888812919
15a,209718978385903,s4000-p100-a04,shrink-only,shrink,4000,100.0,0.4,0.0,false,false,false,ok,123.457,435.84,435.84,0.973307949552527,false,-93948010
15a,209718978385903,s1000-p100-a16,shrink-only,shrink,1000,100.0,1.6,0.0,false,false,false,ok,52.608,403.442,403.442,0.9009574747232256,false,-874818637
28b,214250168904590,s1000-p100-a0,shrink-only,shrink,1000,100.0,0.0,0.0,false,false,false,ok,100.177,87.628,87.628,0.8049457110837575,false,1300118193
11c,209194992375569,s1000-p100-a0,shrink-only,shrink,1000,100.0,0.0,0.0,false,false,false,ok,12.971,398.417,398.417,0.7917171321747546,false,212006990
23b,213584448973587,s4000-p100-a04,shrink-only,shrink,4000,100.0,0.4,0.0,false,false,false,ok,73.393,44.423,44.423,0.8953903210851994,false,-439854755
8d,7885580217982,s1000-p0-a04,shrink-only,shrink,1000,0.0,0.4,0.0,false,false,false,ok,87.98,518.432,518.432,0.8558860407891034,false,-1012298996
33a,217707617578835,s1000-p25-a04,shrink-only,shrink,1000,25.0,0.4,0.0,false,false,false,ok,88.813,7.281,7.281,1.5807642205818497,false,-2124008857
4a,7340119371775,s4000-p100-a04,shrink-only,shrink,4000,100.0,0.4,0.0,false,false,false,ok,26.208,803.646,803.646,1.061311812492943,false,1427000343
29b,214383312890793,s1000-p0-a04,shrink-only,shrink,1000,0.0,0.4,0.0,false,false,false,ok,808.588,3.313,3.313,1.2352721849366146,false,-290208566
27b,214117024918511,s1000-p100-a04,shrink-only,shrink,1000,100.0,0.4,0.0,false,true,false,ok,69.021,5.847,5.847,1.0021424286571257,false,1728540501
28c,214254463871887,s1000-p400-a04,shrink-only,shrink,1000,400.0,0.4,0.0,false,false,false,ok,113.998,486.18,486.18,0.9684638698515872,false,-676166940
7c,7748141264478,s1000-p25-a04,shrink-only,shrink,1000,25.0,0.4,0.0,false,false,false,ok,162.523,2207.238,2207.238,1.4788685965596393,false,52935710
18a,210118410344008,s1000-p0-a04,shrink-only,shrink,1000,0.0,0.4,0.0,false,false,false,ok,68.408,932.931,932.931,0.9525409607591486,false,-1701613315
22b,213451304987504,s1000-p25-a04,shrink-only,shrink,1000,25.0,0.4,0.0,false,false,false,ok,30.913,114.178,114.178,0.23992998242205765,false,-2145268623
30c,217316775554292,s1000-p100-a0,shrink-only,shrink,1000,100.0,0.0,0.0,false,false,false,ok,124.946,1247.786,1247.786,1.5620658358422894,false,-1451103391
4c,7348709306365,s1000-p400-a04,shrink-only,shrink,1000,400.0,0.4,0.0,false,false,false,ok,9.115,1409.375,1409.375,0.968696872024103,false,-430037632
13a,209452690413357,s250-p100-a04,shrink-only,shrink,250,100.0,0.4,0.0,false,false,false,ok,10.697,792.313,792.313,1.0386876279820976,false,-1062568155
14b,209590129366989,s1000-p100-a16,shrink-only,shrink,1000,100.0,1.6,0.0,false,false,false,ok,19.838,36.053,36.053,0.9755787365885997,false,-725338943
5a,7473263357854,s4000-p100-a04,shrink-only,shrink,4000,100.0,0.4,0.0,false,false,false,ok,37.154,152.197,152.197,0.9950215254464445,false,414652499
16d,209865007273869,s1000-p400-a04,shrink-only,shrink,1000,400.0,0.4,0.0,false,false,false,ok,94.943,335.613,335.613,1.118730510059351,false,719404660
29b,214383312890793,s1000-p100-a0,shrink-only,shrink,1000,100.0,0.0,0.0,false,false,false,ok,822.749,2.747,2.747,1.0242356450410142,false,-665152500
21c,213322455968598,s1000-p100-a0,shrink-only,shrink,1000,100.0,0.0,0.0,false,false,false,ok,38.5,42.156,42.156,1.008673597569,false,405046416
13a,209452690413357,s1000-p400-a04,shrink-only,shrink,1000,400.0,0.4,0.0,false,false,false,ok,22.883,662.111,662.111,0.8679985107537735,false,-1062568155
31a,217441329605777,s1000-p25-a04,shrink-only,shrink,1000,25.0,0.4,0.0,false,false,false,ok,102.405,182.897,182.897,0.8996187993408917,false,499229554
3c,7215565320130,s1000-p100-a16,shrink-only,shrink,1000,100.0,1.6,0.0,false,false,false,ok,13.673,1279.402,1279.402,0.9752498530724438,false,-1572305105
19a,210251554330219,s1000-p400-a04,shrink-only,shrink,1000,400.0,0.4,0.0,false,false,false,ok,54.628,469.026,469.026,0.8271472672586879,false,-477815540
21a,213313866034000,s4000-p100-a04,shrink-only,shrink,4000,100.0,0.4,0.0,false,false,false,ok,100.895,28.438,28.438,0.9501503508185767,false,405046416
32b,217578768559281,s1000-p100-a16,shrink-only,shrink,1000,100.0,1.6,0.0,false,false,false,ok,25.148,50.125,50.125,0.3528612560100807,false,-888812919
22d,213459894922102,s1000-p100-a16,shrink-only,shrink,1000,100.0,1.6,0.0,false,false,false,ok,42.333,578.932,578.932,0.9583864108351771,false,-438265046
26c,213988175899597,s1000-p25-a04,shrink-only,shrink,1000,25.0,0.4,0.0,false,false,false,ok,85.422,299.97,299.97,0.8708274123243112,false,628672308
27c,214121319885804,s250-p100-a04,shrink-only,shrink,250,100.0,0.4,0.0,false,false,false,ok,63.379,25.896,25.896,0.9884535374162642,false,-1093302568
3b,7211270352861,s1000-p400-a04,shrink-only,shrink,1000,400.0,0.4,0.0,false,false,false,ok,7.618,6.006,6.006,0.8279569892473119,false,113844438
22a,213447010020211,s250-p100-a04,shrink-only,shrink,250,100.0,0.4,0.0,false,false,false,ok,17.871,448.82,448.82,0.9522587023931647,false,316133052
4b,7344414339068,s250-p100-a04,shrink-only,shrink,250,100.0,0.4,0.0,false,false,false,ok,3.129,21.476,21.476,0.9850246531361081,false,261415237
19b,210255849297512,s1000-p400-a04,shrink-only,shrink,1000,400.0,0.4,0.0,false,false,false,ok,37.446,149.136,149.136,0.9648100766292199,false,-1834056489
22b,213451304987504,s4000-p100-a04,shrink-only,shrink,4000,100.0,0.4,0.0,false,false,false,ok,81.058,152.641,152.641,0.3207548953991601,false,-2145268623
26c,213988175899597,s1000-p100-a16,shrink-only,shrink,1000,100.0,1.6,0.0,false,false,false,ok,32.204,273.788,273.788,0.7948198005315481,false,-321495561
4c,7348709306365,s1000-p100-a0,shrink-only,shrink,1000,100.0,0.0,0.0,false,false,false,ok,7.847,1380.637,1380.637,0.9489445628741403,false,-430037632
28b,214250168904590,s4000-p100-a04,shrink-only,shrink,4000,100.0,0.4,0.0,false,false,false,ok,172.644,87.287,87.287,0.8018133049181534,false,1300118193
11c,209194992375569,s1000-p25-a04,shrink-only,shrink,1000,25.0,0.4,0.0,false,false,false,ok,13.501,445.836,445.836,0.885946130160771,false,212006990
21b,213318161001297,s1000-p0-a04,shrink-only,shrink,1000,0.0,0.4,0.0,false,false,false,ok,24.947,10.897,10.897,0.8394253360551553,false,-597700708
23c,213588743940880,s4000-p100-a04,shrink-only,shrink,4000,100.0,0.4,0.0,false,false,false,ok,67.377,905.761,905.761,0.977132728775198,false,-1576721678
19d,210264439232110,s1000-p100-a04,shrink-only,shrink,1000,100.0,0.4,0.0,false,true,false,ok,78.569,5279.746,5279.746,0.909176946916149,false,723032794
2b,7078126366498,s1000-p100-a16,shrink-only,shrink,1000,100.0,1.6,0.0,false,false,false,ok,10.792,122.087,122.087,0.9029068413014779,false,321836810
18a,210118410344008,s1000-p100-a04,shrink-only,shrink,1000,100.0,0.4,0.0,false,true,false,ok,16.704,978.941,978.941,0.9995180786859068,false,-1701613315
32b,217578768559281,s4000-p100-a04,shrink-only,shrink,4000,100.0,0.4,0.0,false,false,false,ok,94.16,143.286,143.286,1.0086798589258938,false,1520237401
14b,209590129366989,s1000-p25-a04,shrink-only,shrink,1000,25.0,0.4,0.0,false,false,false,ok,21.488,36.831,36.831,0.996631083329951,false,-725338943
5a,7473263357854,s1000-p400-a04,shrink-only,shrink,1000,400.0,0.4,0.0,false,false,false,ok,12.128,151.811,151.811,0.9924979651343337,false,414652499
2b,7078126366498,s250-p100-a04,shrink-only,shrink,250,100.0,0.4,0.0,false,false,false,ok,5.049,122.221,122.221,0.9038978519474468,false,321836810
29c,214387607858094,s4000-p100-a04,shrink-only,shrink,4000,100.0,0.4,0.0,false,false,false,ok,1356.59,67.682,67.682,1.0368271086736727,false,485902434
21c,213322455968598,s4000-p100-a04,shrink-only,shrink,4000,100.0,0.4,0.0,false,false,false,ok,139.584,44.404,44.404,1.0624618660796536,false,405046416
29c,214387607858094,s1000-p100-a16,shrink-only,shrink,1000,100.0,1.6,0.0,false,false,false,ok,987.394,58.736,58.736,0.8997824688256381,false,2081534655
18b,210122705311305,s1000-p100-a0,shrink-only,shrink,1000,100.0,0.0,0.0,false,false,false,ok,22.465,650.716,650.716,0.9998209984903951,false,-633376097
13d,209465575315408,s1000-p100-a0,shrink-only,shrink,1000,100.0,0.0,0.0,false,false,false,ok,24.457,2761.684,2761.684,0.8966801990390267,false,-2119720580
27b,214117024918511,s1000-p25-a04,shrink-only,shrink,1000,25.0,0.4,0.0,false,false,false,ok,68.076,5.884,5.884,1.0084840174822178,false,1728540501
13a,209452690413357,s1000-p100-a16,shrink-only,shrink,1000,100.0,1.6,0.0,false,false,false,ok,17.059,632.169,632.169,0.8287458606558451,false,-1062568155
17a,209985266358185,s1000-p25-a04,shrink-only,shrink,1000,25.0,0.4,0.0,false,false,false,ok,74.086,2231.039,2231.039,1.159697901638441,false,-1125412742
11d,209199287342870,s1000-p0-a04,shrink-only,shrink,1000,0.0,0.4,0.0,false,false,false,ok,14.942,2072.53,2072.53,9.294856845579794,false,670874103
31a,217441329605777,s1000-p0-a04,shrink-only,shrink,1000,0.0,0.4,0.0,false,false,false,ok,64.548,182.626,182.626,0.8982858267135584,false,2133672151
16c,209860712306572,s1000-p400-a04,shrink-only,shrink,1000,400.0,0.4,0.0,false,false,false,ok,97.252,429.0,429.0,1.0641332523037617,false,719404660
17a,209985266358185,s1000-p400-a04,shrink-only,shrink,1000,400.0,0.4,0.0,false,false,false,ok,13.781,1760.365,1760.365,0.9150407485560558,false,-1125412742
21b,213318161001297,s1000-p400-a04,shrink-only,shrink,1000,400.0,0.4,0.0,false,false,false,ok,24.023,12.481,12.481,0.9614451334591534,false,405046416
13d,209465575315408,s1000-p100-a16,shrink-only,shrink,1000,100.0,1.6,0.0,false,false,false,ok,17.193,2975.7,2975.7,0.9661682032703349,false,-2119720580
15c,209727568320493,s1000-p0-a04,shrink-only,shrink,1000,0.0,0.4,0.0,false,false,false,ok,44.83,618.5,618.5,1.0908327718969026,false,-1076120849
6a,7606407344057,s1000-p0-a04,shrink-only,shrink,1000,0.0,0.4,0.0,false,false,false,ok,75.158,4.565,4.565,1.1626130141347257,false,-224470636
32b,217578768559281,s1000-p400-a04,shrink-only,shrink,1000,400.0,0.4,0.0,false,false,false,ok,7.949,50.111,50.111,0.35276270124530984,false,-888812919
17e,210002446227373,s1000-p100-a0,shrink-only,shrink,1000,100.0,0.0,0.0,false,false,false,ok,82.721,4032.715,4032.715,0.9794967586032939,false,-1125412742
15b,209723273353196,s1000-p100-a04,shrink-only,shrink,1000,100.0,0.4,0.0,false,true,false,ok,39.03,6.876,6.876,0.7925767967264136,false,-347771581
12b,209323841394483,s1000-p100-a0,shrink-only,shrink,1000,100.0,0.0,0.0,false,false,false,ok,13.755,1.381,1.381,1.028294862248697,false,466548996
16d,209865007273869,s1000-p100-a04,shrink-only,shrink,1000,100.0,0.4,0.0,false,true,false,ok,20.244,399.659,399.659,1.3322210907199965,false,719404660
9d,8018724204057,s1000-p0-a04,shrink-only,shrink,1000,0.0,0.4,0.0,false,false,false,ok,155.1,1226.585,1226.585,1.0359972482306283,false,-1708131848
15d,209731863287698,s1000-p100-a0,shrink-only,shrink,1000,100.0,0.0,0.0,false,false,false,ok,51.51,572.884,572.884,1.1363769806320567,false,-704972777
22d,213459894922102,s250-p100-a04,shrink-only,shrink,250,100.0,0.4,0.0,false,false,false,ok,23.846,561.046,561.046,0.9287772350698057,false,-438265046
19d,210264439232110,s1000-p100-a0,shrink-only,shrink,1000,100.0,0.0,0.0,false,false,false,ok,32.927,5623.299,5623.299,0.9683370784156347,false,-1211980585
21b,213318161001297,s4000-p100-a04,shrink-only,shrink,4000,100.0,0.4,0.0,false,false,false,ok,81.169,12.991,12.991,1.0007318106536225,false,405046416
5a,7473263357854,s1000-p100-a04,shrink-only,shrink,1000,100.0,0.4,0.0,false,true,false,ok,10.884,152.952,152.952,0.999957504813397,false,414652499
23b,213584448973587,s1000-p100-a04,shrink-only,shrink,1000,100.0,0.4,0.0,false,true,false,ok,28.385,43.881,43.881,0.8844657650212646,false,2055054090
23b,213584448973587,s1000-p100-a0,shrink-only,shrink,1000,100.0,0.0,0.0,false,false,false,ok,22.88,43.26,43.26,0.871948884364985,false,-439854755
14b,209590129366989,s1000-p400-a04,shrink-only,shrink,1000,400.0,0.4,0.0,false,false,false,ok,20.833,36.403,36.403,0.985049586665043,false,1297441228
8b,7876990283384,s1000-p100-a16,shrink-only,shrink,1000,100.0,1.6,0.0,false,false,false,ok,75.916,149.914,149.914,0.7374173618762789,false,-387699444
9b,8010134269467,s250-p100-a04,shrink-only,shrink,250,100.0,0.4,0.0,false,false,false,ok,46.975,468.332,468.332,0.9412942262991656,false,140277402
31a,217441329605777,s4000-p100-a04,shrink-only,shrink,4000,100.0,0.4,0.0,false,false,false,ok,471.705,196.799,196.799,0.9679988195076363,false,499229554
8a,7872695316091,s1000-p400-a04,shrink-only,shrink,1000,400.0,0.4,0.0,false,false,false,ok,87.433,71.645,71.645,0.7522732522732523,false,-1762716238
31a,217441329605777,s1000-p100-a0,shrink-only,shrink,1000,100.0,0.0,0.0,false,false,false,ok,153.099,173.234,173.234,0.8520892255478223,false,499229554
27a,214112729951214,s1000-p0-a04,shrink-only,shrink,1000,0.0,0.4,0.0,false,false,false,ok,79.78,14.028,14.028,0.797362587392713,false,1430642209
27b,214117024918511,s4000-p100-a04,shrink-only,shrink,4000,100.0,0.4,0.0,false,false,false,ok,158.68,5.867,5.867,1.0055703145085269,false,1728540501
19b,210255849297512,s250-p100-a04,shrink-only,shrink,250,100.0,0.4,0.0,false,false,false,ok,25.412,163.177,163.177,1.0556459464792285,false,825922194
11c,209194992375569,s1000-p100-a16,shrink-only,shrink,1000,100.0,1.6,0.0,false,false,false,ok,13.29,532.434,532.434,1.0580299524175254,false,1916526955
33b,217711912546128,s1000-p100-a04,shrink-only,shrink,1000,100.0,0.4,0.0,false,true,false,ok,126.772,4.257,4.257,1.0667836110763063,false,-1992524807
5b,7477558325151,s1000-p100-a16,shrink-only,shrink,1000,100.0,1.6,0.0,false,false,false,ok,9.425,398.951,398.951,1.518821036922544,false,1589551454
33b,217711912546128,s1000-p400-a04,shrink-only,shrink,1000,400.0,0.4,0.0,false,false,false,ok,74.581,4.01,4.01,1.0048866056885102,false,-1989803960
19c,210260144264809,s1000-p100-a04,shrink-only,shrink,1000,100.0,0.4,0.0,false,true,false,ok,33.309,707.142,707.142,0.9343101762545253,false,1055693188
11d,209199287342870,s250-p100-a04,shrink-only,shrink,250,100.0,0.4,0.0,false,false,false,ok,6.225,273.983,273.983,1.2287555611366245,false,2003817464
19a,210251554330219,s1000-p100-a16,shrink-only,shrink,1000,100.0,1.6,0.0,false,false,false,ok,25.96,467.401,467.401,0.8242815107562864,false,-477815540
27a,214112729951214,s1000-p400-a04,shrink-only,shrink,1000,400.0,0.4,0.0,false,false,false,ok,79.894,17.125,17.125,0.9733985107713296,false,704699266
24b,213717592959794,s1000-p25-a04,shrink-only,shrink,1000,25.0,0.4,0.0,false,false,false,ok,159.471,2.125,2.125,1.1948271014900198,false,-870534348
31a,217441329605777,s1000-p400-a04,shrink-only,shrink,1000,400.0,0.4,0.0,false,false,false,ok,69.41,189.817,189.817,0.9336563291606208,false,619611693
7c,7748141264478,s1000-p100-a0,shrink-only,shrink,1000,100.0,0.0,0.0,false,false,false,ok,30.42,2071.987,2071.987,1.3882492539453462,false,52935710
8d,7885580217982,s1000-p100-a16,shrink-only,shrink,1000,100.0,1.6,0.0,false,false,false,ok,15.499,531.404,531.404,0.8773016820325378,false,1142152349
29c,214387607858094,s1000-p400-a04,shrink-only,shrink,1000,400.0,0.4,0.0,false,false,false,ok,951.351,62.542,62.542,0.9580869511933577,false,2081534655
4b,7344414339068,s4000-p100-a04,shrink-only,shrink,4000,100.0,0.4,0.0,false,false,false,ok,25.612,22.99,22.99,1.054466230936819,false,261415237
11c,209194992375569,s1000-p400-a04,shrink-only,shrink,1000,400.0,0.4,0.0,false,false,false,ok,12.978,514.636,514.636,1.0226625320553264,false,1916526955
11a,209186402440979,s250-p100-a04,shrink-only,shrink,250,100.0,0.4,0.0,false,false,false,ok,6.718,14.756,14.756,0.9897709360431969,false,-1055439248
29a,214379017923496,s4000-p100-a04,shrink-only,shrink,4000,100.0,0.4,0.0,false,false,false,ok,988.576,23.844,23.844,0.9323167155425219,false,-858518681
11c,209194992375569,s1000-p100-a04,shrink-only,shrink,1000,100.0,0.4,0.0,false,true,false,ok,11.062,430.801,430.801,0.8560692246014011,false,212006990
22d,213459894922102,s1000-p400-a04,shrink-only,shrink,1000,400.0,0.4,0.0,false,false,false,ok,47.809,548.471,548.471,0.9079600939958067,false,-438265046
13b,209456985380818,s1000-p100-a0,shrink-only,shrink,1000,100.0,0.0,0.0,false,false,false,ok,20.168,320.182,320.182,0.9509188970859025,false,-2119720580
15a,209718978385903,s250-p100-a04,shrink-only,shrink,250,100.0,0.4,0.0,false,false,false,ok,12.175,484.148,484.148,1.0811882735865384,false,196157638
31b,217445624573078,s1000-p25-a04,shrink-only,shrink,1000,25.0,0.4,0.0,false,false,false,ok,80.646,7.655,7.655,0.9420958710233216,false,-303167854
4a,7340119371775,s250-p100-a04,shrink-only,shrink,250,100.0,0.4,0.0,false,false,false,ok,3.135,731.516,731.516,0.9660554172205021,false,1427000343
8b,7876990283384,s1000-p25-a04,shrink-only,shrink,1000,25.0,0.4,0.0,false,false,false,ok,9.581,144.913,144.913,0.7128177632614514,false,-1987159524
9d,8018724204057,s4000-p100-a04,shrink-only,shrink,4000,100.0,0.4,0.0,false,false,false,ok,504.177,1185.254,1185.254,1.0010882918463417,false,-1708131848
32a,217574473591984,s1000-p400-a04,shrink-only,shrink,1000,400.0,0.4,0.0,false,false,false,ok,23.515,0.291,0.291,1.4734177215189872,false,1765267761
13c,209461280348115,s1000-p400-a04,shrink-only,shrink,1000,400.0,0.4,0.0,false,false,false,ok,20.933,482.745,482.745,1.0261181934606207,false,876197618
24a,213713297992461,s1000-p25-a04,shrink-only,shrink,1000,25.0,0.4,0.0,false,false,false,ok,144.389,171.745,171.745,1.219714858938622,false,499733213
25c,213855031913426,s4000-p100-a04,shrink-only,shrink,4000,100.0,0.4,0.0,false,false,false,ok,216.662,915.626,915.626,1.0310900404552839,false,35421457
2d,7086716301088,s1000-p400-a04,shrink-only,shrink,1000,400.0,0.4,0.0,false,false,false,ok,18.166,132.059,132.059,0.9132521455294841,false,321836810
30b,217312480586999,s1000-p100-a16,shrink-only,shrink,1000,100.0,1.6,0.0,false,false,false,ok,96.011,35.672,35.672,1.01116843358467,false,-1031970200
28c,214254463871887,s250-p100-a04,shrink-only,shrink,250,100.0,0.4,0.0,false,false,false,ok,90.363,540.708,540.708,1.0770828955113578,false,-676166940
13a,209452690413357,s4000-p100-a04,shrink-only,shrink,4000,100.0,0.4,0.0,false,false,false,ok,100.262,698.429,698.429,0.9156098174886799,false,1188104532
5b,7477558325151,s4000-p100-a04,shrink-only,shrink,4000,100.0,0.4,0.0,false,false,false,ok,23.662,306.962,306.962,1.1686155521249926,false,1589551454
13c,209461280348115,s1000-p0-a04,shrink-only,shrink,1000,0.0,0.4,0.0,false,false,false,ok,13.072,458.084,458.084,0.9736990057550363,false,876197618
22a,213447010020211,s4000-p100-a04,shrink-only,shrink,4000,100.0,0.4,0.0,false,false,false,ok,85.411,352.17,352.17,0.7471969770103847,false,-2145268623
6f,7627882180514,s4000-p100-a04,shrink-only,shrink,4000,100.0,0.4,0.0,false,false,false,ok,247.566,2028.314,2028.314,1.150302488958834,false,1250717231
9a,8005839302170,s1000-p100-a16,shrink-only,shrink,1000,100.0,1.6,0.0,false,false,false,ok,89.008,520.502,520.502,1.060551015771688,false,1576652456
8d,7885580217982,s1000-p100-a0,shrink-only,shrink,1000,100.0,0.0,0.0,false,false,false,ok,12.58,549.29,549.29,0.9068299089273936,false,-1012298996
22d,213459894922102,s4000-p100-a04,shrink-only,shrink,4000,100.0,0.4,0.0,false,false,false,ok,121.827,5158.589,5158.589,8.539727630678257,false,1311334790
13b,209456985380818,s4000-p100-a04,shrink-only,shrink,4000,100.0,0.4,0.0,false,false,false,ok,68.254,322.503,322.503,0.957812110196372,false,-2119720580
2d,7086716301088,s1000-p100-a0,shrink-only,shrink,1000,100.0,0.0,0.0,false,false,false,ok,8.634,131.676,131.676,0.9106035144499075,false,321836810
29b,214383312890793,s1000-p100-a16,shrink-only,shrink,1000,100.0,1.6,0.0,false,false,false,ok,675.007,2.518,2.518,0.9388516032811334,false,-665152500
8c,7881285250681,s1000-p100-a0,shrink-only,shrink,1000,100.0,0.0,0.0,false,false,false,ok,69.111,4271.689,4271.689,0.9268356239758935,false,-388506810
29c,214387607858094,s250-p100-a04,shrink-only,shrink,250,100.0,0.4,0.0,false,false,false,ok,825.209,57.715,57.715,0.8841416710070776,false,1025211200
25c,213855031913426,s1000-p100-a04,shrink-only,shrink,1000,100.0,0.4,0.0,false,true,false,ok,60.531,908.23,908.23,1.022761375761176,false,35421457
26c,213988175899597,s1000-p100-a04,shrink-only,shrink,1000,100.0,0.4,0.0,false,true,false,ok,37.168,288.919,288.919,0.8387458250535974,false,-321495561
16d,209865007273869,s250-p100-a04,shrink-only,shrink,250,100.0,0.4,0.0,false,false,false,ok,21.496,271.778,271.778,0.9059432756267198,false,719404660
4a,7340119371775,s1000-p25-a04,shrink-only,shrink,1000,25.0,0.4,0.0,false,false,false,ok,7.773,798.429,798.429,1.054422132552054,false,1427000343
32a,217574473591984,s4000-p100-a04,shrink-only,shrink,4000,100.0,0.4,0.0,false,false,false,ok,56.987,0.217,0.217,1.0987341772151897,false,1765267761
33b,217711912546128,s1000-p25-a04,shrink-only,shrink,1000,25.0,0.4,0.0,false,false,false,ok,75.268,3.971,3.971,0.9951133943114898,false,1896864069
10a,209053258454896,s250-p100-a04,shrink-only,shrink,250,100.0,0.4,0.0,false,false,false,ok,42.403,377.14,377.14,1.1948024793244425,false,1718403736
29a,214379017923496,s1000-p100-a0,shrink-only,shrink,1000,100.0,0.0,0.0,false,false,false,ok,740.884,100.763,100.763,3.9399022482893447,false,1742077774
28a,214245873937289,s250-p100-a04,shrink-only,shrink,250,100.0,0.4,0.0,false,false,false,ok,110.804,573.415,573.415,1.0763010673571531,false,-351635764
28a,214245873937289,s1000-p100-a16,shrink-only,shrink,1000,100.0,1.6,0.0,false,false,false,ok,129.522,268.203,268.203,0.5034175512820392,false,-907954322
31c,217449919540375,s1000-p0-a04,shrink-only,shrink,1000,0.0,0.4,0.0,false,false,false,ok,85.089,209.118,209.118,0.9230321047160629,false,-105956113
30c,217316775554292,s1000-p100-a04,shrink-only,shrink,1000,100.0,0.4,0.0,false,true,false,ok,100.345,779.813,779.813,0.9762244853249541,false,-804478301
21a,213313866034000,s1000-p0-a04,shrink-only,shrink,1000,0.0,0.4,0.0,false,false,false,ok,33.195,19.003,19.003,0.6349148012028065,false,-597700708
6a,7606407344057,s4000-p100-a04,shrink-only,shrink,4000,100.0,0.4,0.0,false,false,false,ok,143.367,3.977,3.977,1.0128613268814466,false,-224470636
8c,7881285250681,s1000-p25-a04,shrink-only,shrink,1000,25.0,0.4,0.0,false,false,false,ok,12.46,4289.613,4289.613,0.9307246247257477,false,-388506810
30c,217316775554292,s250-p100-a04,shrink-only,shrink,250,100.0,0.4,0.0,false,false,false,ok,71.588,1001.617,1001.617,1.253894254542723,false,-804478301
6f,7627882180514,s250-p100-a04,shrink-only,shrink,250,100.0,0.4,0.0,false,false,false,ok,16.422,1722.108,1722.108,0.976646179366666,false,1250717231
26c,213988175899597,s1000-p100-a0,shrink-only,shrink,1000,100.0,0.0,0.0,false,false,false,ok,37.786,302.629,302.629,0.8785466178761008,false,628672308
31b,217445624573078,s1000-p400-a04,shrink-only,shrink,1000,400.0,0.4,0.0,false,false,false,ok,61.986,8.601,8.601,1.0585194757245708,false,933065134
2d,7086716301088,s1000-p100-a16,shrink-only,shrink,1000,100.0,1.6,0.0,false,false,false,ok,12.667,141.968,141.968,0.9817776947919474,false,321836810
6a,7606407344057,s1000-p100-a04,shrink-only,shrink,1000,100.0,0.4,0.0,false,true,false,ok,10.027,3.846,3.846,0.9794982809117535,false,-224470636
11b,209190697408272,s1000-p100-a0,shrink-only,shrink,1000,100.0,0.0,0.0,false,false,false,ok,10.896,2.045,2.045,1.039390088945362,false,-1446711126
1c,6949277347584,s1000-p400-a04,shrink-only,shrink,1000,400.0,0.4,0.0,false,false,false,ok,7.021,1.07,1.07,0.990282276723739,false,686382736
22a,213447010020211,s1000-p400-a04,shrink-only,shrink,1000,400.0,0.4,0.0,false,false,false,ok,34.949,472.041,472.041,1.001526558835105,false,316133052
9c,8014429236760,s1000-p0-a04,shrink-only,shrink,1000,0.0,0.4,0.0,false,false,false,ok,109.459,791.054,791.054,1.1893018252507175,false,-305338705
6f,7627882180514,s1000-p25-a04,shrink-only,shrink,1000,25.0,0.4,0.0,false,false,false,ok,111.062,1571.793,1571.793,0.891399162076519,false,1250717231
15b,209723273353196,s1000-p100-a16,shrink-only,shrink,1000,100.0,1.6,0.0,false,false,false,ok,17.095,6.784,6.784,0.7819722206212899,false,-1293176700
8b,7876990283384,s1000-p100-a0,shrink-only,shrink,1000,100.0,0.0,0.0,false,false,false,ok,10.059,151.494,151.494,0.7451892806548088,false,-1987159524
23c,213588743940880,s250-p100-a04,shrink-only,shrink,250,100.0,0.4,0.0,false,false,false,ok,12.571,1184.925,1184.925,1.278294162195051,false,1835492322
9d,8018724204057,s250-p100-a04,shrink-only,shrink,250,100.0,0.4,0.0,false,false,false,ok,34.198,1243.851,1243.851,1.050580443433529,false,969253244
19b,210255849297512,s1000-p100-a0,shrink-only,shrink,1000,100.0,0.0,0.0,false,false,false,ok,36.457,257.604,257.604,1.6665254196169508,false,825922194
19c,210260144264809,s4000-p100-a04,shrink-only,shrink,4000,100.0,0.4,0.0,false,false,false,ok,171.503,657.957,657.957,0.8693245778611632,false,-649799299
9b,8010134269467,s1000-p100-a04,shrink-only,shrink,1000,100.0,0.4,0.0,false,true,false,ok,85.154,450.827,450.827,0.9061111607999751,false,140277402
5b,7477558325151,s250-p100-a04,shrink-only,shrink,250,100.0,0.4,0.0,false,false,false,ok,3.062,290.561,290.561,1.106176345739831,false,-1512145598
28b,214250168904590,s1000-p400-a04,shrink-only,shrink,1000,400.0,0.4,0.0,false,false,false,ok,102.971,242.344,242.344,2.2261578879682533,false,513417771
9c,8014429236760,s4000-p100-a04,shrink-only,shrink,4000,100.0,0.4,0.0,false,false,false,ok,322.506,630.252,630.252,0.947545747784494,false,906638406
24b,213717592959794,s1000-p100-a16,shrink-only,shrink,1000,100.0,1.6,0.0,false,false,false,ok,56.095,1.667,1.667,0.9373067191453472,false,-870534348
8a,7872695316091,s250-p100-a04,shrink-only,shrink,250,100.0,0.4,0.0,false,false,false,ok,18.919,71.014,71.014,0.7456477456477456,false,-1762716238
25c,213855031913426,s250-p100-a04,shrink-only,shrink,250,100.0,0.4,0.0,false,false,false,ok,23.826,946.249,946.249,1.065574721218895,false,674462572
9d,8018724204057,s1000-p100-a16,shrink-only,shrink,1000,100.0,1.6,0.0,false,false,false,ok,22.36,1090.507,1090.507,0.9210631559787849,false,969253244
15a,209718978385903,s1000-p0-a04,shrink-only,shrink,1000,0.0,0.4,0.0,false,false,false,ok,57.808,412.988,412.988,0.9222753842460514,false,-662433972
9a,8005839302170,s1000-p400-a04,shrink-only,shrink,1000,400.0,0.4,0.0,false,false,false,ok,18.918,512.772,512.772,1.0448007221091946,false,1576652456
18a,210118410344008,s1000-p25-a04,shrink-only,shrink,1000,25.0,0.4,0.0,false,false,false,ok,50.13,923.158,923.158,0.9425625349061121,false,-1701613315
33a,217707617578835,s1000-p0-a04,shrink-only,shrink,1000,0.0,0.4,0.0,false,false,false,ok,84.864,7.314,7.314,1.5879287885366913,false,-2124008857
19c,210260144264809,s250-p100-a04,shrink-only,shrink,250,100.0,0.4,0.0,false,false,false,ok,16.762,646.655,646.655,0.8543918294004175,false,1055693188
3c,7215565320130,s1000-p100-a0,shrink-only,shrink,1000,100.0,0.0,0.0,false,false,false,ok,14.074,1288.92,1288.92,0.9825051396059521,false,-1572305105
21c,213322455968598,s250-p100-a04,shrink-only,shrink,250,100.0,0.4,0.0,false,false,false,ok,23.072,43.013,43.013,1.0291791785804012,false,405046416
22d,213459894922102,s1000-p0-a04,shrink-only,shrink,1000,0.0,0.4,0.0,false,false,false,ok,41.893,5072.681,5072.681,8.397512206790774,false,1311334790
6b,7610702311358,s1000-p400-a04,shrink-only,shrink,1000,400.0,0.4,0.0,false,false,false,ok,34.875,4.04,4.04,0.9681284447639588,false,1482096114
2d,7086716301088,s1000-p25-a04,shrink-only,shrink,1000,25.0,0.4,0.0,false,false,false,ok,9.984,132.687,132.687,0.917595070641688,false,321836810
11b,209190697408272,s4000-p100-a04,shrink-only,shrink,4000,100.0,0.4,0.0,false,false,false,ok,32.373,1.97,1.97,1.0012706480304956,false,-1446711126
32b,217578768559281,s1000-p25-a04,shrink-only,shrink,1000,25.0,0.4,0.0,false,false,false,ok,12.561,137.853,137.853,0.9704335705687315,false,1520237401
28c,214254463871887,s1000-p0-a04,shrink-only,shrink,1000,0.0,0.4,0.0,false,false,false,ok,115.778,1127.847,1127.847,2.246655704102396,false,-1040088321
22b,213451304987504,s1000-p100-a04,shrink-only,shrink,1000,100.0,0.4,0.0,false,true,false,ok,33.388,428.273,428.273,0.8999591283946285,false,815426615
19a,210251554330219,s4000-p100-a04,shrink-only,shrink,4000,100.0,0.4,0.0,false,false,false,ok,148.16,465.232,465.232,0.8204563871540042,false,187704695
16c,209860712306572,s4000-p100-a04,shrink-only,shrink,4000,100.0,0.4,0.0,false,false,false,ok,274.302,346.988,346.988,0.8607027248260551,false,719404660
18a,210118410344008,s1000-p100-a16,shrink-only,shrink,1000,100.0,1.6,0.0,false,false,false,ok,15.343,933.652,933.652,0.9532771159868207,false,-574815707
18a,210118410344008,s1000-p100-a0,shrink-only,shrink,1000,100.0,0.0,0.0,false,false,false,ok,12.669,934.079,934.079,0.9537130914129177,false,-1701613315
33a,217707617578835,s1000-p100-a04,shrink-only,shrink,1000,100.0,0.4,0.0,false,true,false,ok,81.571,4.183,4.183,0.9081632653061225,false,1253926702
23c,213588743940880,s1000-p25-a04,shrink-only,shrink,1000,25.0,0.4,0.0,false,false,false,ok,23.036,840.627,840.627,0.9068663305133565,false,-1576721678
18a,210118410344008,s1000-p400-a04,shrink-only,shrink,1000,400.0,0.4,0.0,false,false,false,ok,12.853,917.929,917.929,0.9372236227209563,false,-574815707
13d,209465575315408,s1000-p400-a04,shrink-only,shrink,1000,400.0,0.4,0.0,false,false,false,ok,19.953,3936.895,3936.895,1.278254786643131,false,-2119720580
10a,209053258454896,s1000-p0-a04,shrink-only,shrink,1000,0.0,0.4,0.0,false,false,false,ok,123.238,288.217,288.217,0.9130890019182607,false,1718403736
9a,8005839302170,s1000-p100-a0,shrink-only,shrink,1000,100.0,0.0,0.0,false,false,false,ok,17.998,461.854,461.854,0.9410525393528116,false,2029736178
13d,209465575315408,s1000-p25-a04,shrink-only,shrink,1000,25.0,0.4,0.0,false,false,false,ok,15.911,2899.351,2899.351,0.9413787499815335,false,-2119720580
11d,209199287342870,s4000-p100-a04,shrink-only,shrink,4000,100.0,0.4,0.0,false,false,false,ok,48.059,242.612,242.612,1.0880632893226176,false,2003817464
21a,213313866034000,s1000-p100-a0,shrink-only,shrink,1000,100.0,0.0,0.0,false,false,false,ok,31.219,28.397,28.397,0.948780487804878,false,405046416
19c,210260144264809,s1000-p400-a04,shrink-only,shrink,1000,400.0,0.4,0.0,false,false,false,ok,23.678,651.297,651.297,0.8605250640805433,false,1055693188
11d,209199287342870,s1000-p400-a04,shrink-only,shrink,1000,400.0,0.4,0.0,false,false,false,ok,20.196,260.513,260.513,1.1683454721584385,false,2003817464
33b,217711912546128,s250-p100-a04,shrink-only,shrink,250,100.0,0.4,0.0,false,false,false,ok,69.029,3.772,3.772,0.9452449567723342,false,-1989803960
33b,217711912546128,s1000-p100-a16,shrink-only,shrink,1000,100.0,1.6,0.0,false,false,false,ok,72.0,3.842,3.842,0.9627866182182684,false,-1215026023
6a,7606407344057,s1000-p100-a0,shrink-only,shrink,1000,100.0,0.0,0.0,false,false,false,ok,8.989,3.685,3.685,0.9384948427352604,false,-224470636
8c,7881285250681,s1000-p100-a16,shrink-only,shrink,1000,100.0,1.6,0.0,false,false,false,ok,14.222,4485.064,4485.064,0.9731319604521342,false,1733352584
23c,213588743940880,s1000-p100-a16,shrink-only,shrink,1000,100.0,1.6,0.0,false,false,false,ok,24.645,884.137,884.137,0.9538048110054609,false,1835492322
5b,7477558325151,s1000-p25-a04,shrink-only,shrink,1000,25.0,0.4,0.0,false,false,false,ok,7.377,291.45,291.45,1.1095608012289115,false,1589551454
31a,217441329605777,s1000-p100-a04,shrink-only,shrink,1000,100.0,0.4,0.0,false,true,false,ok,114.922,205.886,205.886,1.0126952116278498,false,499229554
23a,213580154006290,s1000-p100-a0,shrink-only,shrink,1000,100.0,0.0,0.0,false,false,false,ok,23.849,352.286,352.286,0.9314720778628438,false,-1576721678
13c,209461280348115,s1000-p100-a16,shrink-only,shrink,1000,100.0,1.6,0.0,false,false,false,ok,18.281,499.978,499.978,1.0627484948162162,false,876197618
23a,213580154006290,s1000-p100-a16,shrink-only,shrink,1000,100.0,1.6,0.0,false,false,false,ok,20.597,344.262,344.262,0.9102559865257726,false,1835492322
1c,6949277347584,s1000-p25-a04,shrink-only,shrink,1000,25.0,0.4,0.0,false,false,false,ok,6.673,1.01,1.01,0.934752429430819,false,686382736
6b,7610702311358,s1000-p0-a04,shrink-only,shrink,1000,0.0,0.4,0.0,false,false,false,ok,10.44,61.905,61.905,14.834651329978433,true,1482096114
12b,209323841394483,s1000-p100-a16,shrink-only,shrink,1000,100.0,1.6,0.0,false,false,false,ok,14.419,1.259,1.259,0.9374534623976172,false,466548996
19a,210251554330219,s1000-p100-a04,shrink-only,shrink,1000,100.0,0.4,0.0,false,true,false,ok,23.237,479.375,479.375,0.8453981682084437,false,-477815540
4a,7340119371775,s1000-p0-a04,shrink-only,shrink,1000,0.0,0.4,0.0,false,false,false,ok,8.286,720.778,720.778,0.9518745885440089,false,-1202259619
22d,213459894922102,s1000-p100-a04,shrink-only,shrink,1000,100.0,0.4,0.0,false,true,false,ok,42.147,5505.815,5505.815,9.114538972750651,false,739141114
22d,213459894922102,s1000-p100-a0,shrink-only,shrink,1000,100.0,0.0,0.0,false,false,false,ok,42.309,5029.92,5029.92,8.326723994507255,false,1311334790
7c,7748141264478,s4000-p100-a04,shrink-only,shrink,4000,100.0,0.4,0.0,false,false,false,ok,529.771,2011.198,2011.198,1.347520096910054,false,-399731567
33b,217711912546128,s1000-p0-a04,shrink-only,shrink,1000,0.0,0.4,0.0,false,false,false,ok,143.958,4.097,4.097,1.0266883849141712,false,1896864069
4c,7348709306365,s4000-p100-a04,shrink-only,shrink,4000,100.0,0.4,0.0,false,false,false,ok,26.979,1440.229,1440.229,0.9899035581718152,false,-430037632
1c,6949277347584,s1000-p100-a16,shrink-only,shrink,1000,100.0,1.6,0.0,false,false,false,ok,6.766,1.046,1.046,0.968070337806571,false,686382736
13a,209452690413357,s1000-p100-a04,shrink-only,shrink,1000,100.0,0.4,0.0,false,true,false,ok,30.642,641.129,641.129,0.8404920280754377,false,-1062568155
17a,209985266358185,s250-p100-a04,shrink-only,shrink,250,100.0,0.4,0.0,false,false,false,ok,20.795,2339.643,2339.643,1.216150447250392,false,-1125412742
19b,210255849297512,s4000-p100-a04,shrink-only,shrink,4000,100.0,0.4,0.0,false,false,false,ok,121.334,150.819,150.819,0.97569795989662,false,910037442
9c,8014429236760,s1000-p100-a16,shrink-only,shrink,1000,100.0,1.6,0.0,false,false,false,ok,18.609,729.548,729.548,1.0968312757510996,false,906638406
30a,217308185619702,s250-p100-a04,shrink-only,shrink,250,100.0,0.4,0.0,false,false,false,ok,63.308,695.046,695.046,0.8840282565063989,false,-824386529
15c,209727568320493,s1000-p100-a16,shrink-only,shrink,1000,100.0,1.6,0.0,false,false,false,ok,49.158,620.914,620.914,1.0950902825054056,false,-1622553236
32a,217574473591984,s1000-p100-a0,shrink-only,shrink,1000,100.0,0.0,0.0,false,false,false,ok,8.974,0.173,0.173,0.8759493670886075,false,1765267761
7c,7748141264478,s250-p100-a04,shrink-only,shrink,250,100.0,0.4,0.0,false,false,false,ok,28.879,1300.662,1300.662,0.8714548166253271,false,538787980
1c,6949277347584,s250-p100-a04,shrink-only,shrink,250,100.0,0.4,0.0,false,false,false,ok,3.325,0.999,0.999,0.9245719574271171,false,686382736
4b,7344414339068,s1000-p100-a04,shrink-only,shrink,1000,100.0,0.4,0.0,false,true,false,ok,7.57,21.36,21.36,0.979704162366701,false,261415237
3b,7211270352861,s4000-p100-a04,shrink-only,shrink,4000,100.0,0.4,0.0,false,false,false,ok,25.315,3.869,3.869,0.5333609043286464,false,113844438
2b,7078126366498,s1000-p0-a04,shrink-only,shrink,1000,0.0,0.4,0.0,false,false,false,ok,14.629,119.194,119.194,0.8815113651911207,false,321836810
13b,209456985380818,s1000-p0-a04,shrink-only,shrink,1000,0.0,0.4,0.0,false,false,false,ok,15.024,381.99,381.99,1.1344844791332551,false,-1005059989
13d,209465575315408,s1000-p100-a04,shrink-only,shrink,1000,100.0,0.4,0.0,false,true,false,ok,16.058,2767.004,2767.004,0.8984075286896629,false,-2119720580
29a,214379017923496,s1000-p0-a04,shrink-only,shrink,1000,0.0,0.4,0.0,false,false,false,ok,663.269,67.555,67.555,2.641446725317693,false,-696713909
13d,209465575315408,s1000-p0-a04,shrink-only,shrink,1000,0.0,0.4,0.0,false,false,false,ok,15.967,3009.289,3009.289,0.9770740821491357,false,-2119720580
2b,7078126366498,s4000-p100-a04,shrink-only,shrink,4000,100.0,0.4,0.0,false,false,false,ok,48.081,123.933,123.933,0.916559122289974,false,321836810
11d,209199287342870,s1000-p25-a04,shrink-only,shrink,1000,25.0,0.4,0.0,false,false,false,ok,15.257,1226.855,1226.855,5.502184091561424,false,198126114
5b,7477558325151,s1000-p100-a04,shrink-only,shrink,1000,100.0,0.4,0.0,false,true,false,ok,7.554,284.081,284.081,1.0815067489240364,false,1589551454
23c,213588743940880,s1000-p100-a0,shrink-only,shrink,1000,100.0,0.0,0.0,false,false,false,ok,64.678,851.711,851.711,0.9188237223261464,false,-1576721678
9c,8014429236760,s1000-p100-a04,shrink-only,shrink,1000,100.0,0.4,0.0,false,true,false,ok,17.327,653.046,653.046,0.9818151476039311,false,906638406
31c,217449919540375,s1000-p100-a04,shrink-only,shrink,1000,100.0,0.4,0.0,false,true,false,ok,70.423,200.833,200.833,0.8864626989854584,false,1346825370
4c,7348709306365,s250-p100-a04,shrink-only,shrink,250,100.0,0.4,0.0,false,false,false,ok,3.715,1471.314,1471.314,1.0112690160995272,false,-430037632
6a,7606407344057,s250-p100-a04,shrink-only,shrink,250,100.0,0.4,0.0,false,false,false,ok,15.039,3.954,3.954,1.0070036928562334,false,-224470636
9c,8014429236760,s1000-p25-a04,shrink-only,shrink,1000,25.0,0.4,0.0,false,false,false,ok,17.718,667.621,667.621,1.0037277782246334,false,906638406
31c,217449919540375,s1000-p100-a0,shrink-only,shrink,1000,100.0,0.0,0.0,false,false,false,ok,69.46,201.632,201.632,0.8899894286388986,false,-105956113
12b,209323841394483,s1000-p25-a04,shrink-only,shrink,1000,25.0,0.4,0.0,false,false,false,ok,12.942,1.238,1.238,0.9218168279970216,false,466548996
31b,217445624573078,s1000-p100-a16,shrink-only,shrink,1000,100.0,1.6,0.0,false,false,false,ok,55.343,7.871,7.871,0.9686788505322749,false,1671376112
16c,209860712306572,s1000-p100-a0,shrink-only,shrink,1000,100.0,0.0,0.0,false,false,false,ok,68.137,343.382,343.382,0.8517580523136837,false,719404660
19c,210260144264809,s1000-p100-a16,shrink-only,shrink,1000,100.0,1.6,0.0,false,false,false,ok,23.457,704.786,704.786,0.931197315223423,false,1055693188
11a,209186402440979,s4000-p100-a04,shrink-only,shrink,4000,100.0,0.4,0.0,false,false,false,ok,52.952,15.016,15.016,1.007210651641681,false,-1055439248
16d,209865007273869,s1000-p25-a04,shrink-only,shrink,1000,25.0,0.4,0.0,false,false,false,ok,56.338,274.9,274.9,0.9163501330857731,false,719404660
23a,213580154006290,s4000-p100-a04,shrink-only,shrink,4000,100.0,0.4,0.0,false,false,false,ok,73.832,349.971,349.971,0.9253510345620811,false,-1576721678
15d,209731863287698,s250-p100-a04,shrink-only,shrink,250,100.0,0.4,0.0,false,false,false,ok,20.681,293.043,293.043,0.5812822832115399,false,16738698
19d,210264439232110,s1000-p25-a04,shrink-only,shrink,1000,25.0,0.4,0.0,false,false,false,ok,49.61,5300.716,5300.716,0.912787999526792,false,-1211980585
30a,217308185619702,s1000-p400-a04,shrink-only,shrink,1000,400.0,0.4,0.0,false,false,false,ok,114.405,762.116,762.116,0.9693345170472613,false,-824386529
1c,6949277347584,s1000-p100-a0,shrink-only,shrink,1000,100.0,0.0,0.0,false,false,false,ok,7.179,1.056,1.056,0.9773253123553911,false,686382736
9b,8010134269467,s1000-p0-a04,shrink-only,shrink,1000,0.0,0.4,0.0,false,false,false,ok,15.31,449.823,449.823,0.9040932346211011,false,1524708452
14b,209590129366989,s1000-p100-a04,shrink-only,shrink,1000,100.0,0.4,0.0,false,true,false,ok,20.886,36.878,36.878,0.997902883197359,false,1297441228
30b,217312480586999,s4000-p100-a04,shrink-only,shrink,4000,100.0,0.4,0.0,false,false,false,ok,340.689,34.976,34.976,0.9914394240036282,false,1910947129
15d,209731863287698,s1000-p100-a16,shrink-only,shrink,1000,100.0,1.6,0.0,false,false,false,ok,45.308,482.246,482.246,0.9565867669578603,false,-704972777
11b,209190697408272,s1000-p400-a04,shrink-only,shrink,1000,400.0,0.4,0.0,false,false,false,ok,10.226,2.021,2.021,1.0271918678526049,false,-1446711126
30a,217308185619702,s1000-p0-a04,shrink-only,shrink,1000,0.0,0.4,0.0,false,false,false,ok,82.343,917.607,917.607,1.1671033519624128,false,-358644662
15c,209727568320493,s1000-p100-a0,shrink-only,shrink,1000,100.0,0.0,0.0,false,false,false,ok,19.611,514.452,514.452,0.9073259517670256,false,592161665
5a,7473263357854,s1000-p25-a04,shrink-only,shrink,1000,25.0,0.4,0.0,false,false,false,ok,11.561,152.427,152.427,0.9965252012800856,false,414652499
27b,214117024918511,s1000-p100-a0,shrink-only,shrink,1000,100.0,0.0,0.0,false,false,false,ok,69.724,5.76,5.76,0.9872311252035306,false,1728540501
9c,8014429236760,s250-p100-a04,shrink-only,shrink,250,100.0,0.4,0.0,false,false,false,ok,25.335,677.57,677.57,1.018685497747472,false,841077701
30c,217316775554292,s1000-p0-a04,shrink-only,shrink,1000,0.0,0.4,0.0,false,false,false,ok,92.883,1237.396,1237.396,1.5490589067419456,false,-1451103391
11b,209190697408272,s1000-p0-a04,shrink-only,shrink,1000,0.0,0.4,0.0,false,false,false,ok,10.726,1.857,1.857,0.9438373570520966,false,-1446711126
6a,7606407344057,s1000-p400-a04,shrink-only,shrink,1000,400.0,0.4,0.0,false,false,false,ok,9.128,3.764,3.764,0.9586145422131669,false,-224470636
5a,7473263357854,s250-p100-a04,shrink-only,shrink,250,100.0,0.4,0.0,false,false,false,ok,3.941,152.425,152.425,0.996512125838054,false,414652499
4b,7344414339068,s1000-p25-a04,shrink-only,shrink,1000,25.0,0.4,0.0,false,false,false,ok,7.363,21.363,21.363,0.9798417612659097,false,261415237
33a,217707617578835,s250-p100-a04,shrink-only,shrink,250,100.0,0.4,0.0,false,false,false,ok,74.48,4.27,4.27,0.9270516717325227,false,14380942
2d,7086716301088,s1000-p0-a04,shrink-only,shrink,1000,0.0,0.4,0.0,false,false,false,ok,11.255,130.436,130.436,0.9020283119990595,false,321836810
4a,7340119371775,s1000-p100-a0,shrink-only,shrink,1000,100.0,0.0,0.0,false,false,false,ok,7.769,726.337,726.337,0.9592159208789526,false,1427000343
19b,210255849297512,s1000-p0-a04,shrink-only,shrink,1000,0.0,0.4,0.0,false,false,false,ok,14.321,151.061,151.061,0.9772635378827822,false,-1205520184
21c,213322455968598,s1000-p400-a04,shrink-only,shrink,1000,400.0,0.4,0.0,false,false,false,ok,52.718,40.321,40.321,0.9647672484955794,false,405046416
10a,209053258454896,s1000-p25-a04,shrink-only,shrink,1000,25.0,0.4,0.0,false,false,false,ok,11.673,290.091,290.091,0.9190259480026168,false,1718403736
22b,213451304987504,s1000-p100-a16,shrink-only,shrink,1000,100.0,1.6,0.0,false,false,false,ok,30.708,496.134,496.134,1.0425600544674556,false,316133052
13b,209456985380818,s1000-p400-a04,shrink-only,shrink,1000,400.0,0.4,0.0,false,false,false,ok,17.993,320.485,320.485,0.951818786604417,false,-2119720580
27a,214112729951214,s1000-p25-a04,shrink-only,shrink,1000,25.0,0.4,0.0,false,false,false,ok,71.914,16.945,16.945,0.9631671687603024,false,-1953543145
6f,7627882180514,s1000-p100-a16,shrink-only,shrink,1000,100.0,1.6,0.0,false,false,false,ok,10.801,1612.247,1612.247,0.9143415353423648,false,1250717231
13a,209452690413357,s1000-p0-a04,shrink-only,shrink,1000,0.0,0.4,0.0,false,false,false,ok,15.882,661.228,661.228,0.8668409364422222,false,1188104532
5a,7473263357854,s1000-p100-a16,shrink-only,shrink,1000,100.0,1.6,0.0,false,false,false,ok,12.455,166.87,166.87,1.0909495059117342,false,414652499
15c,209727568320493,s4000-p100-a04,shrink-only,shrink,4000,100.0,0.4,0.0,false,false,false,ok,129.738,512.818,512.818,0.9044441073866221,false,592161665
19c,210260144264809,s1000-p0-a04,shrink-only,shrink,1000,0.0,0.4,0.0,false,false,false,ok,23.05,681.392,681.392,0.9002880321327591,false,-1065192089
11a,209186402440979,s1000-p25-a04,shrink-only,shrink,1000,25.0,0.4,0.0,false,false,false,ok,14.355,14.456,14.456,0.9696481872757151,false,-1055439248
19b,210255849297512,s1000-p100-a04,shrink-only,shrink,1000,100.0,0.4,0.0,false,true,false,ok,13.682,149.446,149.446,0.9668155690908325,false,825922194
23a,213580154006290,s1000-p0-a04,shrink-only,shrink,1000,0.0,0.4,0.0,false,false,false,ok,21.907,350.183,350.183,0.9259115793481553,false,-1748251853
24b,213717592959794,s4000-p100-a04,shrink-only,shrink,4000,100.0,0.4,0.0,false,false,false,ok,409.524,1.813,1.813,1.0193983694124262,false,644596804
8d,7885580217982,s1000-p100-a04,shrink-only,shrink,1000,100.0,0.4,0.0,false,true,false,ok,28.929,552.126,552.126,0.9115118977160446,false,-1012298996
22a,213447010020211,s1000-p25-a04,shrink-only,shrink,1000,25.0,0.4,0.0,false,false,false,ok,30.521,415.443,415.443,0.8814429216575097,false,-2145268623
6b,7610702311358,s250-p100-a04,shrink-only,shrink,250,100.0,0.4,0.0,false,false,false,ok,13.259,3.987,3.987,0.9554277498202732,false,1482096114
2b,7078126366498,s1000-p400-a04,shrink-only,shrink,1000,400.0,0.4,0.0,false,false,false,ok,11.541,129.022,129.022,0.9541953400312831,false,321836810
8c,7881285250681,s1000-p400-a04,shrink-only,shrink,1000,400.0,0.4,0.0,false,false,false,ok,15.529,4322.311,4322.311,0.9378191653706222,false,1733352584
16d,209865007273869,s1000-p100-a0,shrink-only,shrink,1000,100.0,0.0,0.0,false,false,false,ok,19.325,339.706,339.706,1.132374093525048,false,719404660
22b,213451304987504,s1000-p400-a04,shrink-only,shrink,1000,400.0,0.4,0.0,false,false,false,ok,33.616,477.335,477.335,1.0030564395893506,false,316133052
15d,209731863287698,s1000-p0-a04,shrink-only,shrink,1000,0.0,0.4,0.0,false,false,false,ok,19.75,1002.646,1002.646,1.98885609324542,false,502765013
6b,7610702311358,s4000-p100-a04,shrink-only,shrink,4000,100.0,0.4,0.0,false,false,false,ok,194.601,3.612,3.612,0.8655643421998562,false,1482096114
26c,213988175899597,s1000-p400-a04,shrink-only,shrink,1000,400.0,0.4,0.0,false,false,false,ok,62.373,338.317,338.317,0.9821506072451377,false,-321495561
31b,217445624573078,s250-p100-a04,shrink-only,shrink,250,100.0,0.4,0.0,false,false,false,ok,47.545,8.051,8.051,0.9908313334564026,false,447087389
11d,209199287342870,s1000-p100-a04,shrink-only,shrink,1000,100.0,0.4,0.0,false,true,false,ok,14.216,308.277,308.277,1.3825568671067738,false,2003817464
16c,209860712306572,s250-p100-a04,shrink-only,shrink,250,100.0,0.4,0.0,false,false,false,ok,29.16,376.327,376.327,0.933478028997011,false,719404660
11a,209186402440979,s1000-p100-a04,shrink-only,shrink,1000,100.0,0.4,0.0,false,true,false,ok,16.92,15.048,15.048,1.009357078176879,false,-1055439248
15a,209718978385903,s1000-p400-a04,shrink-only,shrink,1000,400.0,0.4,0.0,false,false,false,ok,22.319,436.099,436.099,0.9738863424465573,false,196157638
30b,217312480586999,s250-p100-a04,shrink-only,shrink,250,100.0,0.4,0.0,false,false,false,ok,76.43,35.548,35.548,1.0076534950960938,false,-119349660
8b,7876990283384,s1000-p100-a04,shrink-only,shrink,1000,100.0,0.4,0.0,false,true,false,ok,15.491,149.733,149.733,0.736527034471903,false,-1987159524
6b,7610702311358,s1000-p100-a04,shrink-only,shrink,1000,100.0,0.4,0.0,false,true,false,ok,19.97,3.981,3.981,0.9539899352983465,false,1482096114
30a,217308185619702,s1000-p25-a04,shrink-only,shrink,1000,25.0,0.4,0.0,false,false,false,ok,170.879,745.874,745.874,0.9486763347943212,false,1041678136
28a,214245873937289,s1000-p400-a04,shrink-only,shrink,1000,400.0,0.4,0.0,false,false,false,ok,131.103,476.454,476.454,0.8943050822643025,false,-351635764
8b,7876990283384,s1000-p0-a04,shrink-only,shrink,1000,0.0,0.4,0.0,false,false,false,ok,7.716,148.283,148.283,0.7293945773650243,false,1478161348
15b,209723273353196,s1000-p100-a0,shrink-only,shrink,1000,100.0,0.0,0.0,false,false,false,ok,18.803,6.28,6.28,0.7238775863062649,false,-347771581
7c,7748141264478,s1000-p0-a04,shrink-only,shrink,1000,0.0,0.4,0.0,false,false,false,ok,72.798,2165.665,2165.665,1.45101432612538,false,52935710
3c,7215565320130,s1000-p400-a04,shrink-only,shrink,1000,400.0,0.4,0.0,false,false,false,ok,13.741,1354.29,1354.29,1.0323347341316333,false,-1572305105
28a,214245873937289,s1000-p0-a04,shrink-only,shrink,1000,0.0,0.4,0.0,false,false,false,ok,124.414,1050.704,1050.704,1.9721734462412566,false,96586315
2b,7078126366498,s1000-p100-a04,shrink-only,shrink,1000,100.0,0.4,0.0,false,true,false,ok,19.567,135.144,135.144,0.9994712144687553,false,321836810
31a,217441329605777,s250-p100-a04,shrink-only,shrink,250,100.0,0.4,0.0,false,false,false,ok,58.274,242.838,242.838,1.1944516858906569,false,619611693
8c,7881285250681,s4000-p100-a04,shrink-only,shrink,4000,100.0,0.4,0.0,false,false,false,ok,351.723,5349.774,5349.774,1.1607495591135055,false,737600458
18a,210118410344008,s4000-p100-a04,shrink-only,shrink,4000,100.0,0.4,0.0,false,false,false,ok,239.035,973.068,973.068,0.993521629792539,false,-1701613315
29c,214387607858094,s1000-p100-a04,shrink-only,shrink,1000,100.0,0.4,0.0,false,true,false,ok,916.983,68.085,68.085,1.0430007046784522,false,2081534655
29b,214383312890793,s250-p100-a04,shrink-only,shrink,250,100.0,0.4,0.0,false,false,false,ok,742.626,2.747,2.747,1.0242356450410142,false,-665152500
32a,217574473591984,s1000-p0-a04,shrink-only,shrink,1000,0.0,0.4,0.0,false,false,false,ok,11.489,0.164,0.164,0.830379746835443,false,957982218
10a,209053258454896,s4000-p100-a04,shrink-only,shrink,4000,100.0,0.4,0.0,false,false,false,ok,588.019,353.633,353.633,1.1203308722780416,false,1718403736
27c,214121319885804,s1000-p25-a04,shrink-only,shrink,1000,25.0,0.4,0.0,false,false,false,ok,102.443,26.563,26.563,1.0139130102868483,false,-1273730499
29a,214379017923496,s1000-p100-a04,shrink-only,shrink,1000,100.0,0.4,0.0,false,true,false,ok,867.308,24.155,24.155,0.9444770283479961,false,-858518681
16c,209860712306572,s1000-p0-a04,shrink-only,shrink,1000,0.0,0.4,0.0,false,false,false,ok,22.167,366.875,366.875,0.9100323704870457,false,719404660
19d,210264439232110,s1000-p100-a16,shrink-only,shrink,1000,100.0,1.6,0.0,false,false,false,ok,33.671,3141.133,3141.133,0.5409058903207775,false,-1246359705
25c,213855031913426,s1000-p400-a04,shrink-only,shrink,1000,400.0,0.4,0.0,false,false,false,ok,81.438,892.275,892.275,1.004794387497994,false,35421457
11c,209194992375569,s1000-p0-a04,shrink-only,shrink,1000,0.0,0.4,0.0,false,false,false,ok,14.106,413.54,413.54,0.8217689075505011,false,212006990
27c,214121319885804,s1000-p100-a16,shrink-only,shrink,1000,100.0,1.6,0.0,false,false,false,ok,85.38,25.706,25.706,0.9812012138099508,false,-1093302568
24b,213717592959794,s250-p100-a04,shrink-only,shrink,250,100.0,0.4,0.0,false,false,false,ok,58.008,1.555,1.555,0.8743323025021085,false,-870534348
12b,209323841394483,s4000-p100-a04,shrink-only,shrink,4000,100.0,0.4,0.0,false,false,false,ok,77.102,1.344,1.344,1.0007446016381236,false,-1300552445
8a,7872695316091,s4000-p100-a04,shrink-only,shrink,4000,100.0,0.4,0.0,false,false,false,ok,257.811,115.355,115.355,1.2112287112287112,false,-1762716238
14b,209590129366989,s250-p100-a04,shrink-only,shrink,250,100.0,0.4,0.0,false,false,false,ok,8.506,36.096,36.096,0.9767422981694198,false,-725338943
8a,7872695316091,s1000-p100-a16,shrink-only,shrink,1000,100.0,1.6,0.0,false,false,false,ok,73.722,69.23,69.23,0.7269157269157269,false,-1762716238
6f,7627882180514,s1000-p100-a0,shrink-only,shrink,1000,100.0,0.0,0.0,false,false,false,ok,13.703,1587.821,1587.821,0.900489001368183,false,1250717231
9a,8005839302170,s250-p100-a04,shrink-only,shrink,250,100.0,0.4,0.0,false,false,false,ok,31.724,479.253,479.253,0.9765039441954667,false,1576652456
14b,209590129366989,s4000-p100-a04,shrink-only,shrink,4000,100.0,0.4,0.0,false,false,false,ok,22.701,37.282,37.282,1.0088349501427392,false,-725338943
27a,214112729951214,s1000-p100-a0,shrink-only,shrink,1000,100.0,0.0,0.0,false,false,false,ok,79.557,18.069,18.069,1.0270562155402716,false,-1953543145
5b,7477558325151,s1000-p0-a04,shrink-only,shrink,1000,0.0,0.4,0.0,false,false,false,ok,7.367,358.353,358.353,1.364262967242354,false,1589551454
1c,6949277347584,s1000-p100-a04,shrink-only,shrink,1000,100.0,0.4,0.0,false,true,false,ok,7.495,1.109,1.109,1.026376677464137,false,686382736
17e,210002446227373,s250-p100-a04,shrink-only,shrink,250,100.0,0.4,0.0,false,false,false,ok,21.689,4122.508,4122.508,1.001306371344404,false,-1125412742
28b,214250168904590,s1000-p100-a16,shrink-only,shrink,1000,100.0,1.6,0.0,false,false,false,ok,118.878,252.262,252.262,2.317264059083978,false,513417771
24a,213713297992461,s1000-p400-a04,shrink-only,shrink,1000,400.0,0.4,0.0,false,false,false,ok,148.645,139.586,139.586,0.9913250359533406,false,941138625
29b,214383312890793,s1000-p25-a04,shrink-only,shrink,1000,25.0,0.4,0.0,false,false,false,ok,999.121,3.383,3.383,1.261372110365399,false,-665152500
17e,210002446227373,s1000-p100-a16,shrink-only,shrink,1000,100.0,1.6,0.0,false,false,false,ok,86.355,4448.036,4448.036,1.0803731094686237,false,-1125412742
15a,209718978385903,s1000-p100-a0,shrink-only,shrink,1000,100.0,0.0,0.0,false,false,false,ok,23.943,446.059,446.059,0.9961287873289526,false,-93948010
18b,210122705311305,s1000-p100-a16,shrink-only,shrink,1000,100.0,1.6,0.0,false,false,false,ok,63.965,690.92,690.92,1.0615941889810359,false,-1852800932
15d,209731863287698,s4000-p100-a04,shrink-only,shrink,4000,100.0,0.4,0.0,false,false,false,ok,133.97,523.722,523.722,1.038858870295875,false,-704972777
2d,7086716301088,s4000-p100-a04,shrink-only,shrink,4000,100.0,0.4,0.0,false,false,false,ok,55.749,137.458,137.458,0.950588853619911,false,321836810
21b,213318161001297,s250-p100-a04,shrink-only,shrink,250,100.0,0.4,0.0,false,false,false,ok,16.313,12.785,12.785,0.9848630743750721,false,405046416
19b,210255849297512,s1000-p100-a16,shrink-only,shrink,1000,100.0,1.6,0.0,false,false,false,ok,15.227,159.871,159.871,1.0342583397757084,false,-1834056489
13c,209461280348115,s1000-p100-a04,shrink-only,shrink,1000,100.0,0.4,0.0,false,true,false,ok,16.534,571.031,571.031,1.2137780777222171,false,876197618
4c,7348709306365,s1000-p100-a04,shrink-only,shrink,1000,100.0,0.4,0.0,false,true,false,ok,10.212,1444.696,1444.696,0.9929738332422056,false,-430037632
25c,213855031913426,s1000-p100-a0,shrink-only,shrink,1000,100.0,0.0,0.0,false,false,false,ok,42.748,981.648,981.648,1.1054376743701562,false,35421457
33b,217711912546128,s4000-p100-a04,shrink-only,shrink,4000,100.0,0.4,0.0,false,false,false,ok,197.518,4.078,4.078,1.0219270768074178,false,1896864069
9b,8010134269467,s1000-p100-a16,shrink-only,shrink,1000,100.0,1.6,0.0,false,false,false,ok,21.37,457.203,457.203,0.9189261979678035,false,140277402
28b,214250168904590,s1000-p0-a04,shrink-only,shrink,1000,0.0,0.4,0.0,false,false,false,ok,145.895,95.224,95.224,0.8747221252595029,false,1300118193
30c,217316775554292,s1000-p100-a16,shrink-only,shrink,1000,100.0,1.6,0.0,false,false,false,ok,95.977,530.532,530.532,0.6641570846451887,false,-804478301
8d,7885580217982,s1000-p400-a04,shrink-only,shrink,1000,400.0,0.4,0.0,false,false,false,ok,19.448,538.818,538.818,0.8895415497614018,false,1142152349
15b,209723273353196,s4000-p100-a04,shrink-only,shrink,4000,100.0,0.4,0.0,false,false,false,ok,86.046,6.078,6.078,0.7005936257276238,false,-347771581
11c,209194992375569,s250-p100-a04,shrink-only,shrink,250,100.0,0.4,0.0,false,false,false,ok,5.593,577.923,577.923,1.148423737385279,false,1916526955
11a,209186402440979,s1000-p0-a04,shrink-only,shrink,1000,0.0,0.4,0.0,false,false,false,ok,13.327,14.66,14.66,0.9833316564376027,false,-1055439248
15c,209727568320493,s1000-p400-a04,shrink-only,shrink,1000,400.0,0.4,0.0,false,false,false,ok,21.564,515.509,515.509,0.9091901558735657,false,-1622553236
4b,7344414339068,s1000-p100-a16,shrink-only,shrink,1000,100.0,1.6,0.0,false,false,false,ok,8.075,20.983,20.983,0.9624125673661277,false,261415237
29b,214383312890793,s1000-p400-a04,shrink-only,shrink,1000,400.0,0.4,0.0,false,false,false,ok,699.748,2.816,2.816,1.0499627143922445,false,-665152500
8c,7881285250681,s1000-p0-a04,shrink-only,shrink,1000,0.0,0.4,0.0,false,false,false,ok,17.764,4337.477,4337.477,0.9411097581720219,false,-388506810
27c,214121319885804,s1000-p400-a04,shrink-only,shrink,1000,400.0,0.4,0.0,false,false,false,ok,117.89,34.852,34.852,1.3303051701433286,false,-1093302568
8b,7876990283384,s250-p100-a04,shrink-only,shrink,250,100.0,0.4,0.0,false,false,false,ok,19.792,153.867,153.867,0.7568619156304108,false,-387699444
32b,217578768559281,s1000-p100-a0,shrink-only,shrink,1000,100.0,0.0,0.0,false,false,false,ok,29.228,61.352,61.352,0.43189513773028376,false,1013953437
10a,209053258454896,s1000-p100-a0,shrink-only,shrink,1000,100.0,0.0,0.0,false,false,false,ok,28.47,305.599,305.599,0.9681562360902326,false,1718403736
30a,217308185619702,s1000-p100-a16,shrink-only,shrink,1000,100.0,1.6,0.0,false,false,false,ok,133.668,923.79,923.79,1.174967502982603,false,-824386529
9c,8014429236760,s1000-p100-a0,shrink-only,shrink,1000,100.0,0.0,0.0,false,false,false,ok,50.048,659.924,659.924,0.9921558044416113,false,841077701
14b,209590129366989,s1000-p100-a0,shrink-only,shrink,1000,100.0,0.0,0.0,false,false,false,ok,32.058,35.572,35.572,0.9625630826264021,false,-725338943
16d,209865007273869,s1000-p100-a16,shrink-only,shrink,1000,100.0,1.6,0.0,false,false,false,ok,35.213,274.025,274.025,0.9134334129459039,false,719404660
4a,7340119371775,s1000-p400-a04,shrink-only,shrink,1000,400.0,0.4,0.0,false,false,false,ok,8.286,791.524,791.524,1.0453032443036663,false,-1509295857
13c,209461280348115,s1000-p25-a04,shrink-only,shrink,1000,25.0,0.4,0.0,false,false,false,ok,13.472,448.959,448.959,0.9543029923000484,false,876197618
21a,213313866034000,s250-p100-a04,shrink-only,shrink,250,100.0,0.4,0.0,false,false,false,ok,16.197,34.902,34.902,1.1661209488807218,false,405046416
28c,214254463871887,s4000-p100-a04,shrink-only,shrink,4000,100.0,0.4,0.0,false,false,false,ok,294.066,1188.572,1188.572,2.3676190684874747,false,-1040088321
21c,213322455968598,s1000-p100-a04,shrink-only,shrink,1000,100.0,0.4,0.0,false,true,false,ok,34.789,40.884,40.884,0.9782382427889504,false,405046416
5a,7473263357854,s1000-p0-a04,shrink-only,shrink,1000,0.0,0.4,0.0,false,false,false,ok,11.361,152.32,152.32,0.9958256651313917,false,414652499
21a,213313866034000,s1000-p100-a16,shrink-only,shrink,1000,100.0,1.6,0.0,false,false,false,ok,24.296,28.003,28.003,0.9356164383561644,false,1230868213
11c,209194992375569,s4000-p100-a04,shrink-only,shrink,4000,100.0,0.4,0.0,false,false,false,ok,41.986,513.123,513.123,1.0196559635078488,false,1916526955
19d,210264439232110,s1000-p400-a04,shrink-only,shrink,1000,400.0,0.4,0.0,false,false,false,ok,26.85,2879.899,2879.899,0.4959211636784933,false,-1246359705
24a,213713297992461,s1000-p100-a0,shrink-only,shrink,1000,100.0,0.0,0.0,false,false,false,ok,61.085,113.583,113.583,0.8066544750812279,false,499733213
17e,210002446227373,s1000-p100-a04,shrink-only,shrink,1000,100.0,0.4,0.0,false,true,false,ok,13.851,3954.668,3954.668,0.9605401044587012,false,-1125412742
2b,7078126366498,s1000-p25-a04,shrink-only,shrink,1000,25.0,0.4,0.0,false,false,false,ok,9.393,122.84,122.84,0.9084757294836759,false,321836810
30b,217312480586999,s1000-p400-a04,shrink-only,shrink,1000,400.0,0.4,0.0,false,false,false,ok,108.615,35.102,35.102,0.9950110550484719,false,-119349660
13c,209461280348115,s1000-p100-a0,shrink-only,shrink,1000,100.0,0.0,0.0,false,false,false,ok,13.631,495.845,495.845,1.053963429215179,false,876197618
32a,217574473591984,s1000-p100-a04,shrink-only,shrink,1000,100.0,0.4,0.0,false,true,false,ok,7.998,0.197,0.197,0.9974683544303797,false,-1917286155
18a,210118410344008,s250-p100-a04,shrink-only,shrink,250,100.0,0.4,0.0,false,false,false,ok,21.934,954.914,954.914,0.9749860375551478,false,-574815707
21a,213313866034000,s1000-p25-a04,shrink-only,shrink,1000,25.0,0.4,0.0,false,false,false,ok,35.689,27.696,27.696,0.9253591713999333,false,405046416
30b,217312480586999,s1000-p100-a0,shrink-only,shrink,1000,100.0,0.0,0.0,false,false,false,ok,69.185,31.652,31.652,0.8972163954872724,false,1910947129
15d,209731863287698,s1000-p400-a04,shrink-only,shrink,1000,400.0,0.4,0.0,false,false,false,ok,22.511,468.668,468.668,0.9296533447589125,false,-704972777
2d,7086716301088,s1000-p100-a04,shrink-only,shrink,1000,100.0,0.4,0.0,false,true,false,ok,9.855,164.785,164.785,1.1395683353734016,false,321836810
17e,210002446227373,s1000-p400-a04,shrink-only,shrink,1000,400.0,0.4,0.0,false,false,false,ok,13.777,3916.051,3916.051,0.9511605112251145,false,-1125412742
6a,7606407344057,s1000-p100-a16,shrink-only,shrink,1000,100.0,1.6,0.0,false,false,false,ok,46.741,3.873,3.873,0.9863746338978735,false,-224470636
13b,209456985380818,s1000-p25-a04,shrink-only,shrink,1000,25.0,0.4,0.0,false,false,false,ok,15.704,335.438,335.438,0.9962281858464902,false,-2119720580
9a,8005839302170,s4000-p100-a04,shrink-only,shrink,4000,100.0,0.4,0.0,false,false,false,ok,500.989,466.055,466.055,0.9496123043820659,false,2029736178
16c,209860712306572,s1000-p100-a16,shrink-only,shrink,1000,100.0,1.6,0.0,false,false,false,ok,18.693,374.635,374.635,0.9292810279179948,false,719404660
8a,7872695316091,s1000-p100-a04,shrink-only,shrink,1000,100.0,0.4,0.0,false,true,false,ok,11.58,70.943,70.943,0.7449022449022449,false,-1762716238
19a,210251554330219,s250-p100-a04,shrink-only,shrink,250,100.0,0.4,0.0,false,false,false,ok,21.376,621.033,621.033,1.0952180664344082,false,-1819667816
18b,210122705311305,s1000-p400-a04,shrink-only,shrink,1000,400.0,0.4,0.0,false,false,false,ok,22.283,696.627,696.627,1.070362958211214,false,-1852800932
32b,217578768559281,s1000-p100-a04,shrink-only,shrink,1000,100.0,0.4,0.0,false,true,false,ok,7.551,49.835,49.835,0.3508197644541122,false,-888812919
4b,7344414339068,s1000-p100-a0,shrink-only,shrink,1000,100.0,0.0,0.0,false,false,false,ok,7.301,20.844,20.844,0.9560371517027864,false,261415237
3b,7211270352861,s1000-p100-a0,shrink-only,shrink,1000,100.0,0.0,0.0,false,false,false,ok,12.67,7.807,7.807,1.0762338020402538,false,129508754
24a,213713297992461,s4000-p100-a04,shrink-only,shrink,4000,100.0,0.4,0.0,false,false,false,ok,519.739,113.531,113.531,0.8062851765708503,false,2055842777
3c,7215565320130,s4000-p100-a04,shrink-only,shrink,4000,100.0,0.4,0.0,false,false,false,ok,81.723,1260.673,1260.673,0.960973296917151,false,-1572305105
9a,8005839302170,s1000-p100-a04,shrink-only,shrink,1000,100.0,0.4,0.0,false,true,false,ok,45.038,482.777,482.777,0.9836842850579022,false,1576652456
13c,209461280348115,s250-p100-a04,shrink-only,shrink,250,100.0,0.4,0.0,false,false,false,ok,9.867,554.018,554.018,1.1776154062800572,false,876197618
21b,213318161001297,s1000-p100-a16,shrink-only,shrink,1000,100.0,1.6,0.0,false,false,false,ok,28.629,12.839,12.839,0.989022840195663,false,405046416
31b,217445624573078,s4000-p100-a04,shrink-only,shrink,4000,100.0,0.4,0.0,false,false,false,ok,251.329,7.953,7.953,0.9787705371977109,false,-744571733
9b,8010134269467,s4000-p100-a04,shrink-only,shrink,4000,100.0,0.4,0.0,false,false,false,ok,325.713,454.199,454.199,0.9128884985242407,false,1556140202
9b,8010134269467,s1000-p25-a04,shrink-only,shrink,1000,25.0,0.4,0.0,false,false,false,ok,27.295,473.246,473.246,0.9511708092105065,false,1556140202
17a,209985266358185,s1000-p100-a16,shrink-only,shrink,1000,100.0,1.6,0.0,false,false,false,ok,77.447,1668.389,1668.389,0.8672314658850234,false,-1125412742
12b,209323841394483,s1000-p400-a04,shrink-only,shrink,1000,400.0,0.4,0.0,false,false,false,ok,18.281,1.333,1.333,0.9925539836187639,false,466548996
15b,209723273353196,s1000-p25-a04,shrink-only,shrink,1000,25.0,0.4,0.0,false,false,false,ok,17.11,5.896,5.896,0.6796150077805314,false,-347771581
21a,213313866034000,s1000-p400-a04,shrink-only,shrink,1000,400.0,0.4,0.0,false,false,false,ok,31.358,28.336,28.336,0.9467423989308386,false,405046416
17e,210002446227373,s1000-p25-a04,shrink-only,shrink,1000,25.0,0.4,0.0,false,false,false,ok,12.966,4115.214,4115.214,0.9995347486640874,false,-1125412742
30b,217312480586999,s1000-p0-a04,shrink-only,shrink,1000,0.0,0.4,0.0,false,false,false,ok,75.513,36.048,36.048,1.0218266341629343,false,1910947129
27b,214117024918511,s250-p100-a04,shrink-only,shrink,250,100.0,0.4,0.0,false,false,false,ok,50.308,5.91,5.91,1.0129402690890392,false,-1505844372
3b,7211270352861,s1000-p100-a04,shrink-only,shrink,1000,100.0,0.4,0.0,false,true,false,ok,7.555,6.009,6.009,0.8283705541770059,false,113844438
13d,209465575315408,s250-p100-a04,shrink-only,shrink,250,100.0,0.4,0.0,false,false,false,ok,10.849,4232.842,4232.842,1.3743446415523106,false,-2119720580
27c,214121319885804,s1000-p100-a04,shrink-only,shrink,1000,100.0,0.4,0.0,false,true,false,ok,140.719,26.137,26.137,0.997652537359009,false,-1273730499
29c,214387607858094,s1000-p100-a0,shrink-only,shrink,1000,100.0,0.0,0.0,false,false,false,ok,816.716,62.661,62.661,0.9599099237108981,false,1216159973
3c,7215565320130,s1000-p100-a04,shrink-only,shrink,1000,100.0,0.4,0.0,false,true,false,ok,17.758,1436.911,1436.911,1.0953142496480217,false,-1572305105
11b,209190697408272,s250-p100-a04,shrink-only,shrink,250,100.0,0.4,0.0,false,false,false,ok,5.779,1.987,1.987,1.0099110546378653,false,898037380
27a,214112729951214,s4000-p100-a04,shrink-only,shrink,4000,100.0,0.4,0.0,false,false,false,ok,161.261,17.232,17.232,0.9794804751889956,false,-1953543145
16c,209860712306572,s1000-p100-a04,shrink-only,shrink,1000,100.0,0.4,0.0,false,true,false,ok,18.609,337.915,337.915,0.8381971747138127,false,719404660
17a,209985266358185,s1000-p100-a04,shrink-only,shrink,1000,100.0,0.4,0.0,false,true,false,ok,13.12,1740.451,1740.451,0.9046894171749245,false,-1125412742
23a,213580154006290,s250-p100-a04,shrink-only,shrink,250,100.0,0.4,0.0,false,false,false,ok,11.958,521.796,521.796,1.3796699395960115,false,1835492322
10a,209053258454896,s1000-p400-a04,shrink-only,shrink,1000,400.0,0.4,0.0,false,false,false,ok,11.308,280.977,280.977,0.8901522411654661,false,1718403736
27c,214121319885804,s1000-p100-a0,shrink-only,shrink,1000,100.0,0.0,0.0,false,false,false,ok,224.112,26.407,26.407,1.0079584709048226,false,-1273730499
32a,217574473591984,s1000-p100-a16,shrink-only,shrink,1000,100.0,1.6,0.0,false,false,false,ok,7.707,0.161,0.161,0.8151898734177215,false,1765267761
1c,6949277347584,s4000-p100-a04,shrink-only,shrink,4000,100.0,0.4,0.0,false,false,false,ok,21.255,1.064,1.064,0.984729291994447,false,686382736
28a,214245873937289,s4000-p100-a04,shrink-only,shrink,4000,100.0,0.4,0.0,false,false,false,ok,221.205,802.166,802.166,1.5056671381069873,false,96586315
30a,217308185619702,s4000-p100-a04,shrink-only,shrink,4000,100.0,0.4,0.0,false,false,false,ok,396.92,790.896,790.896,1.005939767954761,false,1041678136
5b,7477558325151,s1000-p100-a0,shrink-only,shrink,1000,100.0,0.0,0.0,false,false,false,ok,6.972,273.283,273.283,1.0403983683041367,false,1589551454
28c,214254463871887,s1000-p25-a04,shrink-only,shrink,1000,25.0,0.4,0.0,false,false,false,ok,163.951,1104.066,1104.066,2.1992842793441985,false,-1040088321
9b,8010134269467,s1000-p100-a0,shrink-only,shrink,1000,100.0,0.0,0.0,false,false,false,ok,15.923,452.958,452.958,0.9103942292135012,false,140277402
32a,217574473591984,s1000-p25-a04,shrink-only,shrink,1000,25.0,0.4,0.0,false,false,false,ok,7.496,0.179,0.179,0.9063291139240506,false,-1917286155
26c,213988175899597,s1000-p0-a04,shrink-only,shrink,1000,0.0,0.4,0.0,false,false,false,ok,53.861,384.818,384.818,1.1171452583785604,false,628672308
29c,214387607858094,s1000-p0-a04,shrink-only,shrink,1000,0.0,0.4,0.0,false,false,false,ok,816.968,79.313,79.313,1.215003523392261,false,254816621
31b,217445624573078,s1000-p100-a04,shrink-only,shrink,1000,100.0,0.4,0.0,false,true,false,ok,82.924,7.901,7.901,0.9723709310196295,false,-303167854
24a,213713297992461,s1000-p100-a16,shrink-only,shrink,1000,100.0,1.6,0.0,false,false,false,ok,61.25,110.444,110.444,0.7843616284643928,false,941138625
27b,214117024918511,s1000-p400-a04,shrink-only,shrink,1000,400.0,0.4,0.0,false,false,false,ok,69.109,5.867,5.867,1.0055703145085269,false,-1505844372
23c,213588743940880,s1000-p0-a04,shrink-only,shrink,1000,0.0,0.4,0.0,false,false,false,ok,23.51,948.912,948.912,1.0236839209543476,false,1062427072
13a,209452690413357,s1000-p100-a0,shrink-only,shrink,1000,100.0,0.0,0.0,false,false,false,ok,29.244,704.049,704.049,0.9229773912496296,false,1188104532
32b,217578768559281,s1000-p0-a04,shrink-only,shrink,1000,0.0,0.4,0.0,false,false,false,ok,7.91,142.441,142.441,1.002731374909365,false,1520237401
31c,217449919540375,s4000-p100-a04,shrink-only,shrink,4000,100.0,0.4,0.0,false,false,false,ok,523.506,263.46,263.46,1.1628938604447916,false,1346825370
27b,214117024918511,s1000-p100-a16,shrink-only,shrink,1000,100.0,1.6,0.0,false,false,false,ok,67.909,5.972,5.972,1.023566715228383,false,-1505844372
15c,209727568320493,s1000-p25-a04,shrink-only,shrink,1000,25.0,0.4,0.0,false,false,false,ok,18.945,511.417,511.417,0.9019731991999971,false,592161665
10a,209053258454896,s1000-p100-a16,shrink-only,shrink,1000,100.0,1.6,0.0,false,false,false,ok,10.535,279.119,279.119,0.8842659840551497,false,1718403736
24b,213717592959794,s1000-p400-a04,shrink-only,shrink,1000,400.0,0.4,0.0,false,false,false,ok,118.956,1.6,1.6,0.8996345234748384,false,-870534348
19d,210264439232110,s1000-p0-a04,shrink-only,shrink,1000,0.0,0.4,0.0,false,false,false,ok,26.514,5387.794,5387.794,0.9277829084075533,false,-1211980585
19a,210251554330219,s1000-p100-a0,shrink-only,shrink,1000,100.0,0.0,0.0,false,false,false,ok,65.733,534.529,534.529,0.9426645892136453,false,-477815540
29a,214379017923496,s1000-p400-a04,shrink-only,shrink,1000,400.0,0.4,0.0,false,false,false,ok,1027.619,24.866,24.866,0.9722776148582599,false,-858518681
23b,213584448973587,s1000-p400-a04,shrink-only,shrink,1000,400.0,0.4,0.0,false,false,false,ok,27.651,70.657,70.657,1.424163021788644,false,2055054090
31c,217449919540375,s1000-p400-a04,shrink-only,shrink,1000,400.0,0.4,0.0,false,false,false,ok,97.62,243.193,243.193,1.0734367517010182,false,1982821986
9a,8005839302170,s1000-p0-a04,shrink-only,shrink,1000,0.0,0.4,0.0,false,false,false,ok,19.269,468.248,468.248,0.954080660656561,false,403009818
18b,210122705311305,s1000-p100-a04,shrink-only,shrink,1000,100.0,0.4,0.0,false,true,false,ok,22.364,737.452,737.452,1.1330903112552,false,-2103027714
33a,217707617578835,s1000-p100-a16,shrink-only,shrink,1000,100.0,1.6,0.0,false,false,false,ok,118.718,4.664,4.664,1.0125922709509336,false,14380942
6a,7606407344057,s1000-p25-a04,shrink-only,shrink,1000,25.0,0.4,0.0,false,false,false,ok,9.862,3.852,3.852,0.9810263593531134,false,-224470636
13b,209456985380818,s1000-p100-a16,shrink-only,shrink,1000,100.0,1.6,0.0,false,false,false,ok,15.68,344.896,344.896,1.0243178065267236,false,-2119720580
30a,217308185619702,s1000-p100-a0,shrink-only,shrink,1000,100.0,0.0,0.0,false,false,false,ok,96.334,588.901,588.901,0.7490225456802496,false,1041678136
23b,213584448973587,s1000-p100-a16,shrink-only,shrink,1000,100.0,1.6,0.0,false,false,false,ok,25.178,43.496,43.496,0.8767057021345213,false,2055054090
11a,209186402440979,s1000-p100-a16,shrink-only,shrink,1000,100.0,1.6,0.0,false,false,false,ok,13.003,14.318,14.318,0.9603917228426736,false,-1055439248
15d,209731863287698,s1000-p25-a04,shrink-only,shrink,1000,25.0,0.4,0.0,false,false,false,ok,20.115,487.659,487.659,0.967324034181524,false,-704972777
18b,210122705311305,s1000-p0-a04,shrink-only,shrink,1000,0.0,0.4,0.0,false,false,false,ok,26.489,431.591,431.591,0.6631368286002928,false,-633376097
27b,214117024918511,s1000-p0-a04,shrink-only,shrink,1000,0.0,0.4,0.0,false,false,false,ok,143.203,5.892,5.892,1.0098551718227784,false,1728540501
21a,213313866034000,s1000-p100-a04,shrink-only,shrink,1000,100.0,0.4,0.0,false,true,false,ok,31.428,27.841,27.841,0.930203808887404,false,405046416
7c,7748141264478,s1000-p400-a04,shrink-only,shrink,1000,400.0,0.4,0.0,false,false,false,ok,92.766,2161.209,2161.209,1.4480287674922512,false,-1004347469
15b,209723273353196,s250-p100-a04,shrink-only,shrink,250,100.0,0.4,0.0,false,false,false,ok,14.348,6.958,6.958,0.8020287015157629,false,-1293176700
16c,209860712306572,s1000-p25-a04,shrink-only,shrink,1000,25.0,0.4,0.0,false,false,false,ok,31.23,345.4,345.4,0.8567636954445671,false,719404660
8b,7876990283384,s4000-p100-a04,shrink-only,shrink,4000,100.0,0.4,0.0,false,false,false,ok,214.513,146.949,146.949,0.7228327168266961,false,-1987159524
15b,209723273353196,s1000-p0-a04,shrink-only,shrink,1000,0.0,0.4,0.0,false,false,false,ok,16.487,5.953,5.953,0.686185234280445,false,-1478206114
21c,213322455968598,s1000-p0-a04,shrink-only,shrink,1000,0.0,0.4,0.0,false,false,false,ok,39.054,25.599,25.599,0.6125115149484968,false,-597700708
3b,7211270352861,s1000-p0-a04,shrink-only,shrink,1000,0.0,0.4,0.0,false,false,false,ok,8.604,6.314,6.314,0.8704163220292254,false,129508754
23b,213584448973587,s1000-p25-a04,shrink-only,shrink,1000,25.0,0.4,0.0,false,false,false,ok,26.058,45.239,45.239,0.9118376232035957,false,-439854755
31a,217441329605777,s1000-p100-a16,shrink-only,shrink,1000,100.0,1.6,0.0,false,false,false,ok,100.848,185.53,185.53,0.9125697843142077,false,619611693
13d,209465575315408,s4000-p100-a04,shrink-only,shrink,4000,100.0,0.4,0.0,false,false,false,ok,89.771,3023.118,3023.118,0.9815641651827162,false,-2119720580
29a,214379017923496,s250-p100-a04,shrink-only,shrink,250,100.0,0.4,0.0,false,false,false,ok,663.527,25.645,25.645,1.0027370478983382,false,-1614272091
4b,7344414339068,s1000-p0-a04,shrink-only,shrink,1000,0.0,0.4,0.0,false,false,false,ok,8.023,29.31,29.31,1.3443412452700376,false,611794456
33a,217707617578835,s1000-p100-a0,shrink-only,shrink,1000,100.0,0.0,0.0,false,false,false,ok,83.52,7.046,7.046,1.5297438124185845,false,-2124008857
2d,7086716301088,s250-p100-a04,shrink-only,shrink,250,100.0,0.4,0.0,false,false,false,ok,38.169,132.36,132.36,0.9153337067695692,false,321836810
22a,213447010020211,s1000-p100-a04,shrink-only,shrink,1000,100.0,0.4,0.0,false,true,false,ok,33.581,462.581,462.581,0.9814553335674269,false,815426615
17a,209985266358185,s1000-p0-a04,shrink-only,shrink,1000,0.0,0.4,0.0,false,false,false,ok,14.101,1679.369,1679.369,0.8729388887315044,false,-1125412742
29a,214379017923496,s1000-p25-a04,shrink-only,shrink,1000,25.0,0.4,0.0,false,false,false,ok,759.041,24.031,24.031,0.9396285434995111,false,1130067847
9a,8005839302170,s1000-p25-a04,shrink-only,shrink,1000,25.0,0.4,0.0,false,false,false,ok,18.433,464.384,464.384,0.9462075513794752,false,2029736178
17a,209985266358185,s1000-p100-a0,shrink-only,shrink,1000,100.0,0.0,0.0,false,false,false,ok,13.122,1717.162,1717.162,0.8925837550008174,false,-1125412742
9d,8018724204057,s1000-p100-a0,shrink-only,shrink,1000,100.0,0.0,0.0,false,false,false,ok,113.542,1183.008,1183.008,0.9991912771106929,false,-1708131848
4b,7344414339068,s1000-p400-a04,shrink-only,shrink,1000,400.0,0.4,0.0,false,false,false,ok,8.177,21.258,21.258,0.9750257997936015,false,261415237
16d,209865007273869,s1000-p0-a04,shrink-only,shrink,1000,0.0,0.4,0.0,false,false,false,ok,18.655,348.146,348.146,1.160507942645615,false,719404660
29a,214379017923496,s1000-p100-a16,shrink-only,shrink,1000,100.0,1.6,0.0,false,false,false,ok,642.349,24.82,24.82,0.9704789833822091,false,-858518681
31c,217449919540375,s250-p100-a04,shrink-only,shrink,250,100.0,0.4,0.0,false,false,false,ok,57.368,227.241,227.241,1.0030257486576137,false,1982821986
18b,210122705311305,s250-p100-a04,shrink-only,shrink,250,100.0,0.4,0.0,false,false,false,ok,17.665,651.453,651.453,1.0009533943065227,false,-1852800932
28c,214254463871887,s1000-p100-a04,shrink-only,shrink,1000,100.0,0.4,0.0,false,true,false,ok,117.074,1099.295,1099.295,2.1897805129962165,false,-1331141441
23c,213588743940880,s1000-p100-a04,shrink-only,shrink,1000,100.0,0.4,0.0,false,true,false,ok,22.763,843.627,843.627,0.910102723100723,false,1835492322
28b,214250168904590,s1000-p100-a04,shrink-only,shrink,1000,100.0,0.4,0.0,false,true,false,ok,101.668,107.341,107.341,0.9860281824695486,false,-2038163606
4a,7340119371775,s1000-p100-a04,shrink-only,shrink,1000,100.0,0.4,0.0,false,true,false,ok,7.666,720.223,720.223,0.9511416438694461,false,-1509295857
8a,7872695316091,s1000-p100-a0,shrink-only,shrink,1000,100.0,0.0,0.0,false,false,false,ok,11.87,69.916,69.916,0.7341187341187341,false,-1762716238
27c,214121319885804,s1000-p0-a04,shrink-only,shrink,1000,0.0,0.4,0.0,false,false,false,ok,93.615,20.901,20.901,0.797793766818711,false,2087529319
31b,217445624573078,s1000-p100-a0,shrink-only,shrink,1000,100.0,0.0,0.0,false,false,false,ok,61.579,8.17,8.17,1.0054765860562427,false,-303167854
19b,210255849297512,s1000-p25-a04,shrink-only,shrink,1000,25.0,0.4,0.0,false,false,false,ok,16.343,155.911,155.911,1.0086397909112375,false,825922194
28b,214250168904590,s1000-p25-a04,shrink-only,shrink,1000,25.0,0.4,0.0,false,false,false,ok,117.908,152.277,152.277,1.3988076647498668,false,1300118193
10a,209053258454896,s1000-p100-a04,shrink-only,shrink,1000,100.0,0.4,0.0,false,true,false,ok,11.72,287.069,287.069,0.9094520680309393,false,1718403736
15c,209727568320493,s250-p100-a04,shrink-only,shrink,250,100.0,0.4,0.0,false,false,false,ok,11.925,516.989,516.989,0.911800394357652,false,-1622553236
23b,213584448973587,s1000-p0-a04,shrink-only,shrink,1000,0.0,0.4,0.0,false,false,false,ok,25.691,42.944,42.944,0.865579585995606,false,-439854755
28a,214245873937289,s1000-p100-a04,shrink-only,shrink,1000,100.0,0.4,0.0,false,true,false,ok,115.948,445.512,445.512,0.836226888240489,false,-937872645
33b,217711912546128,s1000-p100-a0,shrink-only,shrink,1000,100.0,0.0,0.0,false,false,false,ok,87.938,3.854,3.854,0.9657937601804285,false,-397240962
24a,213713297992461,s1000-p0-a04,shrink-only,shrink,1000,0.0,0.4,0.0,false,false,false,ok,83.211,111.984,111.984,0.7952985458871153,false,1810971046
7c,7748141264478,s1000-p100-a16,shrink-only,shrink,1000,100.0,1.6,0.0,false,false,false,ok,23.998,1304.061,1304.061,0.8737321760943586,false,-1004347469
17e,210002446227373,s4000-p100-a04,shrink-only,shrink,4000,100.0,0.4,0.0,false,false,false,ok,313.577,4170.284,4170.284,1.0129105727667784,false,-1125412742
6f,7627882180514,s1000-p400-a04,shrink-only,shrink,1000,400.0,0.4,0.0,false,false,false,ok,29.777,1864.016,1864.016,1.0571253978718729,false,1250717231
3b,7211270352861,s250-p100-a04,shrink-only,shrink,250,100.0,0.4,0.0,false,false,false,ok,3.652,6.192,6.192,0.8535980148883375,false,129508754
6b,7610702311358,s1000-p100-a0,shrink-only,shrink,1000,100.0,0.0,0.0,false,false,false,ok,57.146,4.551,4.551,1.0905823148813802,false,1482096114
6f,7627882180514,s1000-p0-a04,shrink-only,shrink,1000,0.0,0.4,0.0,false,false,false,ok,15.84,1754.05,1754.05,0.994761205985978,false,1250717231
13c,209461280348115,s4000-p100-a04,shrink-only,shrink,4000,100.0,0.4,0.0,false,false,false,ok,73.49,452.533,452.533,0.9618998528028568,false,876197618
15a,209718978385903,s1000-p25-a04,shrink-only,shrink,1000,25.0,0.4,0.0,false,false,false,ok,20.233,408.109,408.109,0.9113797127017536,false,-93948010
30b,217312480586999,s1000-p25-a04,shrink-only,shrink,1000,25.0,0.4,0.0,false,false,false,ok,77.139,34.592,34.592,0.9805544532002946,false,1910947129
9d,8018724204057,s1000-p100-a04,shrink-only,shrink,1000,100.0,0.4,0.0,false,true,false,ok,19.931,1128.193,1128.193,0.9528934753588681,false,-1708131848
11d,209199287342870,s1000-p100-a0,shrink-only,shrink,1000,100.0,0.0,0.0,false,false,false,ok,15.157,1224.188,1224.188,5.490223163031,false,198126114
21b,213318161001297,s1000-p100-a04,shrink-only,shrink,1000,100.0,0.4,0.0,false,true,false,ok,25.525,12.83,12.83,0.9883295458922312,false,405046416
15c,209727568320493,s1000-p100-a04,shrink-only,shrink,1000,100.0,0.4,0.0,false,true,false,ok,20.155,510.624,510.624,0.9005746052014293,false,592161665
3b,7211270352861,s1000-p100-a16,shrink-only,shrink,1000,100.0,1.6,0.0,false,false,false,ok,7.356,6.837,6.837,0.9425144747725394,false,113844438
8c,7881285250681,s1000-p100-a04,shrink-only,shrink,1000,100.0,0.4,0.0,false,true,false,ok,14.335,4405.229,4405.229,0.955810024786847,false,1733352584
28a,214245873937289,s1000-p25-a04,shrink-only,shrink,1000,25.0,0.4,0.0,false,false,false,ok,122.933,797.762,797.762,1.497400821563749,false,96586315
25c,213855031913426,s1000-p25-a04,shrink-only,shrink,1000,25.0,0.4,0.0,false,false,false,ok,79.571,892.835,892.835,1.0054250057009013,false,35421457
19d,210264439232110,s250-p100-a04,shrink-only,shrink,250,100.0,0.4,0.0,false,false,false,ok,30.815,2975.229,2975.229,0.5123370742828134,false,-1246359705
4c,7348709306365,s1000-p0-a04,shrink-only,shrink,1000,0.0,0.4,0.0,false,false,false,ok,9.69,2074.843,2074.843,1.426088815284155,false,-1125545911
8b,7876990283384,s1000-p400-a04,shrink-only,shrink,1000,400.0,0.4,0.0,false,false,false,ok,50.781,153.364,153.364,0.7543876908547144,false,-387699444
25c,213855031913426,s1000-p100-a16,shrink-only,shrink,1000,100.0,1.6,0.0,false,false,false,ok,39.657,980.66,980.66,1.1043250836835987,false,35421457
26c,213988175899597,s250-p100-a04,shrink-only,shrink,250,100.0,0.4,0.0,false,false,false,ok,52.701,297.841,297.841,0.8646468223958568,false,-321495561
23a,213580154006290,s1000-p100-a04,shrink-only,shrink,1000,100.0,0.4,0.0,false,true,false,ok,26.079,376.12,376.12,0.9944910610293137,false,1835492322
32a,217574473591984,s250-p100-a04,shrink-only,shrink,250,100.0,0.4,0.0,false,false,false,ok,12.786,0.166,0.166,0.8405063291139241,false,1765267761
17a,209985266358185,s4000-p100-a04,shrink-only,shrink,4000,100.0,0.4,0.0,false,false,false,ok,287.714,1774.037,1774.037,0.9221474776231858,false,-1125412742
21b,213318161001297,s1000-p25-a04,shrink-only,shrink,1000,25.0,0.4,0.0,false,false,false,ok,26.04,12.471,12.471,0.9606748064553403,false,405046416
8c,7881285250681,s250-p100-a04,shrink-only,shrink,250,100.0,0.4,0.0,false,false,false,ok,21.813,4906.696,4906.696,1.0646141722442857,false,233035150
19c,210260144264809,s1000-p100-a0,shrink-only,shrink,1000,100.0,0.0,0.0,false,false,false,ok,62.878,795.8,795.8,1.051449409402003,false,-649799299
9b,8010134269467,s1000-p400-a04,shrink-only,shrink,1000,400.0,0.4,0.0,false,false,false,ok,15.229,495.665,495.665,0.9962304576210379,false,140277402
31c,217449919540375,s1000-p25-a04,shrink-only,shrink,1000,25.0,0.4,0.0,false,false,false,ok,80.022,238.99,238.99,1.0548850061022577,false,-105956113
9c,8014429236760,s1000-p400-a04,shrink-only,shrink,1000,400.0,0.4,0.0,false,false,false,ok,31.253,635.776,635.776,0.9558507475477023,false,906638406
30c,217316775554292,s4000-p100-a04,shrink-only,shrink,4000,100.0,0.4,0.0,false,false,false,ok,411.352,1237.433,1237.433,1.5491052259312346,false,-1451103391
19d,210264439232110,s4000-p100-a04,shrink-only,shrink,4000,100.0,0.4,0.0,false,false,false,ok,339.163,5251.016,5251.016,0.9042296154185918,false,-1211980585
6b,7610702311358,s1000-p25-a04,shrink-only,shrink,1000,25.0,0.4,0.0,false,false,false,ok,10.719,3.837,3.837,0.9194823867721065,false,1482096114
3c,7215565320130,s1000-p0-a04,shrink-only,shrink,1000,0.0,0.4,0.0,false,false,false,ok,14.565,1334.462,1334.462,1.0172204431685736,false,-1572305105
30b,217312480586999,s1000-p100-a04,shrink-only,shrink,1000,100.0,0.4,0.0,false,true,false,ok,76.87,34.593,34.593,0.9805827994784284,false,-1031970200
24b,213717592959794,s1000-p100-a0,shrink-only,shrink,1000,100.0,0.0,0.0,false,false,false,ok,56.835,1.732,1.732,0.9738543716615126,false,-870534348
5a,7473263357854,s1000-p100-a0,shrink-only,shrink,1000,100.0,0.0,0.0,false,false,false,ok,11.856,152.941,152.941,0.9998855898822229,false,414652499
13b,209456985380818,s1000-p100-a04,shrink-only,shrink,1000,100.0,0.4,0.0,false,true,false,ok,15.94,332.525,332.525,0.9875767727526522,false,-2119720580
19a,210251554330219,s1000-p0-a04,shrink-only,shrink,1000,0.0,0.4,0.0,false,false,false,ok,24.893,659.093,659.093,1.162338492576809,false,1791313305
11a,209186402440979,s1000-p100-a0,shrink-only,shrink,1000,100.0,0.0,0.0,false,false,false,ok,13.065,14.31,14.31,0.9598551162088742,false,-1055439248
22b,213451304987504,s1000-p100-a0,shrink-only,shrink,1000,100.0,0.0,0.0,false,false,false,ok,38.758,116.013,116.013,0.24378599249181257,false,-2145268623
28a,214245873937289,s1000-p100-a0,shrink-only,shrink,1000,100.0,0.0,0.0,false,false,false,ok,117.808,784.919,784.919,1.4732944856498509,false,96586315
22d,213459894922102,s1000-p25-a04,shrink-only,shrink,1000,25.0,0.4,0.0,false,false,false,ok,45.249,6213.913,6213.913,10.286751772767866,true,1311334790
7c,7748141264478,s1000-p100-a04,shrink-only,shrink,1000,100.0,0.4,0.0,false,true,false,ok,39.173,1437.774,1437.774,0.9633210453743271,false,-1004347469
6f,7627882180514,s1000-p100-a04,shrink-only,shrink,1000,100.0,0.4,0.0,false,true,false,ok,24.281,1573.366,1573.366,0.8922912457554426,false,1250717231
23b,213584448973587,s250-p100-a04,shrink-only,shrink,250,100.0,0.4,0.0,false,false,false,ok,18.444,47.639,47.639,0.9602120411988794,false,2055054090
21b,213318161001297,s1000-p100-a0,shrink-only,shrink,1000,100.0,0.0,0.0,false,false,false,ok,29.018,12.642,12.642,0.9738473982205446,false,405046416
8d,7885580217982,s4000-p100-a04,shrink-only,shrink,4000,100.0,0.4,0.0,false,false,false,ok,362.439,622.517,622.517,1.0277213028013514,false,1142152349
30a,217308185619702,s1000-p100-a04,shrink-only,shrink,1000,100.0,0.4,0.0,false,true,false,ok,130.804,712.577,712.577,0.9063259164667665,false,216250776
9d,8018724204057,s1000-p400-a04,shrink-only,shrink,1000,400.0,0.4,0.0,false,false,false,ok,19.671,1181.502,1181.502,0.9979192805871454,false,969253244
14b,209590129366989,s1000-p0-a04,shrink-only,shrink,1000,0.0,0.4,0.0,false,false,false,ok,21.799,35.923,35.923,0.9720609922744923,false,1313982226
18b,210122705311305,s4000-p100-a04,shrink-only,shrink,4000,100.0,0.4,0.0,false,false,false,ok,230.033,689.361,689.361,1.0591987953889825,false,-633376097
23c,213588743940880,s1000-p400-a04,shrink-only,shrink,1000,400.0,0.4,0.0,false,false,false,ok,29.519,1053.39,1053.39,1.1363945292019704,false,1835492322
16d,209865007273869,s4000-p100-a04,shrink-only,shrink,4000,100.0,0.4,0.0,false,false,false,ok,388.23,275.98,275.98,0.9199501990869833,false,719404660
15b,209723273353196,s1000-p400-a04,shrink-only,shrink,1000,400.0,0.4,0.0,false,false,false,ok,21.091,6.22,6.22,0.7169615584116189,false,-1293176700
4a,7340119371775,s1000-p100-a16,shrink-only,shrink,1000,100.0,1.6,0.0,false,false,false,ok,7.848,746.45,746.45,0.9857775717608964,false,-1509295857
23a,213580154006290,s1000-p400-a04,shrink-only,shrink,1000,400.0,0.4,0.0,false,false,false,ok,24.509,345.934,345.934,0.9146768869140557,false,1835492322
31b,217445624573078,s1000-p0-a04,shrink-only,shrink,1000,0.0,0.4,0.0,false,false,false,ok,78.681,7.529,7.529,0.9265891329764322,false,730199536
33a,217707617578835,s4000-p100-a04,shrink-only,shrink,4000,100.0,0.4,0.0,false,false,false,ok,200.548,7.83,7.83,1.6999565783760313,false,-2124008857
30c,217316775554292,s1000-p400-a04,shrink-only,shrink,1000,400.0,0.4,0.0,false,false,false,ok,115.576,808.343,808.343,1.0119403358767156,false,-804478301
24a,213713297992461,s1000-p100-a04,shrink-only,shrink,1000,100.0,0.4,0.0,false,true,false,ok,88.7,114.069,114.069,0.8101059957743728,false,941138625
11a,209186402440979,s1000-p400-a04,shrink-only,shrink,1000,400.0,0.4,0.0,false,false,false,ok,13.083,13.925,13.925,0.9340309219572728,false,-1055439248
12b,209323841394483,s1000-p0-a04,shrink-only,shrink,1000,0.0,0.4,0.0,false,false,false,ok,15.515,1.309,1.309,0.9746835443037974,false,-1300552445
29b,214383312890793,s4000-p100-a04,shrink-only,shrink,4000,100.0,0.4,0.0,false,false,false,ok,1122.499,2.558,2.558,0.953765846383296,false,-665152500
4c,7348709306365,s1000-p25-a04,shrink-only,shrink,1000,25.0,0.4,0.0,false,false,false,ok,7.82,1442.353,1442.353,0.9913634337593481,false,-430037632
4c,7348709306365,s1000-p100-a16,shrink-only,shrink,1000,100.0,1.6,0.0,false,false,false,ok,8.411,1445.633,1445.633,0.9936178555706041,false,-430037632
23a,213580154006290,s1000-p25-a04,shrink-only,shrink,1000,25.0,0.4,0.0,false,false,false,ok,21.929,349.123,349.123,0.9231088554177844,false,-1576721678
13a,209452690413357,s1000-p25-a04,shrink-only,shrink,1000,25.0,0.4,0.0,false,false,false,ok,24.665,736.76,736.76,0.9658600790244388,false,1188104532
22a,213447010020211,s1000-p0-a04,shrink-only,shrink,1000,0.0,0.4,0.0,false,false,false,ok,35.211,404.522,404.522,0.858271901451557,false,-2145268623
19a,210251554330219,s1000-p25-a04,shrink-only,shrink,1000,25.0,0.4,0.0,false,false,false,ok,21.917,624.972,624.972,1.1021646601962294,false,-1819667816
1c,6949277347584,s1000-p0-a04,shrink-only,shrink,1000,0.0,0.4,0.0,false,false,false,ok,7.231,1.053,1.053,0.9745488199907449,false,686382736
12b,209323841394483,s250-p100-a04,shrink-only,shrink,250,100.0,0.4,0.0,false,false,false,ok,7.765,1.265,1.265,0.9419210722263588,false,466548996
8a,7872695316091,s1000-p0-a04,shrink-only,shrink,1000,0.0,0.4,0.0,false,false,false,ok,18.836,68.314,68.314,0.7172977172977172,false,115582433
30c,217316775554292,s1000-p25-a04,shrink-only,shrink,1000,25.0,0.4,0.0,false,false,false,ok,86.39,1258.014,1258.014,1.5748699620057458,false,-1451103391
11b,209190697408272,s1000-p100-a16,shrink-only,shrink,1000,100.0,1.6,0.0,false,false,false,ok,12.452,1.996,1.996,1.0144853875476494,false,-1446711126
15a,209718978385903,s1000-p100-a04,shrink-only,shrink,1000,100.0,0.4,0.0,false,true,false,ok,17.378,411.61,411.61,0.9191980660685474,false,-874818637
24a,213713297992461,s250-p100-a04,shrink-only,shrink,250,100.0,0.4,0.0,false,false,false,ok,72.419,111.006,111.006,0.7883528931342435,false,672276191
3c,7215565320130,s1000-p25-a04,shrink-only,shrink,1000,25.0,0.4,0.0,false,false,false,ok,12.62,1242.267,1242.267,0.9469429539947144,false,-1572305105
17e,210002446227373,s1000-p0-a04,shrink-only,shrink,1000,0.0,0.4,0.0,false,false,false,ok,38.282,4056.324,4056.324,0.9852310936539646,false,-1125412742
2b,7078126366498,s1000-p100-a0,shrink-only,shrink,1000,100.0,0.0,0.0,false,false,false,ok,12.632,164.523,164.523,1.2167466007965062,false,321836810
15d,209731863287698,s1000-p100-a04,shrink-only,shrink,1000,100.0,0.4,0.0,false,true,false,ok,51.122,485.097,485.097,0.9622420318488015,false,-704972777
28c,214254463871887,s1000-p100-a0,shrink-only,shrink,1000,100.0,0.0,0.0,false,false,false,ok,126.872,1083.189,1083.189,2.1576975826250995,false,-1040088321
25c,213855031913426,s1000-p0-a04,shrink-only,shrink,1000,0.0,0.4,0.0,false,false,false,ok,38.574,956.654,956.654,1.0772918326496945,false,35421457
33a,217707617578835,s1000-p400-a04,shrink-only,shrink,1000,400.0,0.4,0.0,false,false,false,ok,82.937,4.175,4.175,0.906426400347373,false,1514619789
24b,213717592959794,s1000-p0-a04,shrink-only,shrink,1000,0.0,0.4,0.0,false,false,false,ok,52.53,2.593,2.593,1.4579701996064098,false,-452589321
8d,7885580217982,s250-p100-a04,shrink-only,shrink,250,100.0,0.4,0.0,false,false,false,ok,21.264,597.768,597.768,0.9868628611475,false,1142152349
27c,214121319885804,s4000-p100-a04,shrink-only,shrink,4000,100.0,0.4,0.0,false,false,false,ok,224.793,25.782,25.782,0.9841021432524761,false,-1273730499
29b,214383312890793,s1000-p100-a04,shrink-only,shrink,1000,100.0,0.4,0.0,false,true,false,ok,734.794,2.563,2.563,0.9556301267710664,false,-665152500
11b,209190697408272,s1000-p100-a04,shrink-only,shrink,1000,100.0,0.4,0.0,false,true,false,ok,10.453,1.876,1.876,0.9534942820838627,false,-1446711126
11b,209190697408272,s1000-p25-a04,shrink-only,shrink,1000,25.0,0.4,0.0,false,false,false,ok,8.404,1.667,1.667,0.8472681067344345,false,-1446711126
8d,7885580217982,s1000-p25-a04,shrink-only,shrink,1000,25.0,0.4,0.0,false,false,false,ok,41.967,565.367,565.367,0.9333716345110119,false,-1012298996
27a,214112729951214,s1000-p100-a04,shrink-only,shrink,1000,100.0,0.4,0.0,false,true,false,ok,76.4,17.263,17.263,0.9812425396464504,false,-1953543145
24b,213717592959794,s1000-p100-a04,shrink-only,shrink,1000,100.0,0.4,0.0,false,true,false,ok,52.425,1.607,1.607,0.9035704245150408,false,-870534348
28b,214250168904590,s250-p100-a04,shrink-only,shrink,250,100.0,0.4,0.0,false,false,false,ok,82.556,281.696,281.696,2.5876430710440745,false,1439246871
22a,213447010020211,s1000-p100-a16,shrink-only,shrink,1000,100.0,1.6,0.0,false,false,false,ok,76.388,446.283,446.283,0.9468759647077419,false,316133052
9d,8018724204057,s1000-p25-a04,shrink-only,shrink,1000,25.0,0.4,0.0,false,false,false,ok,19.442,1150.619,1150.619,0.9718349056623693,false,-1708131848
8a,7872695316091,s1000-p25-a04,shrink-only,shrink,1000,25.0,0.4,0.0,false,false,false,ok,12.467,71.284,71.284,0.7484827484827485,false,-1762716238
29c,214387607858094,s1000-p25-a04,shrink-only,shrink,1000,25.0,0.4,0.0,false,false,false,ok,890.734,62.451,62.451,0.9566929133858268,false,1216159973
27a,214112729951214,s1000-p100-a16,shrink-only,shrink,1000,100.0,1.6,0.0,false,false,false,ok,71.448,17.302,17.302,0.9834593304155061,false,704699266
21c,213322455968598,s1000-p100-a16,shrink-only,shrink,1000,100.0,1.6,0.0,false,false,false,ok,33.722,42.216,42.216,1.0101092275114552,false,405046416
11d,209199287342870,s1000-p100-a16,shrink-only,shrink,1000,100.0,1.6,0.0,false,false,false,ok,13.912,204.769,204.769,0.9183454721584386,false,2003817464
27a,214112729951214,s250-p100-a04,shrink-only,shrink,250,100.0,0.4,0.0,false,false,false,ok,58.856,16.856,16.856,0.9581083385437391,false,-1953543145
5b,7477558325151,s1000-p400-a04,shrink-only,shrink,1000,400.0,0.4,0.0,false,false,false,ok,8.357,306.909,306.909,1.1684137791880733,false,1589551454
13b,209456985380818,s250-p100-a04,shrink-only,shrink,250,100.0,0.4,0.0,false,false,false,ok,8.837,695.819,695.819,2.066535395654395,false,876197618
21c,213322455968598,s1000-p25-a04,shrink-only,shrink,1000,25.0,0.4,0.0,false,false,false,ok,28.117,41.359,41.359,0.9896036465000538,false,405046416
26c,213988175899596,s1000-p100-a0,shrink-only,shrink,1000,100.0,0.0,0.0,false,false,false,ok,139.413,332.462,332.462,0.9651532591798017,false,628672308
7c,7748141264479,s250-p100-a04,shrink-only,shrink,250,100.0,0.4,0.0,false,false,false,ok,43.98,1317.083,1317.083,0.8824570289939552,false,-399731567
9a,8005839302171,s1000-p400-a04,shrink-only,shrink,1000,400.0,0.4,0.0,false,false,false,ok,121.416,462.51,462.51,0.9423891748822548,false,1702002598
27b,214117024918510,s1000-p400-a04,shrink-only,shrink,1000,400.0,0.4,0.0,false,false,false,ok,68.633,5.772,5.772,0.9892878567143714,false,-1505844372
8a,7872695316090,s4000-p100-a04,shrink-only,shrink,4000,100.0,0.4,0.0,false,false,false,ok,243.097,70.1,70.1,0.736050736050736,false,-1762716238
32a,217574473591985,s1000-p100-a16,shrink-only,shrink,1000,100.0,1.6,0.0,false,false,false,ok,32.312,0.161,0.161,0.8151898734177215,false,1765267761
28b,214250168904591,s1000-p100-a04,shrink-only,shrink,1000,100.0,0.4,0.0,false,true,false,ok,147.397,94.418,94.418,0.8673182561408023,false,-2038163606
13c,209461280348114,s4000-p100-a04,shrink-only,shrink,4000,100.0,0.4,0.0,false,false,false,ok,71.998,465.198,465.198,0.9888204566831222,false,876197618
17a,209985266358184,s250-p100-a04,shrink-only,shrink,250,100.0,0.4,0.0,false,false,false,ok,18.05,1661.527,1661.527,0.8636645865068311,false,-1125412742
33a,217707617578834,s1000-p100-a16,shrink-only,shrink,1000,100.0,1.6,0.0,false,false,false,ok,94.72,4.253,4.253,0.9233608336951803,false,14380942
15c,209727568320492,s1000-p400-a04,shrink-only,shrink,1000,400.0,0.4,0.0,false,false,false,ok,54.586,649.596,649.596,1.1456759988571388,false,-1622553236
29a,214379017923497,s4000-p100-a04,shrink-only,shrink,4000,100.0,0.4,0.0,false,false,false,ok,925.473,25.532,25.532,0.998318670576735,false,-858518681
28b,214250168904591,s1000-p400-a04,shrink-only,shrink,1000,400.0,0.4,0.0,false,false,false,ok,101.946,223.381,223.381,2.0519648729584246,false,513417771
5b,7477558325150,s1000-p25-a04,shrink-only,shrink,1000,25.0,0.4,0.0,false,false,false,ok,8.028,210.151,210.151,0.80005253710433,false,-1512145598
4c,7348709306364,s1000-p100-a0,shrink-only,shrink,1000,100.0,0.0,0.0,false,false,false,ok,8.66,1488.518,1488.518,1.0230937334290546,false,-430037632
17e,210002446227372,s1000-p25-a04,shrink-only,shrink,1000,25.0,0.4,0.0,false,false,false,ok,68.705,3861.405,3861.405,0.9378876714953951,false,-1125412742
15c,209727568320492,s4000-p100-a04,shrink-only,shrink,4000,100.0,0.4,0.0,false,false,false,ok,130.295,570.976,570.976,1.0070158977633077,false,592161665
16d,209865007273868,s1000-p25-a04,shrink-only,shrink,1000,25.0,0.4,0.0,false,false,false,ok,77.15,271.353,271.353,0.9045265829873548,false,719404660
11b,209190697408273,s1000-p25-a04,shrink-only,shrink,1000,25.0,0.4,0.0,false,false,false,ok,11.08,1.876,1.876,0.9534942820838627,false,-1446711126
8b,7876990283385,s1000-p400-a04,shrink-only,shrink,1000,400.0,0.4,0.0,false,false,false,ok,47.262,145.031,145.031,0.7133981977018732,false,-1718178947
19b,210255849297513,s4000-p100-a04,shrink-only,shrink,4000,100.0,0.4,0.0,false,false,false,ok,114.23,147.727,147.727,0.9556947899246646,false,910037442
18a,210118410344009,s1000-p100-a16,shrink-only,shrink,1000,100.0,1.6,0.0,false,false,false,ok,79.553,1212.157,1212.157,1.237636216795162,false,-574815707
6a,7606407344056,s1000-p100-a04,shrink-only,shrink,1000,100.0,0.4,0.0,false,true,false,ok,38.924,3.697,3.697,0.9415509996179804,false,-224470636
17a,209985266358184,s4000-p100-a04,shrink-only,shrink,4000,100.0,0.4,0.0,false,false,false,ok,219.667,1639.82,1639.82,0.8523812506481278,false,-1125412742
19a,210251554330218,s1000-p400-a04,shrink-only,shrink,1000,400.0,0.4,0.0,false,false,false,ok,47.833,723.188,723.188,1.2753727467438394,false,-1819667816
4a,7340119371774,s1000-p100-a04,shrink-only,shrink,1000,100.0,0.4,0.0,false,true,false,ok,9.078,705.285,705.285,0.9314142068449109,false,-1509295857
29b,214383312890792,s1000-p400-a04,shrink-only,shrink,1000,400.0,0.4,0.0,false,false,false,ok,746.085,2.448,2.448,0.912751677852349,false,-665152500
6b,7610702311359,s1000-p400-a04,shrink-only,shrink,1000,400.0,0.4,0.0,false,false,false,ok,35.193,4.111,4.111,0.9851425832734243,false,1482096114
23a,213580154006291,s1000-p400-a04,shrink-only,shrink,1000,400.0,0.4,0.0,false,false,false,ok,22.777,350.306,350.306,0.9262368010872454,false,1835492322
6f,7627882180515,s1000-p100-a0,shrink-only,shrink,1000,100.0,0.0,0.0,false,false,false,ok,51.889,1604.186,1604.186,0.9097699609394384,false,1250717231
18a,210118410344009,s1000-p400-a04,shrink-only,shrink,1000,400.0,0.4,0.0,false,false,false,ok,15.728,892.253,892.253,0.9110079200500708,false,-574815707
14b,209590129366988,s1000-p400-a04,shrink-only,shrink,1000,400.0,0.4,0.0,false,false,false,ok,19.782,37.13,37.13,1.0047218952523982,false,1297441228
2d,7086716301089,s1000-p100-a16,shrink-only,shrink,1000,100.0,1.6,0.0,false,false,false,ok,12.982,150.732,150.732,1.0423850127590712,false,321836810
16d,209865007273868,s4000-p100-a04,shrink-only,shrink,4000,100.0,0.4,0.0,false,false,false,ok,267.027,267.972,267.972,0.8932563763668999,false,719404660
16c,209860712306573,s1000-p400-a04,shrink-only,shrink,1000,400.0,0.4,0.0,false,false,false,ok,62.099,336.119,336.119,0.8337422019372683,false,719404660
6b,7610702311359,s1000-p25-a04,shrink-only,shrink,1000,25.0,0.4,0.0,false,false,false,ok,9.081,3.683,3.683,0.8825784807093218,false,1482096114
31c,217449919540374,s250-p100-a04,shrink-only,shrink,250,100.0,0.4,0.0,false,false,false,ok,51.543,307.094,307.094,1.3554912593161499,false,1982821986
16d,209865007273868,s1000-p100-a16,shrink-only,shrink,1000,100.0,1.6,0.0,false,false,false,ok,28.525,269.386,269.386,0.8979697961129288,false,719404660
9c,8014429236761,s1000-p25-a04,shrink-only,shrink,1000,25.0,0.4,0.0,false,false,false,ok,108.864,623.533,623.533,0.9374441378263122,false,659609918
4a,7340119371774,s250-p100-a04,shrink-only,shrink,250,100.0,0.4,0.0,false,false,false,ok,2.975,783.665,783.665,1.0349244835876519,false,-1509295857
15b,209723273353197,s4000-p100-a04,shrink-only,shrink,4000,100.0,0.4,0.0,false,false,false,ok,94.794,6.0,6.0,0.6916027894645842,false,-347771581
3c,7215565320131,s1000-p25-a04,shrink-only,shrink,1000,25.0,0.4,0.0,false,false,false,ok,13.338,1291.105,1291.105,0.984170699710566,false,-1572305105
30a,217308185619703,s1000-p100-a0,shrink-only,shrink,1000,100.0,0.0,0.0,false,false,false,ok,106.334,748.013,748.013,0.9513969265834507,false,1041678136
15b,209723273353197,s1000-p25-a04,shrink-only,shrink,1000,25.0,0.4,0.0,false,false,false,ok,27.258,5.69,5.69,0.6558699786755807,false,-347771581
32a,217574473591985,s250-p100-a04,shrink-only,shrink,250,100.0,0.4,0.0,false,false,false,ok,4.583,0.156,0.156,0.789873417721519,false,1765267761
21c,213322455968599,s1000-p100-a04,shrink-only,shrink,1000,100.0,0.4,0.0,false,true,false,ok,39.41,41.224,41.224,0.9863734791295296,false,405046416
30b,217312480586998,s1000-p100-a16,shrink-only,shrink,1000,100.0,1.6,0.0,false,false,false,ok,89.009,32.062,32.062,0.9088383695220815,false,-1031970200
25c,213855031913427,s250-p100-a04,shrink-only,shrink,250,100.0,0.4,0.0,false,false,false,ok,21.723,715.873,715.873,0.80614740137441,false,35421457
11d,209199287342871,s1000-p100-a0,shrink-only,shrink,1000,100.0,0.0,0.0,false,false,false,ok,14.598,1192.332,1192.332,5.34735576923077,false,198126114
11d,209199287342871,s1000-p25-a04,shrink-only,shrink,1000,25.0,0.4,0.0,false,false,false,ok,13.903,1291.183,1291.183,5.7906815083237655,false,198126114
29b,214383312890792,s1000-p100-a0,shrink-only,shrink,1000,100.0,0.0,0.0,false,false,false,ok,654.263,2.59,2.59,0.9656972408650261,false,-665152500
17e,210002446227372,s4000-p100-a04,shrink-only,shrink,4000,100.0,0.4,0.0,false,false,false,ok,194.247,4058.78,4058.78,0.9858276257766485,false,-1125412742
28b,214250168904591,s250-p100-a04,shrink-only,shrink,250,100.0,0.4,0.0,false,false,false,ok,85.35,337.222,337.222,3.097701677352979,false,1439246871
18a,210118410344009,s1000-p100-a04,shrink-only,shrink,1000,100.0,0.4,0.0,false,true,false,ok,21.129,923.994,923.994,0.9434161074031078,false,-1701613315
24a,213713297992460,s4000-p100-a04,shrink-only,shrink,4000,100.0,0.4,0.0,false,false,false,ok,605.145,139.838,139.838,0.993114713349786,false,2055842777
3b,7211270352860,s1000-p100-a04,shrink-only,shrink,1000,100.0,0.4,0.0,false,true,false,ok,10.939,6.988,6.988,0.9633305762338021,false,129508754
9d,8018724204056,s4000-p100-a04,shrink-only,shrink,4000,100.0,0.4,0.0,false,false,false,ok,409.2,1103.815,1103.815,0.9323033483661475,false,-1708131848
19a,210251554330218,s250-p100-a04,shrink-only,shrink,250,100.0,0.4,0.0,false,false,false,ok,18.985,670.434,670.434,1.182338827649877,false,-1819667816
7c,7748141264479,s1000-p25-a04,shrink-only,shrink,1000,25.0,0.4,0.0,false,false,false,ok,107.214,1355.12,1355.12,0.907942148771405,false,-1004347469
11d,209199287342871,s4000-p100-a04,shrink-only,shrink,4000,100.0,0.4,0.0,false,false,false,ok,56.062,205.201,205.201,0.9202829004018369,false,2003817464
22d,213459894922103,s1000-p100-a0,shrink-only,shrink,1000,100.0,0.0,0.0,false,false,false,ok,49.044,5168.327,5168.327,8.55584829229087,false,1311334790
11b,209190697408273,s1000-p100-a0,shrink-only,shrink,1000,100.0,0.0,0.0,false,false,false,ok,11.289,2.109,2.109,1.0719186785260482,false,-1446711126
22d,213459894922103,s1000-p0-a04,shrink-only,shrink,1000,0.0,0.4,0.0,false,false,false,ok,42.978,6845.698,6845.698,11.332633082782692,true,1311334790
3c,7215565320131,s1000-p0-a04,shrink-only,shrink,1000,0.0,0.4,0.0,false,false,false,ok,46.8,1172.813,1172.813,0.8940002485000431,false,-1572305105
29c,214387607858095,s250-p100-a04,shrink-only,shrink,250,100.0,0.4,0.0,false,false,false,ok,942.747,71.236,71.236,1.091271178651307,false,1982492668
17e,210002446227372,s1000-p100-a16,shrink-only,shrink,1000,100.0,1.6,0.0,false,false,false,ok,44.419,6031.386,6031.386,1.464949305092298,false,-1125412742
31b,217445624573079,s1000-p100-a04,shrink-only,shrink,1000,100.0,0.4,0.0,false,true,false,ok,169.953,9.282,9.282,1.1423297027875208,false,-536655723
19c,210260144264808,s1000-p100-a04,shrink-only,shrink,1000,100.0,0.4,0.0,false,true,false,ok,112.162,931.931,931.931,1.2313122638268637,false,1055693188
4b,7344414339069,s250-p100-a04,shrink-only,shrink,250,100.0,0.4,0.0,false,false,false,ok,3.706,38.747,38.747,1.777181515881206,false,261415237
29a,214379017923497,s1000-p400-a04,shrink-only,shrink,1000,400.0,0.4,0.0,false,false,false,ok,785.297,24.88,24.88,0.9728250244379275,false,304812620
26c,213988175899596,s1000-p100-a04,shrink-only,shrink,1000,100.0,0.4,0.0,false,true,false,ok,57.886,289.39,289.39,0.8401131608245237,false,-321495561
5a,7473263357855,s1000-p0-a04,shrink-only,shrink,1000,0.0,0.4,0.0,false,false,false,ok,33.854,156.284,156.284,1.0217411912381462,false,414652499
30a,217308185619703,s1000-p400-a04,shrink-only,shrink,1000,400.0,0.4,0.0,false,false,false,ok,166.857,1067.161,1067.161,1.3573209229916081,false,-824386529
21b,213318161001296,s1000-p100-a0,shrink-only,shrink,1000,100.0,0.0,0.0,false,false,false,ok,53.859,16.465,16.465,1.2683434117783,false,405046416
28c,214254463871886,s1000-p0-a04,shrink-only,shrink,1000,0.0,0.4,0.0,false,false,false,ok,160.1,1125.41,1125.41,2.2418012336370783,false,-1040088321
6f,7627882180515,s1000-p100-a04,shrink-only,shrink,1000,100.0,0.4,0.0,false,true,false,ok,33.618,1655.167,1655.167,0.9386824326719267,false,1250717231
16c,209860712306573,s1000-p100-a16,shrink-only,shrink,1000,100.0,1.6,0.0,false,false,false,ok,45.894,391.472,391.472,0.9710451574495529,false,719404660
19c,210260144264808,s250-p100-a04,shrink-only,shrink,250,100.0,0.4,0.0,false,false,false,ok,30.034,728.076,728.076,0.9619691884892847,false,1055693188
27c,214121319885805,s4000-p100-a04,shrink-only,shrink,4000,100.0,0.4,0.0,false,false,false,ok,332.434,30.129,30.129,1.1500276733400767,false,-1273730499
29b,214383312890792,s250-p100-a04,shrink-only,shrink,250,100.0,0.4,0.0,false,false,false,ok,706.117,2.422,2.422,0.9030574198359435,false,256639789
13d,209465575315409,s250-p100-a04,shrink-only,shrink,250,100.0,0.4,0.0,false,false,false,ok,17.586,4713.005,4713.005,1.5302468571610395,false,-2119720580
3b,7211270352860,s1000-p100-a16,shrink-only,shrink,1000,100.0,1.6,0.0,false,false,false,ok,8.401,6.096,6.096,0.8403639371381307,false,129508754
22d,213459894922103,s1000-p400-a04,shrink-only,shrink,1000,400.0,0.4,0.0,false,false,false,ok,87.393,605.155,605.155,1.0017969786589125,false,-438265046
6a,7606407344056,s250-p100-a04,shrink-only,shrink,250,100.0,0.4,0.0,false,false,false,ok,13.834,3.89,3.89,0.9907041894817268,false,-224470636
23a,213580154006291,s1000-p100-a0,shrink-only,shrink,1000,100.0,0.0,0.0,false,false,false,ok,56.038,396.399,396.399,1.048110342712323,false,-1576721678
4b,7344414339069,s1000-p100-a16,shrink-only,shrink,1000,100.0,1.6,0.0,false,false,false,ok,8.993,20.86,20.86,0.9567710124985666,false,261415237
21c,213322455968599,s1000-p100-a16,shrink-only,shrink,1000,100.0,1.6,0.0,false,false,false,ok,42.438,51.237,51.237,1.2259561893595894,false,405046416
12b,209323841394482,s1000-p400-a04,shrink-only,shrink,1000,400.0,0.4,0.0,false,false,false,ok,27.885,1.324,1.324,0.9858525688756516,false,466548996
14b,209590129366988,s4000-p100-a04,shrink-only,shrink,4000,100.0,0.4,0.0,false,false,false,ok,76.86,36.77,36.77,0.9949804494594852,false,1297441228
13a,209452690413356,s4000-p100-a04,shrink-only,shrink,4000,100.0,0.4,0.0,false,false,false,ok,133.724,729.537,729.537,0.9563910424985776,false,1188104532
25c,213855031913427,s1000-p100-a0,shrink-only,shrink,1000,100.0,0.0,0.0,false,false,false,ok,147.435,892.896,892.896,1.0054936980408606,false,35421457
15b,209723273353197,s1000-p0-a04,shrink-only,shrink,1000,0.0,0.4,0.0,false,false,false,ok,32.15,10.851,10.851,1.2507636447467005,false,-1478206114
13a,209452690413356,s250-p100-a04,shrink-only,shrink,250,100.0,0.4,0.0,false,false,false,ok,12.599,712.127,712.127,0.933567295313856,false,-1062568155
4c,7348709306364,s250-p100-a04,shrink-only,shrink,250,100.0,0.4,0.0,false,false,false,ok,3.265,1421.52,1421.52,0.9770444186392571,false,1192923874
28c,214254463871886,s1000-p100-a0,shrink-only,shrink,1000,100.0,0.0,0.0,false,false,false,ok,114.32,1180.432,1180.432,2.3514043004990923,false,-1040088321
4a,7340119371774,s1000-p0-a04,shrink-only,shrink,1000,0.0,0.4,0.0,false,false,false,ok,10.925,736.478,736.478,0.9726083387974029,false,1427000343
9c,8014429236761,s1000-p0-a04,shrink-only,shrink,1000,0.0,0.4,0.0,false,false,false,ok,34.077,630.747,630.747,0.9482899503338763,false,-294239528
31a,217441329605776,s1000-p0-a04,shrink-only,shrink,1000,0.0,0.4,0.0,false,false,false,ok,104.676,183.045,183.045,0.9003467696318338,false,2133672151
27b,214117024918510,s1000-p100-a04,shrink-only,shrink,1000,100.0,0.4,0.0,false,true,false,ok,71.095,5.637,5.637,0.9661496272174136,false,1728540501
6f,7627882180515,s1000-p25-a04,shrink-only,shrink,1000,25.0,0.4,0.0,false,false,false,ok,10.093,1627.924,1627.924,0.9232323146395582,false,1250717231
6a,7606407344056,s1000-p100-a16,shrink-only,shrink,1000,100.0,1.6,0.0,false,false,false,ok,19.728,3.759,3.759,0.9573411435120336,false,-224470636
17a,209985266358184,s1000-p100-a0,shrink-only,shrink,1000,100.0,0.0,0.0,false,false,false,ok,56.841,1645.211,1645.211,0.855183501701441,false,-1125412742
27b,214117024918510,s1000-p25-a04,shrink-only,shrink,1000,25.0,0.4,0.0,false,false,false,ok,67.484,5.978,5.978,1.0245950809838031,false,1728540501
11a,209186402440978,s250-p100-a04,shrink-only,shrink,250,100.0,0.4,0.0,false,false,false,ok,7.986,143.37,143.37,9.616661635979476,false,-1055439248
25c,213855031913427,s1000-p25-a04,shrink-only,shrink,1000,25.0,0.4,0.0,false,false,false,ok,37.899,976.116,976.116,1.0992080674085816,false,35421457
22d,213459894922103,s1000-p100-a04,shrink-only,shrink,1000,100.0,0.4,0.0,false,true,false,ok,42.351,536.434,536.434,0.8880335789176576,false,-438265046
8a,7872695316090,s1000-p25-a04,shrink-only,shrink,1000,25.0,0.4,0.0,false,false,false,ok,62.415,70.083,70.083,0.7358722358722358,false,-1762716238
13d,209465575315409,s1000-p400-a04,shrink-only,shrink,1000,400.0,0.4,0.0,false,false,false,ok,27.277,2732.449,2732.449,0.8871880031111414,false,-2119720580
22d,213459894922103,s1000-p25-a04,shrink-only,shrink,1000,25.0,0.4,0.0,false,false,false,ok,45.375,5081.438,5081.438,8.412008883083816,false,1311334790
13d,209465575315409,s1000-p100-a0,shrink-only,shrink,1000,100.0,0.0,0.0,false,false,false,ok,16.565,2937.096,2937.096,0.9536340239783875,false,-2119720580
19d,210264439232111,s1000-p100-a04,shrink-only,shrink,1000,100.0,0.4,0.0,false,true,false,ok,88.837,5835.265,5835.265,1.004837811733114,false,723032794
2b,7078126366499,s1000-p100-a04,shrink-only,shrink,1000,100.0,0.4,0.0,false,true,false,ok,28.45,132.123,132.123,0.9771291013234428,false,321836810
4b,7344414339069,s1000-p0-a04,shrink-only,shrink,1000,0.0,0.4,0.0,false,false,false,ok,8.161,31.77,31.77,1.4571723426212588,false,611794456
13b,209456985380819,s4000-p100-a04,shrink-only,shrink,4000,100.0,0.4,0.0,false,false,false,ok,98.257,327.074,327.074,0.9713876712166032,false,-2119720580
32a,217574473591985,s1000-p100-a0,shrink-only,shrink,1000,100.0,0.0,0.0,false,false,false,ok,48.022,0.193,0.193,0.9772151898734177,false,957982218
21b,213318161001296,s4000-p100-a04,shrink-only,shrink,4000,100.0,0.4,0.0,false,false,false,ok,100.759,12.93,12.93,0.9960328159303624,false,405046416
8b,7876990283385,s1000-p100-a16,shrink-only,shrink,1000,100.0,1.6,0.0,false,false,false,ok,73.217,197.471,197.471,0.971347198174091,false,-1718178947
33b,217711912546129,s1000-p100-a04,shrink-only,shrink,1000,100.0,0.4,0.0,false,true,false,ok,112.038,3.858,3.858,0.966796140834482,false,-1992524807
1c,6949277347585,s1000-p100-a0,shrink-only,shrink,1000,100.0,0.0,0.0,false,false,false,ok,10.212,1.033,1.033,0.9560388708931049,false,686382736
25c,213855031913427,s1000-p0-a04,shrink-only,shrink,1000,0.0,0.4,0.0,false,false,false,ok,39.264,929.836,929.836,1.04709197735405,false,35421457
19a,210251554330218,s1000-p100-a04,shrink-only,shrink,1000,100.0,0.4,0.0,false,true,false,ok,81.561,621.983,621.983,1.0968934317742736,false,-1917738233
24b,213717592959795,s1000-p25-a04,shrink-only,shrink,1000,25.0,0.4,0.0,false,false,false,ok,208.254,2.634,2.634,1.4810233342704526,false,644596804
13b,209456985380819,s1000-p100-a0,shrink-only,shrink,1000,100.0,0.0,0.0,false,false,false,ok,24.25,342.926,342.926,1.0184670396901767,false,-2119720580
19c,210260144264808,s4000-p100-a04,shrink-only,shrink,4000,100.0,0.4,0.0,false,false,false,ok,356.688,766.162,766.162,1.012290251829929,false,-649799299
30a,217308185619703,s4000-p100-a04,shrink-only,shrink,4000,100.0,0.4,0.0,false,false,false,ok,549.798,719.2,719.2,0.9147497030116023,false,1041678136
2d,7086716301089,s1000-p100-a0,shrink-only,shrink,1000,100.0,0.0,0.0,false,false,false,ok,17.971,136.265,136.265,0.9423386790038932,false,321836810
8c,7881285250680,s250-p100-a04,shrink-only,shrink,250,100.0,0.4,0.0,false,false,false,ok,30.384,5173.562,5173.562,1.122516541922404,false,233035150
15d,209731863287699,s1000-p400-a04,shrink-only,shrink,1000,400.0,0.4,0.0,false,false,false,ok,74.13,546.023,546.023,1.0830953004371873,false,-704972777
27c,214121319885805,s1000-p0-a04,shrink-only,shrink,1000,0.0,0.4,0.0,false,false,false,ok,98.805,25.766,25.766,0.983491421264576,false,-1273730499
30c,217316775554293,s4000-p100-a04,shrink-only,shrink,4000,100.0,0.4,0.0,false,false,false,ok,506.968,1215.533,1215.533,1.5216892733520695,false,-1451103391
16d,209865007273868,s1000-p100-a0,shrink-only,shrink,1000,100.0,0.0,0.0,false,false,false,ok,112.173,278.141,278.141,0.9271536644838488,false,719404660
30b,217312480586998,s1000-p100-a0,shrink-only,shrink,1000,100.0,0.0,0.0,false,false,false,ok,106.812,32.751,32.751,0.9283689551561878,false,1910947129
10a,209053258454897,s1000-p100-a16,shrink-only,shrink,1000,100.0,1.6,0.0,false,false,false,ok,161.988,407.527,407.527,1.2910703452077534,false,1718403736
6b,7610702311359,s4000-p100-a04,shrink-only,shrink,4000,100.0,0.4,0.0,false,false,false,ok,171.631,3.308,3.308,0.7927150730889048,false,1482096114
29c,214387607858095,s1000-p100-a16,shrink-only,shrink,1000,100.0,1.6,0.0,false,false,false,ok,1037.065,66.529,66.529,1.019164190079353,false,2081534655
9b,8010134269466,s1000-p25-a04,shrink-only,shrink,1000,25.0,0.4,0.0,false,false,false,ok,122.227,515.261,515.261,1.0356161960684607,false,-4751552
11c,209194992375568,s1000-p0-a04,shrink-only,shrink,1000,0.0,0.4,0.0,false,false,false,ok,16.391,391.195,391.195,0.7773658842898348,false,869093453
23c,213588743940881,s250-p100-a04,shrink-only,shrink,250,100.0,0.4,0.0,false,false,false,ok,18.26,1080.364,1080.364,1.165494013752511,false,1835492322
9d,8018724204056,s250-p100-a04,shrink-only,shrink,250,100.0,0.4,0.0,false,false,false,ok,40.67,1293.229,1293.229,1.092286050564818,false,969253244
19b,210255849297513,s1000-p400-a04,shrink-only,shrink,1000,400.0,0.4,0.0,false,false,false,ok,47.43,152.419,152.419,0.9860488887307497,false,-1834056489
13b,209456985380819,s1000-p25-a04,shrink-only,shrink,1000,25.0,0.4,0.0,false,false,false,ok,14.206,390.729,390.729,1.1604387184147689,false,-2119720580
31b,217445624573079,s1000-p100-a16,shrink-only,shrink,1000,100.0,1.6,0.0,false,false,false,ok,54.333,7.568,7.568,0.9313888376099931,false,-536655723
8c,7881285250680,s1000-p0-a04,shrink-only,shrink,1000,0.0,0.4,0.0,false,false,false,ok,97.913,4356.162,4356.162,0.9451638743855361,false,-388506810
21c,213322455968599,s1000-p25-a04,shrink-only,shrink,1000,25.0,0.4,0.0,false,false,false,ok,40.972,42.298,42.298,1.0120712550994773,false,405046416
18b,210122705311304,s250-p100-a04,shrink-only,shrink,250,100.0,0.4,0.0,false,false,false,ok,20.615,687.557,687.557,1.0564269608539831,false,-1852800932
19a,210251554330218,s1000-p0-a04,shrink-only,shrink,1000,0.0,0.4,0.0,false,false,false,ok,25.104,524.48,524.48,0.9249427510027944,false,-637633703
19c,210260144264808,s1000-p100-a0,shrink-only,shrink,1000,100.0,0.0,0.0,false,false,false,ok,25.568,753.436,753.436,0.9954760457680417,false,-649799299
24a,213713297992460,s1000-p100-a04,shrink-only,shrink,1000,100.0,0.4,0.0,false,true,false,ok,183.647,124.933,124.933,0.8872609768655789,false,941138625
15d,209731863287699,s1000-p25-a04,shrink-only,shrink,1000,25.0,0.4,0.0,false,false,false,ok,31.802,469.085,469.085,0.9304805090730206,false,-704972777
6a,7606407344056,s4000-p100-a04,shrink-only,shrink,4000,100.0,0.4,0.0,false,false,false,ok,181.236,3.981,3.981,1.0138800458423531,false,-224470636
31a,217441329605776,s1000-p400-a04,shrink-only,shrink,1000,400.0,0.4,0.0,false,false,false,ok,67.072,281.922,281.922,1.3866948673175772,false,619611693
4c,7348709306364,s1000-p100-a04,shrink-only,shrink,1000,100.0,0.4,0.0,false,true,false,ok,9.019,1425.984,1425.984,0.9801126317384787,false,-430037632
23b,213584448973586,s1000-p100-a0,shrink-only,shrink,1000,100.0,0.0,0.0,false,false,false,ok,64.148,104.294,104.294,2.10215064600004,false,-439854755
1c,6949277347585,s4000-p100-a04,shrink-only,shrink,4000,100.0,0.4,0.0,false,false,false,ok,28.638,1.099,1.099,1.017121702915317,false,686382736
19b,210255849297513,s1000-p100-a04,shrink-only,shrink,1000,100.0,0.4,0.0,false,true,false,ok,14.913,149.294,149.294,0.9658322308515903,false,825922194
4a,7340119371774,s1000-p25-a04,shrink-only,shrink,1000,25.0,0.4,0.0,false,false,false,ok,7.976,800.274,800.274,1.0568586783620866,false,1427000343
28c,214254463871886,s1000-p100-a16,shrink-only,shrink,1000,100.0,1.6,0.0,false,false,false,ok,126.742,557.966,557.966,1.1114605940302165,false,-676166940
10a,209053258454897,s1000-p25-a04,shrink-only,shrink,1000,25.0,0.4,0.0,false,false,false,ok,11.992,289.32,289.32,0.9165833730660967,false,1718403736
3b,7211270352860,s1000-p100-a0,shrink-only,shrink,1000,100.0,0.0,0.0,false,false,false,ok,8.058,6.355,6.355,0.8760683760683762,false,129508754
17e,210002446227372,s1000-p0-a04,shrink-only,shrink,1000,0.0,0.4,0.0,false,false,false,ok,13.966,4000.296,4000.296,0.9716225831613992,false,-1125412742
12b,209323841394482,s1000-p100-a0,shrink-only,shrink,1000,100.0,0.0,0.0,false,false,false,ok,15.42,1.412,1.412,1.0513775130305287,false,466548996
18a,210118410344009,s4000-p100-a04,shrink-only,shrink,4000,100.0,0.4,0.0,false,false,false,ok,240.817,1245.414,1245.414,1.2715922700638036,false,-1701613315
13d,209465575315409,s1000-p25-a04,shrink-only,shrink,1000,25.0,0.4,0.0,false,false,false,ok,16.351,3046.036,3046.036,0.9890053194934832,false,-2119720580
9a,8005839302171,s1000-p100-a16,shrink-only,shrink,1000,100.0,1.6,0.0,false,false,false,ok,139.137,634.088,634.088,1.291988642673108,false,1702002598
13d,209465575315409,s1000-p0-a04,shrink-only,shrink,1000,0.0,0.4,0.0,false,false,false,ok,16.624,3000.716,3000.716,0.9742905488606198,false,-2119720580
28c,214254463871886,s1000-p100-a04,shrink-only,shrink,1000,100.0,0.4,0.0,false,true,false,ok,116.626,467.146,467.146,0.9305484037716268,false,-1613403286
23a,213580154006291,s1000-p100-a04,shrink-only,shrink,1000,100.0,0.4,0.0,false,true,false,ok,23.536,402.242,402.242,1.0635596973586972,false,1835492322
8a,7872695316090,s1000-p100-a0,shrink-only,shrink,1000,100.0,0.0,0.0,false,false,false,ok,11.979,70.184,70.184,0.7369327369327369,false,-1762716238
26c,213988175899596,s1000-p25-a04,shrink-only,shrink,1000,25.0,0.4,0.0,false,false,false,ok,36.877,302.592,302.592,0.8784392050873018,false,628672308
6b,7610702311359,s1000-p100-a16,shrink-only,shrink,1000,100.0,1.6,0.0,false,false,false,ok,53.072,4.012,4.012,0.9614186436616342,false,1482096114
8d,7885580217983,s1000-p400-a04,shrink-only,shrink,1000,400.0,0.4,0.0,false,false,false,ok,108.215,540.698,540.698,0.8926452658836387,false,1142152349
15c,209727568320492,s1000-p100-a04,shrink-only,shrink,1000,100.0,0.4,0.0,false,true,false,ok,67.1,1035.885,1035.885,1.8269641162755423,false,592161665
19d,210264439232111,s250-p100-a04,shrink-only,shrink,250,100.0,0.4,0.0,false,false,false,ok,29.715,3070.49,3070.49,0.5287411030258967,false,-1246359705
28b,214250168904591,s4000-p100-a04,shrink-only,shrink,4000,100.0,0.4,0.0,false,false,false,ok,215.525,146.587,146.587,1.3465396557109,false,1300118193
27a,214112729951215,s1000-p100-a16,shrink-only,shrink,1000,100.0,1.6,0.0,false,false,false,ok,89.874,17.736,17.736,1.0081282328198715,false,55735656
29c,214387607858095,s1000-p0-a04,shrink-only,shrink,1000,0.0,0.4,0.0,false,false,false,ok,1075.503,94.438,94.438,1.4467048622813201,false,254816621
27b,214117024918510,s4000-p100-a04,shrink-only,shrink,4000,100.0,0.4,0.0,false,false,false,ok,189.139,6.37,6.37,1.0917816436712657,false,1728540501
28b,214250168904591,s1000-p100-a16,shrink-only,shrink,1000,100.0,1.6,0.0,false,false,false,ok,195.554,71.971,71.971,0.66112141977917,false,759785349
11b,209190697408273,s250-p100-a04,shrink-only,shrink,250,100.0,0.4,0.0,false,false,false,ok,5.842,1.898,1.898,0.9646759847522236,false,898037380
9a,8005839302171,s250-p100-a04,shrink-only,shrink,250,100.0,0.4,0.0,false,false,false,ok,37.386,473.121,473.121,0.9640096620818303,false,1576652456
23c,213588743940881,s1000-p25-a04,shrink-only,shrink,1000,25.0,0.4,0.0,false,false,false,ok,24.434,906.182,906.182,0.9775869025349585,false,-1576721678
22a,213447010020210,s1000-p400-a04,shrink-only,shrink,1000,400.0,0.4,0.0,false,false,false,ok,37.878,472.692,472.692,1.00290778163101,false,316133052
9b,8010134269466,s250-p100-a04,shrink-only,shrink,250,100.0,0.4,0.0,false,false,false,ok,38.331,449.69,449.69,0.9038259196989994,false,140277402
11c,209194992375568,s4000-p100-a04,shrink-only,shrink,4000,100.0,0.4,0.0,false,false,false,ok,45.145,351.226,351.226,0.6979412059857143,false,212006990
2d,7086716301089,s4000-p100-a04,shrink-only,shrink,4000,100.0,0.4,0.0,false,false,false,ok,57.934,135.12,135.12,0.9344204477085537,false,321836810
12b,209323841394482,s4000-p100-a04,shrink-only,shrink,4000,100.0,0.4,0.0,false,false,false,ok,73.116,1.328,1.328,0.988830975428146,false,-1300552445
33b,217711912546129,s4000-p100-a04,shrink-only,shrink,4000,100.0,0.4,0.0,false,false,false,ok,191.739,3.957,3.957,0.9916050620223029,false,1896864069
10a,209053258454897,s1000-p400-a04,shrink-only,shrink,1000,400.0,0.4,0.0,false,false,false,ok,12.364,297.528,297.528,0.9425868167482706,false,1718403736
13c,209461280348114,s1000-p0-a04,shrink-only,shrink,1000,0.0,0.4,0.0,false,false,false,ok,21.261,618.314,618.314,1.3142823740720468,false,876197618
29c,214387607858095,s1000-p25-a04,shrink-only,shrink,1000,25.0,0.4,0.0,false,false,false,ok,799.722,124.129,124.129,1.9015441649560345,false,1216159973
4a,7340119371774,s1000-p100-a0,shrink-only,shrink,1000,100.0,0.0,0.0,false,false,false,ok,11.096,723.995,723.995,0.9561230264144017,false,1427000343
17e,210002446227372,s1000-p100-a04,shrink-only,shrink,1000,100.0,0.4,0.0,false,true,false,ok,14.569,3933.208,3933.208,0.955327735015379,false,-1125412742
9c,8014429236761,s250-p100-a04,shrink-only,shrink,250,100.0,0.4,0.0,false,false,false,ok,41.436,665.267,665.267,1.0001886816564598,false,841077701
18b,210122705311304,s1000-p400-a04,shrink-only,shrink,1000,400.0,0.4,0.0,false,false,false,ok,71.943,715.955,715.955,1.1000603073755537,false,-2103027714
2d,7086716301089,s1000-p400-a04,shrink-only,shrink,1000,400.0,0.4,0.0,false,false,false,ok,8.903,132.429,132.429,0.9158108752930437,false,321836810
17a,209985266358184,s1000-p100-a16,shrink-only,shrink,1000,100.0,1.6,0.0,false,false,false,ok,14.432,1785.616,1785.616,0.9281662616978127,false,-1125412742
12b,209323841394482,s1000-p100-a04,shrink-only,shrink,1000,100.0,0.4,0.0,false,true,false,ok,13.262,1.233,1.233,0.9180938198064037,false,466548996
19a,210251554330218,s4000-p100-a04,shrink-only,shrink,4000,100.0,0.4,0.0,false,false,false,ok,243.066,467.541,467.541,0.8245284067011087,false,187704695
23b,213584448973586,s1000-p0-a04,shrink-only,shrink,1000,0.0,0.4,0.0,false,false,false,ok,25.295,43.218,43.218,0.8711023320500676,false,-439854755
31a,217441329605776,s1000-p100-a16,shrink-only,shrink,1000,100.0,1.6,0.0,false,false,false,ok,62.717,181.269,181.269,0.8916111261405277,false,619611693
16c,209860712306573,s1000-p100-a04,shrink-only,shrink,1000,100.0,0.4,0.0,false,true,false,ok,20.259,431.143,431.143,1.0694489575710973,false,719404660
16c,209860712306573,s4000-p100-a04,shrink-only,shrink,4000,100.0,0.4,0.0,false,false,false,ok,360.53,331.499,331.499,0.822282305373997,false,719404660
13a,209452690413356,s1000-p400-a04,shrink-only,shrink,1000,400.0,0.4,0.0,false,false,false,ok,25.348,638.528,638.528,0.8370822310376742,false,-1062568155
33a,217707617578834,s250-p100-a04,shrink-only,shrink,250,100.0,0.4,0.0,false,false,false,ok,76.122,4.644,4.644,1.00825010855406,false,14380942
15d,209731863287699,s1000-p100-a04,shrink-only,shrink,1000,100.0,0.4,0.0,false,true,false,ok,20.501,471.428,471.428,0.9351281013702761,false,-704972777
19d,210264439232111,s1000-p0-a04,shrink-only,shrink,1000,0.0,0.4,0.0,false,false,false,ok,28.151,5376.227,5376.227,0.9257910607419688,false,-1211980585
2b,7078126366499,s1000-p100-a16,shrink-only,shrink,1000,100.0,1.6,0.0,false,false,false,ok,9.169,163.318,163.318,1.2078349005846223,false,321836810
26c,213988175899596,s1000-p100-a16,shrink-only,shrink,1000,100.0,1.6,0.0,false,false,false,ok,35.672,278.493,278.493,0.8084786429990811,false,-321495561
23a,213580154006291,s1000-p25-a04,shrink-only,shrink,1000,25.0,0.4,0.0,false,false,false,ok,22.182,349.558,349.558,0.9242590298609082,false,-1576721678
1c,6949277347585,s1000-p100-a16,shrink-only,shrink,1000,100.0,1.6,0.0,false,false,false,ok,6.55,0.963,0.963,0.8912540490513651,false,686382736
6b,7610702311359,s1000-p100-a0,shrink-only,shrink,1000,100.0,0.0,0.0,false,false,false,ok,9.04,3.536,3.536,0.8473520249221184,false,1482096114
21b,213318161001296,s1000-p25-a04,shrink-only,shrink,1000,25.0,0.4,0.0,false,false,false,ok,23.523,12.401,12.401,0.9552825174286484,false,405046416
21b,213318161001296,s1000-p100-a04,shrink-only,shrink,1000,100.0,0.4,0.0,false,true,false,ok,22.65,12.164,12.164,0.9370257674382775,false,405046416
18a,210118410344009,s1000-p100-a0,shrink-only,shrink,1000,100.0,0.0,0.0,false,false,false,ok,65.984,965.755,965.755,0.9860549124832936,false,-1701613315
5b,7477558325150,s1000-p0-a04,shrink-only,shrink,1000,0.0,0.4,0.0,false,false,false,ok,7.743,226.369,226.369,0.8617950558016382,false,-1512145598
21a,213313866034001,s1000-p25-a04,shrink-only,shrink,1000,25.0,0.4,0.0,false,false,false,ok,32.863,28.265,28.265,0.9443701971266288,false,405046416
13d,209465575315409,s1000-p100-a16,shrink-only,shrink,1000,100.0,1.6,0.0,false,false,false,ok,16.033,2810.952,2810.952,0.912676830096836,false,-2119720580
28c,214254463871886,s250-p100-a04,shrink-only,shrink,250,100.0,0.4,0.0,false,false,false,ok,91.306,502.248,502.248,1.0004711047456085,false,-676166940
19c,210260144264808,s1000-p25-a04,shrink-only,shrink,1000,25.0,0.4,0.0,false,false,false,ok,24.101,650.874,650.874,0.8599661760431255,false,-649799299
23a,213580154006291,s1000-p0-a04,shrink-only,shrink,1000,0.0,0.4,0.0,false,false,false,ok,21.523,380.912,380.912,1.0071614884579334,false,-645930611
30c,217316775554293,s1000-p25-a04,shrink-only,shrink,1000,25.0,0.4,0.0,false,false,false,ok,131.839,846.125,846.125,1.059238487490689,false,-433732479
32b,217578768559280,s4000-p100-a04,shrink-only,shrink,4000,100.0,0.4,0.0,false,false,false,ok,60.311,136.351,136.351,0.9598600522340254,false,1520237401
2b,7078126366499,s1000-p0-a04,shrink-only,shrink,1000,0.0,0.4,0.0,false,false,false,ok,8.758,126.809,126.809,0.9378288731691261,false,321836810
13c,209461280348114,s1000-p400-a04,shrink-only,shrink,1000,400.0,0.4,0.0,false,false,false,ok,13.442,458.109,458.109,0.9737521455179267,false,876197618
8d,7885580217983,s1000-p100-a04,shrink-only,shrink,1000,100.0,0.4,0.0,false,true,false,ok,12.357,585.318,585.318,0.9663089964018354,false,-1012298996
31b,217445624573079,s4000-p100-a04,shrink-only,shrink,4000,100.0,0.4,0.0,false,false,false,ok,248.674,7.585,7.585,0.9334810165528274,false,-744571733
24a,213713297992460,s1000-p25-a04,shrink-only,shrink,1000,25.0,0.4,0.0,false,false,false,ok,60.092,112.538,112.538,0.7992329954015233,false,499733213
5b,7477558325150,s4000-p100-a04,shrink-only,shrink,4000,100.0,0.4,0.0,false,false,false,ok,22.752,343.286,343.286,1.306902347609086,false,1589551454
6b,7610702311359,s1000-p100-a04,shrink-only,shrink,1000,100.0,0.4,0.0,false,true,false,ok,9.268,3.698,3.698,0.8861730170141385,false,1482096114
16d,209865007273868,s250-p100-a04,shrink-only,shrink,250,100.0,0.4,0.0,false,false,false,ok,29.936,274.976,274.976,0.9166034710636362,false,719404660
15a,209718978385902,s4000-p100-a04,shrink-only,shrink,4000,100.0,0.4,0.0,false,false,false,ok,118.311,404.967,404.967,0.9043630699486926,false,-93948010
13b,209456985380819,s1000-p0-a04,shrink-only,shrink,1000,0.0,0.4,0.0,false,false,false,ok,13.444,320.949,320.949,0.9531968352400301,false,-1005059989
29a,214379017923497,s1000-p100-a16,shrink-only,shrink,1000,100.0,1.6,0.0,false,false,false,ok,684.152,24.822,24.822,0.970557184750733,false,-858518681
19d,210264439232111,s1000-p25-a04,shrink-only,shrink,1000,25.0,0.4,0.0,false,false,false,ok,26.392,5265.977,5265.977,0.9068059128963138,false,-1211980585
6a,7606407344056,s1000-p0-a04,shrink-only,shrink,1000,0.0,0.4,0.0,false,false,false,ok,11.753,4.329,4.329,1.1025085954412326,false,-224470636
4b,7344414339069,s4000-p100-a04,shrink-only,shrink,4000,100.0,0.4,0.0,false,false,false,ok,26.415,24.242,24.242,1.1118908382066277,false,261415237
33a,217707617578834,s4000-p100-a04,shrink-only,shrink,4000,100.0,0.4,0.0,false,false,false,ok,197.44,7.953,7.953,1.7266608771168044,false,-2124008857
26c,213988175899596,s4000-p100-a04,shrink-only,shrink,4000,100.0,0.4,0.0,false,false,false,ok,654.661,332.516,332.516,0.9653100237904811,false,628672308
30a,217308185619703,s1000-p100-a04,shrink-only,shrink,1000,100.0,0.4,0.0,false,true,false,ok,90.862,734.076,734.076,0.9336704713403017,false,216250776
27b,214117024918510,s1000-p0-a04,shrink-only,shrink,1000,0.0,0.4,0.0,false,false,false,ok,77.917,6.311,6.311,1.0816693804096322,false,1728540501
30c,217316775554293,s250-p100-a04,shrink-only,shrink,250,100.0,0.4,0.0,false,false,false,ok,69.144,573.349,573.349,0.7177584016124086,false,-804478301
33b,217711912546129,s250-p100-a04,shrink-only,shrink,250,100.0,0.4,0.0,false,false,false,ok,63.772,4.046,4.046,1.0139080315749907,false,-1989803960
15d,209731863287699,s1000-p100-a0,shrink-only,shrink,1000,100.0,0.0,0.0,false,false,false,ok,20.902,615.513,615.513,1.2209361833805434,false,-704972777
2d,7086716301089,s1000-p25-a04,shrink-only,shrink,1000,25.0,0.4,0.0,false,false,false,ok,8.778,133.408,133.408,0.9225811359377052,false,321836810
9d,8018724204056,s1000-p100-a0,shrink-only,shrink,1000,100.0,0.0,0.0,false,false,false,ok,140.123,1162.706,1162.706,0.9820438179997643,false,-1708131848
2b,7078126366499,s4000-p100-a04,shrink-only,shrink,4000,100.0,0.4,0.0,false,false,false,ok,35.118,222.726,222.726,1.6471928144332564,false,321836810
8a,7872695316090,s1000-p0-a04,shrink-only,shrink,1000,0.0,0.4,0.0,false,false,false,ok,11.764,68.364,68.364,0.7178227178227179,false,115582433
11c,209194992375568,s250-p100-a04,shrink-only,shrink,250,100.0,0.4,0.0,false,false,false,ok,6.632,515.686,515.686,1.024749046909822,false,1916526955
27c,214121319885805,s1000-p400-a04,shrink-only,shrink,1000,400.0,0.4,0.0,false,false,false,ok,101.169,26.314,26.314,1.0044086493501536,false,-1093302568
22d,213459894922103,s1000-p100-a16,shrink-only,shrink,1000,100.0,1.6,0.0,false,false,false,ok,44.244,726.64,726.64,1.202907943539609,false,-438265046
32a,217574473591985,s1000-p25-a04,shrink-only,shrink,1000,25.0,0.4,0.0,false,false,false,ok,8.395,0.23,0.23,1.1645569620253164,false,-1917286155
21a,213313866034001,s250-p100-a04,shrink-only,shrink,250,100.0,0.4,0.0,false,false,false,ok,15.583,27.859,27.859,0.9308052121617107,false,405046416
1c,6949277347585,s1000-p0-a04,shrink-only,shrink,1000,0.0,0.4,0.0,false,false,false,ok,6.846,1.009,1.009,0.9338269319759369,false,686382736
8c,7881285250680,s1000-p100-a04,shrink-only,shrink,1000,100.0,0.4,0.0,false,true,false,ok,13.07,4233.447,4233.447,0.9185381922265115,false,1733352584
11b,209190697408273,s1000-p400-a04,shrink-only,shrink,1000,400.0,0.4,0.0,false,false,false,ok,39.563,2.012,2.012,1.0226175349428208,false,898037380
23c,213588743940881,s1000-p100-a04,shrink-only,shrink,1000,100.0,0.4,0.0,false,true,false,ok,22.407,850.711,850.711,0.9177449247970243,false,1835492322
33a,217707617578834,s1000-p0-a04,shrink-only,shrink,1000,0.0,0.4,0.0,false,false,false,ok,85.193,7.367,7.367,1.5994355188884064,false,-2124008857
9a,8005839302171,s1000-p100-a04,shrink-only,shrink,1000,100.0,0.4,0.0,false,true,false,ok,18.303,502.717,502.717,1.0243131150229887,false,1702002598
31c,217449919540374,s1000-p100-a04,shrink-only,shrink,1000,100.0,0.4,0.0,false,true,false,ok,150.179,207.323,207.323,0.9151091013018886,false,1346825370
16c,209860712306573,s250-p100-a04,shrink-only,shrink,250,100.0,0.4,0.0,false,false,false,ok,26.48,341.488,341.488,0.8470599908221608,false,719404660
16c,209860712306573,s1000-p25-a04,shrink-only,shrink,1000,25.0,0.4,0.0,false,false,false,ok,15.813,336.251,336.251,0.8340696275533617,false,719404660
21b,213318161001296,s1000-p400-a04,shrink-only,shrink,1000,400.0,0.4,0.0,false,false,false,ok,23.947,12.158,12.158,0.9365635712359897,false,405046416
32b,217578768559280,s1000-p400-a04,shrink-only,shrink,1000,400.0,0.4,0.0,false,false,false,ok,14.183,49.519,49.519,0.348595242620712,false,-888812919
28a,214245873937288,s1000-p400-a04,shrink-only,shrink,1000,400.0,0.4,0.0,false,false,false,ok,224.062,449.818,449.818,0.8443092585936187,false,-351635764
24a,213713297992460,s1000-p100-a0,shrink-only,shrink,1000,100.0,0.0,0.0,false,false,false,ok,60.219,112.436,112.436,0.7985086021696288,false,499733213
15a,209718978385902,s1000-p25-a04,shrink-only,shrink,1000,25.0,0.4,0.0,false,false,false,ok,41.498,411.164,411.164,0.918202069038673,false,-93948010
27a,214112729951215,s1000-p100-a0,shrink-only,shrink,1000,100.0,0.0,0.0,false,false,false,ok,70.677,17.019,17.019,0.9673733871426135,false,-1953543145
27b,214117024918510,s1000-p100-a16,shrink-only,shrink,1000,100.0,1.6,0.0,false,false,false,ok,67.235,5.802,5.802,0.994429685491473,false,-1505844372
15c,209727568320492,s1000-p100-a0,shrink-only,shrink,1000,100.0,0.0,0.0,false,false,false,ok,18.996,572.271,572.271,1.0092998564368831,false,592161665
23a,213580154006291,s250-p100-a04,shrink-only,shrink,250,100.0,0.4,0.0,false,false,false,ok,11.75,349.72,349.72,0.9246873706880028,false,1835492322
31c,217449919540374,s1000-p100-a0,shrink-only,shrink,1000,100.0,0.0,0.0,false,false,false,ok,69.684,227.919,227.919,1.0060183928441375,false,-105956113
33b,217711912546129,s1000-p100-a16,shrink-only,shrink,1000,100.0,1.6,0.0,false,false,false,ok,77.766,3.785,3.785,0.9485026938980078,false,-1989803960
24b,213717592959795,s1000-p100-a16,shrink-only,shrink,1000,100.0,1.6,0.0,false,false,false,ok,53.246,1.627,1.627,0.9148158560584763,false,-870534348
27c,214121319885805,s1000-p100-a16,shrink-only,shrink,1000,100.0,1.6,0.0,false,false,false,ok,85.168,26.321,26.321,1.00467584021986,false,-1093302568
13a,209452690413356,s1000-p100-a0,shrink-only,shrink,1000,100.0,0.0,0.0,false,false,false,ok,16.243,719.289,719.289,0.9429563635124186,false,1188104532
21c,213322455968599,s250-p100-a04,shrink-only,shrink,250,100.0,0.4,0.0,false,false,false,ok,19.184,41.314,41.314,0.9885269240432124,false,405046416
23b,213584448973586,s1000-p25-a04,shrink-only,shrink,1000,25.0,0.4,0.0,false,false,false,ok,25.206,43.366,43.366,0.8740854211597767,false,-439854755
25c,213855031913427,s1000-p400-a04,shrink-only,shrink,1000,400.0,0.4,0.0,false,false,false,ok,39.177,890.396,890.396,1.0026784382064542,false,35421457
23a,213580154006291,s1000-p100-a16,shrink-only,shrink,1000,100.0,1.6,0.0,false,false,false,ok,23.23,357.95,357.95,0.9464481423360704,false,1835492322
5a,7473263357855,s1000-p400-a04,shrink-only,shrink,1000,400.0,0.4,0.0,false,false,false,ok,10.583,151.97,151.97,0.9935374627758509,false,414652499
30a,217308185619703,s1000-p100-a16,shrink-only,shrink,1000,100.0,1.6,0.0,false,false,false,ok,82.292,534.897,534.897,0.6803349164235221,false,-824386529
9b,8010134269466,s1000-p100-a16,shrink-only,shrink,1000,100.0,1.6,0.0,false,false,false,ok,14.848,458.244,458.244,0.9210184899520742,false,-4751552
9c,8014429236761,s4000-p100-a04,shrink-only,shrink,4000,100.0,0.4,0.0,false,false,false,ok,475.182,651.762,651.762,0.9798847312940179,false,906638406
24b,213717592959795,s1000-p400-a04,shrink-only,shrink,1000,400.0,0.4,0.0,false,false,false,ok,53.192,1.597,1.597,0.8979477087433231,false,-870534348
11b,209190697408273,s1000-p0-a04,shrink-only,shrink,1000,0.0,0.4,0.0,false,false,false,ok,10.467,1.862,1.862,0.9463786531130877,false,-861283655
28c,214254463871886,s4000-p100-a04,shrink-only,shrink,4000,100.0,0.4,0.0,false,false,false,ok,215.482,1083.428,1083.428,2.1581736673363063,false,-1040088321
17e,210002446227372,s250-p100-a04,shrink-only,shrink,250,100.0,0.4,0.0,false,false,false,ok,25.94,4063.406,4063.406,0.9869512241477952,false,-1125412742
9a,8005839302171,s1000-p0-a04,shrink-only,shrink,1000,0.0,0.4,0.0,false,false,false,ok,18.193,509.153,509.153,1.037426813601489,false,403009818
8c,7881285250680,s1000-p100-a16,shrink-only,shrink,1000,100.0,1.6,0.0,false,false,false,ok,12.302,4418.944,4418.944,0.9587857916516233,false,1733352584
28b,214250168904591,s1000-p25-a04,shrink-only,shrink,1000,25.0,0.4,0.0,false,false,false,ok,186.789,92.584,92.584,0.8504712388161159,false,759785349
31c,217449919540374,s1000-p400-a04,shrink-only,shrink,1000,400.0,0.4,0.0,false,false,false,ok,70.875,205.267,205.267,0.9060340622937867,false,1982821986
17a,209985266358184,s1000-p0-a04,shrink-only,shrink,1000,0.0,0.4,0.0,false,false,false,ok,13.257,1673.032,1673.032,0.8696449052544416,false,-1125412742
3c,7215565320131,s1000-p400-a04,shrink-only,shrink,1000,400.0,0.4,0.0,false,false,false,ok,13.799,1402.638,1402.638,1.0691889675128117,false,-1572305105
4a,7340119371774,s1000-p100-a16,shrink-only,shrink,1000,100.0,1.6,0.0,false,false,false,ok,9.866,707.419,707.419,0.9342324121341302,false,-1509295857
23b,213584448973586,s4000-p100-a04,shrink-only,shrink,4000,100.0,0.4,0.0,false,false,false,ok,72.67,43.361,43.361,0.8739846411222865,false,-439854755
11a,209186402440978,s4000-p100-a04,shrink-only,shrink,4000,100.0,0.4,0.0,false,false,false,ok,47.604,14.281,14.281,0.957909917161351,false,-1055439248
27a,214112729951215,s1000-p100-a04,shrink-only,shrink,1000,100.0,0.4,0.0,false,true,false,ok,71.138,16.485,16.485,0.9370204058432331,false,-1953543145
9c,8014429236761,s1000-p100-a04,shrink-only,shrink,1000,100.0,0.4,0.0,false,true,false,ok,32.621,753.91,753.91,1.1334580686966609,false,659609918
32a,217574473591985,s1000-p0-a04,shrink-only,shrink,1000,0.0,0.4,0.0,false,false,false,ok,7.969,0.198,0.198,1.0025316455696203,false,957982218
13b,209456985380819,s1000-p100-a04,shrink-only,shrink,1000,100.0,0.4,0.0,false,true,false,ok,13.72,320.463,320.463,0.9517534480915216,false,-2119720580
14b,209590129366988,s1000-p100-a04,shrink-only,shrink,1000,100.0,0.4,0.0,false,true,false,ok,20.343,36.584,36.584,0.9899473691331467,false,1297441228
21a,213313866034001,s1000-p100-a16,shrink-only,shrink,1000,100.0,1.6,0.0,false,false,false,ok,30.806,28.524,28.524,0.9530237220180421,false,405046416
8a,7872695316090,s1000-p100-a04,shrink-only,shrink,1000,100.0,0.4,0.0,false,true,false,ok,12.315,71.946,71.946,0.7554337554337555,false,-1762716238
22d,213459894922103,s250-p100-a04,shrink-only,shrink,250,100.0,0.4,0.0,false,false,false,ok,25.212,605.509,605.509,1.002383003942427,false,-438265046
8b,7876990283385,s1000-p100-a0,shrink-only,shrink,1000,100.0,0.0,0.0,false,false,false,ok,10.379,148.457,148.457,0.7302504722178498,false,-1987159524
15b,209723273353197,s1000-p400-a04,shrink-only,shrink,1000,400.0,0.4,0.0,false,false,false,ok,20.55,17.586,17.586,2.027087775920696,false,-1293176700
3b,7211270352860,s1000-p400-a04,shrink-only,shrink,1000,400.0,0.4,0.0,false,false,false,ok,7.658,6.229,6.229,0.8586986490212297,false,129508754
7c,7748141264479,s1000-p100-a04,shrink-only,shrink,1000,100.0,0.4,0.0,false,true,false,ok,402.344,2329.156,2329.156,1.5605547135779936,false,-1004347469
28a,214245873937288,s4000-p100-a04,shrink-only,shrink,4000,100.0,0.4,0.0,false,false,false,ok,224.875,775.873,775.873,1.456315126101683,false,96586315
9b,8010134269466,s1000-p400-a04,shrink-only,shrink,1000,400.0,0.4,0.0,false,false,false,ok,14.41,469.646,469.646,0.9439352173340663,false,-4751552
27a,214112729951215,s4000-p100-a04,shrink-only,shrink,4000,100.0,0.4,0.0,false,false,false,ok,152.875,17.882,17.882,1.0164269880065937,false,-1953543145
21b,213318161001296,s1000-p100-a16,shrink-only,shrink,1000,100.0,1.6,0.0,false,false,false,ok,24.423,14.195,14.195,1.0934791819127219,false,405046416
8b,7876990283385,s1000-p25-a04,shrink-only,shrink,1000,25.0,0.4,0.0,false,false,false,ok,9.299,147.276,147.276,0.7244412088776957,false,-1987159524
9c,8014429236761,s1000-p100-a0,shrink-only,shrink,1000,100.0,0.0,0.0,false,false,false,ok,17.665,630.666,630.666,0.9481681717348867,false,659609918
5b,7477558325150,s1000-p100-a16,shrink-only,shrink,1000,100.0,1.6,0.0,false,false,false,ok,64.264,219.121,219.121,0.8342016549187865,false,-1512145598
28b,214250168904591,s1000-p0-a04,shrink-only,shrink,1000,0.0,0.4,0.0,false,false,false,ok,102.057,139.614,139.614,1.2824860832981206,false,1300118193
16d,209865007273868,s1000-p0-a04,shrink-only,shrink,1000,0.0,0.4,0.0,false,false,false,ok,22.331,269.801,269.801,0.8993531548078381,false,719404660
10a,209053258454897,s1000-p0-a04,shrink-only,shrink,1000,0.0,0.4,0.0,false,false,false,ok,10.585,285.401,285.401,0.9041677424873396,false,1718403736
5a,7473263357855,s250-p100-a04,shrink-only,shrink,250,100.0,0.4,0.0,false,false,false,ok,3.79,153.666,153.666,1.0046254376187003,false,414652499
32b,217578768559280,s1000-p100-a0,shrink-only,shrink,1000,100.0,0.0,0.0,false,false,false,ok,7.717,45.964,45.964,0.3235693719949596,false,1013953437
6f,7627882180515,s1000-p100-a16,shrink-only,shrink,1000,100.0,1.6,0.0,false,false,false,ok,32.581,1680.492,1680.492,0.9530448097658494,false,1250717231
23b,213584448973586,s250-p100-a04,shrink-only,shrink,250,100.0,0.4,0.0,false,false,false,ok,14.56,126.918,126.918,2.5581601596355794,false,2055054090
19d,210264439232111,s1000-p100-a0,shrink-only,shrink,1000,100.0,0.0,0.0,false,false,false,ok,26.253,5332.342,5332.342,0.9182340247945169,false,-1211980585
11d,209199287342871,s250-p100-a04,shrink-only,shrink,250,100.0,0.4,0.0,false,false,false,ok,6.643,199.84,199.84,0.896239954075775,false,2003817464
25c,213855031913427,s1000-p100-a16,shrink-only,shrink,1000,100.0,1.6,0.0,false,false,false,ok,39.794,949.559,949.559,1.069302125239649,false,35421457
33b,217711912546129,s1000-p0-a04,shrink-only,shrink,1000,0.0,0.4,0.0,false,false,false,ok,75.504,3.934,3.934,0.9858413732614961,false,1896864069
18a,210118410344009,s250-p100-a04,shrink-only,shrink,250,100.0,0.4,0.0,false,false,false,ok,15.812,1011.676,1011.676,1.0329411596537927,false,-574815707
16c,209860712306573,s1000-p100-a0,shrink-only,shrink,1000,100.0,0.0,0.0,false,false,false,ok,18.049,333.742,333.742,0.8278460603504944,false,719404660
14b,209590129366988,s1000-p100-a0,shrink-only,shrink,1000,100.0,0.0,0.0,false,false,false,ok,19.422,36.045,36.045,0.975362260015424,false,1297441228
27a,214112729951215,s1000-p25-a04,shrink-only,shrink,1000,25.0,0.4,0.0,false,false,false,ok,119.986,17.185,17.185,0.9768089581083385,false,-1953543145
18b,210122705311304,s1000-p100-a04,shrink-only,shrink,1000,100.0,0.4,0.0,false,true,false,ok,21.94,666.564,666.564,1.0241713497712546,false,-633376097
11b,209190697408273,s4000-p100-a04,shrink-only,shrink,4000,100.0,0.4,0.0,false,false,false,ok,33.077,1.915,1.915,0.9733163913595934,false,-1446711126
22b,213451304987505,s250-p100-a04,shrink-only,shrink,250,100.0,0.4,0.0,false,false,false,ok,18.302,470.194,470.194,0.9880505715195307,false,316133052
27c,214121319885805,s250-p100-a04,shrink-only,shrink,250,100.0,0.4,0.0,false,false,false,ok,63.997,26.356,26.356,1.0060117945683913,false,-1093302568
31a,217441329605776,s1000-p100-a0,shrink-only,shrink,1000,100.0,0.0,0.0,false,false,false,ok,62.183,176.408,176.408,0.8677012370576227,false,2133672151
27c,214121319885805,s1000-p100-a04,shrink-only,shrink,1000,100.0,0.4,0.0,false,true,false,ok,99.63,26.242,26.242,1.0016604004046032,false,-1093302568
30b,217312480586998,s4000-p100-a04,shrink-only,shrink,4000,100.0,0.4,0.0,false,false,false,ok,257.053,34.977,34.977,0.9914677702817617,false,1910947129
9d,8018724204056,s1000-p25-a04,shrink-only,shrink,1000,25.0,0.4,0.0,false,false,false,ok,19.872,1050.547,1050.547,0.8873121725252974,false,-1708131848
6b,7610702311359,s250-p100-a04,shrink-only,shrink,250,100.0,0.4,0.0,false,false,false,ok,11.744,3.931,3.931,0.9420081476156242,false,1482096114
30c,217316775554293,s1000-p100-a0,shrink-only,shrink,1000,100.0,0.0,0.0,false,false,false,ok,86.017,1265.964,1265.964,1.584822328352977,false,-1451103391
19a,210251554330218,s1000-p25-a04,shrink-only,shrink,1000,25.0,0.4,0.0,false,false,false,ok,24.572,464.622,464.622,0.8193806262515642,false,-477815540
13b,209456985380819,s1000-p400-a04,shrink-only,shrink,1000,400.0,0.4,0.0,false,false,false,ok,13.662,366.575,366.575,1.0887029711203773,false,-2119720580
5a,7473263357855,s1000-p100-a04,shrink-only,shrink,1000,100.0,0.4,0.0,false,true,false,ok,11.105,152.965,152.965,1.000042495186603,false,414652499
8b,7876990283385,s250-p100-a04,shrink-only,shrink,250,100.0,0.4,0.0,false,false,false,ok,20.243,151.157,151.157,0.7435315992444516,false,-387699444
11d,209199287342871,s1000-p100-a04,shrink-only,shrink,1000,100.0,0.4,0.0,false,true,false,ok,14.359,202.674,202.674,0.9089498421354765,false,2003817464
7c,7748141264479,s4000-p100-a04,shrink-only,shrink,4000,100.0,0.4,0.0,false,false,false,ok,691.284,1358.071,1358.071,0.9099193443563159,false,-399731567
9a,8005839302171,s4000-p100-a04,shrink-only,shrink,4000,100.0,0.4,0.0,false,false,false,ok,386.363,518.294,518.294,1.0560520961847817,false,2029736178
21a,213313866034001,s4000-p100-a04,shrink-only,shrink,4000,100.0,0.4,0.0,false,false,false,ok,127.894,28.72,28.72,0.9595723354493818,false,405046416
24a,213713297992460,s250-p100-a04,shrink-only,shrink,250,100.0,0.4,0.0,false,false,false,ok,59.912,118.191,118.191,0.8393800046162314,false,941138625
30c,217316775554293,s1000-p100-a04,shrink-only,shrink,1000,100.0,0.4,0.0,false,true,false,ok,95.147,771.592,771.592,0.9659328622129305,false,-804478301
4b,7344414339069,s1000-p400-a04,shrink-only,shrink,1000,400.0,0.4,0.0,false,false,false,ok,10.358,21.773,21.773,0.99864694415778,false,261415237
33a,217707617578834,s1000-p100-a0,shrink-only,shrink,1000,100.0,0.0,0.0,false,false,false,ok,81.776,7.216,7.216,1.5666521927920105,false,-2124008857
1c,6949277347585,s250-p100-a04,shrink-only,shrink,250,100.0,0.4,0.0,false,false,false,ok,2.741,0.952,0.952,0.8810735770476631,false,686382736
28a,214245873937288,s1000-p0-a04,shrink-only,shrink,1000,0.0,0.4,0.0,false,false,false,ok,155.506,793.828,793.828,1.4900166959322552,false,96586315
33b,217711912546129,s1000-p100-a0,shrink-only,shrink,1000,100.0,0.0,0.0,false,false,false,ok,104.323,3.861,3.861,0.967547926325022,false,-397240962
6f,7627882180515,s1000-p400-a04,shrink-only,shrink,1000,400.0,0.4,0.0,false,false,false,ok,12.399,1555.41,1555.41,0.8821079943004191,false,1250717231
4a,7340119371774,s1000-p400-a04,shrink-only,shrink,1000,400.0,0.4,0.0,false,false,false,ok,9.5,803.816,803.816,1.0615363180689352,false,-1509295857
15a,209718978385902,s250-p100-a04,shrink-only,shrink,250,100.0,0.4,0.0,false,false,false,ok,15.193,409.815,409.815,0.9151895129998827,false,196157638
3c,7215565320131,s1000-p100-a0,shrink-only,shrink,1000,100.0,0.0,0.0,false,false,false,ok,13.506,1241.941,1241.941,0.9466944539516461,false,-1572305105
29c,214387607858095,s1000-p100-a04,shrink-only,shrink,1000,100.0,0.4,0.0,false,true,false,ok,856.152,59.0,59.0,0.9038267103771562,false,2081534655
8c,7881285250680,s4000-p100-a04,shrink-only,shrink,4000,100.0,0.4,0.0,false,false,false,ok,283.6,4875.449,4875.449,1.0578344575360343,false,737600458
21a,213313866034001,s1000-p100-a04,shrink-only,shrink,1000,100.0,0.4,0.0,false,true,false,ok,31.866,28.633,28.633,0.9566655529568994,false,405046416
2d,7086716301089,s1000-p100-a04,shrink-only,shrink,1000,100.0,0.4,0.0,false,true,false,ok,8.629,130.201,130.201,0.9004031728249067,false,321836810
8b,7876990283385,s1000-p0-a04,shrink-only,shrink,1000,0.0,0.4,0.0,false,false,false,ok,9.331,143.149,143.149,0.7041407602707382,false,1478161348
13a,209452690413356,s1000-p100-a04,shrink-only,shrink,1000,100.0,0.4,0.0,false,true,false,ok,15.98,694.222,694.222,0.9100946248174493,false,-1062568155
9d,8018724204056,s1000-p400-a04,shrink-only,shrink,1000,400.0,0.4,0.0,false,false,false,ok,22.228,1364.303,1364.303,1.152316515979562,false,969253244
2b,7078126366499,s1000-p100-a0,shrink-only,shrink,1000,100.0,0.0,0.0,false,false,false,ok,21.88,150.705,150.705,1.114554174632346,false,321836810
2b,7078126366499,s1000-p400-a04,shrink-only,shrink,1000,400.0,0.4,0.0,false,false,false,ok,5.773,121.308,121.308,0.8971456674715546,false,321836810
3b,7211270352860,s1000-p25-a04,shrink-only,shrink,1000,25.0,0.4,0.0,false,false,false,ok,14.99,6.53,6.53,0.9001929969671906,false,129508754
7c,7748141264479,s1000-p0-a04,shrink-only,shrink,1000,0.0,0.4,0.0,false,false,false,ok,29.794,1533.751,1533.751,1.0276264674864892,false,1723747105
15c,209727568320492,s1000-p100-a16,shrink-only,shrink,1000,100.0,1.6,0.0,false,false,false,ok,28.592,524.668,524.668,0.9253436520058271,false,-1622553236
6b,7610702311359,s1000-p0-a04,shrink-only,shrink,1000,0.0,0.4,0.0,false,false,false,ok,49.731,4.453,4.453,1.0670980110232446,false,1482096114
13c,209461280348114,s250-p100-a04,shrink-only,shrink,250,100.0,0.4,0.0,false,false,false,ok,8.028,521.859,521.859,1.1092585408883906,false,876197618
13b,209456985380819,s1000-p100-a16,shrink-only,shrink,1000,100.0,1.6,0.0,false,false,false,ok,14.518,325.837,325.837,0.9677138648324365,false,-2119720580
13d,209465575315409,s1000-p100-a04,shrink-only,shrink,1000,100.0,0.4,0.0,false,true,false,ok,21.384,2999.74,2999.74,0.9739736553006534,false,-2119720580
19b,210255849297513,s1000-p100-a16,shrink-only,shrink,1000,100.0,1.6,0.0,false,false,false,ok,35.868,227.126,227.126,1.4693531639878248,false,825922194
27b,214117024918510,s1000-p100-a0,shrink-only,shrink,1000,100.0,0.0,0.0,false,false,false,ok,94.72,6.096,6.096,1.04481960750707,false,1728540501
23c,213588743940881,s1000-p0-a04,shrink-only,shrink,1000,0.0,0.4,0.0,false,false,false,ok,29.906,921.973,921.973,0.9946221943173261,false,-645930611
30b,217312480586998,s1000-p400-a04,shrink-only,shrink,1000,400.0,0.4,0.0,false,false,false,ok,104.044,36.97,36.97,1.047961902602188,false,-119349660
16c,209860712306573,s1000-p0-a04,shrink-only,shrink,1000,0.0,0.4,0.0,false,false,false,ok,24.043,388.226,388.226,0.9629934638901636,false,719404660
9a,8005839302171,s1000-p25-a04,shrink-only,shrink,1000,25.0,0.4,0.0,false,false,false,ok,18.575,516.399,516.399,1.052190931050186,false,2029736178
26c,213988175899596,s1000-p400-a04,shrink-only,shrink,1000,400.0,0.4,0.0,false,false,false,ok,46.829,287.56,287.56,0.8348005823514981,false,-321495561
11d,209199287342871,s1000-p400-a04,shrink-only,shrink,1000,400.0,0.4,0.0,false,false,false,ok,16.228,203.003,203.003,0.9104253372560275,false,2003817464
2b,7078126366499,s250-p100-a04,shrink-only,shrink,250,100.0,0.4,0.0,false,false,false,ok,4.388,124.284,124.284,0.9191549785342655,false,321836810
13c,209461280348114,s1000-p25-a04,shrink-only,shrink,1000,25.0,0.4,0.0,false,false,false,ok,15.037,435.482,435.482,0.9256564089211035,false,876197618
6a,7606407344056,s1000-p100-a0,shrink-only,shrink,1000,100.0,0.0,0.0,false,false,false,ok,25.503,3.837,3.837,0.9772061632497135,false,-224470636
29b,214383312890792,s4000-p100-a04,shrink-only,shrink,4000,100.0,0.4,0.0,false,false,false,ok,1070.626,2.812,2.812,1.0484712900820283,false,-665152500
23c,213588743940881,s1000-p100-a0,shrink-only,shrink,1000,100.0,0.0,0.0,false,false,false,ok,21.862,895.899,895.899,0.9664936275429955,false,-1576721678
24a,213713297992460,s1000-p100-a16,shrink-only,shrink,1000,100.0,1.6,0.0,false,false,false,ok,62.136,112.756,112.756,0.8007812083873374,false,941138625
15d,209731863287699,s250-p100-a04,shrink-only,shrink,250,100.0,0.4,0.0,false,false,false,ok,12.841,282.962,282.962,0.5612855363277872,false,16738698
9c,8014429236761,s1000-p400-a04,shrink-only,shrink,1000,400.0,0.4,0.0,false,false,false,ok,18.342,641.767,641.767,0.9648578535544694,false,659609918
13c,209461280348114,s1000-p100-a16,shrink-only,shrink,1000,100.0,1.6,0.0,false,false,false,ok,11.273,475.23,475.23,1.0101443807357733,false,876197618
24b,213717592959795,s1000-p100-a0,shrink-only,shrink,1000,100.0,0.0,0.0,false,false,false,ok,54.346,1.723,1.723,0.9687939274669666,false,644596804
19d,210264439232111,s4000-p100-a04,shrink-only,shrink,4000,100.0,0.4,0.0,false,false,false,ok,274.968,5157.579,5157.579,0.8881396810942883,false,-1211980585
15d,209731863287699,s4000-p100-a04,shrink-only,shrink,4000,100.0,0.4,0.0,false,false,false,ok,138.154,567.494,567.494,1.1256853363801547,false,-704972777
9c,8014429236761,s1000-p100-a16,shrink-only,shrink,1000,100.0,1.6,0.0,false,false,false,ok,17.919,638.476,638.476,0.959910034180697,false,659609918
33b,217711912546129,s1000-p25-a04,shrink-only,shrink,1000,25.0,0.4,0.0,false,false,false,ok,75.827,3.821,3.821,0.9575241197844883,false,-397240962
7c,7748141264479,s1000-p100-a16,shrink-only,shrink,1000,100.0,1.6,0.0,false,false,false,ok,24.599,1385.139,1385.139,0.928055139033499,false,-1004347469
24a,213713297992460,s1000-p0-a04,shrink-only,shrink,1000,0.0,0.4,0.0,false,false,false,ok,62.583,111.873,111.873,0.7945102356053477,false,1810971046
22a,213447010020210,s250-p100-a04,shrink-only,shrink,250,100.0,0.4,0.0,false,false,false,ok,18.653,360.352,360.352,0.7645566773423236,false,-1072711187
16d,209865007273868,s1000-p100-a04,shrink-only,shrink,1000,100.0,0.4,0.0,false,true,false,ok,19.347,272.261,272.261,0.9075533051439276,false,719404660
29c,214387607858095,s1000-p400-a04,shrink-only,shrink,1000,400.0,0.4,0.0,false,false,false,ok,886.888,58.001,58.001,0.8885229326878888,false,2081534655
11c,209194992375568,s1000-p25-a04,shrink-only,shrink,1000,25.0,0.4,0.0,false,false,false,ok,13.535,346.838,346.838,0.6892215610509279,false,212006990
15a,209718978385902,s1000-p100-a04,shrink-only,shrink,1000,100.0,0.4,0.0,false,true,false,ok,17.283,409.123,409.123,0.9136441543795396,false,-874818637
4c,7348709306364,s1000-p400-a04,shrink-only,shrink,1000,400.0,0.4,0.0,false,false,false,ok,8.169,1453.511,1453.511,0.9990325918599564,false,1192923874
3c,7215565320131,s1000-p100-a16,shrink-only,shrink,1000,100.0,1.6,0.0,false,false,false,ok,13.478,1309.293,1309.293,0.9980348677575767,false,-1572305105
22b,213451304987505,s4000-p100-a04,shrink-only,shrink,4000,100.0,0.4,0.0,false,false,false,ok,86.884,116.888,116.888,0.24562468939155946,false,-2145268623
15b,209723273353197,s250-p100-a04,shrink-only,shrink,250,100.0,0.4,0.0,false,false,false,ok,10.559,6.245,6.245,0.7198432367010548,false,814061452
3c,7215565320131,s250-p100-a04,shrink-only,shrink,250,100.0,0.4,0.0,false,false,false,ok,4.295,1209.213,1209.213,0.9217468790757627,false,-1572305105
8c,7881285250680,s1000-p400-a04,shrink-only,shrink,1000,400.0,0.4,0.0,false,false,false,ok,15.491,4525.554,4525.554,0.9819171445829976,false,1733352584
8d,7885580217983,s1000-p0-a04,shrink-only,shrink,1000,0.0,0.4,0.0,false,false,false,ok,78.753,611.869,611.869,1.0101423829771077,false,-1012298996
15a,209718978385902,s1000-p400-a04,shrink-only,shrink,1000,400.0,0.4,0.0,false,false,false,ok,18.699,417.879,417.879,0.9331978539167136,false,196157638
15d,209731863287699,s1000-p0-a04,shrink-only,shrink,1000,0.0,0.4,0.0,false,false,false,ok,23.131,817.78,817.78,1.6221545150873184,false,502765013
4b,7344414339069,s1000-p100-a0,shrink-only,shrink,1000,100.0,0.0,0.0,false,false,false,ok,9.789,22.429,22.429,1.0287352367847722,false,261415237
22b,213451304987505,s1000-p400-a04,shrink-only,shrink,1000,400.0,0.4,0.0,false,false,false,ok,34.337,585.496,585.496,1.230342491444806,false,316133052
29b,214383312890792,s1000-p0-a04,shrink-only,shrink,1000,0.0,0.4,0.0,false,false,false,ok,795.9,5.002,5.002,1.8650260999254287,false,-452640197
9b,8010134269466,s1000-p100-a04,shrink-only,shrink,1000,100.0,0.4,0.0,false,true,false,ok,17.883,500.166,500.166,1.0052769573532205,false,-4751552
18b,210122705311304,s1000-p0-a04,shrink-only,shrink,1000,0.0,0.4,0.0,false,false,false,ok,26.744,728.661,728.661,1.1195829956248342,false,-633376097
7c,7748141264479,s1000-p400-a04,shrink-only,shrink,1000,400.0,0.4,0.0,false,false,false,ok,27.987,1454.642,1454.642,0.974622751618406,false,-1004347469
19a,210251554330218,s1000-p100-a0,shrink-only,shrink,1000,100.0,0.0,0.0,false,false,false,ok,30.085,507.515,507.515,0.8950242531177227,false,187704695
5a,7473263357855,s1000-p25-a04,shrink-only,shrink,1000,25.0,0.4,0.0,false,false,false,ok,12.923,180.687,180.687,1.1812811971874724,false,414652499
31a,217441329605776,s1000-p100-a04,shrink-only,shrink,1000,100.0,0.4,0.0,false,true,false,ok,152.094,222.817,222.817,1.095974029167999,false,499229554
21c,213322455968599,s1000-p400-a04,shrink-only,shrink,1000,400.0,0.4,0.0,false,false,false,ok,50.641,43.497,43.497,1.0407599267828729,false,405046416
26c,213988175899596,s1000-p0-a04,shrink-only,shrink,1000,0.0,0.4,0.0,false,false,false,ok,115.992,330.699,330.699,0.9600351849459525,false,628672308
18b,210122705311304,s1000-p100-a16,shrink-only,shrink,1000,100.0,1.6,0.0,false,false,false,ok,22.617,663.576,663.576,1.0195803067609561,false,-633376097
21c,213322455968599,s4000-p100-a04,shrink-only,shrink,4000,100.0,0.4,0.0,false,false,false,ok,62.437,43.382,43.382,1.0380083027265004,false,405046416
31b,217445624573079,s1000-p25-a04,shrink-only,shrink,1000,25.0,0.4,0.0,false,false,false,ok,96.932,8.147,8.147,1.0026459910159375,false,-744571733
1c,6949277347585,s1000-p100-a04,shrink-only,shrink,1000,100.0,0.4,0.0,false,true,false,ok,6.888,1.055,1.055,0.976399814900509,false,686382736
31b,217445624573079,s1000-p400-a04,shrink-only,shrink,1000,400.0,0.4,0.0,false,false,false,ok,56.469,7.75,7.75,0.9537874592332779,false,681841729
32a,217574473591985,s1000-p400-a04,shrink-only,shrink,1000,400.0,0.4,0.0,false,false,false,ok,13.246,0.195,0.195,0.9873417721518988,false,1765267761
11a,209186402440978,s1000-p25-a04,shrink-only,shrink,1000,25.0,0.4,0.0,false,false,false,ok,15.395,14.781,14.781,0.9914478317738203,false,-1055439248
2b,7078126366499,s1000-p25-a04,shrink-only,shrink,1000,25.0,0.4,0.0,false,false,false,ok,9.219,129.079,129.079,0.9546168893359118,false,321836810
4a,7340119371774,s4000-p100-a04,shrink-only,shrink,4000,100.0,0.4,0.0,false,false,false,ok,25.723,792.468,792.468,1.0465499105609404,false,1427000343
15c,209727568320492,s1000-p0-a04,shrink-only,shrink,1000,0.0,0.4,0.0,false,false,false,ok,19.372,529.176,529.176,0.9332942973343822,false,-1076120849
12b,209323841394482,s1000-p100-a16,shrink-only,shrink,1000,100.0,1.6,0.0,false,false,false,ok,14.754,1.35,1.35,1.0052122114668653,false,466548996
18b,210122705311304,s4000-p100-a04,shrink-only,shrink,4000,100.0,0.4,0.0,false,false,false,ok,246.071,639.723,639.723,0.9829303238544479,false,-633376097
33a,217707617578834,s1000-p100-a04,shrink-only,shrink,1000,100.0,0.4,0.0,false,true,false,ok,86.474,4.232,4.232,0.918801563178463,false,1253926702
12b,209323841394482,s1000-p25-a04,shrink-only,shrink,1000,25.0,0.4,0.0,false,false,false,ok,10.632,1.363,1.363,1.0148920327624722,false,466548996
30a,217308185619703,s1000-p25-a04,shrink-only,shrink,1000,25.0,0.4,0.0,false,false,false,ok,165.24,526.096,526.096,0.6691409340316906,false,1041678136
4b,7344414339069,s1000-p100-a04,shrink-only,shrink,1000,100.0,0.4,0.0,false,true,false,ok,7.905,21.082,21.082,0.9669533310400182,false,261415237
11a,209186402440978,s1000-p400-a04,shrink-only,shrink,1000,400.0,0.4,0.0,false,false,false,ok,12.733,14.568,14.568,0.9771606801489083,false,-1535681465
6f,7627882180515,s250-p100-a04,shrink-only,shrink,250,100.0,0.4,0.0,false,false,false,ok,26.72,2046.786,2046.786,1.1607783756194041,false,1250717231
24b,213717592959795,s4000-p100-a04,shrink-only,shrink,4000,100.0,0.4,0.0,false,false,false,ok,513.58,1.796,1.796,1.009839752600506,false,644596804
14b,209590129366988,s1000-p100-a16,shrink-only,shrink,1000,100.0,1.6,0.0,false,false,false,ok,19.928,36.11,36.11,0.9771211321724776,false,1297441228
5b,7477558325150,s1000-p100-a04,shrink-only,shrink,1000,100.0,0.4,0.0,false,true,false,ok,6.849,219.211,219.211,0.8345442882078947,false,-1512145598
27c,214121319885805,s1000-p25-a04,shrink-only,shrink,1000,25.0,0.4,0.0,false,false,false,ok,87.77,26.268,26.268,1.0026528236349408,false,-1273730499
2d,7086716301089,s250-p100-a04,shrink-only,shrink,250,100.0,0.4,0.0,false,false,false,ok,5.649,133.836,133.836,0.9255409638804174,false,321836810
22a,213447010020210,s1000-p25-a04,shrink-only,shrink,1000,25.0,0.4,0.0,false,false,false,ok,33.375,448.31,448.31,0.9511766384516726,false,-2145268623
22a,213447010020210,s1000-p100-a0,shrink-only,shrink,1000,100.0,0.0,0.0,false,false,false,ok,28.771,347.233,347.233,0.7367221737179399,false,-2145268623
17a,209985266358184,s1000-p25-a04,shrink-only,shrink,1000,25.0,0.4,0.0,false,false,false,ok,33.112,3982.06,3982.06,2.0698816229561072,false,-1125412742
32b,217578768559280,s1000-p100-a16,shrink-only,shrink,1000,100.0,1.6,0.0,false,false,false,ok,16.103,44.174,44.174,0.3109684413563952,false,-888812919
31c,217449919540374,s1000-p0-a04,shrink-only,shrink,1000,0.0,0.4,0.0,false,false,false,ok,144.42,201.606,201.606,0.8898746664724537,false,-105956113
16d,209865007273868,s1000-p400-a04,shrink-only,shrink,1000,400.0,0.4,0.0,false,false,false,ok,19.423,337.76,337.76,1.1258873079339786,false,719404660
11b,209190697408273,s1000-p100-a16,shrink-only,shrink,1000,100.0,1.6,0.0,false,false,false,ok,11.146,1.862,1.862,0.9463786531130877,false,898037380
4c,7348709306364,s1000-p0-a04,shrink-only,shrink,1000,0.0,0.4,0.0,false,false,false,ok,7.74,2134.429,2134.429,1.4670436866394923,false,-1125545911
31a,217441329605776,s4000-p100-a04,shrink-only,shrink,4000,100.0,0.4,0.0,false,false,false,ok,329.219,204.19,204.19,1.0043530655911068,false,2133672151
18b,210122705311304,s1000-p100-a0,shrink-only,shrink,1000,100.0,0.0,0.0,false,false,false,ok,21.273,631.058,631.058,0.9696166064233117,false,-633376097
11d,209199287342871,s1000-p100-a16,shrink-only,shrink,1000,100.0,1.6,0.0,false,false,false,ok,13.736,229.964,229.964,1.0313396957520091,false,2003817464
8d,7885580217983,s1000-p100-a0,shrink-only,shrink,1000,100.0,0.0,0.0,false,false,false,ok,12.48,589.073,589.073,0.9725081740821543,false,-1012298996
8c,7881285250680,s1000-p25-a04,shrink-only,shrink,1000,25.0,0.4,0.0,false,false,false,ok,13.431,4378.947,4378.947,0.9501075745688338,false,-388506810
14b,209590129366988,s1000-p0-a04,shrink-only,shrink,1000,0.0,0.4,0.0,false,false,false,ok,22.799,39.521,39.521,1.0694213310603293,false,1313982226
9d,8018724204056,s1000-p100-a16,shrink-only,shrink,1000,100.0,1.6,0.0,false,false,false,ok,32.657,1405.72,1405.72,1.187298109615525,false,969253244
22b,213451304987505,s1000-p25-a04,shrink-only,shrink,1000,25.0,0.4,0.0,false,false,false,ok,34.177,116.933,116.933,0.2457192509464036,false,-2145268623
3b,7211270352860,s4000-p100-a04,shrink-only,shrink,4000,100.0,0.4,0.0,false,false,false,ok,31.527,4.196,4.196,0.5784394816652881,false,129508754
23c,213588743940881,s1000-p400-a04,shrink-only,shrink,1000,400.0,0.4,0.0,false,false,false,ok,24.495,1214.728,1214.728,1.310445564955478,false,1835492322
11a,209186402440978,s1000-p100-a04,shrink-only,shrink,1000,100.0,0.4,0.0,false,true,false,ok,13.13,14.728,14.728,0.9878928128248985,false,-1055439248
9d,8018724204056,s1000-p100-a04,shrink-only,shrink,1000,100.0,0.4,0.0,false,true,false,ok,20.871,1085.269,1085.269,0.916639040580152,false,-1708131848
15a,209718978385902,s1000-p100-a16,shrink-only,shrink,1000,100.0,1.6,0.0,false,false,false,ok,17.893,412.761,412.761,0.9217684530223262,false,196157638
5b,7477558325150,s250-p100-a04,shrink-only,shrink,250,100.0,0.4,0.0,false,false,false,ok,11.248,220.467,220.467,0.8393259261092278,false,-1512145598
17e,210002446227372,s1000-p400-a04,shrink-only,shrink,1000,400.0,0.4,0.0,false,false,false,ok,121.308,4115.394,4115.394,0.9995784684450659,false,-1125412742
30b,217312480586998,s1000-p100-a04,shrink-only,shrink,1000,100.0,0.4,0.0,false,true,false,ok,100.945,92.24,92.24,2.6146606950507394,false,1910947129
32a,217574473591985,s1000-p100-a04,shrink-only,shrink,1000,100.0,0.4,0.0,false,true,false,ok,8.019,0.379,0.379,1.918987341772152,false,-1917286155
32b,217578768559280,s1000-p0-a04,shrink-only,shrink,1000,0.0,0.4,0.0,false,false,false,ok,7.617,144.925,144.925,1.0202178060301437,false,1520237401
11c,209194992375568,s1000-p400-a04,shrink-only,shrink,1000,400.0,0.4,0.0,false,false,false,ok,17.075,555.27,555.27,1.103408669767294,false,1916526955
22b,213451304987505,s1000-p100-a04,shrink-only,shrink,1000,100.0,0.4,0.0,false,true,false,ok,31.889,497.002,497.002,1.0443840417920045,false,815426615
10a,209053258454897,s1000-p100-a0,shrink-only,shrink,1000,100.0,0.0,0.0,false,false,false,ok,172.203,388.381,388.381,1.230414651647946,false,1718403736
19a,210251554330218,s1000-p100-a16,shrink-only,shrink,1000,100.0,1.6,0.0,false,false,false,ok,23.577,743.032,743.032,1.3103684833799352,false,-1819667816
29c,214387607858095,s4000-p100-a04,shrink-only,shrink,4000,100.0,0.4,0.0,false,false,false,ok,1956.431,71.102,71.102,1.0892184196819759,false,485902434
29b,214383312890792,s1000-p100-a16,shrink-only,shrink,1000,100.0,1.6,0.0,false,false,false,ok,763.341,2.451,2.451,0.9138702460850112,false,-665152500
6f,7627882180515,s1000-p0-a04,shrink-only,shrink,1000,0.0,0.4,0.0,false,false,false,ok,108.953,1585.092,1585.092,0.8989413240892368,false,1250717231
11c,209194992375568,s1000-p100-a04,shrink-only,shrink,1000,100.0,0.4,0.0,false,true,false,ok,14.515,423.993,423.993,0.8425406597162539,false,212006990
22a,213447010020210,s1000-p0-a04,shrink-only,shrink,1000,0.0,0.4,0.0,false,false,false,ok,34.528,365.439,365.439,0.7753497347352073,false,-2145268623
28a,214245873937288,s250-p100-a04,shrink-only,shrink,250,100.0,0.4,0.0,false,false,false,ok,92.72,478.513,478.513,0.8981698292585185,false,-351635764
21a,213313866034001,s1000-p100-a0,shrink-only,shrink,1000,100.0,0.0,0.0,false,false,false,ok,36.858,28.68,28.68,0.9582358837287003,false,405046416
23a,213580154006291,s4000-p100-a04,shrink-only,shrink,4000,100.0,0.4,0.0,false,false,false,ok,79.031,465.622,465.622,1.2311414357614354,false,-1576721678
25c,213855031913427,s1000-p100-a04,shrink-only,shrink,1000,100.0,0.4,0.0,false,true,false,ok,100.567,952.528,952.528,1.0726455278189901,false,35421457
27a,214112729951215,s1000-p0-a04,shrink-only,shrink,1000,0.0,0.4,0.0,false,false,false,ok,80.735,16.888,16.888,0.9599272437901439,false,-1953543145
8d,7885580217983,s250-p100-a04,shrink-only,shrink,250,100.0,0.4,0.0,false,false,false,ok,24.511,543.019,543.019,0.8964770345643365,false,1142152349
31c,217449919540374,s1000-p25-a04,shrink-only,shrink,1000,25.0,0.4,0.0,false,false,false,ok,141.166,186.134,186.134,0.8215823495788007,false,-105956113
6a,7606407344056,s1000-p400-a04,shrink-only,shrink,1000,400.0,0.4,0.0,false,false,false,ok,17.921,3.865,3.865,0.9843371959760602,false,-224470636
10a,209053258454897,s250-p100-a04,shrink-only,shrink,250,100.0,0.4,0.0,false,false,false,ok,33.672,287.827,287.827,0.9118534581760522,false,1718403736
19b,210255849297513,s1000-p25-a04,shrink-only,shrink,1000,25.0,0.4,0.0,false,false,false,ok,47.946,155.729,155.729,1.0074623727563554,false,825922194
24b,213717592959795,s250-p100-a04,shrink-only,shrink,250,100.0,0.4,0.0,false,false,false,ok,60.723,1.545,1.545,0.8687095867303908,false,-870534348
19b,210255849297513,s250-p100-a04,shrink-only,shrink,250,100.0,0.4,0.0,false,false,false,ok,18.17,149.504,149.504,0.9671907902610697,false,825922194
1c,6949277347585,s1000-p25-a04,shrink-only,shrink,1000,25.0,0.4,0.0,false,false,false,ok,6.881,1.062,1.062,0.9828782970846831,false,686382736
32b,217578768559280,s1000-p25-a04,shrink-only,shrink,1000,25.0,0.4,0.0,false,false,false,ok,7.893,141.916,141.916,0.9990355712304563,false,1520237401
31b,217445624573079,s1000-p0-a04,shrink-only,shrink,1000,0.0,0.4,0.0,false,false,false,ok,54.976,255.249,255.249,31.413328410559348,true,1691909910
4c,7348709306364,s1000-p100-a16,shrink-only,shrink,1000,100.0,1.6,0.0,false,false,false,ok,8.156,1525.773,1525.773,1.0486999787273308,false,1192923874
5a,7473263357855,s4000-p100-a04,shrink-only,shrink,4000,100.0,0.4,0.0,false,false,false,ok,40.329,152.323,152.323,0.9958452782944393,false,414652499
9d,8018724204056,s1000-p0-a04,shrink-only,shrink,1000,0.0,0.4,0.0,false,false,false,ok,23.502,1195.307,1195.307,1.0095792487196629,false,-1708131848
22b,213451304987505,s1000-p0-a04,shrink-only,shrink,1000,0.0,0.4,0.0,false,false,false,ok,31.726,115.099,115.099,0.2418653422445341,false,-2145268623
21a,213313866034001,s1000-p0-a04,shrink-only,shrink,1000,0.0,0.4,0.0,false,false,false,ok,30.69,28.286,28.286,0.9450718342799866,false,405046416
13a,209452690413356,s1000-p0-a04,shrink-only,shrink,1000,0.0,0.4,0.0,false,false,false,ok,45.431,1371.592,1371.592,1.7980970160015313,false,1188104532
19c,210260144264808,s1000-p400-a04,shrink-only,shrink,1000,400.0,0.4,0.0,false,false,false,ok,72.065,732.481,732.481,0.9677892873186587,false,1055693188
13a,209452690413356,s1000-p100-a16,shrink-only,shrink,1000,100.0,1.6,0.0,false,false,false,ok,12.707,620.989,620.989,0.814089370505059,false,-1062568155
19d,210264439232111,s1000-p400-a04,shrink-only,shrink,1000,400.0,0.4,0.0,false,false,false,ok,136.871,2939.201,2939.201,0.5061330207083621,false,-1246359705
25c,213855031913427,s4000-p100-a04,shrink-only,shrink,4000,100.0,0.4,0.0,false,false,false,ok,367.96,885.336,885.336,0.9969803523016157,false,35421457
24b,213717592959795,s1000-p0-a04,shrink-only,shrink,1000,0.0,0.4,0.0,false,false,false,ok,81.531,2.546,2.546,1.4315434354793364,false,576851097
11c,209194992375568,s1000-p100-a0,shrink-only,shrink,1000,100.0,0.0,0.0,false,false,false,ok,13.411,405.533,405.533,0.8058577414172206,false,212006990
31b,217445624573079,s250-p100-a04,shrink-only,shrink,250,100.0,0.4,0.0,false,false,false,ok,43.709,7.656,7.656,0.9422189403729,false,933065134
22a,213447010020210,s4000-p100-a04,shrink-only,shrink,4000,100.0,0.4,0.0,false,false,false,ok,85.194,350.821,350.821,0.7443348118004377,false,-2145268623
2d,7086716301089,s1000-p0-a04,shrink-only,shrink,1000,0.0,0.4,0.0,false,false,false,ok,16.917,221.149,221.149,1.5293527796795363,false,321836810
29b,214383312890792,s1000-p25-a04,shrink-only,shrink,1000,25.0,0.4,0.0,false,false,false,ok,677.956,2.696,2.696,1.005219985085757,false,-665152500
24b,213717592959795,s1000-p100-a04,shrink-only,shrink,1000,100.0,0.4,0.0,false,true,false,ok,52.107,1.828,1.828,1.0278324430700028,false,644596804
11c,209194992375568,s1000-p100-a16,shrink-only,shrink,1000,100.0,1.6,0.0,false,false,false,ok,12.649,510.435,510.435,1.0143144854803405,false,1916526955
3b,7211270352860,s250-p100-a04,shrink-only,shrink,250,100.0,0.4,0.0,false,false,false,ok,2.832,6.136,6.136,0.845878136200717,false,113844438
8d,7885580217983,s1000-p25-a04,shrink-only,shrink,1000,25.0,0.4,0.0,false,false,false,ok,13.175,583.841,583.841,0.9638705981504824,false,-1012298996
23b,213584448973586,s1000-p100-a04,shrink-only,shrink,1000,100.0,0.4,0.0,false,true,false,ok,27.149,75.212,75.212,1.5159736359421927,false,2055054090
7c,7748141264479,s1000-p100-a0,shrink-only,shrink,1000,100.0,0.0,0.0,false,false,false,ok,27.117,1351.77,1351.77,0.9056976197271992,false,-1004347469
15d,209731863287699,s1000-p100-a16,shrink-only,shrink,1000,100.0,1.6,0.0,false,false,false,ok,28.171,532.633,532.633,1.0565347964422018,false,-704972777
23c,213588743940881,s4000-p100-a04,shrink-only,shrink,4000,100.0,0.4,0.0,false,false,false,ok,70.783,847.217,847.217,0.9139756062302715,false,-1576721678
30b,217312480586998,s250-p100-a04,shrink-only,shrink,250,100.0,0.4,0.0,false,false,false,ok,63.329,32.303,32.303,0.9156698225522987,false,476359364
18a,210118410344009,s1000-p0-a04,shrink-only,shrink,1000,0.0,0.4,0.0,false,false,false,ok,80.914,1318.704,1318.704,1.3464228063135775,false,-574815707
8b,7876990283385,s1000-p100-a04,shrink-only,shrink,1000,100.0,0.4,0.0,false,true,false,ok,75.485,148.544,148.544,0.7306784196442626,false,-1718178947
21a,213313866034001,s1000-p400-a04,shrink-only,shrink,1000,400.0,0.4,0.0,false,false,false,ok,30.778,28.736,28.736,0.9601069161376545,false,405046416
31a,217441329605776,s250-p100-a04,shrink-only,shrink,250,100.0,0.4,0.0,false,false,false,ok,48.717,217.183,217.183,1.0682619709303756,false,619611693
11a,209186402440978,s1000-p100-a16,shrink-only,shrink,1000,100.0,1.6,0.0,false,false,false,ok,15.49,15.296,15.296,1.0259918838246638,false,-1535681465
3c,7215565320131,s1000-p100-a04,shrink-only,shrink,1000,100.0,0.4,0.0,false,true,false,ok,13.051,1218.104,1218.104,0.9285242222749035,false,-1572305105
29a,214379017923497,s250-p100-a04,shrink-only,shrink,250,100.0,0.4,0.0,false,false,false,ok,678.71,26.09,26.09,1.0201368523949168,false,304812620
33a,217707617578834,s1000-p400-a04,shrink-only,shrink,1000,400.0,0.4,0.0,false,false,false,ok,83.218,4.269,4.269,0.9268345636126791,false,1514619789
12b,209323841394482,s1000-p0-a04,shrink-only,shrink,1000,0.0,0.4,0.0,false,false,false,ok,12.801,1.283,1.283,0.9553239017125837,false,466548996
24a,213713297992460,s1000-p400-a04,shrink-only,shrink,1000,400.0,0.4,0.0,false,false,false,ok,146.37,117.28,117.28,0.8329101787901922,false,941138625
13b,209456985380819,s250-p100-a04,shrink-only,shrink,250,100.0,0.4,0.0,false,false,false,ok,7.658,729.662,729.662,2.1670468180144224,false,876197618
30c,217316775554293,s1000-p0-a04,shrink-only,shrink,1000,0.0,0.4,0.0,false,false,false,ok,105.367,1224.108,1224.108,1.5324240584372906,false,-1451103391
28b,214250168904591,s1000-p100-a0,shrink-only,shrink,1000,100.0,0.0,0.0,false,false,false,ok,102.859,87.643,87.643,0.8050835002112767,false,759785349
11a,209186402440978,s1000-p100-a0,shrink-only,shrink,1000,100.0,0.0,0.0,false,false,false,ok,12.92,14.543,14.543,0.9754837844182848,false,-1055439248
9a,8005839302171,s1000-p100-a0,shrink-only,shrink,1000,100.0,0.0,0.0,false,false,false,ok,97.585,487.489,487.489,0.9932852402632928,false,523020579
28a,214245873937288,s1000-p100-a04,shrink-only,shrink,1000,100.0,0.4,0.0,false,true,false,ok,116.313,443.959,443.959,0.8333119042278531,false,-937872645
8c,7881285250680,s1000-p100-a0,shrink-only,shrink,1000,100.0,0.0,0.0,false,false,false,ok,13.416,4343.791,4343.791,0.9424797174854889,false,-388506810
5b,7477558325150,s1000-p100-a0,shrink-only,shrink,1000,100.0,0.0,0.0,false,false,false,ok,7.44,213.102,213.102,0.8112871019505352,false,-1512145598
28a,214245873937288,s1000-p100-a16,shrink-only,shrink,1000,100.0,1.6,0.0,false,false,false,ok,115.922,513.868,513.868,0.9645312328430292,false,-351635764
22a,213447010020210,s1000-p100-a04,shrink-only,shrink,1000,100.0,0.4,0.0,false,true,false,ok,31.56,432.407,432.407,0.9174353387231433,false,815426615
23b,213584448973586,s1000-p100-a16,shrink-only,shrink,1000,100.0,1.6,0.0,false,false,false,ok,24.986,43.461,43.461,0.8760002418720899,false,2055054090
26c,213988175899596,s250-p100-a04,shrink-only,shrink,250,100.0,0.4,0.0,false,false,false,ok,48.093,298.715,298.715,0.8671840866501869,false,-321495561
11d,209199287342871,s1000-p0-a04,shrink-only,shrink,1000,0.0,0.4,0.0,false,false,false,ok,15.089,2149.934,2149.934,9.641997345005741,false,670874103
33b,217711912546129,s1000-p400-a04,shrink-only,shrink,1000,400.0,0.4,0.0,false,false,false,ok,89.02,3.918,3.918,0.9818318506452826,false,-1989803960
29a,214379017923497,s1000-p100-a0,shrink-only,shrink,1000,100.0,0.0,0.0,false,false,false,ok,827.222,25.799,25.799,1.0087585532746821,false,898180284
22d,213459894922103,s4000-p100-a04,shrink-only,shrink,4000,100.0,0.4,0.0,false,false,false,ok,133.952,5583.422,5583.422,9.243012600371314,false,1311334790
21c,213322455968599,s1000-p0-a04,shrink-only,shrink,1000,0.0,0.4,0.0,false,false,false,ok,34.629,42.764,42.764,1.0232213143192124,false,405046416
17e,210002446227372,s1000-p100-a0,shrink-only,shrink,1000,100.0,0.0,0.0,false,false,false,ok,14.657,4310.812,4310.812,1.0470430915520146,false,-1125412742
32a,217574473591985,s4000-p100-a04,shrink-only,shrink,4000,100.0,0.4,0.0,false,false,false,ok,134.759,0.284,0.284,1.4379746835443037,false,1765267761
30b,217312480586998,s1000-p0-a04,shrink-only,shrink,1000,0.0,0.4,0.0,false,false,false,ok,74.41,35.929,35.929,1.0184534270650263,false,1910947129
9b,8010134269466,s4000-p100-a04,shrink-only,shrink,4000,100.0,0.4,0.0,false,false,false,ok,425.73,499.648,499.648,1.004235836077666,false,1556140202
29a,214379017923497,s1000-p25-a04,shrink-only,shrink,1000,25.0,0.4,0.0,false,false,false,ok,656.42,25.177,25.177,0.984437927663734,false,898180284
15b,209723273353197,s1000-p100-a0,shrink-only,shrink,1000,100.0,0.0,0.0,false,false,false,ok,51.235,7.644,7.644,0.8811019537778803,false,-347771581
9b,8010134269466,s1000-p0-a04,shrink-only,shrink,1000,0.0,0.4,0.0,false,false,false,ok,50.134,452.704,452.704,0.9098837180088857,false,1524708452
15a,209718978385902,s1000-p100-a0,shrink-only,shrink,1000,100.0,0.0,0.0,false,false,false,ok,16.92,429.67,429.67,0.9595292462468665,false,-93948010
15a,209718978385902,s1000-p0-a04,shrink-only,shrink,1000,0.0,0.4,0.0,false,false,false,ok,14.983,428.844,428.844,0.9576846418821217,false,-662433972
28c,214254463871886,s1000-p25-a04,shrink-only,shrink,1000,25.0,0.4,0.0,false,false,false,ok,127.472,1098.747,1098.747,2.188688904537048,false,-1040088321
6f,7627882180515,s4000-p100-a04,shrink-only,shrink,4000,100.0,0.4,0.0,false,false,false,ok,418.823,1587.146,1587.146,0.9001061936865089,false,1250717231
13d,209465575315409,s4000-p100-a04,shrink-only,shrink,4000,100.0,0.4,0.0,false,false,false,ok,86.138,3060.71,3060.71,0.9937697622178133,false,-2119720580
8b,7876990283385,s4000-p100-a04,shrink-only,shrink,4000,100.0,0.4,0.0,false,false,false,ok,235.845,147.521,147.521,0.7256463481819613,false,-1987159524
27a,214112729951215,s250-p100-a04,shrink-only,shrink,250,100.0,0.4,0.0,false,false,false,ok,55.05,16.662,16.662,0.9470812254874097,false,55735656
28a,214245873937288,s1000-p100-a0,shrink-only,shrink,1000,100.0,0.0,0.0,false,false,false,ok,116.355,758.58,758.58,1.423856131555312,false,96586315
29c,214387607858095,s1000-p100-a0,shrink-only,shrink,1000,100.0,0.0,0.0,false,false,false,ok,946.278,58.881,58.881,0.902003737859616,false,1216159973
19d,210264439232111,s1000-p100-a16,shrink-only,shrink,1000,100.0,1.6,0.0,false,false,false,ok,32.743,2806.868,2806.868,0.483345160664289,false,-1246359705
14b,209590129366988,s1000-p25-a04,shrink-only,shrink,1000,25.0,0.4,0.0,false,false,false,ok,22.614,37.389,37.389,1.0117303243089661,false,1297441228
22b,213451304987505,s1000-p100-a16,shrink-only,shrink,1000,100.0,1.6,0.0,false,false,false,ok,30.994,418.989,418.989,0.8804500289463426,false,316133052
29b,214383312890792,s1000-p100-a04,shrink-only,shrink,1000,100.0,0.4,0.0,false,true,false,ok,667.566,2.477,2.477,0.9235645041014168,false,-665152500
11b,209190697408273,s1000-p100-a04,shrink-only,shrink,1000,100.0,0.4,0.0,false,true,false,ok,12.09,1.907,1.907,0.9692503176620076,false,-1446711126
27c,214121319885805,s1000-p100-a0,shrink-only,shrink,1000,100.0,0.0,0.0,false,false,false,ok,85.878,25.872,25.872,0.9875374544344141,false,-1273730499
31c,217449919540374,s4000-p100-a04,shrink-only,shrink,4000,100.0,0.4,0.0,false,false,false,ok,521.418,206.48,206.48,0.9113881587513876,false,1346825370
8d,7885580217983,s4000-p100-a04,shrink-only,shrink,4000,100.0,0.4,0.0,false,false,false,ok,338.937,674.243,674.243,1.1131164198964714,false,1460871818
1c,6949277347585,s1000-p400-a04,shrink-only,shrink,1000,400.0,0.4,0.0,false,false,false,ok,6.958,1.03,1.03,0.9532623785284591,false,686382736
30a,217308185619703,s250-p100-a04,shrink-only,shrink,250,100.0,0.4,0.0,false,false,false,ok,68.401,958.001,958.001,1.218480436922717,false,-824386529
19b,210255849297513,s1000-p100-a0,shrink-only,shrink,1000,100.0,0.0,0.0,false,false,false,ok,17.509,150.154,150.154,0.971395855099935,false,825922194
4c,7348709306364,s1000-p25-a04,shrink-only,shrink,1000,25.0,0.4,0.0,false,false,false,ok,7.873,1457.539,1457.539,1.0018011318159745,false,-430037632
21c,213322455968599,s1000-p100-a0,shrink-only,shrink,1000,100.0,0.0,0.0,false,false,false,ok,33.225,41.088,41.088,0.983119384593298,false,405046416
14b,209590129366988,s250-p100-a04,shrink-only,shrink,250,100.0,0.4,0.0,false,false,false,ok,8.06,35.978,35.978,0.9735492687150763,false,1297441228
13a,209452690413356,s1000-p25-a04,shrink-only,shrink,1000,25.0,0.4,0.0,false,false,false,ok,16.587,743.165,743.165,0.9742567533907881,false,1188104532
31b,217445624573079,s1000-p100-a0,shrink-only,shrink,1000,100.0,0.0,0.0,false,false,false,ok,55.793,7.812,7.812,0.9614177589071441,false,-744571733
9b,8010134269466,s1000-p100-a0,shrink-only,shrink,1000,100.0,0.0,0.0,false,false,false,ok,17.858,465.985,465.985,0.9365770223730531,false,-75107825
27b,214117024918510,s250-p100-a04,shrink-only,shrink,250,100.0,0.4,0.0,false,false,false,ok,81.922,5.845,5.845,1.0017996400719855,false,-1505844372
8a,7872695316090,s1000-p400-a04,shrink-only,shrink,1000,400.0,0.4,0.0,false,false,false,ok,63.395,71.428,71.428,0.74999474999475,false,-1762716238
8a,7872695316090,s250-p100-a04,shrink-only,shrink,250,100.0,0.4,0.0,false,false,false,ok,19.371,67.931,67.931,0.7132762132762133,false,-1762716238
10a,209053258454897,s4000-p100-a04,shrink-only,shrink,4000,100.0,0.4,0.0,false,false,false,ok,464.742,287.419,287.419,0.9105608893380494,false,1718403736
28c,214254463871886,s1000-p400-a04,shrink-only,shrink,1000,400.0,0.4,0.0,false,false,false,ok,122.105,464.138,464.138,0.9245565091636347,false,-676166940
17a,209985266358184,s1000-p400-a04,shrink-only,shrink,1000,400.0,0.4,0.0,false,false,false,ok,19.935,1696.351,1696.351,0.8817661614800418,false,-1125412742
32b,217578768559280,s250-p100-a04,shrink-only,shrink,250,100.0,0.4,0.0,false,false,false,ok,9.387,44.33,44.33,0.31206662302098515,false,-239234728
30a,217308185619703,s1000-p0-a04,shrink-only,shrink,1000,0.0,0.4,0.0,false,false,false,ok,216.072,819.914,819.914,1.0428477308051374,false,-358644662
18a,210118410344009,s1000-p25-a04,shrink-only,shrink,1000,25.0,0.4,0.0,false,false,false,ok,16.518,927.638,927.638,0.9471367033110649,false,-1701613315
23b,213584448973586,s1000-p400-a04,shrink-only,shrink,1000,400.0,0.4,0.0,false,false,false,ok,24.985,43.579,43.579,0.8783786507568581,false,2055054090
31a,217441329605776,s1000-p25-a04,shrink-only,shrink,1000,25.0,0.4,0.0,false,false,false,ok,68.42,175.957,175.957,0.8654828951575219,false,2133672151
13c,209461280348114,s1000-p100-a04,shrink-only,shrink,1000,100.0,0.4,0.0,false,true,false,ok,20.337,458.761,458.761,0.9751380305341079,false,876197618
32b,217578768559280,s1000-p100-a04,shrink-only,shrink,1000,100.0,0.4,0.0,false,true,false,ok,7.947,143.656,143.656,1.0112845205662675,false,1520237401
19c,210260144264808,s1000-p0-a04,shrink-only,shrink,1000,0.0,0.4,0.0,false,false,false,ok,23.748,661.16,661.16,0.8735565362154163,false,-1142457374
11a,209186402440978,s1000-p0-a04,shrink-only,shrink,1000,0.0,0.4,0.0,false,false,false,ok,13.2,14.792,14.792,0.9921856658952947,false,-1055439248
3b,7211270352860,s1000-p0-a04,shrink-only,shrink,1000,0.0,0.4,0.0,false,false,false,ok,7.733,6.28,6.28,0.8657292528260271,false,129508754
18b,210122705311304,s1000-p25-a04,shrink-only,shrink,1000,25.0,0.4,0.0,false,false,false,ok,26.86,651.968,651.968,1.001744688533532,false,-633376097
3c,7215565320131,s4000-p100-a04,shrink-only,shrink,4000,100.0,0.4,0.0,false,false,false,ok,48.912,1268.186,1268.186,0.9667002319587824,false,-1572305105
21b,213318161001296,s1000-p0-a04,shrink-only,shrink,1000,0.0,0.4,0.0,false,false,false,ok,26.696,12.514,12.514,0.9639872125717366,false,405046416
30b,217312480586998,s1000-p25-a04,shrink-only,shrink,1000,25.0,0.4,0.0,false,false,false,ok,81.5,35.852,35.852,1.0162707636487327,false,1910947129
28a,214245873937288,s1000-p25-a04,shrink-only,shrink,1000,25.0,0.4,0.0,false,false,false,ok,130.11,840.505,840.505,1.5776295154801043,false,96586315
22b,213451304987505,s1000-p100-a0,shrink-only,shrink,1000,100.0,0.0,0.0,false,false,false,ok,31.193,116.504,116.504,0.24481776412355624,false,-2145268623
13c,209461280348114,s1000-p100-a0,shrink-only,shrink,1000,100.0,0.0,0.0,false,false,false,ok,13.133,433.323,433.323,0.9210672589978903,false,876197618
30c,217316775554293,s1000-p400-a04,shrink-only,shrink,1000,400.0,0.4,0.0,false,false,false,ok,87.038,773.159,773.159,0.9678945424728187,false,-804478301
4b,7344414339069,s1000-p25-a04,shrink-only,shrink,1000,25.0,0.4,0.0,false,false,false,ok,8.019,20.952,20.952,0.9609907120743034,false,261415237
12b,209323841394482,s250-p100-a04,shrink-only,shrink,250,100.0,0.4,0.0,false,false,false,ok,7.971,1.223,1.223,0.9106478034251676,false,466548996
4c,7348709306364,s4000-p100-a04,shrink-only,shrink,4000,100.0,0.4,0.0,false,false,false,ok,26.52,1406.288,1406.288,0.9665751036913751,false,-430037632
6a,7606407344056,s1000-p25-a04,shrink-only,shrink,1000,25.0,0.4,0.0,false,false,false,ok,9.202,3.771,3.771,0.9603973003947536,false,-224470636
8d,7885580217983,s1000-p100-a16,shrink-only,shrink,1000,100.0,1.6,0.0,false,false,false,ok,14.613,581.41,581.41,0.959857229058377,false,1142152349
33a,217707617578834,s1000-p25-a04,shrink-only,shrink,1000,25.0,0.4,0.0,false,false,false,ok,146.543,8.587,8.587,1.8643074250976988,false,-2124008857
15b,209723273353197,s1000-p100-a04,shrink-only,shrink,1000,100.0,0.4,0.0,false,true,false,ok,19.899,10.475,10.475,1.2074232032735865,false,-347771581
31c,217449919540374,s1000-p100-a16,shrink-only,shrink,1000,100.0,1.6,0.0,false,false,false,ok,80.302,211.795,211.795,0.9348481939304055,false,1982821986
15b,209723273353197,s1000-p100-a16,shrink-only,shrink,1000,100.0,1.6,0.0,false,false,false,ok,14.966,5.911,5.911,0.6813440147541928,false,-1293176700
17a,209985266358184,s1000-p100-a04,shrink-only,shrink,1000,100.0,0.4,0.0,false,true,false,ok,12.81,1744.056,1744.056,0.9065633023626807,false,-1125412742
5a,7473263357855,s1000-p100-a0,shrink-only,shrink,1000,100.0,0.0,0.0,false,false,false,ok,10.826,150.822,150.822,0.9860321590496768,false,414652499
8a,7872695316090,s1000-p100-a16,shrink-only,shrink,1000,100.0,1.6,0.0,false,false,false,ok,11.536,69.179,69.179,0.7263802263802264,false,-1762716238
5b,7477558325150,s1000-p400-a04,shrink-only,shrink,1000,400.0,0.4,0.0,false,false,false,ok,6.717,222.287,222.287,0.8462547326223059,false,-1512145598
30c,217316775554293,s1000-p100-a16,shrink-only,shrink,1000,100.0,1.6,0.0,false,false,false,ok,89.382,844.423,844.423,1.057107804783395,false,-804478301
29a,214379017923497,s1000-p0-a04,shrink-only,shrink,1000,0.0,0.4,0.0,false,false,false,ok,629.262,15.259,15.259,0.5966373411534701,false,-20100233
19c,210260144264808,s1000-p100-a16,shrink-only,shrink,1000,100.0,1.6,0.0,false,false,false,ok,22.977,662.381,662.381,0.8751697804085299,false,1055693188
23c,213588743940881,s1000-p100-a16,shrink-only,shrink,1000,100.0,1.6,0.0,false,false,false,ok,21.942,904.298,904.298,0.9755544479900924,false,1835492322
10a,209053258454897,s1000-p100-a04,shrink-only,shrink,1000,100.0,0.4,0.0,false,true,false,ok,11.425,277.893,277.893,0.8803819414193862,false,1718403736
27a,214112729951215,s1000-p400-a04,shrink-only,shrink,1000,400.0,0.4,0.0,false,false,false,ok,70.979,16.833,16.833,0.9568010003978854,false,55735656
22a,213447010020210,s1000-p100-a16,shrink-only,shrink,1000,100.0,1.6,0.0,false,false,false,ok,30.805,445.191,445.191,0.9445590748565469,false,316133052
5a,7473263357855,s1000-p100-a16,shrink-only,shrink,1000,100.0,1.6,0.0,false,false,false,ok,10.551,179.717,179.717,1.1749396078021161,false,414652499
21b,213318161001296,s250-p100-a04,shrink-only,shrink,250,100.0,0.4,0.0,false,false,false,ok,12.915,12.429,12.429,0.9574394330393252,false,405046416
15c,209727568320492,s1000-p25-a04,shrink-only,shrink,1000,25.0,0.4,0.0,false,false,false,ok,24.437,525.447,525.447,0.9267175545592753,false,592161665
19b,210255849297513,s1000-p0-a04,shrink-only,shrink,1000,0.0,0.4,0.0,false,false,false,ok,13.682,149.931,149.931,0.9699531943936782,false,-1205520184
29a,214379017923497,s1000-p100-a04,shrink-only,shrink,1000,100.0,0.4,0.0,false,true,false,ok,617.151,25.829,25.829,1.0099315738025414,false,-858518681
15c,209727568320492,s250-p100-a04,shrink-only,shrink,250,100.0,0.4,0.0,false,false,false,ok,24.081,518.193,518.193,0.9139238586379492,false,1618416054
19a,210251554330221,s1000-p400-a04,shrink-only,shrink,1000,400.0,0.4,0.0,false,false,false,ok,53.36,489.604,489.604,0.8634374440626376,false,-477815540
19d,210264439232104,s1000-p25-a04,shrink-only,shrink,1000,25.0,0.4,0.0,false,false,false,ok,79.017,5335.567,5335.567,0.9187893726566687,false,-1211980585
21c,213322455968592,s1000-p100-a0,shrink-only,shrink,1000,100.0,0.0,0.0,false,false,false,ok,53.005,41.39,41.39,0.990345388636989,false,405046416
4b,7344414339066,s1000-p100-a16,shrink-only,shrink,1000,100.0,1.6,0.0,false,false,false,ok,7.466,21.588,21.588,0.9901616787065703,false,261415237
11d,209199287342864,s1000-p25-a04,shrink-only,shrink,1000,25.0,0.4,0.0,false,false,false,ok,15.285,211.014,211.014,0.9463529707233066,false,2003817464
22a,213447010020213,s1000-p400-a04,shrink-only,shrink,1000,400.0,0.4,0.0,false,false,false,ok,40.43,483.494,483.494,1.0258263202506146,false,316133052
11b,209190697408278,s1000-p100-a16,shrink-only,shrink,1000,100.0,1.6,0.0,false,false,false,ok,11.644,2.283,2.283,1.1603557814485388,false,-1446711126
11a,209186402440981,s1000-p100-a04,shrink-only,shrink,1000,100.0,0.4,0.0,false,true,false,ok,16.349,15.009,15.009,1.0067411208371064,false,-1055439248
26c,213988175899595,s1000-p400-a04,shrink-only,shrink,1000,400.0,0.4,0.0,false,false,false,ok,148.948,299.055,299.055,0.8681711230877983,false,-321495561
27c,214121319885802,s250-p100-a04,shrink-only,shrink,250,100.0,0.4,0.0,false,false,false,ok,89.316,28.798,28.798,1.0992232379716393,false,-1093302568
22b,213451304987510,s1000-p100-a16,shrink-only,shrink,1000,100.0,1.6,0.0,false,false,false,ok,46.393,567.02,567.02,1.1915176183936933,false,316133052
19a,210251554330221,s1000-p25-a04,shrink-only,shrink,1000,25.0,0.4,0.0,false,false,false,ok,28.381,513.728,513.728,0.9059811424404429,false,-477815540
24a,213713297992459,s1000-p400-a04,shrink-only,shrink,1000,400.0,0.4,0.0,false,false,false,ok,171.185,131.448,131.448,0.9335298190792394,false,941138625
19b,210255849297518,s1000-p0-a04,shrink-only,shrink,1000,0.0,0.4,0.0,false,false,false,ok,42.685,156.121,156.121,1.009998350320717,false,-1205520184
8d,7885580217976,s1000-p0-a04,shrink-only,shrink,1000,0.0,0.4,0.0,false,false,false,ok,93.598,653.015,653.015,1.07807084232049,false,-1012298996
27b,214117024918505,s250-p100-a04,shrink-only,shrink,250,100.0,0.4,0.0,false,false,false,ok,51.667,6.14,6.14,1.0523609563801524,false,-1505844372
23c,213588743940886,s250-p100-a04,shrink-only,shrink,250,100.0,0.4,0.0,false,false,false,ok,11.953,925.465,925.465,0.9983893552890207,false,1835492322
11a,209186402440981,s4000-p100-a04,shrink-only,shrink,4000,100.0,0.4,0.0,false,false,false,ok,49.189,14.238,14.238,0.9550256565046785,false,-1055439248
19a,210251554330221,s1000-p100-a04,shrink-only,shrink,1000,100.0,0.4,0.0,false,true,false,ok,25.187,512.098,512.098,0.9031065682257264,false,-477815540
1c,6949277347590,s1000-p25-a04,shrink-only,shrink,1000,25.0,0.4,0.0,false,false,false,ok,6.949,1.034,1.034,0.956964368347987,false,686382736
8b,7876990283390,s250-p100-a04,shrink-only,shrink,250,100.0,0.4,0.0,false,false,false,ok,16.966,153.245,153.245,0.7538023374783568,false,798450042
17e,210002446227371,s1000-p0-a04,shrink-only,shrink,1000,0.0,0.4,0.0,false,false,false,ok,92.397,4238.735,4238.735,1.0295364768098745,false,-1125412742
33a,217707617578837,s1000-p100-a04,shrink-only,shrink,1000,100.0,0.4,0.0,false,true,false,ok,131.088,4.468,4.468,0.9700390794615719,false,1253926702
18a,210118410344014,s1000-p100-a0,shrink-only,shrink,1000,100.0,0.0,0.0,false,false,false,ok,80.7,962.354,962.354,0.9825824243705158,false,-1701613315
12b,209323841394485,s1000-p400-a04,shrink-only,shrink,1000,400.0,0.4,0.0,false,false,false,ok,21.269,1.555,1.555,1.157855547282204,false,466548996
21b,213318161001303,s1000-p100-a04,shrink-only,shrink,1000,100.0,0.4,0.0,false,true,false,ok,33.031,12.881,12.881,0.9922582136116781,false,405046416
32b,217578768559287,s1000-p100-a04,shrink-only,shrink,1000,100.0,0.4,0.0,false,true,false,ok,27.622,78.582,78.582,0.5531878946590357,false,-888812919
11a,209186402440981,s1000-p100-a0,shrink-only,shrink,1000,100.0,0.0,0.0,false,false,false,ok,14.483,14.943,14.943,1.0023141161082603,false,-1055439248
11a,209186402440981,s1000-p400-a04,shrink-only,shrink,1000,400.0,0.4,0.0,false,false,false,ok,11.774,14.285,14.285,0.9581782204782506,false,-1055439248
21b,213318161001303,s1000-p400-a04,shrink-only,shrink,1000,400.0,0.4,0.0,false,false,false,ok,21.843,12.375,12.375,0.9532796672187344,false,405046416
27b,214117024918505,s1000-p0-a04,shrink-only,shrink,1000,0.0,0.4,0.0,false,false,false,ok,72.268,5.484,5.484,0.9399263004541948,false,1728540501
2b,7078126366500,s1000-p25-a04,shrink-only,shrink,1000,25.0,0.4,0.0,false,false,false,ok,15.082,127.934,127.934,0.946148925234163,false,321836810
30b,217312480586993,s1000-p0-a04,shrink-only,shrink,1000,0.0,0.4,0.0,false,false,false,ok,129.318,45.872,45.872,1.3003004705482168,false,1910947129
16d,209865007273867,s1000-p25-a04,shrink-only,shrink,1000,25.0,0.4,0.0,false,false,false,ok,113.346,335.856,335.856,1.1195405249096233,false,719404660
17e,210002446227371,s1000-p100-a04,shrink-only,shrink,1000,100.0,0.4,0.0,false,true,false,ok,14.093,4145.806,4145.806,1.0069651683290506,false,-1125412742
4c,7348709306363,s1000-p100-a0,shrink-only,shrink,1000,100.0,0.0,0.0,false,false,false,ok,8.681,1474.832,1474.832,1.013687020956844,false,-430037632
13c,209461280348117,s1000-p0-a04,shrink-only,shrink,1000,0.0,0.4,0.0,false,false,false,ok,23.556,536.182,536.182,1.139703373843546,false,876197618
33a,217707617578837,s250-p100-a04,shrink-only,shrink,250,100.0,0.4,0.0,false,false,false,ok,88.941,5.019,5.019,1.0896656534954408,false,14380942
32b,217578768559287,s1000-p100-a16,shrink-only,shrink,1000,100.0,1.6,0.0,false,false,false,ok,8.079,49.735,49.735,0.3501158018486058,false,-888812919
28b,214250168904584,s250-p100-a04,shrink-only,shrink,250,100.0,0.4,0.0,false,false,false,ok,82.36,281.653,281.653,2.587248075545186,false,1439246871
15a,209718978385897,s250-p100-a04,shrink-only,shrink,250,100.0,0.4,0.0,false,false,false,ok,23.13,419.778,419.778,0.9374386574138691,false,196157638
9b,8010134269469,s1000-p100-a04,shrink-only,shrink,1000,100.0,0.4,0.0,false,true,false,ok,94.936,458.333,458.333,0.9211973698623529,false,140277402
16d,209865007273867,s1000-p0-a04,shrink-only,shrink,1000,0.0,0.4,0.0,false,false,false,ok,18.245,310.179,310.179,1.033948955730855,false,719404660
11c,209194992375575,s1000-p100-a16,shrink-only,shrink,1000,100.0,1.6,0.0,false,false,false,ok,13.703,507.494,507.494,1.0084702567307493,false,1916526955
22b,213451304987510,s250-p100-a04,shrink-only,shrink,250,100.0,0.4,0.0,false,false,false,ok,19.229,423.305,423.305,0.8895195327398371,false,316133052
33b,217711912546134,s4000-p100-a04,shrink-only,shrink,4000,100.0,0.4,0.0,false,false,false,ok,195.609,7.758,7.758,1.9441172785365244,false,1896864069
31a,217441329605783,s250-p100-a04,shrink-only,shrink,250,100.0,0.4,0.0,false,false,false,ok,53.398,189.201,189.201,0.9306263987604829,false,619611693
22a,213447010020213,s4000-p100-a04,shrink-only,shrink,4000,100.0,0.4,0.0,false,false,false,ok,89.531,444.397,444.397,0.9428744498182238,false,-2145268623
9c,8014429236766,s1000-p0-a04,shrink-only,shrink,1000,0.0,0.4,0.0,false,false,false,ok,109.02,663.212,663.212,0.9970991134969026,false,-305338705
4a,7340119371769,s1000-p0-a04,shrink-only,shrink,1000,0.0,0.4,0.0,false,false,false,ok,10.984,909.286,909.286,1.2008222186565454,false,-1202259619
1c,6949277347590,s1000-p100-a0,shrink-only,shrink,1000,100.0,0.0,0.0,false,false,false,ok,8.167,1.097,1.097,1.015270708005553,false,686382736
29a,214379017923502,s1000-p0-a04,shrink-only,shrink,1000,0.0,0.4,0.0,false,false,false,ok,785.187,74.157,74.157,2.8995894428152487,false,2069007779
3c,7215565320132,s4000-p100-a04,shrink-only,shrink,4000,100.0,0.4,0.0,false,false,false,ok,47.405,1267.3,1267.3,0.9660248606760877,false,-1572305105
9d,8018724204063,s4000-p100-a04,shrink-only,shrink,4000,100.0,0.4,0.0,false,false,false,ok,483.111,1220.435,1220.435,1.0308028401165406,false,-1708131848
8d,7885580217976,s1000-p100-a04,shrink-only,shrink,1000,100.0,0.4,0.0,false,true,false,ok,13.944,566.264,566.264,0.9348525033203984,false,-1012298996
24b,213717592959796,s1000-p100-a0,shrink-only,shrink,1000,100.0,0.0,0.0,false,false,false,ok,119.842,1.746,1.746,0.9817261737419174,false,-870534348
19b,210255849297518,s1000-p100-a04,shrink-only,shrink,1000,100.0,0.4,0.0,false,true,false,ok,14.483,154.529,154.529,0.9996991761307581,false,825922194
11c,209194992375575,s1000-p25-a04,shrink-only,shrink,1000,25.0,0.4,0.0,false,false,false,ok,12.844,347.545,347.545,0.6906264810529548,false,212006990
24a,213713297992459,s1000-p25-a04,shrink-only,shrink,1000,25.0,0.4,0.0,false,false,false,ok,60.898,181.858,181.858,1.291536317312643,false,2055842777
27b,214117024918505,s1000-p400-a04,shrink-only,shrink,1000,400.0,0.4,0.0,false,false,false,ok,68.132,5.792,5.792,0.9927157425657724,false,-1505844372
6b,7610702311352,s1000-p400-a04,shrink-only,shrink,1000,400.0,0.4,0.0,false,false,false,ok,41.641,3.903,3.903,0.9352983465132998,false,1482096114
6a,7606407344063,s1000-p25-a04,shrink-only,shrink,1000,25.0,0.4,0.0,false,false,false,ok,43.201,3.963,3.963,1.0092958105182732,false,-224470636
11b,209190697408278,s250-p100-a04,shrink-only,shrink,250,100.0,0.4,0.0,false,false,false,ok,4.602,1.823,1.823,0.926556543837357,false,-1446711126
27c,214121319885802,s1000-p100-a16,shrink-only,shrink,1000,100.0,1.6,0.0,false,false,false,ok,98.913,26.58,26.58,1.0145619023989922,false,-1093302568
21b,213318161001303,s1000-p100-a0,shrink-only,shrink,1000,100.0,0.0,0.0,false,false,false,ok,23.662,12.46,12.46,0.9598274467511458,false,405046416
24b,213717592959796,s1000-p100-a16,shrink-only,shrink,1000,100.0,1.6,0.0,false,false,false,ok,51.971,1.566,1.566,0.8805172898509981,false,-870534348
15b,209723273353194,s1000-p25-a04,shrink-only,shrink,1000,25.0,0.4,0.0,false,false,false,ok,54.697,6.175,6.175,0.7117745374906346,false,-347771581
31c,217449919540369,s250-p100-a04,shrink-only,shrink,250,100.0,0.4,0.0,false,false,false,ok,55.544,226.349,226.349,0.999088523562659,false,1982821986
33b,217711912546134,s1000-p400-a04,shrink-only,shrink,1000,400.0,0.4,0.0,false,false,false,ok,87.33,3.79,3.79,0.9497556697155746,false,-1989803960
29a,214379017923502,s1000-p100-a04,shrink-only,shrink,1000,100.0,0.4,0.0,false,true,false,ok,614.84,25.665,25.665,1.0035190615835776,false,-858518681
27a,214112729951208,s1000-p100-a0,shrink-only,shrink,1000,100.0,0.0,0.0,false,false,false,ok,88.684,16.975,16.975,0.964872392428807,false,-1953543145
5b,7477558325145,s1000-p100-a16,shrink-only,shrink,1000,100.0,1.6,0.0,false,false,false,ok,7.736,292.517,292.517,1.1136229092231171,false,1589551454
3c,7215565320132,s1000-p100-a16,shrink-only,shrink,1000,100.0,1.6,0.0,false,false,false,ok,12.877,1292.82,1292.82,0.985477992881922,false,-1572305105
17e,210002446227371,s1000-p100-a16,shrink-only,shrink,1000,100.0,1.6,0.0,false,false,false,ok,13.737,4063.54,4063.54,0.986983771095857,false,-1125412742
10a,209053258454902,s1000-p400-a04,shrink-only,shrink,1000,400.0,0.4,0.0,false,false,false,ok,105.321,288.128,288.128,0.912807044500167,false,1718403736
22d,213459894922096,s1000-p100-a16,shrink-only,shrink,1000,100.0,1.6,0.0,false,false,false,ok,45.361,650.169,650.169,1.0763148942298857,false,-438265046
31a,217441329605783,s1000-p25-a04,shrink-only,shrink,1000,25.0,0.4,0.0,false,false,false,ok,107.683,188.372,188.372,0.9265487813875705,false,499229554
6a,7606407344063,s1000-p100-a04,shrink-only,shrink,1000,100.0,0.4,0.0,false,true,false,ok,9.173,3.699,3.699,0.9420603590984337,false,-224470636
31a,217441329605783,s1000-p100-a16,shrink-only,shrink,1000,100.0,1.6,0.0,false,false,false,ok,61.457,189.563,189.563,0.9324069747423821,false,619611693
15b,209723273353194,s1000-p100-a04,shrink-only,shrink,1000,100.0,0.4,0.0,false,true,false,ok,16.777,5.948,5.948,0.6856088986225578,false,-347771581
23b,213584448973589,s4000-p100-a04,shrink-only,shrink,4000,100.0,0.4,0.0,false,false,false,ok,77.726,60.124,60.124,1.2118597948118437,false,-439854755
25c,213855031913428,s1000-p25-a04,shrink-only,shrink,1000,25.0,0.4,0.0,false,false,false,ok,86.424,1105.202,1105.202,1.2445723198022562,false,35421457
5b,7477558325145,s4000-p100-a04,shrink-only,shrink,4000,100.0,0.4,0.0,false,false,false,ok,26.711,286.698,286.698,1.0914697635639954,false,1589551454
27c,214121319885802,s1000-p100-a0,shrink-only,shrink,1000,100.0,0.0,0.0,false,false,false,ok,96.938,27.462,27.462,1.0482279519819835,false,-1273730499
9a,8005839302172,s1000-p100-a04,shrink-only,shrink,1000,100.0,0.4,0.0,false,true,false,ok,96.711,510.846,510.846,1.040876392795616,false,1576652456
22d,213459894922096,s1000-p0-a04,shrink-only,shrink,1000,0.0,0.4,0.0,false,false,false,ok,42.309,5116.431,5116.431,8.469937647903096,false,1311334790
16d,209865007273867,s4000-p100-a04,shrink-only,shrink,4000,100.0,0.4,0.0,false,false,false,ok,389.865,274.682,274.682,0.9156234530966401,false,719404660
10a,209053258454902,s1000-p100-a16,shrink-only,shrink,1000,100.0,1.6,0.0,false,false,false,ok,11.103,285.62,285.62,0.9048615478195029,false,1718403736
4c,7348709306363,s250-p100-a04,shrink-only,shrink,250,100.0,0.4,0.0,false,false,false,ok,4.195,1452.168,1452.168,0.9981095161000426,false,-430037632
23a,213580154006292,s4000-p100-a04,shrink-only,shrink,4000,100.0,0.4,0.0,false,false,false,ok,69.889,360.292,360.292,0.9526405757746822,false,-1576721678
23a,213580154006292,s1000-p100-a0,shrink-only,shrink,1000,100.0,0.0,0.0,false,false,false,ok,34.419,348.929,348.929,0.9225959040569429,false,-1576721678
22b,213451304987510,s1000-p100-a04,shrink-only,shrink,1000,100.0,0.4,0.0,false,true,false,ok,30.986,417.639,417.639,0.8776131823010189,false,815426615
8d,7885580217976,s1000-p25-a04,shrink-only,shrink,1000,25.0,0.4,0.0,false,false,false,ok,12.445,604.903,604.903,0.9986421241965214,false,-1012298996
16c,209860712306570,s1000-p25-a04,shrink-only,shrink,1000,25.0,0.4,0.0,false,false,false,ok,87.27,341.372,341.372,0.8467722531595332,false,719404660
15a,209718978385897,s1000-p100-a0,shrink-only,shrink,1000,100.0,0.0,0.0,false,false,false,ok,52.288,406.12,406.12,0.9069379232568656,false,-93948010
21a,213313866034006,s1000-p25-a04,shrink-only,shrink,1000,25.0,0.4,0.0,false,false,false,ok,98.902,35.225,35.225,1.1769127965252255,false,405046416
27b,214117024918505,s1000-p25-a04,shrink-only,shrink,1000,25.0,0.4,0.0,false,false,false,ok,73.006,6.028,6.028,1.033164795612306,false,1728540501
4b,7344414339066,s1000-p100-a0,shrink-only,shrink,1000,100.0,0.0,0.0,false,false,false,ok,7.764,21.335,21.335,0.9785575048732943,false,261415237
15b,209723273353194,s1000-p0-a04,shrink-only,shrink,1000,0.0,0.4,0.0,false,false,false,ok,15.577,5.991,5.991,0.6905653852803872,false,1563801558
25c,213855031913428,s1000-p100-a04,shrink-only,shrink,1000,100.0,0.4,0.0,false,true,false,ok,39.137,883.81,883.81,0.995261917698694,false,35421457
30a,217308185619696,s250-p100-a04,shrink-only,shrink,250,100.0,0.4,0.0,false,false,false,ok,67.264,548.43,548.43,0.6975475245031326,false,-824386529
33a,217707617578837,s1000-p400-a04,shrink-only,shrink,1000,400.0,0.4,0.0,false,false,false,ok,84.921,4.159,4.159,0.902952670429874,false,1514619789
23b,213584448973589,s1000-p25-a04,shrink-only,shrink,1000,25.0,0.4,0.0,false,false,false,ok,26.151,43.083,43.083,0.8683812710378328,false,-439854755
16d,209865007273867,s250-p100-a04,shrink-only,shrink,250,100.0,0.4,0.0,false,false,false,ok,25.628,274.694,274.694,0.9156634538299869,false,719404660
6f,7627882180516,s1000-p100-a0,shrink-only,shrink,1000,100.0,0.0,0.0,false,false,false,ok,64.666,1713.781,1713.781,0.9719237503810354,false,1250717231
13a,209452690413355,s250-p100-a04,shrink-only,shrink,250,100.0,0.4,0.0,false,false,false,ok,11.91,684.923,684.923,0.8979040432510664,false,-1062568155
27c,214121319885802,s1000-p100-a04,shrink-only,shrink,1000,100.0,0.4,0.0,false,true,false,ok,84.285,25.65,25.65,0.9790636868523005,false,-1273730499
2b,7078126366500,s1000-p100-a0,shrink-only,shrink,1000,100.0,0.0,0.0,false,false,false,ok,9.032,124.719,124.719,0.9223720653327464,false,321836810
28c,214254463871881,s1000-p100-a0,shrink-only,shrink,1000,100.0,0.0,0.0,false,false,false,ok,114.153,1127.273,1127.273,2.245512304001004,false,-1040088321
9a,8005839302172,s250-p100-a04,shrink-only,shrink,250,100.0,0.4,0.0,false,false,false,ok,27.122,477.617,477.617,0.9731705055885017,false,1576652456
30b,217312480586993,s1000-p25-a04,shrink-only,shrink,1000,25.0,0.4,0.0,false,false,false,ok,73.172,34.797,34.797,0.9863654402176991,false,1910947129
15d,209731863287700,s1000-p0-a04,shrink-only,shrink,1000,0.0,0.4,0.0,false,false,false,ok,98.873,884.072,884.072,1.7536518213483772,false,502765013
6f,7627882180516,s1000-p100-a16,shrink-only,shrink,1000,100.0,1.6,0.0,false,false,false,ok,10.533,1776.363,1776.363,1.0074154101358967,false,1250717231
25c,213855031913428,s250-p100-a04,shrink-only,shrink,250,100.0,0.4,0.0,false,false,false,ok,27.828,945.506,945.506,1.0647380259961094,false,35421457
6a,7606407344063,s250-p100-a04,shrink-only,shrink,250,100.0,0.4,0.0,false,false,false,ok,15.417,3.981,3.981,1.0138800458423531,false,-224470636
13a,209452690413355,s1000-p100-a0,shrink-only,shrink,1000,100.0,0.0,0.0,false,false,false,ok,27.515,823.715,823.715,1.0798542741104507,false,1188104532
29a,214379017923502,s1000-p100-a16,shrink-only,shrink,1000,100.0,1.6,0.0,false,false,false,ok,699.488,26.216,26.216,1.0250635386119256,false,-858518681
22a,213447010020213,s1000-p0-a04,shrink-only,shrink,1000,0.0,0.4,0.0,false,false,false,ok,45.067,391.152,391.152,0.8299048526324387,false,-2145268623
32a,217574473591990,s1000-p100-a04,shrink-only,shrink,1000,100.0,0.4,0.0,false,true,false,ok,17.868,0.179,0.179,0.9063291139240506,false,-1917286155
19a,210251554330221,s250-p100-a04,shrink-only,shrink,250,100.0,0.4,0.0,false,false,false,ok,59.098,928.01,928.01,1.6365850411037661,false,-1819667816
11d,209199287342864,s4000-p100-a04,shrink-only,shrink,4000,100.0,0.4,0.0,false,false,false,ok,54.648,220.326,220.326,0.988115312858783,false,2003817464
7c,7748141264472,s1000-p0-a04,shrink-only,shrink,1000,0.0,0.4,0.0,false,false,false,ok,188.356,2486.687,2486.687,1.6661018493579305,false,52935710
24a,213713297992459,s1000-p100-a04,shrink-only,shrink,1000,100.0,0.4,0.0,false,true,false,ok,64.338,138.069,138.069,0.9805514621025158,false,672276191
19c,210260144264815,s1000-p0-a04,shrink-only,shrink,1000,0.0,0.4,0.0,false,false,false,ok,55.942,772.837,772.837,1.02110958433528,false,-1142457374
15d,209731863287700,s1000-p100-a0,shrink-only,shrink,1000,100.0,0.0,0.0,false,false,false,ok,20.719,566.919,566.919,1.1245447620861204,false,-704972777
23c,213588743940886,s1000-p400-a04,shrink-only,shrink,1000,400.0,0.4,0.0,false,false,false,ok,26.078,929.126,929.126,1.0023388330431369,false,1835492322
30c,217316775554290,s1000-p100-a04,shrink-only,shrink,1000,100.0,0.4,0.0,false,true,false,ok,139.939,859.087,859.087,1.0754652261816087,false,-804478301
21c,213322455968592,s4000-p100-a04,shrink-only,shrink,4000,100.0,0.4,0.0,false,false,false,ok,135.244,42.667,42.667,1.0209003792455764,false,405046416
9c,8014429236766,s1000-p100-a16,shrink-only,shrink,1000,100.0,1.6,0.0,false,false,false,ok,19.596,622.385,622.385,0.9357181892875426,false,659609918
33b,217711912546134,s1000-p100-a16,shrink-only,shrink,1000,100.0,1.6,0.0,false,false,false,ok,77.635,3.788,3.788,0.9492544793885478,false,-1989803960
11a,209186402440981,s1000-p0-a04,shrink-only,shrink,1000,0.0,0.4,0.0,false,false,false,ok,13.02,14.552,14.552,0.9760874668813093,false,-1055439248
29c,214387607858088,s250-p100-a04,shrink-only,shrink,250,100.0,0.4,0.0,false,false,false,ok,838.384,78.905,78.905,1.208753331903551,false,1025211200
25c,213855031913428,s1000-p0-a04,shrink-only,shrink,1000,0.0,0.4,0.0,false,false,false,ok,40.235,853.705,853.705,0.961360558772772,false,35421457
3c,7215565320132,s1000-p100-a0,shrink-only,shrink,1000,100.0,0.0,0.0,false,false,false,ok,12.937,1275.074,1275.074,0.971950748206188,false,-1572305105
24a,213713297992459,s1000-p0-a04,shrink-only,shrink,1000,0.0,0.4,0.0,false,false,false,ok,58.998,110.383,110.383,0.7839284129041422,false,-520825330
23a,213580154006292,s1000-p400-a04,shrink-only,shrink,1000,400.0,0.4,0.0,false,false,false,ok,22.896,349.944,349.944,0.925279644424232,false,1835492322
9b,8010134269469,s4000-p100-a04,shrink-only,shrink,4000,100.0,0.4,0.0,false,false,false,ok,329.631,500.129,500.129,1.0052025915478238,false,1556140202
31a,217441329605783,s1000-p100-a04,shrink-only,shrink,1000,100.0,0.4,0.0,false,true,false,ok,62.821,194.262,194.262,0.9555200314797964,false,499229554
11b,209190697408278,s1000-p25-a04,shrink-only,shrink,1000,25.0,0.4,0.0,false,false,false,ok,10.584,1.872,1.872,0.9514612452350699,false,-1446711126
16c,209860712306570,s1000-p100-a04,shrink-only,shrink,1000,100.0,0.4,0.0,false,true,false,ok,20.93,426.697,426.697,1.0584206675017673,false,719404660
9c,8014429236766,s1000-p400-a04,shrink-only,shrink,1000,400.0,0.4,0.0,false,false,false,ok,17.492,619.405,619.405,0.9312379395963115,false,659609918
29c,214387607858088,s1000-p25-a04,shrink-only,shrink,1000,25.0,0.4,0.0,false,false,false,ok,987.657,57.076,57.076,0.8743527681607893,false,1216159973
21a,213313866034006,s1000-p0-a04,shrink-only,shrink,1000,0.0,0.4,0.0,false,false,false,ok,31.302,29.209,29.209,0.9759104577347143,false,405046416
16d,209865007273867,s1000-p100-a04,shrink-only,shrink,1000,100.0,0.4,0.0,false,true,false,ok,20.988,272.216,272.216,0.9074033023938772,false,719404660
14b,209590129366987,s1000-p100-a0,shrink-only,shrink,1000,100.0,0.0,0.0,false,false,false,ok,19.921,36.709,36.709,0.9933298155890193,false,1297441228
2d,7086716301094,s250-p100-a04,shrink-only,shrink,250,100.0,0.4,0.0,false,false,false,ok,3.319,132.521,132.521,0.9164470999910097,false,321836810
10a,209053258454902,s1000-p100-a0,shrink-only,shrink,1000,100.0,0.0,0.0,false,false,false,ok,11.038,290.857,290.857,0.9214526826347496,false,1718403736
13b,209456985380820,s1000-p400-a04,shrink-only,shrink,1000,400.0,0.4,0.0,false,false,false,ok,20.486,368.834,368.834,1.095412048421778,false,-2119720580
29b,214383312890799,s1000-p25-a04,shrink-only,shrink,1000,25.0,0.4,0.0,false,false,false,ok,743.822,2.429,2.429,0.9056674123788218,false,-665152500
2b,7078126366500,s250-p100-a04,shrink-only,shrink,250,100.0,0.4,0.0,false,false,false,ok,4.207,122.249,122.249,0.9041049287988432,false,321836810
8c,7881285250687,s1000-p100-a04,shrink-only,shrink,1000,100.0,0.4,0.0,false,true,false,ok,67.626,4634.036,4634.036,1.0054546685366732,false,-388506810
11c,209194992375575,s250-p100-a04,shrink-only,shrink,250,100.0,0.4,0.0,false,false,false,ok,14.839,522.22,522.22,1.0377331307757962,false,1916526955
15a,209718978385897,s4000-p100-a04,shrink-only,shrink,4000,100.0,0.4,0.0,false,false,false,ok,119.004,486.595,486.595,1.086652858187665,false,-93948010
21a,213313866034006,s4000-p100-a04,shrink-only,shrink,4000,100.0,0.4,0.0,false,false,false,ok,99.748,29.346,29.346,0.9804878048780488,false,405046416
28a,214245873937295,s4000-p100-a04,shrink-only,shrink,4000,100.0,0.4,0.0,false,false,false,ok,217.574,786.433,786.433,1.4761362665868316,false,96586315
14b,209590129366987,s1000-p25-a04,shrink-only,shrink,1000,25.0,0.4,0.0,false,false,false,ok,61.379,36.98,36.98,1.000662959505351,false,-725338943
22d,213459894922096,s250-p100-a04,shrink-only,shrink,250,100.0,0.4,0.0,false,false,false,ok,21.353,541.177,541.177,0.8958853244535603,false,-438265046
18b,210122705311311,s1000-p100-a16,shrink-only,shrink,1000,100.0,1.6,0.0,false,false,false,ok,53.184,667.265,667.265,1.0252484318161739,false,-1852800932
3c,7215565320132,s1000-p400-a04,shrink-only,shrink,1000,400.0,0.4,0.0,false,false,false,ok,12.023,1297.778,1297.778,0.9892573278927577,false,-1572305105
10a,209053258454902,s1000-p25-a04,shrink-only,shrink,1000,25.0,0.4,0.0,false,false,false,ok,12.717,355.187,355.187,1.125254038881611,false,1718403736
17e,210002446227371,s1000-p400-a04,shrink-only,shrink,1000,400.0,0.4,0.0,false,false,false,ok,15.713,4223.445,4223.445,1.0258227243034255,false,-1125412742
28c,214254463871881,s1000-p25-a04,shrink-only,shrink,1000,25.0,0.4,0.0,false,false,false,ok,133.97,1341.112,1341.112,2.671476649439306,false,-1040088321
5a,7473263357848,s250-p100-a04,shrink-only,shrink,250,100.0,0.4,0.0,false,false,false,ok,4.851,151.446,151.446,0.9901116969635554,false,414652499
16d,209865007273867,s1000-p100-a16,shrink-only,shrink,1000,100.0,1.6,0.0,false,false,false,ok,20.534,373.701,373.701,1.2456928377020244,false,719404660
9b,8010134269469,s1000-p100-a16,shrink-only,shrink,1000,100.0,1.6,0.0,false,false,false,ok,16.734,465.842,465.842,0.9362896085846277,false,140277402
13b,209456985380820,s1000-p25-a04,shrink-only,shrink,1000,25.0,0.4,0.0,false,false,false,ok,17.974,325.448,325.448,0.9665585611271488,false,-2119720580
19a,210251554330221,s1000-p100-a16,shrink-only,shrink,1000,100.0,1.6,0.0,false,false,false,ok,53.708,469.467,469.467,0.8279249894848781,false,-477815540
4b,7344414339066,s1000-p0-a04,shrink-only,shrink,1000,0.0,0.4,0.0,false,false,false,ok,8.128,29.748,29.748,1.3644306845545235,false,611794456
3b,7211270352859,s1000-p100-a0,shrink-only,shrink,1000,100.0,0.0,0.0,false,false,false,ok,8.813,6.968,6.968,0.960573476702509,false,129508754
31b,217445624573072,s1000-p25-a04,shrink-only,shrink,1000,25.0,0.4,0.0,false,false,false,ok,86.556,7.799,7.799,0.9598178573626238,false,-744571733
6b,7610702311352,s1000-p100-a16,shrink-only,shrink,1000,100.0,1.6,0.0,false,false,false,ok,10.235,3.96,3.96,0.9489575844716032,false,1482096114
3b,7211270352859,s1000-p0-a04,shrink-only,shrink,1000,0.0,0.4,0.0,false,false,false,ok,5.771,6.396,6.396,0.8817204301075269,false,129508754
27c,214121319885802,s4000-p100-a04,shrink-only,shrink,4000,100.0,0.4,0.0,false,false,false,ok,208.731,25.775,25.775,0.9838349523827699,false,-1273730499
15c,209727568320491,s1000-p0-a04,shrink-only,shrink,1000,0.0,0.4,0.0,false,false,false,ok,45.243,571.286,571.286,1.0075626369052446,false,-848300716
23a,213580154006292,s1000-p100-a16,shrink-only,shrink,1000,100.0,1.6,0.0,false,false,false,ok,22.165,352.169,352.169,0.9311627205988311,false,1835492322
10a,209053258454902,s1000-p100-a04,shrink-only,shrink,1000,100.0,0.4,0.0,false,true,false,ok,10.335,287.174,287.174,0.9097847144230722,false,1718403736
31a,217441329605783,s1000-p0-a04,shrink-only,shrink,1000,0.0,0.4,0.0,false,false,false,ok,62.585,183.54,183.54,0.9027815351319446,false,2133672151
9a,8005839302172,s1000-p400-a04,shrink-only,shrink,1000,400.0,0.4,0.0,false,false,false,ok,18.832,470.376,470.376,0.9584165759106084,false,1576652456
22b,213451304987510,s1000-p400-a04,shrink-only,shrink,1000,400.0,0.4,0.0,false,false,false,ok,31.785,460.725,460.725,0.9681527190124413,false,316133052
6b,7610702311352,s1000-p100-a04,shrink-only,shrink,1000,100.0,0.4,0.0,false,true,false,ok,9.752,4.101,4.101,0.98274622573688,false,1482096114
31b,217445624573072,s1000-p400-a04,shrink-only,shrink,1000,400.0,0.4,0.0,false,false,false,ok,56.277,7.58,7.58,0.932865669804935,false,933065134
23c,213588743940886,s4000-p100-a04,shrink-only,shrink,4000,100.0,0.4,0.0,false,false,false,ok,70.538,891.167,891.167,0.9613887576351896,false,-1576721678
2b,7078126366500,s1000-p400-a04,shrink-only,shrink,1000,400.0,0.4,0.0,false,false,false,ok,9.741,124.398,124.398,0.9199980771435226,false,321836810
8c,7881285250687,s1000-p0-a04,shrink-only,shrink,1000,0.0,0.4,0.0,false,false,false,ok,13.11,4423.606,4423.606,0.9597973137167771,false,-388506810
29b,214383312890799,s1000-p100-a0,shrink-only,shrink,1000,100.0,0.0,0.0,false,false,false,ok,699.144,2.737,2.737,1.0205070842654735,false,-665152500
19c,210260144264815,s1000-p400-a04,shrink-only,shrink,1000,400.0,0.4,0.0,false,false,false,ok,23.893,665.998,665.998,0.8799487355653622,false,1055693188
28b,214250168904584,s1000-p100-a0,shrink-only,shrink,1000,100.0,0.0,0.0,false,false,false,ok,101.495,89.028,89.028,0.8178060296522204,false,1300118193
30c,217316775554290,s1000-p25-a04,shrink-only,shrink,1000,25.0,0.4,0.0,false,false,false,ok,87.256,1280.657,1280.657,1.6032160539806333,false,-1451103391
11b,209190697408278,s4000-p100-a04,shrink-only,shrink,4000,100.0,0.4,0.0,false,false,false,ok,31.679,1.984,1.984,1.0083862770012706,false,-1446711126
11d,209199287342864,s250-p100-a04,shrink-only,shrink,250,100.0,0.4,0.0,false,false,false,ok,5.561,199.677,199.677,0.8955089336969001,false,2003817464
23c,213588743940886,s1000-p100-a04,shrink-only,shrink,1000,100.0,0.4,0.0,false,true,false,ok,22.087,911.016,911.016,0.9828018097907348,false,1835492322
15c,209727568320491,s1000-p25-a04,shrink-only,shrink,1000,25.0,0.4,0.0,false,false,false,ok,18.925,514.103,514.103,0.9067104293136835,false,592161665
30c,217316775554290,s250-p100-a04,shrink-only,shrink,250,100.0,0.4,0.0,false,false,false,ok,78.607,556.509,556.509,0.6966769111360094,false,-1984686161
22d,213459894922096,s1000-p100-a04,shrink-only,shrink,1000,100.0,0.4,0.0,false,true,false,ok,42.038,529.4,529.4,0.8763892234254501,false,-438265046
14b,209590129366987,s1000-p100-a04,shrink-only,shrink,1000,100.0,0.4,0.0,false,true,false,ok,19.11,36.241,36.241,0.9806659360582322,false,1297441228
15d,209731863287700,s1000-p100-a16,shrink-only,shrink,1000,100.0,1.6,0.0,false,false,false,ok,20.789,507.169,507.169,1.006024215879968,false,-704972777
9c,8014429236766,s4000-p100-a04,shrink-only,shrink,4000,100.0,0.4,0.0,false,false,false,ok,406.427,627.821,627.821,0.9438908863753052,false,906638406
29b,214383312890799,s1000-p100-a04,shrink-only,shrink,1000,100.0,0.4,0.0,false,true,false,ok,687.193,2.428,2.428,0.9052945563012678,false,-665152500
28a,214245873937295,s1000-p25-a04,shrink-only,shrink,1000,25.0,0.4,0.0,false,false,false,ok,116.502,767.383,767.383,1.440379379632089,false,96586315
29b,214383312890799,s4000-p100-a04,shrink-only,shrink,4000,100.0,0.4,0.0,false,false,false,ok,1005.979,2.44,2.44,0.9097688292319165,false,-665152500
28a,214245873937295,s1000-p100-a0,shrink-only,shrink,1000,100.0,0.0,0.0,false,false,false,ok,110.502,768.397,768.397,1.4422826595991287,false,96586315
28c,214254463871881,s4000-p100-a04,shrink-only,shrink,4000,100.0,0.4,0.0,false,false,false,ok,246.11,989.003,989.003,1.9700803666848272,false,-1040088321
18b,210122705311311,s1000-p100-a04,shrink-only,shrink,1000,100.0,0.4,0.0,false,true,false,ok,20.791,734.185,734.185,1.1280705865180365,false,-2103027714
22d,213459894922096,s1000-p100-a0,shrink-only,shrink,1000,100.0,0.0,0.0,false,false,false,ok,41.65,5329.612,5329.612,8.822845715600605,false,1311334790
23b,213584448973589,s250-p100-a04,shrink-only,shrink,250,100.0,0.4,0.0,false,false,false,ok,14.885,44.839,44.839,0.903775220204382,false,2055054090
17e,210002446227371,s4000-p100-a04,shrink-only,shrink,4000,100.0,0.4,0.0,false,false,false,ok,349.251,4097.685,4097.685,0.9952771706598008,false,-1125412742
15b,209723273353194,s1000-p100-a0,shrink-only,shrink,1000,100.0,0.0,0.0,false,false,false,ok,17.273,6.168,6.168,0.7109676675695926,false,-347771581
24a,213713297992459,s4000-p100-a04,shrink-only,shrink,4000,100.0,0.4,0.0,false,false,false,ok,508.888,116.405,116.405,0.8266960211636454,false,2055842777
31c,217449919540369,s1000-p100-a04,shrink-only,shrink,1000,100.0,0.4,0.0,false,true,false,ok,165.437,240.028,240.028,1.0594666649010949,false,1346825370
9a,8005839302172,s1000-p25-a04,shrink-only,shrink,1000,25.0,0.4,0.0,false,false,false,ok,19.851,481.582,481.582,0.981249407835822,false,2029736178
23c,213588743940886,s1000-p25-a04,shrink-only,shrink,1000,25.0,0.4,0.0,false,false,false,ok,33.437,916.74,916.74,0.98897684684743,false,-1576721678
9a,8005839302172,s4000-p100-a04,shrink-only,shrink,4000,100.0,0.4,0.0,false,false,false,ok,336.823,460.27,460.27,0.937825053562205,false,1576652456
16c,209860712306570,s250-p100-a04,shrink-only,shrink,250,100.0,0.4,0.0,false,false,false,ok,23.993,372.676,372.676,0.9244217341155168,false,719404660
13c,209461280348117,s1000-p25-a04,shrink-only,shrink,1000,25.0,0.4,0.0,false,false,false,ok,19.185,585.121,585.121,1.2437276480872343,false,876197618
13d,209465575315414,s4000-p100-a04,shrink-only,shrink,4000,100.0,0.4,0.0,false,false,false,ok,100.178,4077.063,4077.063,1.3237653773330516,false,-2119720580
32b,217578768559287,s1000-p100-a0,shrink-only,shrink,1000,100.0,0.0,0.0,false,false,false,ok,29.158,45.372,45.372,0.3194019133703618,false,145399798
27a,214112729951208,s1000-p400-a04,shrink-only,shrink,1000,400.0,0.4,0.0,false,false,false,ok,126.373,17.694,17.694,1.005740919683965,false,704699266
25c,213855031913428,s1000-p100-a0,shrink-only,shrink,1000,100.0,0.0,0.0,false,false,false,ok,42.243,960.518,960.518,1.0816430982497531,false,35421457
2d,7086716301094,s1000-p400-a04,shrink-only,shrink,1000,400.0,0.4,0.0,false,false,false,ok,14.27,132.483,132.483,0.9161843115288064,false,321836810
14b,209590129366987,s1000-p100-a16,shrink-only,shrink,1000,100.0,1.6,0.0,false,false,false,ok,20.852,70.996,70.996,1.9211213486490508,false,1297441228
17a,209985266358191,s250-p100-a04,shrink-only,shrink,250,100.0,0.4,0.0,false,false,false,ok,24.086,1927.887,1927.887,1.0021189716970564,false,-1125412742
30b,217312480586993,s1000-p100-a04,shrink-only,shrink,1000,100.0,0.4,0.0,false,true,false,ok,93.085,34.54,34.54,0.9790804467373432,false,-1031970200
13d,209465575315414,s1000-p0-a04,shrink-only,shrink,1000,0.0,0.4,0.0,false,false,false,ok,24.82,2814.23,2814.23,0.9137411508853295,false,-2119720580
10a,209053258454902,s1000-p0-a04,shrink-only,shrink,1000,0.0,0.4,0.0,false,false,false,ok,12.659,289.029,289.029,0.9156614673507565,false,1718403736
27b,214117024918505,s1000-p100-a0,shrink-only,shrink,1000,100.0,0.0,0.0,false,false,false,ok,67.093,5.609,5.609,0.9613505870254521,false,1728540501
9d,8018724204063,s1000-p400-a04,shrink-only,shrink,1000,400.0,0.4,0.0,false,false,false,ok,116.368,1351.339,1351.339,1.141366872598906,false,969253244
19d,210264439232104,s1000-p100-a04,shrink-only,shrink,1000,100.0,0.4,0.0,false,true,false,ok,74.41,5779.077,5779.077,0.9951621882668858,false,723032794
28c,214254463871881,s1000-p100-a04,shrink-only,shrink,1000,100.0,0.4,0.0,false,true,false,ok,116.738,1250.423,1250.423,2.4908254093780724,false,-1331141441
26c,213988175899595,s1000-p100-a16,shrink-only,shrink,1000,100.0,1.6,0.0,false,false,false,ok,169.722,312.977,312.977,0.9085873621596356,false,-321495561
32b,217578768559287,s1000-p25-a04,shrink-only,shrink,1000,25.0,0.4,0.0,false,false,false,ok,8.219,141.367,141.367,0.9951708165262261,false,1520237401
15b,209723273353194,s1000-p100-a16,shrink-only,shrink,1000,100.0,1.6,0.0,false,false,false,ok,16.884,6.559,6.559,0.756037116016368,false,-1293176700
17e,210002446227371,s1000-p100-a0,shrink-only,shrink,1000,100.0,0.0,0.0,false,false,false,ok,14.552,4138.129,4138.129,1.0051005196703189,false,-1125412742
24b,213717592959796,s1000-p25-a04,shrink-only,shrink,1000,25.0,0.4,0.0,false,false,false,ok,119.053,1.857,1.857,1.0441383188079842,false,-870534348
30b,217312480586993,s1000-p100-a0,shrink-only,shrink,1000,100.0,0.0,0.0,false,false,false,ok,76.292,38.473,38.473,1.0905663586371108,false,1910947129
16c,209860712306570,s1000-p100-a0,shrink-only,shrink,1000,100.0,0.0,0.0,false,false,false,ok,95.888,351.105,351.105,0.8709149313522431,false,719404660
29c,214387607858088,s1000-p100-a0,shrink-only,shrink,1000,100.0,0.0,0.0,false,false,false,ok,930.253,67.846,67.846,1.0393394405465857,false,1216159973
4a,7340119371769,s250-p100-a04,shrink-only,shrink,250,100.0,0.4,0.0,false,false,false,ok,3.288,712.179,712.179,0.9405185682619109,false,-1509295857
24b,213717592959796,s4000-p100-a04,shrink-only,shrink,4000,100.0,0.4,0.0,false,false,false,ok,394.13,1.903,1.903,1.0700028113578859,false,644596804
21a,213313866034006,s1000-p100-a04,shrink-only,shrink,1000,100.0,0.4,0.0,false,true,false,ok,32.986,28.917,28.917,0.9661543601737388,false,405046416
19d,210264439232104,s250-p100-a04,shrink-only,shrink,250,100.0,0.4,0.0,false,false,false,ok,27.654,2949.808,2949.808,0.5079595555219573,false,-1246359705
15c,209727568320491,s250-p100-a04,shrink-only,shrink,250,100.0,0.4,0.0,false,false,false,ok,18.084,646.948,646.948,1.1410057883802058,false,-1622553236
6a,7606407344063,s1000-p100-a0,shrink-only,shrink,1000,100.0,0.0,0.0,false,false,false,ok,60.754,4.616,4.616,1.1756016808862855,false,-224470636
32a,217574473591990,s1000-p0-a04,shrink-only,shrink,1000,0.0,0.4,0.0,false,false,false,ok,29.66,0.173,0.173,0.8759493670886075,false,957982218
32a,217574473591990,s1000-p400-a04,shrink-only,shrink,1000,400.0,0.4,0.0,false,false,false,ok,3.909,0.166,0.166,0.8405063291139241,false,1765267761
30a,217308185619696,s1000-p25-a04,shrink-only,shrink,1000,25.0,0.4,0.0,false,false,false,ok,178.375,804.893,804.893,1.023742537133089,false,1824803898
19d,210264439232104,s4000-p100-a04,shrink-only,shrink,4000,100.0,0.4,0.0,false,false,false,ok,402.815,5558.224,5558.224,0.9571311056622923,false,-1211980585
8a,7872695316093,s1000-p25-a04,shrink-only,shrink,1000,25.0,0.4,0.0,false,false,false,ok,122.484,73.095,73.095,0.7674982674982674,false,-1762716238
11a,209186402440981,s250-p100-a04,shrink-only,shrink,250,100.0,0.4,0.0,false,false,false,ok,8.271,14.495,14.495,0.9722641446154877,false,-1055439248
17a,209985266358191,s4000-p100-a04,shrink-only,shrink,4000,100.0,0.4,0.0,false,false,false,ok,406.917,1781.64,1781.64,0.9260995300732583,false,-1125412742
8d,7885580217976,s1000-p400-a04,shrink-only,shrink,1000,400.0,0.4,0.0,false,false,false,ok,59.141,725.227,725.227,1.197286559671006,false,1142152349
15b,209723273353194,s4000-p100-a04,shrink-only,shrink,4000,100.0,0.4,0.0,false,false,false,ok,118.697,6.126,6.126,0.7061264480433406,false,-347771581
15c,209727568320491,s4000-p100-a04,shrink-only,shrink,4000,100.0,0.4,0.0,false,false,false,ok,113.044,520.209,520.209,0.9174794267351911,false,592161665
19d,210264439232104,s1000-p100-a16,shrink-only,shrink,1000,100.0,1.6,0.0,false,false,false,ok,28.564,2829.887,2829.887,0.4873090528933968,false,-1246359705
22b,213451304987510,s1000-p0-a04,shrink-only,shrink,1000,0.0,0.4,0.0,false,false,false,ok,40.449,117.175,117.175,0.24622778197467643,false,-2145268623
13b,209456985380820,s1000-p100-a0,shrink-only,shrink,1000,100.0,0.0,0.0,false,false,false,ok,27.027,332.826,332.826,0.9884707224063581,false,-2119720580
13a,209452690413355,s1000-p400-a04,shrink-only,shrink,1000,400.0,0.4,0.0,false,false,false,ok,72.656,1008.718,1008.718,1.3223851012451462,false,-1062568155
19d,210264439232104,s1000-p400-a04,shrink-only,shrink,1000,400.0,0.4,0.0,false,false,false,ok,27.544,2896.372,2896.372,0.4987578288980985,false,-1246359705
15a,209718978385897,s1000-p25-a04,shrink-only,shrink,1000,25.0,0.4,0.0,false,false,false,ok,32.594,465.403,465.403,1.0393273670282552,false,-93948010
9d,8018724204063,s1000-p100-a04,shrink-only,shrink,1000,100.0,0.4,0.0,false,true,false,ok,22.245,1181.912,1181.912,0.9982655744614181,false,-1708131848
7c,7748141264472,s1000-p25-a04,shrink-only,shrink,1000,25.0,0.4,0.0,false,false,false,ok,197.446,2475.08,2475.08,1.65832505872626,false,1552020490
27c,214121319885802,s1000-p0-a04,shrink-only,shrink,1000,0.0,0.4,0.0,false,false,false,ok,111.638,30.134,30.134,1.1502185239612954,false,-496094261
33b,217711912546134,s1000-p100-a0,shrink-only,shrink,1000,100.0,0.0,0.0,false,false,false,ok,100.189,4.048,4.048,1.0144092219020173,false,1896864069
6a,7606407344063,s1000-p400-a04,shrink-only,shrink,1000,400.0,0.4,0.0,false,false,false,ok,11.481,3.725,3.725,0.948682032344327,false,-224470636
30c,217316775554290,s1000-p100-a16,shrink-only,shrink,1000,100.0,1.6,0.0,false,false,false,ok,121.537,877.439,877.439,1.098439544068953,false,-804478301
6a,7606407344063,s1000-p0-a04,shrink-only,shrink,1000,0.0,0.4,0.0,false,false,false,ok,6.599,3.879,3.879,0.9879027123392334,false,-224470636
13c,209461280348117,s1000-p100-a0,shrink-only,shrink,1000,100.0,0.0,0.0,false,false,false,ok,14.479,497.39,497.39,1.0572474665618041,false,876197618
2b,7078126366500,s4000-p100-a04,shrink-only,shrink,4000,100.0,0.4,0.0,false,false,false,ok,53.669,119.472,119.472,0.8835673425014142,false,321836810
28c,214254463871881,s250-p100-a04,shrink-only,shrink,250,100.0,0.4,0.0,false,false,false,ok,117.443,509.109,509.109,1.014138122333851,false,-676166940
24b,213717592959796,s1000-p100-a04,shrink-only,shrink,1000,100.0,0.4,0.0,false,true,false,ok,54.701,1.609,1.609,0.9046949676693843,false,-870534348
21b,213318161001303,s1000-p0-a04,shrink-only,shrink,1000,0.0,0.4,0.0,false,false,false,ok,26.231,12.755,12.755,0.9825520933636329,false,832297807
8d,7885580217976,s4000-p100-a04,shrink-only,shrink,4000,100.0,0.4,0.0,false,false,false,ok,368.761,737.275,737.275,1.2171767574586176,false,1460871818
28b,214250168904584,s1000-p400-a04,shrink-only,shrink,1000,400.0,0.4,0.0,false,false,false,ok,103.986,230.425,230.425,2.116670647241462,false,513417771
23a,213580154006292,s1000-p100-a04,shrink-only,shrink,1000,100.0,0.4,0.0,false,true,false,ok,24.479,366.715,366.715,0.9696234963452216,false,1835492322
8a,7872695316093,s1000-p100-a0,shrink-only,shrink,1000,100.0,0.0,0.0,false,false,false,ok,11.698,70.284,70.284,0.7379827379827381,false,-1762716238
28b,214250168904584,s1000-p25-a04,shrink-only,shrink,1000,25.0,0.4,0.0,false,false,false,ok,97.099,80.141,80.141,0.7361705645679852,false,1300118193
15d,209731863287700,s1000-p25-a04,shrink-only,shrink,1000,25.0,0.4,0.0,false,false,false,ok,22.736,537.543,537.543,1.066274309109519,false,-704972777
21b,213318161001303,s250-p100-a04,shrink-only,shrink,250,100.0,0.4,0.0,false,false,false,ok,12.97,12.808,12.808,0.9866348264838424,false,405046416
18b,210122705311311,s4000-p100-a04,shrink-only,shrink,4000,100.0,0.4,0.0,false,false,false,ok,255.204,647.329,647.329,0.99461689451587,false,-633376097
19b,210255849297518,s1000-p100-a0,shrink-only,shrink,1000,100.0,0.0,0.0,false,false,false,ok,28.736,168.407,168.407,1.0894805451057898,false,825922194
30b,217312480586993,s1000-p400-a04,shrink-only,shrink,1000,400.0,0.4,0.0,false,false,false,ok,75.081,34.836,34.836,0.9874709450649127,false,-119349660
21c,213322455968592,s1000-p0-a04,shrink-only,shrink,1000,0.0,0.4,0.0,false,false,false,ok,55.685,24.812,24.812,0.5936808355366265,false,-597700708
19c,210260144264815,s250-p100-a04,shrink-only,shrink,250,100.0,0.4,0.0,false,false,false,ok,20.419,659.016,659.016,0.8707237798271806,false,1055693188
10a,209053258454902,s250-p100-a04,shrink-only,shrink,250,100.0,0.4,0.0,false,false,false,ok,33.76,335.704,335.704,1.0635307088061003,false,1718403736
1c,6949277347590,s1000-p100-a16,shrink-only,shrink,1000,100.0,1.6,0.0,false,false,false,ok,7.571,1.038,1.038,0.9606663581675151,false,686382736
17a,209985266358191,s1000-p100-a04,shrink-only,shrink,1000,100.0,0.4,0.0,false,true,false,ok,68.783,1653.227,1653.227,0.859350232260402,false,-1125412742
21a,213313866034006,s1000-p100-a0,shrink-only,shrink,1000,100.0,0.0,0.0,false,false,false,ok,30.92,27.374,27.374,0.9146007350484463,false,405046416
29b,214383312890799,s1000-p400-a04,shrink-only,shrink,1000,400.0,0.4,0.0,false,false,false,ok,773.9,2.544,2.544,0.9485458612975392,false,-665152500
3c,7215565320132,s1000-p0-a04,shrink-only,shrink,1000,0.0,0.4,0.0,false,false,false,ok,12.693,1254.421,1254.421,0.9562075844347501,false,-1572305105
22b,213451304987510,s1000-p25-a04,shrink-only,shrink,1000,25.0,0.4,0.0,false,false,false,ok,32.003,113.893,113.893,0.23933109257471152,false,-2145268623
8a,7872695316093,s1000-p100-a16,shrink-only,shrink,1000,100.0,1.6,0.0,false,false,false,ok,11.354,131.744,131.744,1.3833133833133833,false,-1762716238
9b,8010134269469,s250-p100-a04,shrink-only,shrink,250,100.0,0.4,0.0,false,false,false,ok,31.065,461.572,461.572,0.9277073926645167,false,-4751552
13d,209465575315414,s1000-p100-a0,shrink-only,shrink,1000,100.0,0.0,0.0,false,false,false,ok,16.712,2824.937,2824.937,0.917217564150247,false,-2119720580
13d,209465575315414,s1000-p100-a04,shrink-only,shrink,1000,100.0,0.4,0.0,false,true,false,ok,17.794,2978.445,2978.445,0.9670594664077403,false,-2119720580
11c,209194992375575,s1000-p100-a0,shrink-only,shrink,1000,100.0,0.0,0.0,false,false,false,ok,15.382,404.517,404.517,0.8038387899008707,false,212006990
4c,7348709306363,s1000-p400-a04,shrink-only,shrink,1000,400.0,0.4,0.0,false,false,false,ok,8.866,1474.686,1474.686,1.0135866716932942,false,1192923874
19b,210255849297518,s250-p100-a04,shrink-only,shrink,250,100.0,0.4,0.0,false,false,false,ok,16.952,154.857,154.857,1.0018211165417545,false,825922194
32b,217578768559287,s250-p100-a04,shrink-only,shrink,250,100.0,0.4,0.0,false,false,false,ok,13.317,50.313,50.313,0.3541847057084328,false,-888812919
21c,213322455968592,s1000-p100-a16,shrink-only,shrink,1000,100.0,1.6,0.0,false,false,false,ok,33.637,41.242,41.242,0.9868041681122661,false,1230868213
1c,6949277347590,s250-p100-a04,shrink-only,shrink,250,100.0,0.4,0.0,false,false,false,ok,3.344,0.978,0.978,0.905136510874595,false,686382736
2d,7086716301094,s1000-p100-a0,shrink-only,shrink,1000,100.0,0.0,0.0,false,false,false,ok,8.374,132.983,132.983,0.9196420544525356,false,321836810
27a,214112729951208,s1000-p100-a04,shrink-only,shrink,1000,100.0,0.4,0.0,false,true,false,ok,70.877,17.469,17.469,0.9929517421701813,false,-1953543145
13d,209465575315414,s1000-p400-a04,shrink-only,shrink,1000,400.0,0.4,0.0,false,false,false,ok,16.137,2862.089,2862.089,0.9292802993345397,false,-2119720580
13c,209461280348117,s4000-p100-a04,shrink-only,shrink,4000,100.0,0.4,0.0,false,false,false,ok,69.419,440.499,440.499,0.9363204965379446,false,876197618
9b,8010134269469,s1000-p100-a0,shrink-only,shrink,1000,100.0,0.0,0.0,false,false,false,ok,45.087,466.805,466.805,0.9382251294115755,false,140277402
9c,8014429236766,s1000-p100-a04,shrink-only,shrink,1000,100.0,0.4,0.0,false,true,false,ok,58.434,610.546,610.546,0.9179189691216081,false,659609918
31b,217445624573072,s4000-p100-a04,shrink-only,shrink,4000,100.0,0.4,0.0,false,false,false,ok,271.589,7.659,7.659,0.9425881484216355,false,-744571733
15c,209727568320491,s1000-p100-a0,shrink-only,shrink,1000,100.0,0.0,0.0,false,false,false,ok,23.204,511.836,511.836,0.9027121788789378,false,592161665
9d,8018724204063,s1000-p25-a04,shrink-only,shrink,1000,25.0,0.4,0.0,false,false,false,ok,19.107,1177.737,1177.737,0.9947392892782772,false,-1708131848
26c,213988175899595,s250-p100-a04,shrink-only,shrink,250,100.0,0.4,0.0,false,false,false,ok,50.88,280.369,280.369,0.8139247616960189,false,-321495561
30a,217308185619696,s1000-p400-a04,shrink-only,shrink,1000,400.0,0.4,0.0,false,false,false,ok,84.379,703.11,703.11,0.894284849394449,false,-824386529
15c,209727568320491,s1000-p100-a04,shrink-only,shrink,1000,100.0,0.4,0.0,false,true,false,ok,19.452,512.08,512.08,0.9031425154938818,false,592161665
33b,217711912546134,s250-p100-a04,shrink-only,shrink,250,100.0,0.4,0.0,false,false,false,ok,111.452,3.729,3.729,0.9344693647412605,false,-1989803960
11d,209199287342864,s1000-p100-a04,shrink-only,shrink,1000,100.0,0.4,0.0,false,true,false,ok,15.402,202.114,202.114,0.9064383610792193,false,2003817464
24a,213713297992459,s1000-p100-a16,shrink-only,shrink,1000,100.0,1.6,0.0,false,false,false,ok,95.332,114.193,114.193,0.8109866306837349,false,672276191
24a,213713297992459,s1000-p100-a0,shrink-only,shrink,1000,100.0,0.0,0.0,false,false,false,ok,55.988,110.039,110.039,0.7814853612201055,false,2055842777
26c,213988175899595,s1000-p100-a0,shrink-only,shrink,1000,100.0,0.0,0.0,false,false,false,ok,32.785,277.887,277.887,0.8067193957014562,false,-321495561
31b,217445624573072,s1000-p100-a04,shrink-only,shrink,1000,100.0,0.4,0.0,false,true,false,ok,59.371,7.628,7.628,0.9387729985847024,false,-744571733
24b,213717592959796,s1000-p0-a04,shrink-only,shrink,1000,0.0,0.4,0.0,false,false,false,ok,51.983,2.455,2.455,1.3803767219567051,false,576851097
8d,7885580217976,s1000-p100-a16,shrink-only,shrink,1000,100.0,1.6,0.0,false,false,false,ok,12.231,587.405,587.405,0.9697544514800845,false,1142152349
7c,7748141264472,s4000-p100-a04,shrink-only,shrink,4000,100.0,0.4,0.0,false,false,false,ok,534.738,1997.734,1997.734,1.3384991001783562,false,-399731567
8b,7876990283390,s1000-p100-a04,shrink-only,shrink,1000,100.0,0.4,0.0,false,true,false,ok,64.615,208.442,208.442,1.0253128443255155,false,-387699444
18a,210118410344014,s1000-p100-a16,shrink-only,shrink,1000,100.0,1.6,0.0,false,false,false,ok,80.515,1200.669,1200.669,1.2259067420996046,false,-574815707
8b,7876990283390,s1000-p100-a16,shrink-only,shrink,1000,100.0,1.6,0.0,false,false,false,ok,7.62,144.349,144.349,0.7100434833936723,false,-387699444
14b,209590129366987,s1000-p400-a04,shrink-only,shrink,1000,400.0,0.4,0.0,false,false,false,ok,19.498,37.509,37.509,1.014977472906604,false,1297441228
3b,7211270352859,s1000-p25-a04,shrink-only,shrink,1000,25.0,0.4,0.0,false,false,false,ok,7.653,6.49,6.49,0.8946787979046045,false,113844438
24b,213717592959796,s1000-p400-a04,shrink-only,shrink,1000,400.0,0.4,0.0,false,false,false,ok,72.239,1.565,1.565,0.8799550182738263,false,-870534348
15b,209723273353194,s1000-p400-a04,shrink-only,shrink,1000,400.0,0.4,0.0,false,false,false,ok,15.869,5.864,5.864,0.6759264595700536,false,-1293176700
27c,214121319885802,s1000-p25-a04,shrink-only,shrink,1000,25.0,0.4,0.0,false,false,false,ok,88.346,27.283,27.283,1.0413954997423516,false,-1273730499
2d,7086716301094,s1000-p100-a16,shrink-only,shrink,1000,100.0,1.6,0.0,false,false,false,ok,8.416,135.011,135.011,0.9336666597511807,false,321836810
10a,209053258454902,s4000-p100-a04,shrink-only,shrink,4000,100.0,0.4,0.0,false,false,false,ok,464.185,279.591,279.591,0.8857613087893097,false,1718403736
4b,7344414339066,s1000-p100-a04,shrink-only,shrink,1000,100.0,0.4,0.0,false,true,false,ok,8.025,20.693,20.693,0.9491113404426098,false,261415237
21c,213322455968592,s250-p100-a04,shrink-only,shrink,250,100.0,0.4,0.0,false,false,false,ok,19.731,40.642,40.642,0.9724478686877146,false,405046416
2d,7086716301094,s1000-p100-a04,shrink-only,shrink,1000,100.0,0.4,0.0,false,true,false,ok,5.44,134.343,134.343,0.9290471152050787,false,321836810
13b,209456985380820,s1000-p0-a04,shrink-only,shrink,1000,0.0,0.4,0.0,false,false,false,ok,13.751,320.831,320.831,0.9528463832163181,false,-1005059989
18b,210122705311311,s250-p100-a04,shrink-only,shrink,250,100.0,0.4,0.0,false,false,false,ok,14.963,670.132,670.132,1.029653559095466,false,-1852800932
31b,217445624573072,s250-p100-a04,shrink-only,shrink,250,100.0,0.4,0.0,false,false,false,ok,40.138,7.98,7.98,0.9820934096363301,false,447087389
13b,209456985380820,s250-p100-a04,shrink-only,shrink,250,100.0,0.4,0.0,false,false,false,ok,8.633,676.771,676.771,2.0099641232165557,false,876197618
29b,214383312890799,s250-p100-a04,shrink-only,shrink,250,100.0,0.4,0.0,false,false,false,ok,673.337,3.854,3.854,1.4369873228933632,false,-665152500
2d,7086716301094,s1000-p0-a04,shrink-only,shrink,1000,0.0,0.4,0.0,false,false,false,ok,5.534,133.975,133.975,0.9265022164132141,false,321836810
17a,209985266358191,s1000-p100-a0,shrink-only,shrink,1000,100.0,0.0,0.0,false,false,false,ok,12.749,1648.031,1648.031,0.8566493425417939,false,-1125412742
3b,7211270352859,s1000-p100-a16,shrink-only,shrink,1000,100.0,1.6,0.0,false,false,false,ok,8.004,5.967,5.967,0.8225806451612904,false,113844438
6f,7627882180516,s250-p100-a04,shrink-only,shrink,250,100.0,0.4,0.0,false,false,false,ok,19.92,2339.81,2339.81,1.3269588765303446,false,1250717231
13c,209461280348117,s1000-p100-a16,shrink-only,shrink,1000,100.0,1.6,0.0,false,false,false,ok,13.592,479.347,479.347,1.0188954368885605,false,876197618
8a,7872695316093,s1000-p0-a04,shrink-only,shrink,1000,0.0,0.4,0.0,false,false,false,ok,11.773,71.39,71.39,0.7495957495957496,false,115582433
30a,217308185619696,s1000-p100-a0,shrink-only,shrink,1000,100.0,0.0,0.0,false,false,false,ok,82.788,721.297,721.297,0.9174168750461064,false,1041678136
31c,217449919540369,s1000-p0-a04,shrink-only,shrink,1000,0.0,0.4,0.0,false,false,false,ok,74.497,204.185,204.185,0.9012581905978888,false,-105956113
18a,210118410344014,s1000-p0-a04,shrink-only,shrink,1000,0.0,0.4,0.0,false,false,false,ok,15.036,952.871,952.871,0.9729000942401214,false,-574815707
19b,210255849297518,s1000-p400-a04,shrink-only,shrink,1000,400.0,0.4,0.0,false,false,false,ok,16.651,158.208,158.208,1.0234998431187348,false,825922194
4a,7340119371769,s1000-p400-a04,shrink-only,shrink,1000,400.0,0.4,0.0,false,false,false,ok,8.553,728.661,728.661,0.962285044164869,false,-1509295857
29c,214387607858088,s1000-p400-a04,shrink-only,shrink,1000,400.0,0.4,0.0,false,false,false,ok,837.168,59.93,59.93,0.918073470388186,false,2081534655
21b,213318161001303,s1000-p25-a04,shrink-only,shrink,1000,25.0,0.4,0.0,false,false,false,ok,23.998,12.359,12.359,0.9520471440126334,false,405046416
18a,210118410344014,s4000-p100-a04,shrink-only,shrink,4000,100.0,0.4,0.0,false,false,false,ok,214.135,909.634,909.634,0.928754264033661,false,-1701613315
5a,7473263357848,s1000-p25-a04,shrink-only,shrink,1000,25.0,0.4,0.0,false,false,false,ok,11.028,151.11,151.11,0.9879150227022362,false,414652499
21a,213313866034006,s250-p100-a04,shrink-only,shrink,250,100.0,0.4,0.0,false,false,false,ok,16.456,28.141,28.141,0.9402271967925159,false,405046416
22a,213447010020213,s1000-p100-a04,shrink-only,shrink,1000,100.0,0.4,0.0,false,true,false,ok,33.552,323.926,323.926,0.6872718515917479,false,457903786
31b,217445624573072,s1000-p100-a0,shrink-only,shrink,1000,100.0,0.0,0.0,false,false,false,ok,54.416,7.601,7.601,0.9354501261460832,false,-744571733
13a,209452690413355,s4000-p100-a04,shrink-only,shrink,4000,100.0,0.4,0.0,false,false,false,ok,114.095,708.583,708.583,0.9289212665934279,false,1188104532
22d,213459894922096,s4000-p100-a04,shrink-only,shrink,4000,100.0,0.4,0.0,false,false,false,ok,126.509,5081.168,5081.168,8.411561914647237,false,1311334790
9a,8005839302172,s1000-p100-a16,shrink-only,shrink,1000,100.0,1.6,0.0,false,false,false,ok,28.479,458.59,458.59,0.9344019625721676,false,1576652456
13c,209461280348117,s1000-p400-a04,shrink-only,shrink,1000,400.0,0.4,0.0,false,false,false,ok,13.254,436.346,436.346,0.9274929191265949,false,876197618
33b,217711912546134,s1000-p100-a04,shrink-only,shrink,1000,100.0,0.4,0.0,false,true,false,ok,74.925,3.683,3.683,0.9229419872196466,false,-1992524807
9d,8018724204063,s1000-p100-a0,shrink-only,shrink,1000,100.0,0.0,0.0,false,false,false,ok,18.973,1065.593,1065.593,0.9000203130918933,false,-1708131848
31a,217441329605783,s1000-p400-a04,shrink-only,shrink,1000,400.0,0.4,0.0,false,false,false,ok,168.659,205.173,205.173,1.009188165564054,false,619611693
5b,7477558325145,s1000-p0-a04,shrink-only,shrink,1000,0.0,0.4,0.0,false,false,false,ok,7.534,360.852,360.852,1.3737767515699266,false,1589551454
31c,217449919540369,s4000-p100-a04,shrink-only,shrink,4000,100.0,0.4,0.0,false,false,false,ok,457.039,198.652,198.652,0.8768359187925254,false,1346825370
19b,210255849297518,s4000-p100-a04,shrink-only,shrink,4000,100.0,0.4,0.0,false,false,false,ok,105.863,149.866,149.866,0.9695326879097917,false,910037442
13a,209452690413355,s1000-p0-a04,shrink-only,shrink,1000,0.0,0.4,0.0,false,false,false,ok,17.399,707.123,707.123,0.9270072705630032,false,1188104532
23c,213588743940886,s1000-p0-a04,shrink-only,shrink,1000,0.0,0.4,0.0,false,false,false,ok,23.149,897.876,897.876,0.96862641025807,false,-1550513565
27b,214117024918505,s1000-p100-a04,shrink-only,shrink,1000,100.0,0.4,0.0,false,true,false,ok,65.789,5.848,5.848,1.0023138229496957,false,1728540501
31c,217449919540369,s1000-p100-a0,shrink-only,shrink,1000,100.0,0.0,0.0,false,false,false,ok,116.185,189.339,189.339,0.8357289935578699,false,1346825370
9c,8014429236766,s1000-p25-a04,shrink-only,shrink,1000,25.0,0.4,0.0,false,false,false,ok,18.69,657.255,657.255,0.9881431244329215,false,659609918
6b,7610702311352,s250-p100-a04,shrink-only,shrink,250,100.0,0.4,0.0,false,false,false,ok,14.197,3.838,3.838,0.9197220225257609,false,1482096114
9a,8005839302172,s1000-p100-a0,shrink-only,shrink,1000,100.0,0.0,0.0,false,false,false,ok,17.954,464.449,464.449,0.9463399923999231,false,2029736178
27a,214112729951208,s1000-p0-a04,shrink-only,shrink,1000,0.0,0.4,0.0,false,false,false,ok,69.843,13.746,13.746,0.7813334849087705,false,1430642209
7c,7748141264472,s1000-p400-a04,shrink-only,shrink,1000,400.0,0.4,0.0,false,false,false,ok,24.183,1354.819,1354.819,0.9077404761617615,false,-1004347469
23a,213580154006292,s250-p100-a04,shrink-only,shrink,250,100.0,0.4,0.0,false,false,false,ok,13.756,361.355,361.355,0.9554512319425918,false,1835492322
32a,217574473591990,s1000-p100-a0,shrink-only,shrink,1000,100.0,0.0,0.0,false,false,false,ok,8.601,0.163,0.163,0.8253164556962025,false,957982218
31b,217445624573072,s1000-p0-a04,shrink-only,shrink,1000,0.0,0.4,0.0,false,false,false,ok,62.316,8.341,8.341,1.026521444834164,false,-744571733
22b,213451304987510,s4000-p100-a04,shrink-only,shrink,4000,100.0,0.4,0.0,false,false,false,ok,129.313,121.286,121.286,0.25486650535165867,false,-2145268623
1c,6949277347590,s1000-p100-a04,shrink-only,shrink,1000,100.0,0.4,0.0,false,true,false,ok,6.822,1.032,1.032,0.9551133734382231,false,686382736
33a,217707617578837,s4000-p100-a04,shrink-only,shrink,4000,100.0,0.4,0.0,false,false,false,ok,238.843,9.379,9.379,2.036257056013895,false,-2124008857
2b,7078126366500,s1000-p100-a04,shrink-only,shrink,1000,100.0,0.4,0.0,false,true,false,ok,11.617,136.974,136.974,1.013005165827882,false,321836810
11d,209199287342864,s1000-p100-a16,shrink-only,shrink,1000,100.0,1.6,0.0,false,false,false,ok,16.287,202.775,202.775,0.9094028056831229,false,2003817464
8c,7881285250687,s1000-p100-a16,shrink-only,shrink,1000,100.0,1.6,0.0,false,false,false,ok,29.523,4552.781,4552.781,0.9878246330574609,false,1733352584
22d,213459894922096,s1000-p25-a04,shrink-only,shrink,1000,25.0,0.4,0.0,false,false,false,ok,61.945,5436.577,5436.577,8.99991971122528,false,1311334790
23c,213588743940886,s1000-p100-a0,shrink-only,shrink,1000,100.0,0.0,0.0,false,false,false,ok,26.429,874.694,874.694,0.9436177259379604,false,-1576721678
15d,209731863287700,s1000-p400-a04,shrink-only,shrink,1000,400.0,0.4,0.0,false,false,false,ok,22.106,474.736,474.736,0.941689874874041,false,-704972777
21a,213313866034006,s1000-p400-a04,shrink-only,shrink,1000,400.0,0.4,0.0,false,false,false,ok,33.436,28.79,28.79,0.9619111259605747,false,405046416
1c,6949277347590,s1000-p400-a04,shrink-only,shrink,1000,400.0,0.4,0.0,false,false,false,ok,6.92,1.021,1.021,0.9449329014345209,false,686382736
15a,209718978385897,s1000-p100-a04,shrink-only,shrink,1000,100.0,0.4,0.0,false,true,false,ok,19.147,449.69,449.69,1.0042374537313599,false,-874818637
27b,214117024918505,s1000-p100-a16,shrink-only,shrink,1000,100.0,1.6,0.0,false,false,false,ok,68.837,5.817,5.817,0.997000599880024,false,-1505844372
15d,209731863287700,s1000-p100-a04,shrink-only,shrink,1000,100.0,0.4,0.0,false,true,false,ok,17.64,469.457,469.457,0.9312184110510741,false,-704972777
29a,214379017923502,s4000-p100-a04,shrink-only,shrink,4000,100.0,0.4,0.0,false,false,false,ok,992.511,24.224,24.224,0.9471749755620722,false,77915294
19a,210251554330221,s1000-p100-a0,shrink-only,shrink,1000,100.0,0.0,0.0,false,false,false,ok,50.018,480.06,480.06,0.84660619479561,false,187704695
5b,7477558325145,s250-p100-a04,shrink-only,shrink,250,100.0,0.4,0.0,false,false,false,ok,3.045,222.602,222.602,0.8474539491341848,false,-1512145598
32b,217578768559287,s1000-p0-a04,shrink-only,shrink,1000,0.0,0.4,0.0,false,false,false,ok,34.115,140.937,140.937,0.9921437773225488,false,1520237401
6b,7610702311352,s4000-p100-a04,shrink-only,shrink,4000,100.0,0.4,0.0,false,false,false,ok,182.757,3.543,3.543,0.8490294751976996,false,1482096114
15a,209718978385897,s1000-p100-a16,shrink-only,shrink,1000,100.0,1.6,0.0,false,false,false,ok,16.375,412.435,412.435,0.9210404372560952,false,196157638
27a,214112729951208,s1000-p100-a16,shrink-only,shrink,1000,100.0,1.6,0.0,false,false,false,ok,71.592,16.481,16.481,0.9367930426874326,false,704699266
22a,213447010020213,s1000-p100-a16,shrink-only,shrink,1000,100.0,1.6,0.0,false,false,false,ok,31.451,464.187,464.187,0.9848627741361258,false,316133052
9c,8014429236766,s250-p100-a04,shrink-only,shrink,250,100.0,0.4,0.0,false,false,false,ok,30.81,729.342,729.342,1.0965215672153972,false,906638406
30a,217308185619696,s1000-p100-a04,shrink-only,shrink,1000,100.0,0.4,0.0,false,true,false,ok,91.043,741.435,741.435,0.943030375489999,false,216250776
11c,209194992375575,s4000-p100-a04,shrink-only,shrink,4000,100.0,0.4,0.0,false,false,false,ok,45.09,574.812,574.812,1.1422416919449598,false,1916526955
5b,7477558325145,s1000-p400-a04,shrink-only,shrink,1000,400.0,0.4,0.0,false,false,false,ok,6.975,317.431,317.431,1.2084714177213745,false,1589551454
13b,209456985380820,s1000-p100-a16,shrink-only,shrink,1000,100.0,1.6,0.0,false,false,false,ok,15.683,340.582,340.582,1.0115055181344073,false,-2119720580
7c,7748141264472,s1000-p100-a16,shrink-only,shrink,1000,100.0,1.6,0.0,false,false,false,ok,34.922,1388.355,1388.355,0.9302098869159366,false,-1004347469
28c,214254463871881,s1000-p100-a16,shrink-only,shrink,1000,100.0,1.6,0.0,false,false,false,ok,147.132,482.558,482.558,0.9612488956926286,false,-676166940
33a,217707617578837,s1000-p100-a16,shrink-only,shrink,1000,100.0,1.6,0.0,false,false,false,ok,114.019,4.223,4.223,0.9168475900998697,false,1514619789
12b,209323841394485,s1000-p100-a16,shrink-only,shrink,1000,100.0,1.6,0.0,false,false,false,ok,20.386,1.299,1.299,0.9672375279225613,false,466548996
21c,213322455968592,s1000-p100-a04,shrink-only,shrink,1000,100.0,0.4,0.0,false,true,false,ok,33.565,42.189,42.189,1.0094631940373502,false,405046416
8b,7876990283390,s1000-p400-a04,shrink-only,shrink,1000,400.0,0.4,0.0,false,false,false,ok,10.317,149.368,149.368,0.7347316228553439,false,-387699444
23b,213584448973589,s1000-p400-a04,shrink-only,shrink,1000,400.0,0.4,0.0,false,false,false,ok,27.222,45.737,45.737,0.9218753149376172,false,2055054090
6f,7627882180516,s1000-p25-a04,shrink-only,shrink,1000,25.0,0.4,0.0,false,false,false,ok,62.387,1666.4,1666.4,0.945052919617476,false,1250717231
13c,209461280348117,s250-p100-a04,shrink-only,shrink,250,100.0,0.4,0.0,false,false,false,ok,9.101,445.936,445.936,0.9478773321713438,false,876197618
19c,210260144264815,s4000-p100-a04,shrink-only,shrink,4000,100.0,0.4,0.0,false,false,false,ok,199.774,659.402,659.402,0.8712337816769284,false,-649799299
19d,210264439232104,s1000-p100-a0,shrink-only,shrink,1000,100.0,0.0,0.0,false,false,false,ok,28.231,5582.731,5582.731,0.9613512328119835,false,-1211980585
33a,217707617578837,s1000-p25-a04,shrink-only,shrink,1000,25.0,0.4,0.0,false,false,false,ok,90.712,7.846,7.846,1.7034303082935303,false,-2124008857
25c,213855031913428,s1000-p400-a04,shrink-only,shrink,1000,400.0,0.4,0.0,false,false,false,ok,74.67,998.263,998.263,1.1241478912296212,false,35421457
30a,217308185619696,s1000-p100-a16,shrink-only,shrink,1000,100.0,1.6,0.0,false,false,false,ok,85.785,519.257,519.257,0.6604424173202107,false,-824386529
2d,7086716301094,s1000-p25-a04,shrink-only,shrink,1000,25.0,0.4,0.0,false,false,false,ok,10.266,140.377,140.377,0.9707751568086416,false,321836810
3b,7211270352859,s1000-p100-a04,shrink-only,shrink,1000,100.0,0.4,0.0,false,true,false,ok,8.825,7.52,7.52,1.036669423766198,false,113844438
12b,209323841394485,s250-p100-a04,shrink-only,shrink,250,100.0,0.4,0.0,false,false,false,ok,7.489,1.262,1.262,0.9396872673119882,false,466548996
30a,217308185619696,s4000-p100-a04,shrink-only,shrink,4000,100.0,0.4,0.0,false,false,false,ok,178.024,612.615,612.615,0.7791843566608074,false,216250776
9a,8005839302172,s1000-p0-a04,shrink-only,shrink,1000,0.0,0.4,0.0,false,false,false,ok,54.941,465.556,465.556,0.9485955648558583,false,403009818
23a,213580154006292,s1000-p25-a04,shrink-only,shrink,1000,25.0,0.4,0.0,false,false,false,ok,23.443,357.342,357.342,0.9448405421948766,false,-1576721678
31a,217441329605783,s4000-p100-a04,shrink-only,shrink,4000,100.0,0.4,0.0,false,false,false,ok,340.32,188.357,188.357,0.9264750006148398,false,499229554
8d,7885580217976,s1000-p100-a0,shrink-only,shrink,1000,100.0,0.0,0.0,false,false,false,ok,18.203,541.145,541.145,0.8933832239190854,false,-1012298996
27c,214121319885802,s1000-p400-a04,shrink-only,shrink,1000,400.0,0.4,0.0,false,false,false,ok,86.893,25.781,25.781,0.9840639731282323,false,-1093302568
28b,214250168904584,s4000-p100-a04,shrink-only,shrink,4000,100.0,0.4,0.0,false,false,false,ok,175.755,93.129,93.129,0.8554775771159818,false,1300118193
3c,7215565320132,s250-p100-a04,shrink-only,shrink,250,100.0,0.4,0.0,false,false,false,ok,6.571,1263.163,1263.163,0.9628713493933473,false,-1572305105
27a,214112729951208,s4000-p100-a04,shrink-only,shrink,4000,100.0,0.4,0.0,false,false,false,ok,151.208,16.811,16.811,0.9555505030409822,false,-1953543145
4a,7340119371769,s1000-p100-a16,shrink-only,shrink,1000,100.0,1.6,0.0,false,false,false,ok,7.736,706.484,706.484,0.9329976314661734,false,-1509295857
3b,7211270352859,s4000-p100-a04,shrink-only,shrink,4000,100.0,0.4,0.0,false,false,false,ok,24.508,3.927,3.927,0.5413564929693963,false,113844438
11b,209190697408278,s1000-p100-a04,shrink-only,shrink,1000,100.0,0.4,0.0,false,true,false,ok,10.851,1.812,1.812,0.9209656925031766,false,-1446711126
32a,217574473591990,s1000-p100-a16,shrink-only,shrink,1000,100.0,1.6,0.0,false,false,false,ok,7.771,0.214,0.214,1.0835443037974684,false,1765267761
16c,209860712306570,s4000-p100-a04,shrink-only,shrink,4000,100.0,0.4,0.0,false,false,false,ok,368.769,491.29,491.29,1.2186434161405946,false,719404660
29c,214387607858088,s1000-p100-a16,shrink-only,shrink,1000,100.0,1.6,0.0,false,false,false,ok,929.159,63.98,63.98,0.9801158123717026,false,2081534655
33a,217707617578837,s1000-p0-a04,shrink-only,shrink,1000,0.0,0.4,0.0,false,false,false,ok,82.19,8.169,8.169,1.7735562310030397,false,-2124008857
32a,217574473591990,s4000-p100-a04,shrink-only,shrink,4000,100.0,0.4,0.0,false,false,false,ok,90.358,0.223,0.223,1.129113924050633,false,-1917286155
11d,209199287342864,s1000-p400-a04,shrink-only,shrink,1000,400.0,0.4,0.0,false,false,false,ok,13.782,201.218,201.218,0.9024199913892078,false,2003817464
5b,7477558325145,s1000-p100-a0,shrink-only,shrink,1000,100.0,0.0,0.0,false,false,false,ok,7.871,383.925,383.925,1.4616165057876476,false,1589551454
8a,7872695316093,s1000-p400-a04,shrink-only,shrink,1000,400.0,0.4,0.0,false,false,false,ok,75.97,72.605,72.605,0.7623532623532624,false,-1762716238
5a,7473263357848,s1000-p100-a16,shrink-only,shrink,1000,100.0,1.6,0.0,false,false,false,ok,10.959,151.445,151.445,0.9901051592425395,false,414652499
9b,8010134269469,s1000-p25-a04,shrink-only,shrink,1000,25.0,0.4,0.0,false,false,false,ok,43.871,471.263,471.263,0.9471852040185673,false,140277402
15d,209731863287700,s250-p100-a04,shrink-only,shrink,250,100.0,0.4,0.0,false,false,false,ok,12.976,520.197,520.197,1.031866653971579,false,-704972777
7c,7748141264472,s250-p100-a04,shrink-only,shrink,250,100.0,0.4,0.0,false,false,false,ok,36.776,1353.04,1353.04,0.9065485307379877,false,-1004347469
33a,217707617578837,s1000-p100-a0,shrink-only,shrink,1000,100.0,0.0,0.0,false,false,false,ok,146.4,8.26,8.26,1.7933130699088147,false,-2124008857
15d,209731863287700,s4000-p100-a04,shrink-only,shrink,4000,100.0,0.4,0.0,false,false,false,ok,120.573,472.093,472.093,0.9364472003364199,false,-704972777
7c,7748141264472,s1000-p100-a04,shrink-only,shrink,1000,100.0,0.4,0.0,false,true,false,ok,25.077,1351.819,1351.819,0.9057304501520249,false,-399731567
13a,209452690413355,s1000-p100-a16,shrink-only,shrink,1000,100.0,1.6,0.0,false,false,false,ok,17.817,663.227,663.227,0.8694615378564817,false,-1062568155
18b,210122705311311,s1000-p25-a04,shrink-only,shrink,1000,25.0,0.4,0.0,false,false,false,ok,48.351,652.719,652.719,1.0028985952606855,false,-633376097
15a,209718978385897,s1000-p0-a04,shrink-only,shrink,1000,0.0,0.4,0.0,false,false,false,ok,18.871,454.485,454.485,1.0149455383911075,false,-662433972
17a,209985266358191,s1000-p400-a04,shrink-only,shrink,1000,400.0,0.4,0.0,false,false,false,ok,45.444,1863.2,1863.2,0.9684945580658801,false,-1125412742
13c,209461280348117,s1000-p100-a04,shrink-only,shrink,1000,100.0,0.4,0.0,false,true,false,ok,14.724,447.109,447.109,0.9503706498461604,false,876197618
5a,7473263357848,s1000-p100-a04,shrink-only,shrink,1000,100.0,0.4,0.0,false,true,false,ok,10.802,242.514,242.514,1.5854888744332611,false,414652499
8b,7876990283390,s1000-p0-a04,shrink-only,shrink,1000,0.0,0.4,0.0,false,false,false,ok,9.815,152.683,152.683,0.7510378954824493,false,-1485134671
23b,213584448973589,s1000-p100-a04,shrink-only,shrink,1000,100.0,0.4,0.0,false,true,false,ok,25.003,43.354,43.354,0.8738435490698002,false,2055054090
25c,213855031913428,s4000-p100-a04,shrink-only,shrink,4000,100.0,0.4,0.0,false,false,false,ok,253.878,911.385,911.385,1.0263142336721969,false,35421457
15c,209727568320491,s1000-p400-a04,shrink-only,shrink,1000,400.0,0.4,0.0,false,false,false,ok,20.831,559.998,559.998,0.987654277440132,false,-1622553236
3c,7215565320132,s1000-p100-a04,shrink-only,shrink,1000,100.0,0.4,0.0,false,true,false,ok,12.186,1273.467,1273.467,0.9707257802024741,false,-1572305105
27a,214112729951208,s1000-p25-a04,shrink-only,shrink,1000,25.0,0.4,0.0,false,false,false,ok,99.521,17.221,17.221,0.978855226510544,false,-1953543145
19c,210260144264815,s1000-p100-a04,shrink-only,shrink,1000,100.0,0.4,0.0,false,true,false,ok,54.339,672.994,672.994,0.8891921887799593,false,1055693188
4c,7348709306363,s1000-p100-a04,shrink-only,shrink,1000,100.0,0.4,0.0,false,true,false,ok,8.011,1465.141,1465.141,1.0070261667577944,false,1192923874
2b,7078126366500,s1000-p100-a16,shrink-only,shrink,1000,100.0,1.6,0.0,false,false,false,ok,9.405,120.266,120.266,0.8894394503588715,false,321836810
11b,209190697408278,s1000-p100-a0,shrink-only,shrink,1000,100.0,0.0,0.0,false,false,false,ok,10.589,2.035,2.035,1.03430749682338,false,-1446711126
1c,6949277347590,s1000-p0-a04,shrink-only,shrink,1000,0.0,0.4,0.0,false,false,false,ok,6.998,1.341,1.341,1.2410920869967608,false,686382736
19b,210255849297518,s1000-p100-a16,shrink-only,shrink,1000,100.0,1.6,0.0,false,false,false,ok,17.1,148.438,148.438,0.9602944839253309,false,825922194
30b,217312480586993,s1000-p100-a16,shrink-only,shrink,1000,100.0,1.6,0.0,false,false,false,ok,77.634,34.507,34.507,0.9781450195589317,false,-1031970200
30c,217316775554290,s1000-p400-a04,shrink-only,shrink,1000,400.0,0.4,0.0,false,false,false,ok,104.323,791.635,791.635,0.9910240922377801,false,-804478301
29c,214387607858088,s1000-p100-a04,shrink-only,shrink,1000,100.0,0.4,0.0,false,true,false,ok,872.581,56.801,56.801,0.8701400165446247,false,2081534655
15a,209718978385897,s1000-p400-a04,shrink-only,shrink,1000,400.0,0.4,0.0,false,false,false,ok,16.977,420.258,420.258,0.9385105824684423,false,196157638
16c,209860712306570,s1000-p400-a04,shrink-only,shrink,1000,400.0,0.4,0.0,false,false,false,ok,63.007,351.21,351.21,0.8711753835468627,false,719404660
6f,7627882180516,s1000-p100-a04,shrink-only,shrink,1000,100.0,0.4,0.0,false,true,false,ok,10.8,1555.785,1555.785,0.8823206652346824,false,1250717231
28a,214245873937295,s1000-p100-a04,shrink-only,shrink,1000,100.0,0.4,0.0,false,true,false,ok,170.639,470.301,470.301,0.8827558893282116,false,-351635764
30c,217316775554290,s4000-p100-a04,shrink-only,shrink,4000,100.0,0.4,0.0,false,false,false,ok,313.007,1240.131,1240.131,1.5524827711393894,false,-1451103391
18a,210118410344014,s1000-p400-a04,shrink-only,shrink,1000,400.0,0.4,0.0,false,false,false,ok,17.846,1008.593,1008.593,1.0297933558161878,false,-574815707
21b,213318161001303,s4000-p100-a04,shrink-only,shrink,4000,100.0,0.4,0.0,false,false,false,ok,72.609,12.625,12.625,0.9725378423140623,false,405046416
14b,209590129366987,s1000-p0-a04,shrink-only,shrink,1000,0.0,0.4,0.0,false,false,false,ok,19.876,36.286,36.286,0.9818836167823464,false,1297441228
33b,217711912546134,s1000-p0-a04,shrink-only,shrink,1000,0.0,0.4,0.0,false,false,false,ok,75.001,3.96,3.96,0.992356847512843,false,1896864069
19c,210260144264815,s1000-p25-a04,shrink-only,shrink,1000,25.0,0.4,0.0,false,false,false,ok,23.765,681.19,681.19,0.9000211399730466,false,-649799299
21c,213322455968592,s1000-p25-a04,shrink-only,shrink,1000,25.0,0.4,0.0,false,false,false,ok,33.795,40.62,40.62,0.9719214710421477,false,405046416
8c,7881285250687,s1000-p400-a04,shrink-only,shrink,1000,400.0,0.4,0.0,false,false,false,ok,12.487,4439.089,4439.089,0.9631566865470601,false,1733352584
4b,7344414339066,s1000-p400-a04,shrink-only,shrink,1000,400.0,0.4,0.0,false,false,false,ok,8.628,23.399,23.399,1.073225547528953,false,261415237
5a,7473263357848,s1000-p100-a0,shrink-only,shrink,1000,100.0,0.0,0.0,false,false,false,ok,11.15,186.73,186.73,1.2207886452861396,false,414652499
21a,213313866034006,s1000-p100-a16,shrink-only,shrink,1000,100.0,1.6,0.0,false,false,false,ok,31.088,29.393,29.393,0.9820581356498497,false,405046416
26c,213988175899595,s4000-p100-a04,shrink-only,shrink,4000,100.0,0.4,0.0,false,false,false,ok,499.356,372.964,372.964,1.0827325232860765,false,628672308
29c,214387607858088,s4000-p100-a04,shrink-only,shrink,4000,100.0,0.4,0.0,false,false,false,ok,1544.794,60.425,60.425,0.9256564232972825,false,485902434
9b,8010134269469,s1000-p0-a04,shrink-only,shrink,1000,0.0,0.4,0.0,false,false,false,ok,16.714,458.719,458.719,0.9219731861024378,false,1524708452
17a,209985266358191,s1000-p100-a16,shrink-only,shrink,1000,100.0,1.6,0.0,false,false,false,ok,14.705,1790.888,1790.888,0.9309066563468699,false,-1125412742
23b,213584448973589,s1000-p100-a16,shrink-only,shrink,1000,100.0,1.6,0.0,false,false,false,ok,29.082,44.831,44.831,0.9036139721443978,false,2055054090
23b,213584448973589,s1000-p100-a0,shrink-only,shrink,1000,100.0,0.0,0.0,false,false,false,ok,23.478,43.661,43.661,0.8800314433716969,false,-439854755
30c,217316775554290,s1000-p100-a0,shrink-only,shrink,1000,100.0,0.0,0.0,false,false,false,ok,88.767,1462.684,1462.684,1.8310901909727655,false,-1451103391
28b,214250168904584,s1000-p100-a04,shrink-only,shrink,1000,100.0,0.4,0.0,false,true,false,ok,105.588,91.13,91.13,0.8371148793885838,false,-2038163606
9d,8018724204063,s1000-p0-a04,shrink-only,shrink,1000,0.0,0.4,0.0,false,false,false,ok,61.48,1139.634,1139.634,0.9625567636894825,false,-1708131848
28a,214245873937295,s1000-p100-a16,shrink-only,shrink,1000,100.0,1.6,0.0,false,false,false,ok,129.144,520.148,520.148,0.9763188050254851,false,-351635764
3b,7211270352859,s1000-p400-a04,shrink-only,shrink,1000,400.0,0.4,0.0,false,false,false,ok,9.166,6.534,6.534,0.9007444168734492,false,113844438
14b,209590129366987,s250-p100-a04,shrink-only,shrink,250,100.0,0.4,0.0,false,false,false,ok,7.879,36.352,36.352,0.9836695485110469,false,1297441228
12b,209323841394485,s1000-p100-a0,shrink-only,shrink,1000,100.0,0.0,0.0,false,false,false,ok,14.398,1.32,1.32,0.9828741623231572,false,466548996
8b,7876990283390,s1000-p25-a04,shrink-only,shrink,1000,25.0,0.4,0.0,false,false,false,ok,10.249,177.632,177.632,0.8737604281441839,false,-387699444
9b,8010134269469,s1000-p400-a04,shrink-only,shrink,1000,400.0,0.4,0.0,false,false,false,ok,14.213,472.237,472.237,0.949142833598471,false,140277402
27b,214117024918505,s4000-p100-a04,shrink-only,shrink,4000,100.0,0.4,0.0,false,false,false,ok,147.838,6.052,6.052,1.0372782586339875,false,1728540501
22d,213459894922096,s1000-p400-a04,shrink-only,shrink,1000,400.0,0.4,0.0,false,false,false,ok,42.212,422.197,422.197,0.6989212334011234,false,-438265046
32b,217578768559287,s4000-p100-a04,shrink-only,shrink,4000,100.0,0.4,0.0,false,false,false,ok,71.52,145.108,145.108,1.0215060575982204,false,1520237401
28a,214245873937295,s250-p100-a04,shrink-only,shrink,250,100.0,0.4,0.0,false,false,false,ok,135.288,337.967,337.967,0.6343647146159326,false,-351635764
30a,217308185619696,s1000-p0-a04,shrink-only,shrink,1000,0.0,0.4,0.0,false,false,false,ok,85.745,851.522,851.522,1.0830499118574048,false,-358644662
4a,7340119371769,s1000-p100-a04,shrink-only,shrink,1000,100.0,0.4,0.0,false,true,false,ok,7.973,774.578,774.578,1.022924000240353,false,1427000343
28c,214254463871881,s1000-p400-a04,shrink-only,shrink,1000,400.0,0.4,0.0,false,false,false,ok,116.814,401.637,401.637,0.8000553772174542,false,-676166940
5b,7477558325145,s1000-p100-a04,shrink-only,shrink,1000,100.0,0.4,0.0,false,true,false,ok,8.161,279.472,279.472,1.0639601174851478,false,1589551454
19a,210251554330221,s4000-p100-a04,shrink-only,shrink,4000,100.0,0.4,0.0,false,false,false,ok,211.242,467.022,467.022,0.8236131281628032,false,187704695
23c,213588743940886,s1000-p100-a16,shrink-only,shrink,1000,100.0,1.6,0.0,false,false,false,ok,23.027,1060.462,1060.462,1.144023785327922,false,1835492322
11a,209186402440981,s1000-p100-a16,shrink-only,shrink,1000,100.0,1.6,0.0,false,false,false,ok,14.371,14.761,14.761,0.9901063151893215,false,-1055439248
5a,7473263357848,s1000-p400-a04,shrink-only,shrink,1000,400.0,0.4,0.0,false,false,false,ok,10.857,151.507,151.507,0.9905104979455212,false,414652499
31c,217449919540369,s1000-p400-a04,shrink-only,shrink,1000,400.0,0.4,0.0,false,false,false,ok,152.316,209.275,209.275,0.9237250916442108,false,1982821986
13d,209465575315414,s250-p100-a04,shrink-only,shrink,250,100.0,0.4,0.0,false,false,false,ok,10.112,3012.358,3012.358,0.9780705435584971,false,-2119720580
8a,7872695316093,s1000-p100-a04,shrink-only,shrink,1000,100.0,0.4,0.0,false,true,false,ok,12.14,111.828,111.828,1.1741951741951742,false,-1762716238
13a,209452690413355,s1000-p25-a04,shrink-only,shrink,1000,25.0,0.4,0.0,false,false,false,ok,16.591,664.72,664.72,0.8714187954410187,false,1188104532
8b,7876990283390,s1000-p100-a0,shrink-only,shrink,1000,100.0,0.0,0.0,false,false,false,ok,9.326,145.878,145.878,0.7175645364394774,false,-387699444
22a,213447010020213,s1000-p25-a04,shrink-only,shrink,1000,25.0,0.4,0.0,false,false,false,ok,31.921,411.766,411.766,0.8736414528087516,false,-2145268623
11c,209194992375575,s1000-p100-a04,shrink-only,shrink,1000,100.0,0.4,0.0,false,true,false,ok,13.494,424.565,424.565,0.8436773135227028,false,212006990
29a,214379017923502,s1000-p400-a04,shrink-only,shrink,1000,400.0,0.4,0.0,false,false,false,ok,732.923,26.845,26.845,1.0496578690127076,false,-858518681
12b,209323841394485,s1000-p25-a04,shrink-only,shrink,1000,25.0,0.4,0.0,false,false,false,ok,16.426,1.381,1.381,1.028294862248697,false,466548996
19a,210251554330221,s1000-p0-a04,shrink-only,shrink,1000,0.0,0.4,0.0,false,false,false,ok,36.783,468.559,468.559,0.8263236929284594,false,-392804058
29b,214383312890799,s1000-p0-a04,shrink-only,shrink,1000,0.0,0.4,0.0,false,false,false,ok,708.13,3.207,3.207,1.1957494407158837,false,-290208566
17e,210002446227371,s250-p100-a04,shrink-only,shrink,250,100.0,0.4,0.0,false,false,false,ok,21.539,4130.972,4130.972,1.0033621726010804,false,-1125412742
33b,217711912546134,s1000-p25-a04,shrink-only,shrink,1000,25.0,0.4,0.0,false,false,false,ok,89.584,4.11,4.11,1.0299461220398447,false,1896864069
11b,209190697408278,s1000-p0-a04,shrink-only,shrink,1000,0.0,0.4,0.0,false,false,false,ok,10.973,1.851,1.851,0.9407878017789072,false,-1446711126
18b,210122705311311,s1000-p0-a04,shrink-only,shrink,1000,0.0,0.4,0.0,false,false,false,ok,23.169,798.459,798.459,1.2268271790360807,false,-633376097
29b,214383312890799,s1000-p100-a16,shrink-only,shrink,1000,100.0,1.6,0.0,false,false,false,ok,827.319,2.847,2.847,1.0615212527964206,false,-665152500
15c,209727568320491,s1000-p100-a16,shrink-only,shrink,1000,100.0,1.6,0.0,false,false,false,ok,22.493,533.502,533.502,0.9409239538763804,false,-1622553236
29a,214379017923502,s1000-p100-a0,shrink-only,shrink,1000,100.0,0.0,0.0,false,false,false,ok,649.594,24.785,24.785,0.96911045943304,false,-858518681
19c,210260144264815,s1000-p100-a16,shrink-only,shrink,1000,100.0,1.6,0.0,false,false,false,ok,25.688,708.844,708.844,0.9365589408873504,false,1055693188
28b,214250168904584,s1000-p0-a04,shrink-only,shrink,1000,0.0,0.4,0.0,false,false,false,ok,110.586,124.596,124.596,1.144531608825853,false,1300118193
6f,7627882180516,s4000-p100-a04,shrink-only,shrink,4000,100.0,0.4,0.0,false,false,false,ok,338.607,1586.558,1586.558,0.8997727256615838,false,1250717231
22b,213451304987510,s1000-p100-a0,shrink-only,shrink,1000,100.0,0.0,0.0,false,false,false,ok,36.63,115.543,115.543,0.24279834958566282,false,-2145268623
4b,7344414339066,s250-p100-a04,shrink-only,shrink,250,100.0,0.4,0.0,false,false,false,ok,3.066,21.377,21.377,0.9804838894622175,false,261415237
2d,7086716301094,s4000-p100-a04,shrink-only,shrink,4000,100.0,0.4,0.0,false,false,false,ok,57.181,135.418,135.418,0.9364812624910963,false,321836810
16c,209860712306570,s1000-p0-a04,shrink-only,shrink,1000,0.0,0.4,0.0,false,false,false,ok,19.642,415.896,415.896,1.0316288184152105,false,719404660
24b,213717592959796,s250-p100-a04,shrink-only,shrink,250,100.0,0.4,0.0,false,false,false,ok,63.608,1.56,1.56,0.8771436603879674,false,-856239350
24a,213713297992459,s250-p100-a04,shrink-only,shrink,250,100.0,0.4,0.0,false,false,false,ok,70.636,115.835,115.835,0.822647941338352,false,672276191
6f,7627882180516,s1000-p0-a04,shrink-only,shrink,1000,0.0,0.4,0.0,false,false,false,ok,15.654,1647.757,1647.757,0.9344800550108817,false,1250717231
4c,7348709306363,s1000-p25-a04,shrink-only,shrink,1000,25.0,0.4,0.0,false,false,false,ok,9.116,1455.489,1455.489,1.0003921181839395,false,-430037632
7c,7748141264472,s1000-p100-a0,shrink-only,shrink,1000,100.0,0.0,0.0,false,false,false,ok,28.21,2283.089,2283.089,1.5296894241811487,false,52935710
17a,209985266358191,s1000-p0-a04,shrink-only,shrink,1000,0.0,0.4,0.0,false,false,false,ok,19.268,1733.257,1733.257,0.9009499636268749,false,-1125412742
29a,214379017923502,s1000-p25-a04,shrink-only,shrink,1000,25.0,0.4,0.0,false,false,false,ok,685.959,24.913,24.913,0.9741153470185727,false,-858518681
12b,209323841394485,s1000-p100-a04,shrink-only,shrink,1000,100.0,0.4,0.0,false,true,false,ok,14.806,1.298,1.298,0.9664929262844378,false,466548996
9c,8014429236766,s1000-p100-a0,shrink-only,shrink,1000,100.0,0.0,0.0,false,false,false,ok,128.101,640.651,640.651,0.9631800150794981,false,659609918
12b,209323841394485,s4000-p100-a04,shrink-only,shrink,4000,100.0,0.4,0.0,false,false,false,ok,71.489,1.335,1.335,0.9940431868950111,false,-1300552445
18a,210118410344014,s250-p100-a04,shrink-only,shrink,250,100.0,0.4,0.0,false,false,false,ok,25.863,933.235,933.235,0.9528513507580562,false,-574815707
4c,7348709306363,s1000-p100-a16,shrink-only,shrink,1000,100.0,1.6,0.0,false,false,false,ok,7.748,1439.504,1439.504,0.9894052484726807,false,1192923874
8b,7876990283390,s4000-p100-a04,shrink-only,shrink,4000,100.0,0.4,0.0,false,false,false,ok,208.161,149.377,149.377,0.734775893278766,false,-1987159524
11c,209194992375575,s1000-p400-a04,shrink-only,shrink,1000,400.0,0.4,0.0,false,false,false,ok,14.179,508.959,508.959,1.0113814417420213,false,1916526955
18b,210122705311311,s1000-p400-a04,shrink-only,shrink,1000,400.0,0.4,0.0,false,false,false,ok,23.856,714.672,714.672,1.0980889860294316,false,-1852800932
8a,7872695316093,s250-p100-a04,shrink-only,shrink,250,100.0,0.4,0.0,false,false,false,ok,20.349,70.201,70.201,0.737111237111237,false,-1762716238
22a,213447010020213,s250-p100-a04,shrink-only,shrink,250,100.0,0.4,0.0,false,false,false,ok,18.337,448.103,448.103,0.9507374477930669,false,316133052
8c,7881285250687,s250-p100-a04,shrink-only,shrink,250,100.0,0.4,0.0,false,false,false,ok,68.128,4486.761,4486.761,0.9735001614269447,false,1733352584
9d,8018724204063,s250-p100-a04,shrink-only,shrink,250,100.0,0.4,0.0,false,false,false,ok,38.248,1324.86,1324.86,1.11900220065534,false,969253244
8a,7872695316093,s4000-p100-a04,shrink-only,shrink,4000,100.0,0.4,0.0,false,false,false,ok,289.557,73.446,73.446,0.7711837711837711,false,-1762716238
11d,209199287342864,s1000-p100-a0,shrink-only,shrink,1000,100.0,0.0,0.0,false,false,false,ok,20.947,1368.362,1368.362,6.13681293053961,false,198126114
4b,7344414339066,s4000-p100-a04,shrink-only,shrink,4000,100.0,0.4,0.0,false,false,false,ok,32.248,24.262,24.262,1.112808164201353,false,261415237
26c,213988175899595,s1000-p100-a04,shrink-only,shrink,1000,100.0,0.4,0.0,false,true,false,ok,235.24,338.391,338.391,0.9823654328227355,false,-321495561
23a,213580154006292,s1000-p0-a04,shrink-only,shrink,1000,0.0,0.4,0.0,false,false,false,ok,30.087,490.393,490.393,1.2966379211191859,false,-1550513565
21b,213318161001303,s1000-p100-a16,shrink-only,shrink,1000,100.0,1.6,0.0,false,false,false,ok,30.204,12.991,12.991,1.0007318106536225,false,405046416
28c,214254463871881,s1000-p0-a04,shrink-only,shrink,1000,0.0,0.4,0.0,false,false,false,ok,117.531,1091.747,1091.747,2.1747450008615345,false,-1040088321
18a,210118410344014,s1000-p100-a04,shrink-only,shrink,1000,100.0,0.4,0.0,false,true,false,ok,31.262,979.885,979.885,1.0004819213140932,false,-1701613315
4c,7348709306363,s4000-p100-a04,shrink-only,shrink,4000,100.0,0.4,0.0,false,false,false,ok,28.095,1431.126,1431.126,0.9836468503218565,false,-430037632
21c,213322455968592,s1000-p400-a04,shrink-only,shrink,1000,400.0,0.4,0.0,false,false,false,ok,39.803,45.557,45.557,1.0900498881405003,false,405046416
6a,7606407344063,s1000-p100-a16,shrink-only,shrink,1000,100.0,1.6,0.0,false,false,false,ok,48.251,4.13,4.13,1.0518273271361263,false,-224470636
11d,209199287342864,s1000-p0-a04,shrink-only,shrink,1000,0.0,0.4,0.0,false,false,false,ok,14.611,1280.682,1280.682,5.743586753731344,false,198126114
13d,209465575315414,s1000-p100-a16,shrink-only,shrink,1000,100.0,1.6,0.0,false,false,false,ok,30.635,2881.997,2881.997,0.9357441487113941,false,-2119720580
31c,217449919540369,s1000-p100-a16,shrink-only,shrink,1000,100.0,1.6,0.0,false,false,false,ok,78.809,327.468,327.468,1.445420658514139,false,1982821986
16d,209865007273867,s1000-p100-a0,shrink-only,shrink,1000,100.0,0.0,0.0,false,false,false,ok,101.99,276.746,276.746,0.9225035792322858,false,719404660
31b,217445624573072,s1000-p100-a16,shrink-only,shrink,1000,100.0,1.6,0.0,false,false,false,ok,83.106,7.609,7.609,0.9364346809427111,false,-536655723
11c,209194992375575,s1000-p0-a04,shrink-only,shrink,1000,0.0,0.4,0.0,false,false,false,ok,12.877,399.599,399.599,0.7940659517538151,false,869093453
28a,214245873937295,s1000-p0-a04,shrink-only,shrink,1000,0.0,0.4,0.0,false,false,false,ok,129.173,824.519,824.519,1.5476237624691584,false,96586315
6f,7627882180516,s1000-p400-a04,shrink-only,shrink,1000,400.0,0.4,0.0,false,false,false,ok,14.415,1650.89,1650.89,0.9362568497763412,false,1250717231
30b,217312480586993,s4000-p100-a04,shrink-only,shrink,4000,100.0,0.4,0.0,false,false,false,ok,382.757,129.55,129.55,3.6722603322183796,false,1910947129
4a,7340119371769,s1000-p25-a04,shrink-only,shrink,1000,25.0,0.4,0.0,false,false,false,ok,7.986,718.436,718.436,0.9487816940794579,false,1427000343
13b,209456985380820,s4000-p100-a04,shrink-only,shrink,4000,100.0,0.4,0.0,false,false,false,ok,96.336,332.443,332.443,0.9873332382954965,false,-2119720580
4a,7340119371769,s1000-p100-a0,shrink-only,shrink,1000,100.0,0.0,0.0,false,false,false,ok,5.652,805.893,805.893,1.0642792479591454,false,1427000343
11b,209190697408278,s1000-p400-a04,shrink-only,shrink,1000,400.0,0.4,0.0,false,false,false,ok,11.055,1.911,1.911,0.9712833545108005,false,-1446711126
26c,213988175899595,s1000-p25-a04,shrink-only,shrink,1000,25.0,0.4,0.0,false,false,false,ok,35.439,312.055,312.055,0.9059107515847015,false,628672308
6b,7610702311352,s1000-p0-a04,shrink-only,shrink,1000,0.0,0.4,0.0,false,false,false,ok,44.248,3.921,3.921,0.9396117900790798,false,1482096114
29a,214379017923502,s250-p100-a04,shrink-only,shrink,250,100.0,0.4,0.0,false,false,false,ok,653.859,24.846,24.846,0.9714956011730205,false,304812620
13a,209452690413355,s1000-p100-a04,shrink-only,shrink,1000,100.0,0.4,0.0,false,true,false,ok,58.971,749.701,749.701,0.9828251630174016,false,-1062568155
3c,7215565320132,s1000-p25-a04,shrink-only,shrink,1000,25.0,0.4,0.0,false,false,false,ok,14.606,1297.091,1297.091,0.9887336483541445,false,-1572305105
6a,7606407344063,s4000-p100-a04,shrink-only,shrink,4000,100.0,0.4,0.0,false,false,false,ok,168.604,4.183,4.183,1.0653253533681395,false,-224470636
18b,210122705311311,s1000-p100-a0,shrink-only,shrink,1000,100.0,0.0,0.0,false,false,false,ok,24.021,772.124,772.124,1.1863636189034814,false,-2103027714
3b,7211270352859,s250-p100-a04,shrink-only,shrink,250,100.0,0.4,0.0,false,false,false,ok,4.051,6.266,6.266,0.8637992831541219,false,129508754
4c,7348709306363,s1000-p0-a04,shrink-only,shrink,1000,0.0,0.4,0.0,false,false,false,ok,7.736,2137.948,2137.948,1.4694623788205319,false,-1125545911
8c,7881285250687,s1000-p100-a0,shrink-only,shrink,1000,100.0,0.0,0.0,false,false,false,ok,72.658,4314.997,4314.997,0.9362322343572083,false,-388506810
12b,209323841394485,s1000-p0-a04,shrink-only,shrink,1000,0.0,0.4,0.0,false,false,false,ok,25.463,2.908,2.908,2.16530156366344,false,-1300552445
26c,213988175899595,s1000-p0-a04,shrink-only,shrink,1000,0.0,0.4,0.0,false,false,false,ok,37.543,379.631,379.631,1.102087146608296,false,628672308
8c,7881285250687,s1000-p25-a04,shrink-only,shrink,1000,25.0,0.4,0.0,false,false,false,ok,14.215,4329.145,4329.145,0.9393019499680617,false,-388506810
19d,210264439232104,s1000-p0-a04,shrink-only,shrink,1000,0.0,0.4,0.0,false,false,false,ok,128.335,5890.388,5890.388,1.0143300412541665,false,-1211980585
27a,214112729951208,s250-p100-a04,shrink-only,shrink,250,100.0,0.4,0.0,false,false,false,ok,75.568,19.538,19.538,1.110555334508043,false,704699266
5a,7473263357848,s4000-p100-a04,shrink-only,shrink,4000,100.0,0.4,0.0,false,false,false,ok,69.798,165.452,165.452,1.0816790175112856,false,414652499
2b,7078126366500,s1000-p0-a04,shrink-only,shrink,1000,0.0,0.4,0.0,false,false,false,ok,25.079,127.21,127.21,0.940794509505197,false,321836810
30b,217312480586993,s250-p100-a04,shrink-only,shrink,250,100.0,0.4,0.0,false,false,false,ok,71.476,36.989,36.989,1.048500481886728,false,-119349660
22a,213447010020213,s1000-p100-a0,shrink-only,shrink,1000,100.0,0.0,0.0,false,false,false,ok,45.937,555.886,555.886,1.17941999251042,false,-2145268623
30c,217316775554290,s1000-p0-a04,shrink-only,shrink,1000,0.0,0.4,0.0,false,false,false,ok,224.025,1384.056,1384.056,1.7326581581236973,false,-1451103391
28b,214250168904584,s1000-p100-a16,shrink-only,shrink,1000,100.0,1.6,0.0,false,false,false,ok,118.754,241.181,241.181,2.215474637614595,false,513417771
5a,7473263357848,s1000-p0-a04,shrink-only,shrink,1000,0.0,0.4,0.0,false,false,false,ok,23.41,154.317,154.317,1.0088814940000066,false,414652499
6b,7610702311352,s1000-p25-a04,shrink-only,shrink,1000,25.0,0.4,0.0,false,false,false,ok,10.28,3.774,3.774,0.9043853342918764,false,1482096114
13d,209465575315414,s1000-p25-a04,shrink-only,shrink,1000,25.0,0.4,0.0,false,false,false,ok,20.124,2826.772,2826.772,0.9178133630053067,false,-2119720580
11a,209186402440981,s1000-p25-a04,shrink-only,shrink,1000,25.0,0.4,0.0,false,false,false,ok,24.195,14.745,14.745,0.9890331019217224,false,-1055439248
9d,8018724204063,s1000-p100-a16,shrink-only,shrink,1000,100.0,1.6,0.0,false,false,false,ok,265.562,1197.399,1197.399,1.011346192097658,false,969253244
16d,209865007273867,s1000-p400-a04,shrink-only,shrink,1000,400.0,0.4,0.0,false,false,false,ok,20.619,280.758,280.758,0.9358771577478919,false,719404660
8d,7885580217976,s250-p100-a04,shrink-only,shrink,250,100.0,0.4,0.0,false,false,false,ok,35.717,643.664,643.664,1.0626331564380234,false,1142152349
1c,6949277347590,s4000-p100-a04,shrink-only,shrink,4000,100.0,0.4,0.0,false,false,false,ok,23.287,0.995,0.995,0.9208699676075891,false,686382736
32a,217574473591990,s1000-p25-a04,shrink-only,shrink,1000,25.0,0.4,0.0,false,false,false,ok,23.598,0.164,0.164,0.830379746835443,false,-1917286155
13b,209456985380820,s1000-p100-a04,shrink-only,shrink,1000,100.0,0.4,0.0,false,true,false,ok,27.575,319.483,319.483,0.9488429143352698,false,-2119720580
31c,217449919540369,s1000-p25-a04,shrink-only,shrink,1000,25.0,0.4,0.0,false,false,false,ok,72.808,207.309,207.309,0.9150473062891874,false,1346825370
19c,210260144264815,s1000-p100-a0,shrink-only,shrink,1000,100.0,0.0,0.0,false,false,false,ok,50.225,738.005,738.005,0.9750878630129747,false,-649799299
14b,209590129366987,s4000-p100-a04,shrink-only,shrink,4000,100.0,0.4,0.0,false,false,false,ok,74.246,36.68,36.68,0.9925450880112567,false,1297441228
19b,210255849297518,s1000-p25-a04,shrink-only,shrink,1000,25.0,0.4,0.0,false,false,false,ok,52.947,165.863,165.863,1.0730225682595236,false,825922194
31a,217441329605783,s1000-p100-a0,shrink-only,shrink,1000,100.0,0.0,0.0,false,false,false,ok,151.079,180.121,180.121,0.8859644376675438,false,2133672151
15b,209723273353194,s250-p100-a04,shrink-only,shrink,250,100.0,0.4,0.0,false,false,false,ok,65.146,27.732,27.732,3.196588092905308,false,-1293176700
17e,210002446227371,s1000-p25-a04,shrink-only,shrink,1000,25.0,0.4,0.0,false,false,false,ok,121.661,4085.344,4085.344,0.9922796938983823,false,-1125412742
4a,7340119371769,s4000-p100-a04,shrink-only,shrink,4000,100.0,0.4,0.0,false,false,false,ok,26.914,713.012,713.012,0.9416186455842724,false,1427000343
5b,7477558325145,s1000-p25-a04,shrink-only,shrink,1000,25.0,0.4,0.0,false,false,false,ok,9.905,286.009,286.009,1.0888467153840444,false,1589551454
29c,214387607858088,s1000-p0-a04,shrink-only,shrink,1000,0.0,0.4,0.0,false,false,false,ok,1156.549,129.144,129.144,1.9783694353380927,false,254816621
16c,209860712306570,s1000-p100-a16,shrink-only,shrink,1000,100.0,1.6,0.0,false,false,false,ok,37.484,335.207,335.207,0.8314799885897134,false,719404660
4b,7344414339066,s1000-p25-a04,shrink-only,shrink,1000,25.0,0.4,0.0,false,false,false,ok,8.547,21.682,21.682,0.9944731108817795,false,261415237
8c,7881285250687,s4000-p100-a04,shrink-only,shrink,4000,100.0,0.4,0.0,false,false,false,ok,506.976,4989.879,4989.879,1.0826625291609964,false,737600458
25c,213855031913428,s1000-p100-a16,shrink-only,shrink,1000,100.0,1.6,0.0,false,false,false,ok,136.208,901.817,901.817,1.0155396712339566,false,35421457
17a,209985266358191,s1000-p25-a04,shrink-only,shrink,1000,25.0,0.4,0.0,false,false,false,ok,48.882,1796.262,1796.262,0.9337000707710036,false,-1125412742
6b,7610702311352,s1000-p100-a0,shrink-only,shrink,1000,100.0,0.0,0.0,false,false,false,ok,10.506,4.079,4.079,0.9774742391564821,false,1482096114
23b,213584448973589,s1000-p0-a04,shrink-only,shrink,1000,0.0,0.4,0.0,false,false,false,ok,72.555,93.771,93.771,1.8900489790982202,false,-1221980907
32b,217578768559287,s1000-p400-a04,shrink-only,shrink,1000,400.0,0.4,0.0,false,false,false,ok,30.031,53.167,53.167,0.3742757984695853,false,-888812919
28a,214245873937295,s1000-p400-a04,shrink-only,shrink,1000,400.0,0.4,0.0,false,false,false,ok,128.223,461.801,461.801,0.8668013728392188,false,-351635764
18a,210118410344014,s1000-p25-a04,shrink-only,shrink,1000,25.0,0.4,0.0,false,false,false,ok,26.014,1167.533,1167.533,1.192074232218686,false,-1701613315
32a,217574473591990,s250-p100-a04,shrink-only,shrink,250,100.0,0.4,0.0,false,false,false,ok,7.126,0.157,0.157,0.7949367088607595,false,-1917286155
8d,7885580217977,s1000-p400-a04,shrink-only,shrink,1000,400.0,0.4,0.0,false,false,false,ok,117.117,556.169,556.169,0.9181865382916848,false,1142152349
19c,210260144264814,s1000-p100-a04,shrink-only,shrink,1000,100.0,0.4,0.0,false,true,false,ok,94.477,771.714,771.714,1.0196258224770764,false,1055693188
8d,7885580217977,s1000-p100-a0,shrink-only,shrink,1000,100.0,0.0,0.0,false,false,false,ok,8.384,552.528,552.528,0.9121755646740974,false,-1012298996
31c,217449919540368,s1000-p100-a0,shrink-only,shrink,1000,100.0,0.0,0.0,false,false,false,ok,197.608,297.805,297.805,1.314490268388982,false,-105956113
30c,217316775554291,s250-p100-a04,shrink-only,shrink,250,100.0,0.4,0.0,false,false,false,ok,78.59,773.0,773.0,0.967695495145874,false,-804478301
11d,209199287342865,s1000-p25-a04,shrink-only,shrink,1000,25.0,0.4,0.0,false,false,false,ok,21.673,207.703,207.703,0.931503838978186,false,2003817464
19a,210251554330220,s1000-p25-a04,shrink-only,shrink,1000,25.0,0.4,0.0,false,false,false,ok,86.964,727.658,727.658,1.2832557815535224,false,187704695
4c,7348709306362,s1000-p400-a04,shrink-only,shrink,1000,400.0,0.4,0.0,false,false,false,ok,8.987,1411.589,1411.589,0.9702186067467009,false,1192923874
28c,214254463871880,s4000-p100-a04,shrink-only,shrink,4000,100.0,0.4,0.0,false,false,false,ok,241.026,1184.357,1184.357,2.3592228464885765,false,-1040088321
12b,209323841394484,s1000-p100-a04,shrink-only,shrink,1000,100.0,0.4,0.0,false,true,false,ok,29.17,1.343,1.343,1.0,false,466548996
30b,217312480586992,s1000-p100-a16,shrink-only,shrink,1000,100.0,1.6,0.0,false,false,false,ok,125.008,35.571,35.571,1.0083054594931684,false,-1031970200
9b,8010134269468,s1000-p0-a04,shrink-only,shrink,1000,0.0,0.4,0.0,false,false,false,ok,191.833,447.603,447.603,0.8996312862972964,false,1524708452
30a,217308185619697,s1000-p0-a04,shrink-only,shrink,1000,0.0,0.4,0.0,false,false,false,ok,160.911,816.049,816.049,1.0379318414806937,false,-358644662
24b,213717592959797,s1000-p400-a04,shrink-only,shrink,1000,400.0,0.4,0.0,false,false,false,ok,212.619,1.734,1.734,0.9749789148158561,false,-870534348
13d,209465575315415,s1000-p100-a04,shrink-only,shrink,1000,100.0,0.4,0.0,false,true,false,ok,33.591,2992.004,2992.004,0.9714618842146907,false,-2119720580
13a,209452690413354,s1000-p100-a04,shrink-only,shrink,1000,100.0,0.4,0.0,false,true,false,ok,60.992,669.218,669.218,0.8773154763621489,false,-1062568155
15b,209723273353195,s1000-p100-a16,shrink-only,shrink,1000,100.0,1.6,0.0,false,false,false,ok,114.376,6.138,6.138,0.7075096536222696,false,-1293176700
15a,209718978385896,s1000-p400-a04,shrink-only,shrink,1000,400.0,0.4,0.0,false,false,false,ok,81.127,933.673,933.673,2.0850572530803886,false,196157638
4a,7340119371768,s1000-p100-a16,shrink-only,shrink,1000,100.0,1.6,0.0,false,false,false,ok,7.708,731.98,731.98,0.9666681853808573,false,-1509295857
21a,213313866034007,s1000-p25-a04,shrink-only,shrink,1000,25.0,0.4,0.0,false,false,false,ok,48.394,31.885,31.885,1.0653190778483128,false,405046416
13a,209452690413354,s1000-p0-a04,shrink-only,shrink,1000,0.0,0.4,0.0,false,false,false,ok,16.631,1046.234,1046.234,1.3715669334899487,false,-124300931
1c,6949277347591,s1000-p0-a04,shrink-only,shrink,1000,0.0,0.4,0.0,false,false,false,ok,8.111,1.114,1.114,1.031004164738547,false,686382736
8a,7872695316092,s1000-p100-a0,shrink-only,shrink,1000,100.0,0.0,0.0,false,false,false,ok,92.708,77.522,77.522,0.813981813981814,false,-1762716238
13b,209456985380821,s1000-p100-a04,shrink-only,shrink,1000,100.0,0.4,0.0,false,true,false,ok,26.105,326.192,326.192,0.9687681908359767,false,-2119720580
29a,214379017923503,s1000-p25-a04,shrink-only,shrink,1000,25.0,0.4,0.0,false,false,false,ok,939.43,24.343,24.343,0.9518279569892472,false,-858518681
22b,213451304987511,s1000-p100-a04,shrink-only,shrink,1000,100.0,0.4,0.0,false,true,false,ok,38.828,454.657,454.657,0.9554016186836821,false,815426615
19a,210251554330220,s4000-p100-a04,shrink-only,shrink,4000,100.0,0.4,0.0,false,false,false,ok,285.044,466.873,466.873,0.8233503603358138,false,187704695
22b,213451304987511,s1000-p100-a0,shrink-only,shrink,1000,100.0,0.0,0.0,false,false,false,ok,28.555,113.166,113.166,0.23780339812200751,false,-2145268623
22a,213447010020212,s1000-p100-a04,shrink-only,shrink,1000,100.0,0.4,0.0,false,true,false,ok,36.876,339.621,339.621,0.7205718389676685,false,316133052
32b,217578768559286,s1000-p100-a0,shrink-only,shrink,1000,100.0,0.0,0.0,false,false,false,ok,33.515,51.601,51.601,0.36325174406735516,false,1013953437
4a,7340119371768,s1000-p0-a04,shrink-only,shrink,1000,0.0,0.4,0.0,false,false,false,ok,7.646,759.459,759.459,1.002957530808438,false,1427000343
14b,209590129366986,s4000-p100-a04,shrink-only,shrink,4000,100.0,0.4,0.0,false,false,false,ok,65.532,36.03,36.03,0.9749563664407193,false,1297441228
7c,7748141264473,s4000-p100-a04,shrink-only,shrink,4000,100.0,0.4,0.0,false,false,false,ok,783.837,2070.922,2070.922,1.3875356947118895,false,-399731567
14b,209590129366986,s250-p100-a04,shrink-only,shrink,250,100.0,0.4,0.0,false,false,false,ok,39.685,21.304,21.304,0.5764771143672796,false,1297441228
19a,210251554330220,s1000-p100-a0,shrink-only,shrink,1000,100.0,0.0,0.0,false,false,false,ok,21.938,469.159,469.159,0.8273818184062691,false,187704695
8a,7872695316092,s4000-p100-a04,shrink-only,shrink,4000,100.0,0.4,0.0,false,false,false,ok,280.36,69.067,69.067,0.7252042252042251,false,-1762716238
8d,7885580217977,s4000-p100-a04,shrink-only,shrink,4000,100.0,0.4,0.0,false,false,false,ok,337.045,741.248,741.248,1.2237358341360898,false,1460871818
5b,7477558325144,s1000-p25-a04,shrink-only,shrink,1000,25.0,0.4,0.0,false,false,false,ok,8.365,214.773,214.773,0.8176486600183119,false,-1512145598
31a,217441329605782,s1000-p100-a0,shrink-only,shrink,1000,100.0,0.0,0.0,false,false,false,ok,160.225,180.885,180.885,0.8897223383586237,false,2133672151
11b,209190697408279,s1000-p100-a0,shrink-only,shrink,1000,100.0,0.0,0.0,false,false,false,ok,12.874,1.864,1.864,0.9473951715374842,false,-1446711126
22b,213451304987511,s250-p100-a04,shrink-only,shrink,250,100.0,0.4,0.0,false,false,false,ok,19.178,413.653,413.653,0.8692371299097148,false,316133052
27c,214121319885803,s1000-p100-a04,shrink-only,shrink,1000,100.0,0.4,0.0,false,true,false,ok,112.012,26.097,26.097,0.9961257323892588,false,-1273730499
11d,209199287342865,s1000-p100-a16,shrink-only,shrink,1000,100.0,1.6,0.0,false,false,false,ok,13.855,198.483,198.483,0.8901540973019518,false,2003817464
15b,209723273353195,s1000-p400-a04,shrink-only,shrink,1000,400.0,0.4,0.0,false,false,false,ok,16.646,6.058,6.058,0.6982882830960752,false,-1293176700
19a,210251554330220,s1000-p0-a04,shrink-only,shrink,1000,0.0,0.4,0.0,false,false,false,ok,21.874,517.701,517.701,0.9129876966460069,false,-637633703
2d,7086716301095,s1000-p400-a04,shrink-only,shrink,1000,400.0,0.4,0.0,false,false,false,ok,23.214,135.562,135.562,0.9374770924531303,false,321836810
13a,209452690413354,s1000-p100-a16,shrink-only,shrink,1000,100.0,1.6,0.0,false,false,false,ok,17.192,645.713,645.713,0.846501451228497,false,-1062568155
5b,7477558325144,s1000-p0-a04,shrink-only,shrink,1000,0.0,0.4,0.0,false,false,false,ok,6.882,263.574,263.574,1.0034358504824468,false,-1512145598
16c,209860712306571,s1000-p0-a04,shrink-only,shrink,1000,0.0,0.4,0.0,false,false,false,ok,98.318,340.786,340.786,0.8453186818638455,false,719404660
13c,209461280348116,s1000-p25-a04,shrink-only,shrink,1000,25.0,0.4,0.0,false,false,false,ok,21.764,521.481,521.481,1.1084550676734881,false,876197618
15a,209718978385896,s4000-p100-a04,shrink-only,shrink,4000,100.0,0.4,0.0,false,false,false,ok,194.458,402.621,402.621,0.8991240362444658,false,-93948010
23a,213580154006293,s1000-p400-a04,shrink-only,shrink,1000,400.0,0.4,0.0,false,false,false,ok,23.957,397.172,397.172,1.05015421591815,false,1835492322
8a,7872695316092,s250-p100-a04,shrink-only,shrink,250,100.0,0.4,0.0,false,false,false,ok,19.213,68.206,68.206,0.7161637161637162,false,-1762716238
13b,209456985380821,s1000-p400-a04,shrink-only,shrink,1000,400.0,0.4,0.0,false,false,false,ok,14.019,323.985,323.985,0.9622135500196016,false,-2119720580
28a,214245873937294,s1000-p100-a16,shrink-only,shrink,1000,100.0,1.6,0.0,false,false,false,ok,147.035,474.279,474.279,0.8902226030450603,false,-351635764
15d,209731863287701,s250-p100-a04,shrink-only,shrink,250,100.0,0.4,0.0,false,false,false,ok,43.41,474.997,474.997,0.9422075964231591,false,-704972777
15a,209718978385896,s1000-p0-a04,shrink-only,shrink,1000,0.0,0.4,0.0,false,false,false,ok,17.299,434.154,434.154,0.9695428127983384,false,532935496
21c,213322455968593,s1000-p400-a04,shrink-only,shrink,1000,400.0,0.4,0.0,false,false,false,ok,55.027,40.819,40.819,0.9766829770179574,false,405046416
31a,217441329605782,s1000-p100-a04,shrink-only,shrink,1000,100.0,0.4,0.0,false,true,false,ok,60.937,178.934,178.934,0.8801259191854602,false,499229554
19b,210255849297519,s1000-p100-a04,shrink-only,shrink,1000,100.0,0.4,0.0,false,true,false,ok,38.602,153.141,153.141,0.9907197453671506,false,910037442
27b,214117024918504,s4000-p100-a04,shrink-only,shrink,4000,100.0,0.4,0.0,false,false,false,ok,141.505,5.757,5.757,0.9867169423258204,false,1728540501
25c,213855031913429,s1000-p100-a04,shrink-only,shrink,1000,100.0,0.4,0.0,false,true,false,ok,82.817,886.175,886.175,0.9979251535020425,false,35421457
19d,210264439232105,s1000-p400-a04,shrink-only,shrink,1000,400.0,0.4,0.0,false,false,false,ok,84.87,2909.35,2909.35,0.5009926520159299,false,-1246359705
22a,213447010020212,s1000-p25-a04,shrink-only,shrink,1000,25.0,0.4,0.0,false,false,false,ok,33.171,376.545,376.545,0.7989132683317014,false,-2145268623
28a,214245873937294,s1000-p25-a04,shrink-only,shrink,1000,25.0,0.4,0.0,false,false,false,ok,189.605,851.702,851.702,1.5986463062009575,false,96586315
21c,213322455968593,s250-p100-a04,shrink-only,shrink,250,100.0,0.4,0.0,false,false,false,ok,22.073,41.31,41.31,0.9884312153803821,false,1230868213
15b,209723273353195,s250-p100-a04,shrink-only,shrink,250,100.0,0.4,0.0,false,false,false,ok,15.979,5.932,5.932,0.683764624517319,false,-1293176700
30a,217308185619697,s250-p100-a04,shrink-only,shrink,250,100.0,0.4,0.0,false,false,false,ok,69.011,697.344,697.344,0.8869510802237526,false,-824386529
22d,213459894922097,s4000-p100-a04,shrink-only,shrink,4000,100.0,0.4,0.0,false,false,false,ok,128.521,5636.485,5636.485,9.3308551416683,false,1311334790
30c,217316775554291,s1000-p0-a04,shrink-only,shrink,1000,0.0,0.4,0.0,false,false,false,ok,168.364,1221.362,1221.362,1.5289864234700583,false,-1451103391
31b,217445624573073,s1000-p25-a04,shrink-only,shrink,1000,25.0,0.4,0.0,false,false,false,ok,84.195,8.047,8.047,0.9903390560580887,false,-744571733
1c,6949277347591,s1000-p100-a04,shrink-only,shrink,1000,100.0,0.4,0.0,false,true,false,ok,7.081,1.03,1.03,0.9532623785284591,false,686382736
26c,213988175899594,s1000-p100-a04,shrink-only,shrink,1000,100.0,0.4,0.0,false,true,false,ok,163.831,305.66,305.66,0.887345757412571,false,-321495561
2b,7078126366501,s250-p100-a04,shrink-only,shrink,250,100.0,0.4,0.0,false,false,false,ok,6.459,125.161,125.161,0.9256409213440766,false,321836810
1c,6949277347591,s4000-p100-a04,shrink-only,shrink,4000,100.0,0.4,0.0,false,false,false,ok,16.21,1.152,1.152,1.0661730680240629,false,686382736
8a,7872695316092,s1000-p0-a04,shrink-only,shrink,1000,0.0,0.4,0.0,false,false,false,ok,13.034,73.121,73.121,0.7677712677712677,false,115582433
23b,213584448973588,s1000-p0-a04,shrink-only,shrink,1000,0.0,0.4,0.0,false,false,false,ok,31.281,46.451,46.451,0.9362667042912141,false,-1221980907
4c,7348709306362,s1000-p0-a04,shrink-only,shrink,1000,0.0,0.4,0.0,false,false,false,ok,8.402,2089.613,2089.613,1.436240586672037,false,-1125545911
8b,7876990283391,s1000-p25-a04,shrink-only,shrink,1000,25.0,0.4,0.0,false,false,false,ok,68.261,150.68,150.68,0.7411852668030852,false,-1718178947
4a,7340119371768,s250-p100-a04,shrink-only,shrink,250,100.0,0.4,0.0,false,false,false,ok,3.042,784.135,784.135,1.0355451754742186,false,1427000343
27c,214121319885803,s1000-p100-a0,shrink-only,shrink,1000,100.0,0.0,0.0,false,false,false,ok,86.03,25.397,25.397,0.9694066454186306,false,-1273730499
22a,213447010020212,s1000-p0-a04,shrink-only,shrink,1000,0.0,0.4,0.0,false,false,false,ok,31.465,349.412,349.412,0.7413453449503151,false,-2145268623
4c,7348709306362,s250-p100-a04,shrink-only,shrink,250,100.0,0.4,0.0,false,false,false,ok,4.412,1484.312,1484.312,1.0202028498503524,false,-430037632
8c,7881285250686,s1000-p100-a0,shrink-only,shrink,1000,100.0,0.0,0.0,false,false,false,ok,86.686,4245.623,4245.623,0.9211800396450688,false,-388506810
22d,213459894922097,s1000-p100-a16,shrink-only,shrink,1000,100.0,1.6,0.0,false,false,false,ok,44.731,611.234,611.234,1.011860390236554,false,-438265046
13b,209456985380821,s1000-p100-a16,shrink-only,shrink,1000,100.0,1.6,0.0,false,false,false,ok,15.567,325.557,325.557,0.9668822837592218,false,-2119720580
30b,217312480586992,s1000-p0-a04,shrink-only,shrink,1000,0.0,0.4,0.0,false,false,false,ok,109.738,84.289,84.289,2.3892794376098414,false,1278165864
21a,213313866034007,s1000-p100-a0,shrink-only,shrink,1000,100.0,0.0,0.0,false,false,false,ok,31.818,28.432,28.432,0.9499498830604745,false,405046416
23c,213588743940887,s1000-p100-a16,shrink-only,shrink,1000,100.0,1.6,0.0,false,false,false,ok,24.504,1026.503,1026.503,1.1073889000364634,false,1835492322
26c,213988175899594,s1000-p100-a0,shrink-only,shrink,1000,100.0,0.0,0.0,false,false,false,ok,72.29,295.144,295.144,0.8568173010069223,false,628672308
13a,209452690413354,s1000-p100-a0,shrink-only,shrink,1000,100.0,0.0,0.0,false,false,false,ok,17.082,678.297,678.297,0.889217647567783,false,1188104532
5a,7473263357849,s1000-p400-a04,shrink-only,shrink,1000,400.0,0.4,0.0,false,false,false,ok,11.311,223.715,223.715,1.4625862570566526,false,414652499
15c,209727568320490,s1000-p0-a04,shrink-only,shrink,1000,0.0,0.4,0.0,false,false,false,ok,48.717,582.635,582.635,1.0275785805240936,false,-1076120849
27c,214121319885803,s1000-p100-a16,shrink-only,shrink,1000,100.0,1.6,0.0,false,false,false,ok,84.8,26.1,26.1,0.9962402427619902,false,-1093302568
8a,7872695316092,s1000-p25-a04,shrink-only,shrink,1000,25.0,0.4,0.0,false,false,false,ok,11.465,69.358,69.358,0.7282597282597283,false,-1762716238
22d,213459894922097,s1000-p400-a04,shrink-only,shrink,1000,400.0,0.4,0.0,false,false,false,ok,41.083,624.801,624.801,1.0343197264553168,false,-438265046
16c,209860712306571,s250-p100-a04,shrink-only,shrink,250,100.0,0.4,0.0,false,false,false,ok,29.865,396.859,396.859,0.9844075952820945,false,719404660
30c,217316775554291,s1000-p400-a04,shrink-only,shrink,1000,400.0,0.4,0.0,false,false,false,ok,101.557,836.536,836.536,1.0472343062449532,false,-804478301
11a,209186402440980,s250-p100-a04,shrink-only,shrink,250,100.0,0.4,0.0,false,false,false,ok,9.829,14.835,14.835,0.995069926551967,false,-1535681465
21b,213318161001302,s1000-p100-a04,shrink-only,shrink,1000,100.0,0.4,0.0,false,true,false,ok,27.157,13.582,13.582,1.0462581365789778,false,405046416
29c,214387607858089,s1000-p100-a04,shrink-only,shrink,1000,100.0,0.4,0.0,false,true,false,ok,1361.595,71.788,71.788,1.0997273200772084,false,2081534655
10a,209053258454903,s250-p100-a04,shrink-only,shrink,250,100.0,0.4,0.0,false,false,false,ok,66.67,750.647,750.647,2.378095393481081,false,1718403736
11d,209199287342865,s1000-p400-a04,shrink-only,shrink,1000,400.0,0.4,0.0,false,false,false,ok,15.042,208.387,208.387,0.9345714336969001,false,2003817464
4c,7348709306362,s1000-p100-a16,shrink-only,shrink,1000,100.0,1.6,0.0,false,false,false,ok,9.459,1455.608,1455.608,1.0004739097069697,false,1192923874
23c,213588743940887,s4000-p100-a04,shrink-only,shrink,4000,100.0,0.4,0.0,false,false,false,ok,97.152,878.429,878.429,0.9476470347092317,false,-1576721678
28c,214254463871880,s1000-p0-a04,shrink-only,shrink,1000,0.0,0.4,0.0,false,false,false,ok,183.431,1118.025,1118.025,2.2270904152594118,false,-1040088321
2b,7078126366501,s1000-p100-a16,shrink-only,shrink,1000,100.0,1.6,0.0,false,false,false,ok,23.414,123.476,123.476,0.9131793322511101,false,321836810
23c,213588743940887,s1000-p25-a04,shrink-only,shrink,1000,25.0,0.4,0.0,false,false,false,ok,36.52,841.8,841.8,0.9081317600150168,false,-1576721678
22a,213447010020212,s250-p100-a04,shrink-only,shrink,250,100.0,0.4,0.0,false,false,false,ok,19.718,420.954,420.954,0.8931355773076339,false,-1072711187
8c,7881285250686,s1000-p400-a04,shrink-only,shrink,1000,400.0,0.4,0.0,false,false,false,ok,13.658,4364.081,4364.081,0.9468820732774181,false,1733352584
17e,210002446227370,s250-p100-a04,shrink-only,shrink,250,100.0,0.4,0.0,false,false,false,ok,38.393,4749.018,4749.018,1.1534779267934128,false,-1125412742
16d,209865007273866,s1000-p100-a04,shrink-only,shrink,1000,100.0,0.4,0.0,false,true,false,ok,146.996,298.879,298.879,0.9962815984959724,false,719404660
11d,209199287342865,s1000-p100-a04,shrink-only,shrink,1000,100.0,0.4,0.0,false,true,false,ok,16.242,213.257,213.257,0.9564123493111366,false,2003817464
6b,7610702311353,s1000-p25-a04,shrink-only,shrink,1000,25.0,0.4,0.0,false,false,false,ok,87.7,4.26,4.26,1.0208483105679367,false,1482096114
30b,217312480586992,s250-p100-a04,shrink-only,shrink,250,100.0,0.4,0.0,false,false,false,ok,79.548,35.632,35.632,1.0100345824593229,false,-119349660
28a,214245873937294,s4000-p100-a04,shrink-only,shrink,4000,100.0,0.4,0.0,false,false,false,ok,345.005,851.542,851.542,1.5983459858905764,false,96586315
8b,7876990283391,s1000-p100-a16,shrink-only,shrink,1000,100.0,1.6,0.0,false,false,false,ok,9.889,228.389,228.389,1.1234308594364868,false,-1718178947
27b,214117024918504,s1000-p400-a04,shrink-only,shrink,1000,400.0,0.4,0.0,false,false,false,ok,98.862,6.337,6.337,1.0861256320164538,false,-1505844372
25c,213855031913429,s1000-p100-a0,shrink-only,shrink,1000,100.0,0.0,0.0,false,false,false,ok,82.122,928.672,928.672,1.0457811923751503,false,35421457
32b,217578768559286,s4000-p100-a04,shrink-only,shrink,4000,100.0,0.4,0.0,false,false,false,ok,139.281,138.441,138.441,0.974572870689109,false,1520237401
8d,7885580217977,s1000-p100-a16,shrink-only,shrink,1000,100.0,1.6,0.0,false,false,false,ok,126.748,601.104,601.104,0.9923703063516396,false,1142152349
30c,217316775554291,s1000-p25-a04,shrink-only,shrink,1000,25.0,0.4,0.0,false,false,false,ok,109.521,1245.861,1245.861,1.5596559861292807,false,-1451103391
31b,217445624573073,s1000-p100-a04,shrink-only,shrink,1000,100.0,0.4,0.0,false,true,false,ok,64.839,7.904,7.904,0.972740139068365,false,-536655723
17e,210002446227370,s1000-p100-a0,shrink-only,shrink,1000,100.0,0.0,0.0,false,false,false,ok,95.337,4148.79,4148.79,1.007689945142605,false,-1125412742
22b,213451304987511,s1000-p400-a04,shrink-only,shrink,1000,400.0,0.4,0.0,false,false,false,ok,43.377,457.94,457.94,0.9623004094515325,false,316133052
22a,213447010020212,s4000-p100-a04,shrink-only,shrink,4000,100.0,0.4,0.0,false,false,false,ok,137.302,386.664,386.664,0.8203826899473077,false,-2145268623
8a,7872695316092,s1000-p100-a04,shrink-only,shrink,1000,100.0,0.4,0.0,false,true,false,ok,12.591,71.378,71.378,0.7494697494697494,false,-1762716238
12b,209323841394484,s4000-p100-a04,shrink-only,shrink,4000,100.0,0.4,0.0,false,false,false,ok,109.263,1.408,1.408,1.0483991064780342,false,-1300552445
29c,214387607858089,s1000-p100-a16,shrink-only,shrink,1000,100.0,1.6,0.0,false,false,false,ok,1299.758,65.578,65.578,1.0045957290358163,false,2081534655
13d,209465575315415,s1000-p100-a0,shrink-only,shrink,1000,100.0,0.0,0.0,false,false,false,ok,39.441,2996.471,2996.471,0.972912256686381,false,-2119720580
14b,209590129366986,s1000-p100-a16,shrink-only,shrink,1000,100.0,1.6,0.0,false,false,false,ok,22.913,36.092,36.092,0.976634059882832,false,-725338943
3c,7215565320133,s1000-p400-a04,shrink-only,shrink,1000,400.0,0.4,0.0,false,false,false,ok,16.108,1225.512,1225.512,0.9341711189591049,false,-1572305105
29c,214387607858089,s1000-p0-a04,shrink-only,shrink,1000,0.0,0.4,0.0,false,false,false,ok,829.604,77.006,77.006,1.1796623671068356,false,254816621
19c,210260144264814,s1000-p400-a04,shrink-only,shrink,1000,400.0,0.4,0.0,false,false,false,ok,99.587,902.447,902.447,1.1923565784953625,false,1055693188
9d,8018724204062,s1000-p100-a16,shrink-only,shrink,1000,100.0,1.6,0.0,false,false,false,ok,353.516,1279.481,1279.481,1.0806742257270165,false,969253244
4a,7340119371768,s1000-p400-a04,shrink-only,shrink,1000,400.0,0.4,0.0,false,false,false,ok,8.444,775.226,775.226,1.0237797626711937,false,-1509295857
28c,214254463871880,s1000-p100-a04,shrink-only,shrink,1000,100.0,0.4,0.0,false,true,false,ok,119.9,499.34,499.34,0.9946784087615523,false,-1613403286
32b,217578768559286,s1000-p0-a04,shrink-only,shrink,1000,0.0,0.4,0.0,false,false,false,ok,17.435,134.817,134.817,0.9490612658655573,false,1520237401
10a,209053258454903,s1000-p100-a0,shrink-only,shrink,1000,100.0,0.0,0.0,false,false,false,ok,205.831,300.355,300.355,0.9515429248488438,false,1718403736
4a,7340119371768,s1000-p100-a04,shrink-only,shrink,1000,100.0,0.4,0.0,false,true,false,ok,5.67,714.494,714.494,0.9435758059585102,false,-1509295857
24a,213713297992458,s1000-p100-a16,shrink-only,shrink,1000,100.0,1.6,0.0,false,false,false,ok,249.226,158.621,158.621,1.126509596434849,false,941138625
8d,7885580217977,s1000-p25-a04,shrink-only,shrink,1000,25.0,0.4,0.0,false,false,false,ok,12.35,585.411,585.411,0.9664625312951163,false,-1012298996
11c,209194992375574,s4000-p100-a04,shrink-only,shrink,4000,100.0,0.4,0.0,false,false,false,ok,50.126,510.631,510.631,1.0147039682531798,false,1916526955
8b,7876990283391,s1000-p100-a04,shrink-only,shrink,1000,100.0,0.4,0.0,false,true,false,ok,9.389,144.429,144.429,0.7104369982685346,false,-1718178947
21c,213322455968593,s1000-p25-a04,shrink-only,shrink,1000,25.0,0.4,0.0,false,false,false,ok,111.471,43.179,43.179,1.0331510880878605,false,405046416
2d,7086716301095,s4000-p100-a04,shrink-only,shrink,4000,100.0,0.4,0.0,false,false,false,ok,64.653,131.361,131.361,0.9084251364079582,false,321836810
28c,214254463871880,s1000-p100-a16,shrink-only,shrink,1000,100.0,1.6,0.0,false,false,false,ok,116.988,514.987,514.987,1.0258470174488035,false,-676166940
11c,209194992375574,s1000-p100-a16,shrink-only,shrink,1000,100.0,1.6,0.0,false,false,false,ok,21.657,511.491,511.491,1.0164129232768617,false,1916526955
11d,209199287342865,s1000-p0-a04,shrink-only,shrink,1000,0.0,0.4,0.0,false,false,false,ok,13.668,1242.309,1242.309,5.571491999138921,false,198126114
6a,7606407344062,s1000-p100-a16,shrink-only,shrink,1000,100.0,1.6,0.0,false,false,false,ok,72.296,4.096,4.096,1.0431682159684197,false,-224470636
10a,209053258454903,s1000-p400-a04,shrink-only,shrink,1000,400.0,0.4,0.0,false,false,false,ok,10.248,280.3,280.3,0.8880074639514273,false,1718403736
11b,209190697408279,s1000-p400-a04,shrink-only,shrink,1000,400.0,0.4,0.0,false,false,false,ok,10.918,1.784,1.784,0.9067344345616264,false,-1446711126
19b,210255849297519,s1000-p100-a0,shrink-only,shrink,1000,100.0,0.0,0.0,false,false,false,ok,24.129,149.249,149.249,0.9655411109781303,false,910037442
1c,6949277347591,s1000-p400-a04,shrink-only,shrink,1000,400.0,0.4,0.0,false,false,false,ok,6.892,0.985,0.985,0.911614993058769,false,686382736
30a,217308185619697,s1000-p25-a04,shrink-only,shrink,1000,25.0,0.4,0.0,false,false,false,ok,184.558,733.079,733.079,0.9324023881174115,false,1041678136
12b,209323841394484,s250-p100-a04,shrink-only,shrink,250,100.0,0.4,0.0,false,false,false,ok,9.125,1.265,1.265,0.9419210722263588,false,466548996
28a,214245873937294,s1000-p0-a04,shrink-only,shrink,1000,0.0,0.4,0.0,false,false,false,ok,118.669,776.025,776.025,1.4566004303965447,false,96586315
6f,7627882180517,s4000-p100-a04,shrink-only,shrink,4000,100.0,0.4,0.0,false,false,false,ok,401.301,2375.156,2375.156,1.3470043881102771,false,1250717231
8c,7881285250686,s1000-p0-a04,shrink-only,shrink,1000,0.0,0.4,0.0,false,false,false,ok,12.913,4565.062,4565.062,0.9904892625045129,false,-388506810
2d,7086716301095,s1000-p100-a0,shrink-only,shrink,1000,100.0,0.0,0.0,false,false,false,ok,29.054,131.477,131.477,0.9092273327662634,false,321836810
9c,8014429236767,s1000-p100-a0,shrink-only,shrink,1000,100.0,0.0,0.0,false,false,false,ok,215.047,644.46,644.46,0.968906616111008,false,659609918
7c,7748141264473,s1000-p100-a04,shrink-only,shrink,1000,100.0,0.4,0.0,false,true,false,ok,302.556,2277.166,2277.166,1.5257209628292592,false,-1004347469
13c,209461280348116,s250-p100-a04,shrink-only,shrink,250,100.0,0.4,0.0,false,false,false,ok,14.561,618.673,618.673,1.3150454610671527,false,876197618
24a,213713297992458,s4000-p100-a04,shrink-only,shrink,4000,100.0,0.4,0.0,false,false,false,ok,887.352,150.863,150.863,1.0714130994442768,false,2055842777
24b,213717592959797,s250-p100-a04,shrink-only,shrink,250,100.0,0.4,0.0,false,false,false,ok,70.92,1.665,1.665,0.9361821759910037,false,-856239350
31b,217445624573073,s1000-p0-a04,shrink-only,shrink,1000,0.0,0.4,0.0,false,false,false,ok,61.364,7.764,7.764,0.9555104301273767,false,-744571733
15d,209731863287701,s1000-p100-a04,shrink-only,shrink,1000,100.0,0.4,0.0,false,true,false,ok,156.244,507.513,507.513,1.0067065768489205,false,-704972777
17e,210002446227370,s1000-p25-a04,shrink-only,shrink,1000,25.0,0.4,0.0,false,false,false,ok,14.313,4005.11,4005.11,0.9727918444149012,false,-1125412742
1c,6949277347591,s1000-p25-a04,shrink-only,shrink,1000,25.0,0.4,0.0,false,false,false,ok,6.868,0.998,0.998,0.923646459972235,false,686382736
11a,209186402440980,s1000-p25-a04,shrink-only,shrink,1000,25.0,0.4,0.0,false,false,false,ok,19.408,15.126,15.126,1.0145889928564242,false,-1055439248
18a,210118410344015,s4000-p100-a04,shrink-only,shrink,4000,100.0,0.4,0.0,false,false,false,ok,383.586,1777.972,1777.972,1.8153444971630965,false,-1701613315
15d,209731863287701,s4000-p100-a04,shrink-only,shrink,4000,100.0,0.4,0.0,false,false,false,ok,233.65,493.573,493.573,0.9790550887465982,false,-704972777
32a,217574473591991,s1000-p100-a04,shrink-only,shrink,1000,100.0,0.4,0.0,false,true,false,ok,83.974,0.19,0.19,0.9620253164556962,false,-1917286155
7c,7748141264473,s250-p100-a04,shrink-only,shrink,250,100.0,0.4,0.0,false,false,false,ok,76.552,1255.299,1255.299,0.8410612133321005,false,-399731567
26c,213988175899594,s4000-p100-a04,shrink-only,shrink,4000,100.0,0.4,0.0,false,false,false,ok,750.046,341.48,341.48,0.9913329491632689,false,628672308
13b,209456985380821,s4000-p100-a04,shrink-only,shrink,4000,100.0,0.4,0.0,false,false,false,ok,99.576,354.878,354.878,1.0539636717868301,false,-2119720580
5a,7473263357849,s1000-p0-a04,shrink-only,shrink,1000,0.0,0.4,0.0,false,false,false,ok,12.301,150.227,150.227,0.9821422150452573,false,414652499
9b,8010134269468,s1000-p100-a04,shrink-only,shrink,1000,100.0,0.4,0.0,false,true,false,ok,124.438,677.381,677.381,1.3614590169041514,false,140277402
15d,209731863287701,s1000-p25-a04,shrink-only,shrink,1000,25.0,0.4,0.0,false,false,false,ok,22.187,532.578,532.578,1.056425698031468,false,-704972777
5a,7473263357849,s1000-p100-a16,shrink-only,shrink,1000,100.0,1.6,0.0,false,false,false,ok,7.335,150.43,150.43,0.983469372411471,false,414652499
2b,7078126366501,s1000-p0-a04,shrink-only,shrink,1000,0.0,0.4,0.0,false,false,false,ok,10.171,121.515,121.515,0.8986765570515214,false,321836810
22d,213459894922097,s1000-p100-a0,shrink-only,shrink,1000,100.0,0.0,0.0,false,false,false,ok,45.167,6959.67,6959.67,11.521306737055918,true,1311334790
12b,209323841394484,s1000-p25-a04,shrink-only,shrink,1000,25.0,0.4,0.0,false,false,false,ok,43.026,1.696,1.696,1.2628443782576322,false,466548996
16c,209860712306571,s1000-p25-a04,shrink-only,shrink,1000,25.0,0.4,0.0,false,false,false,ok,149.191,357.623,357.623,0.8870828113954037,false,719404660
4a,7340119371768,s1000-p100-a0,shrink-only,shrink,1000,100.0,0.0,0.0,false,false,false,ok,14.018,725.421,725.421,0.9580062320106655,false,1427000343
29a,214379017923503,s1000-p400-a04,shrink-only,shrink,1000,400.0,0.4,0.0,false,false,false,ok,1040.449,24.472,24.472,0.956871945259042,false,304812620
2d,7086716301095,s1000-p100-a04,shrink-only,shrink,1000,100.0,0.4,0.0,false,true,false,ok,12.107,151.799,151.799,1.0497638361583093,false,321836810
27b,214117024918504,s1000-p100-a0,shrink-only,shrink,1000,100.0,0.0,0.0,false,false,false,ok,81.055,7.347,7.347,1.259233867512212,false,1728540501
31b,217445624573073,s250-p100-a04,shrink-only,shrink,250,100.0,0.4,0.0,false,false,false,ok,58.975,8.184,8.184,1.0071995569503414,false,681841729
9a,8005839302173,s1000-p100-a16,shrink-only,shrink,1000,100.0,1.6,0.0,false,false,false,ok,132.736,482.988,482.988,0.9841142089858177,false,1576652456
28a,214245873937294,s1000-p100-a04,shrink-only,shrink,1000,100.0,0.4,0.0,false,true,false,ok,130.456,549.787,549.787,1.031951265521633,false,-351635764
28b,214250168904585,s4000-p100-a04,shrink-only,shrink,4000,100.0,0.4,0.0,false,false,false,ok,213.904,87.481,87.481,0.8035953776340689,false,1300118193
19d,210264439232105,s1000-p100-a0,shrink-only,shrink,1000,100.0,0.0,0.0,false,false,false,ok,136.242,6247.375,6247.375,1.0758035194761786,false,-1211980585
19c,210260144264814,s1000-p100-a0,shrink-only,shrink,1000,100.0,0.0,0.0,false,false,false,ok,112.031,762.905,762.905,1.0079869460666437,false,-649799299
28b,214250168904585,s1000-p25-a04,shrink-only,shrink,1000,25.0,0.4,0.0,false,false,false,ok,110.348,89.841,89.841,0.8252742003637633,false,1300118193
11c,209194992375574,s1000-p100-a04,shrink-only,shrink,1000,100.0,0.4,0.0,false,true,false,ok,21.558,479.001,479.001,0.9518501922077612,false,212006990
13a,209452690413354,s1000-p400-a04,shrink-only,shrink,1000,400.0,0.4,0.0,false,false,false,ok,75.263,1116.011,1116.011,1.4630415232262106,false,-1062568155
2b,7078126366501,s1000-p100-a0,shrink-only,shrink,1000,100.0,0.0,0.0,false,false,false,ok,9.054,121.245,121.245,0.8966797445559125,false,321836810
4a,7340119371768,s4000-p100-a04,shrink-only,shrink,4000,100.0,0.4,0.0,false,false,false,ok,31.165,809.616,809.616,1.0691959200733738,false,1427000343
17a,209985266358190,s1000-p100-a16,shrink-only,shrink,1000,100.0,1.6,0.0,false,false,false,ok,154.905,3598.978,3598.978,1.8707549418198934,false,-1125412742
21c,213322455968593,s1000-p0-a04,shrink-only,shrink,1000,0.0,0.4,0.0,false,false,false,ok,81.246,26.203,26.203,0.6269635230358788,false,-597700708
8d,7885580217977,s1000-p100-a04,shrink-only,shrink,1000,100.0,0.4,0.0,false,true,false,ok,151.327,689.209,689.209,1.137823981324874,false,-1012298996
13c,209461280348116,s1000-p0-a04,shrink-only,shrink,1000,0.0,0.4,0.0,false,false,false,ok,31.89,602.295,602.295,1.2802325396024083,false,876197618
28c,214254463871880,s1000-p400-a04,shrink-only,shrink,1000,400.0,0.4,0.0,false,false,false,ok,203.312,482.219,482.219,0.960573612357486,false,-676166940
27a,214112729951209,s1000-p100-a16,shrink-only,shrink,1000,100.0,1.6,0.0,false,false,false,ok,101.061,19.465,19.465,1.106405956914682,false,704699266
19b,210255849297519,s1000-p100-a16,shrink-only,shrink,1000,100.0,1.6,0.0,false,false,false,ok,63.295,186.174,186.174,1.2044211404782776,false,-1402516586
13d,209465575315415,s1000-p25-a04,shrink-only,shrink,1000,25.0,0.4,0.0,false,false,false,ok,42.459,4558.611,4558.611,1.4801172830857898,false,-2119720580
27a,214112729951209,s4000-p100-a04,shrink-only,shrink,4000,100.0,0.4,0.0,false,false,false,ok,216.659,17.639,17.639,1.002614676291707,false,-1953543145
9b,8010134269468,s1000-p25-a04,shrink-only,shrink,1000,25.0,0.4,0.0,false,false,false,ok,62.068,457.541,457.541,0.9196055396495361,false,1556140202
21a,213313866034007,s4000-p100-a04,shrink-only,shrink,4000,100.0,0.4,0.0,false,false,false,ok,117.996,42.433,42.433,1.4177413965920482,false,405046416
6f,7627882180517,s1000-p0-a04,shrink-only,shrink,1000,0.0,0.4,0.0,false,false,false,ok,185.338,2859.747,2859.747,1.6218268433253227,false,1250717231
25c,213855031913429,s1000-p25-a04,shrink-only,shrink,1000,25.0,0.4,0.0,false,false,false,ok,197.049,1264.685,1264.685,1.4241667534705116,false,35421457
14b,209590129366986,s1000-p100-a0,shrink-only,shrink,1000,100.0,0.0,0.0,false,false,false,ok,24.569,37.487,37.487,1.0143821623303704,false,-725338943
14b,209590129366986,s1000-p100-a04,shrink-only,shrink,1000,100.0,0.4,0.0,false,true,false,ok,15.004,37.156,37.156,1.0054254441152195,false,-725338943
31b,217445624573073,s1000-p100-a16,shrink-only,shrink,1000,100.0,1.6,0.0,false,false,false,ok,104.066,7.988,7.988,0.9830779644329579,false,-536655723
10a,209053258454903,s4000-p100-a04,shrink-only,shrink,4000,100.0,0.4,0.0,false,false,false,ok,810.734,309.192,309.192,0.9795390788229387,false,1718403736
12b,209323841394484,s1000-p0-a04,shrink-only,shrink,1000,0.0,0.4,0.0,false,false,false,ok,19.363,1.367,1.367,1.0178704393149665,false,-1300552445
21b,213318161001302,s1000-p100-a16,shrink-only,shrink,1000,100.0,1.6,0.0,false,false,false,ok,29.37,18.116,18.116,1.3955244001078457,false,405046416
29a,214379017923503,s1000-p100-a16,shrink-only,shrink,1000,100.0,1.6,0.0,false,false,false,ok,684.431,24.516,24.516,0.9585923753665687,false,-858518681
21c,213322455968593,s4000-p100-a04,shrink-only,shrink,4000,100.0,0.4,0.0,false,false,false,ok,161.06,40.95,40.95,0.9798174357256512,false,405046416
5a,7473263357849,s4000-p100-a04,shrink-only,shrink,4000,100.0,0.4,0.0,false,false,false,ok,43.477,154.666,154.666,1.0111631586345315,false,414652499
13d,209465575315415,s1000-p0-a04,shrink-only,shrink,1000,0.0,0.4,0.0,false,false,false,ok,19.263,3551.622,3551.622,1.153162027904491,false,-2119720580
7c,7748141264473,s1000-p25-a04,shrink-only,shrink,1000,25.0,0.4,0.0,false,false,false,ok,596.026,2372.285,2372.285,1.5894515175026362,false,-1004347469
29b,214383312890798,s1000-p100-a0,shrink-only,shrink,1000,100.0,0.0,0.0,false,false,false,ok,936.704,3.717,3.717,1.3859060402684564,false,-665152500
23b,213584448973588,s1000-p100-a16,shrink-only,shrink,1000,100.0,1.6,0.0,false,false,false,ok,71.575,131.147,131.147,2.6433999153447685,false,2055054090
13b,209456985380821,s1000-p0-a04,shrink-only,shrink,1000,0.0,0.4,0.0,false,false,false,ok,34.074,445.768,445.768,1.3239008280171545,false,-1005059989
2d,7086716301095,s1000-p25-a04,shrink-only,shrink,1000,25.0,0.4,0.0,false,false,false,ok,9.945,143.387,143.387,0.9915907692094907,false,321836810
27a,214112729951209,s1000-p400-a04,shrink-only,shrink,1000,400.0,0.4,0.0,false,false,false,ok,73.103,17.254,17.254,0.980730972545899,false,704699266
9a,8005839302173,s4000-p100-a04,shrink-only,shrink,4000,100.0,0.4,0.0,false,false,false,ok,843.022,462.561,462.561,0.9424930901444524,false,2029736178
28a,214245873937294,s250-p100-a04,shrink-only,shrink,250,100.0,0.4,0.0,false,false,false,ok,102.686,505.252,505.252,0.9483589841290101,false,-351635764
33b,217711912546135,s250-p100-a04,shrink-only,shrink,250,100.0,0.4,0.0,false,false,false,ok,94.73,4.031,4.031,1.0101491041222903,false,-1989803960
16d,209865007273866,s1000-p400-a04,shrink-only,shrink,1000,400.0,0.4,0.0,false,false,false,ok,164.785,301.771,301.771,1.005921775232546,false,719404660
6f,7627882180517,s250-p100-a04,shrink-only,shrink,250,100.0,0.4,0.0,false,false,false,ok,35.11,1633.53,1633.53,0.9264116033261734,false,1250717231
27a,214112729951209,s1000-p0-a04,shrink-only,shrink,1000,0.0,0.4,0.0,false,false,false,ok,172.17,16.627,16.627,0.9450917978741544,false,-1953543145
30c,217316775554291,s1000-p100-a0,shrink-only,shrink,1000,100.0,0.0,0.0,false,false,false,ok,228.936,1205.522,1205.522,1.5091568029744429,false,-1451103391
21b,213318161001302,s1000-p25-a04,shrink-only,shrink,1000,25.0,0.4,0.0,false,false,false,ok,23.556,13.166,13.166,1.014212533220352,false,405046416
5b,7477558325144,s4000-p100-a04,shrink-only,shrink,4000,100.0,0.4,0.0,false,false,false,ok,29.26,440.095,440.095,1.6754577485566575,false,1589551454
31a,217441329605782,s1000-p400-a04,shrink-only,shrink,1000,400.0,0.4,0.0,false,false,false,ok,187.849,227.929,227.929,1.1211185165145963,false,619611693
15a,209718978385896,s1000-p25-a04,shrink-only,shrink,1000,25.0,0.4,0.0,false,false,false,ok,81.199,919.956,919.956,2.0544247614687605,false,-93948010
15c,209727568320490,s1000-p100-a04,shrink-only,shrink,1000,100.0,0.4,0.0,false,true,false,ok,77.639,601.534,601.534,1.0609102677610855,false,592161665
11b,209190697408279,s4000-p100-a04,shrink-only,shrink,4000,100.0,0.4,0.0,false,false,false,ok,33.473,1.962,1.962,0.9972045743329098,false,-1446711126
22d,213459894922097,s1000-p100-a04,shrink-only,shrink,1000,100.0,0.4,0.0,false,true,false,ok,46.36,534.421,534.421,0.8847011809071638,false,-438265046
9d,8018724204062,s1000-p400-a04,shrink-only,shrink,1000,400.0,0.4,0.0,false,false,false,ok,212.728,1471.262,1471.262,1.2426561415852067,false,969253244
9c,8014429236767,s1000-p100-a04,shrink-only,shrink,1000,100.0,0.4,0.0,false,true,false,ok,143.066,622.712,622.712,0.9362098140019831,false,659609918
6b,7610702311353,s250-p100-a04,shrink-only,shrink,250,100.0,0.4,0.0,false,false,false,ok,25.519,3.927,3.927,0.9410496046010065,false,1482096114
16d,209865007273866,s250-p100-a04,shrink-only,shrink,250,100.0,0.4,0.0,false,false,false,ok,38.6,333.468,333.468,1.1115803789736145,false,719404660
24b,213717592959797,s1000-p25-a04,shrink-only,shrink,1000,25.0,0.4,0.0,false,false,false,ok,165.5,3.737,3.737,2.1012088838909193,false,644596804
28b,214250168904585,s1000-p400-a04,shrink-only,shrink,1000,400.0,0.4,0.0,false,false,false,ok,101.465,226.108,226.108,2.077014936341423,false,513417771
23a,213580154006293,s1000-p0-a04,shrink-only,shrink,1000,0.0,0.4,0.0,false,false,false,ok,24.932,604.182,604.182,1.5975050468861343,false,1062427072
24a,213713297992458,s1000-p400-a04,shrink-only,shrink,1000,400.0,0.4,0.0,false,false,false,ok,176.873,158.345,158.345,1.1245494735720754,false,941138625
18b,210122705311310,s1000-p100-a0,shrink-only,shrink,1000,100.0,0.0,0.0,false,false,false,ok,97.827,675.352,675.352,1.0376740559206863,false,-633376097
29a,214379017923503,s1000-p100-a04,shrink-only,shrink,1000,100.0,0.4,0.0,false,true,false,ok,628.208,24.525,24.525,0.9589442815249265,false,-858518681
8b,7876990283391,s1000-p100-a0,shrink-only,shrink,1000,100.0,0.0,0.0,false,false,false,ok,93.46,154.289,154.289,0.7589377065953092,false,-1718178947
12b,209323841394484,s1000-p400-a04,shrink-only,shrink,1000,400.0,0.4,0.0,false,false,false,ok,13.702,1.267,1.267,0.943410275502606,false,466548996
8c,7881285250686,s1000-p100-a16,shrink-only,shrink,1000,100.0,1.6,0.0,false,false,false,ok,115.339,4420.345,4420.345,0.9590897690032493,false,1733352584
23c,213588743940887,s250-p100-a04,shrink-only,shrink,250,100.0,0.4,0.0,false,false,false,ok,12.737,1226.301,1226.301,1.3229304887600084,false,1835492322
22b,213451304987511,s1000-p0-a04,shrink-only,shrink,1000,0.0,0.4,0.0,false,false,false,ok,54.644,129.262,129.262,0.2716270156058086,false,-2145268623
24a,213713297992458,s1000-p25-a04,shrink-only,shrink,1000,25.0,0.4,0.0,false,false,false,ok,91.068,128.194,128.194,0.9104202546029152,false,499733213
15b,209723273353195,s1000-p25-a04,shrink-only,shrink,1000,25.0,0.4,0.0,false,false,false,ok,67.233,24.85,24.85,2.864388219699153,false,-347771581
9d,8018724204062,s4000-p100-a04,shrink-only,shrink,4000,100.0,0.4,0.0,false,false,false,ok,686.226,1127.451,1127.451,0.9522667679083554,false,-1708131848
19d,210264439232105,s1000-p100-a16,shrink-only,shrink,1000,100.0,1.6,0.0,false,false,false,ok,32.007,2973.301,2973.301,0.5120050709717348,false,-1246359705
30b,217312480586992,s4000-p100-a04,shrink-only,shrink,4000,100.0,0.4,0.0,false,false,false,ok,467.232,34.735,34.735,0.984607970973411,false,1910947129
18b,210122705311310,s1000-p400-a04,shrink-only,shrink,1000,400.0,0.4,0.0,false,false,false,ok,21.503,815.268,815.268,1.252654100709476,false,-1852800932
13a,209452690413354,s4000-p100-a04,shrink-only,shrink,4000,100.0,0.4,0.0,false,false,false,ok,138.864,710.069,710.069,0.9308693474846683,false,1188104532
27b,214117024918504,s1000-p100-a16,shrink-only,shrink,1000,100.0,1.6,0.0,false,false,false,ok,69.524,5.752,5.752,0.9858599708629702,false,-1505844372
9c,8014429236767,s1000-p0-a04,shrink-only,shrink,1000,0.0,0.4,0.0,false,false,false,ok,18.396,922.541,922.541,1.3869845739590752,false,1405744561
17a,209985266358190,s1000-p400-a04,shrink-only,shrink,1000,400.0,0.4,0.0,false,false,false,ok,16.228,1705.294,1705.294,0.8864147482301401,false,-1125412742
6b,7610702311353,s1000-p400-a04,shrink-only,shrink,1000,400.0,0.4,0.0,false,false,false,ok,117.733,4.169,4.169,0.9990414569853822,false,1482096114
29c,214387607858089,s1000-p25-a04,shrink-only,shrink,1000,25.0,0.4,0.0,false,false,false,ok,1149.292,77.981,77.981,1.1945984864732375,false,1216159973
23c,213588743940887,s1000-p0-a04,shrink-only,shrink,1000,0.0,0.4,0.0,false,false,false,ok,25.087,1015.505,1015.505,1.0955242848111781,false,-645930611
18b,210122705311310,s1000-p0-a04,shrink-only,shrink,1000,0.0,0.4,0.0,false,false,false,ok,23.313,629.495,629.495,0.9672150668566798,false,-633376097
2d,7086716301095,s1000-p0-a04,shrink-only,shrink,1000,0.0,0.4,0.0,false,false,false,ok,8.694,132.034,132.034,0.9130792583832976,false,321836810
6a,7606407344062,s250-p100-a04,shrink-only,shrink,250,100.0,0.4,0.0,false,false,false,ok,23.351,3.748,3.748,0.9545396663695404,false,-224470636
8a,7872695316092,s1000-p100-a16,shrink-only,shrink,1000,100.0,1.6,0.0,false,false,false,ok,110.169,71.021,71.021,0.7457212457212458,false,-1762716238
16d,209865007273866,s1000-p0-a04,shrink-only,shrink,1000,0.0,0.4,0.0,false,false,false,ok,20.438,275.042,275.042,0.9168234750970433,false,719404660
23b,213584448973588,s1000-p100-a0,shrink-only,shrink,1000,100.0,0.0,0.0,false,false,false,ok,25.064,45.897,45.897,0.9251002761373027,false,-439854755
26c,213988175899594,s1000-p400-a04,shrink-only,shrink,1000,400.0,0.4,0.0,false,false,false,ok,152.81,281.087,281.087,0.8160091504083863,false,-321495561
13a,209452690413354,s1000-p25-a04,shrink-only,shrink,1000,25.0,0.4,0.0,false,false,false,ok,16.06,762.504,762.504,0.9996093350568037,false,1188104532
27c,214121319885803,s1000-p0-a04,shrink-only,shrink,1000,0.0,0.4,0.0,false,false,false,ok,93.034,18.867,18.867,0.7201557341069145,false,2087529319
9b,8010134269468,s1000-p400-a04,shrink-only,shrink,1000,400.0,0.4,0.0,false,false,false,ok,15.546,452.765,452.765,0.9100063210934587,false,140277402
3b,7211270352858,s1000-p100-a16,shrink-only,shrink,1000,100.0,1.6,0.0,false,false,false,ok,9.351,6.68,6.68,0.9208712434518886,false,113844438
23a,213580154006293,s4000-p100-a04,shrink-only,shrink,4000,100.0,0.4,0.0,false,false,false,ok,71.33,360.312,360.312,0.9526934573582742,false,-1576721678
23a,213580154006293,s1000-p100-a16,shrink-only,shrink,1000,100.0,1.6,0.0,false,false,false,ok,34.161,425.25,425.25,1.1243946711228217,false,1835492322
30a,217308185619697,s1000-p100-a04,shrink-only,shrink,1000,100.0,0.4,0.0,false,true,false,ok,152.42,756.832,756.832,0.9626138031558356,false,216250776
33b,217711912546135,s1000-p400-a04,shrink-only,shrink,1000,400.0,0.4,0.0,false,false,false,ok,125.73,3.758,3.758,0.9417366244831475,false,-1989803960
11d,209199287342865,s4000-p100-a04,shrink-only,shrink,4000,100.0,0.4,0.0,false,false,false,ok,48.597,208.773,208.773,0.9363025617106774,false,2003817464
30b,217312480586992,s1000-p100-a0,shrink-only,shrink,1000,100.0,0.0,0.0,false,false,false,ok,124.576,35.581,35.581,1.0085889222745053,false,1910947129
13d,209465575315415,s1000-p100-a16,shrink-only,shrink,1000,100.0,1.6,0.0,false,false,false,ok,16.28,2901.036,2901.036,0.9419258459329097,false,-2119720580
13c,209461280348116,s1000-p100-a0,shrink-only,shrink,1000,100.0,0.0,0.0,false,false,false,ok,60.186,488.941,488.941,1.039288352295372,false,876197618
32a,217574473591991,s1000-p100-a16,shrink-only,shrink,1000,100.0,1.6,0.0,false,false,false,ok,32.627,0.204,0.204,1.0329113924050632,false,1765267761
6a,7606407344062,s1000-p100-a04,shrink-only,shrink,1000,100.0,0.4,0.0,false,true,false,ok,73.953,3.809,3.809,0.9700751305233669,false,-224470636
31a,217441329605782,s1000-p0-a04,shrink-only,shrink,1000,0.0,0.4,0.0,false,false,false,ok,62.645,198.866,198.866,0.9781658099899166,false,2133672151
15d,209731863287701,s1000-p400-a04,shrink-only,shrink,1000,400.0,0.4,0.0,false,false,false,ok,103.135,477.208,477.208,0.9465933525346538,false,-704972777
5b,7477558325144,s1000-p100-a16,shrink-only,shrink,1000,100.0,1.6,0.0,false,false,false,ok,7.979,259.102,259.102,0.9864107830503118,false,-1512145598
11c,209194992375574,s1000-p400-a04,shrink-only,shrink,1000,400.0,0.4,0.0,false,false,false,ok,12.771,517.39,517.39,1.0281351624451172,false,1916526955
33b,217711912546135,s1000-p25-a04,shrink-only,shrink,1000,25.0,0.4,0.0,false,false,false,ok,75.231,3.776,3.776,0.9462473374263877,false,-397240962
22d,213459894922097,s1000-p0-a04,shrink-only,shrink,1000,0.0,0.4,0.0,false,false,false,ok,41.129,6056.793,6056.793,10.026649251452024,true,1311334790
15c,209727568320490,s1000-p400-a04,shrink-only,shrink,1000,400.0,0.4,0.0,false,false,false,ok,23.174,534.695,534.695,0.9430280177355123,false,-1622553236
21a,213313866034007,s1000-p100-a04,shrink-only,shrink,1000,100.0,0.4,0.0,false,true,false,ok,33.59,29.418,29.418,0.9828934179752756,false,405046416
14b,209590129366986,s1000-p25-a04,shrink-only,shrink,1000,25.0,0.4,0.0,false,false,false,ok,21.423,42.252,42.252,1.143321021228234,false,-725338943
13b,209456985380821,s250-p100-a04,shrink-only,shrink,250,100.0,0.4,0.0,false,false,false,ok,10.661,699.266,699.266,2.0767727526521496,false,876197618
29c,214387607858089,s1000-p400-a04,shrink-only,shrink,1000,400.0,0.4,0.0,false,false,false,ok,832.375,63.74,63.74,0.9764392291430499,false,2081534655
26c,213988175899594,s1000-p25-a04,shrink-only,shrink,1000,25.0,0.4,0.0,false,false,false,ok,36.961,331.134,331.134,0.9612980109764258,false,628672308
18a,210118410344015,s250-p100-a04,shrink-only,shrink,250,100.0,0.4,0.0,false,false,false,ok,29.491,1360.27,1360.27,1.3888625125457799,false,-574815707
7c,7748141264473,s1000-p0-a04,shrink-only,shrink,1000,0.0,0.4,0.0,false,false,false,ok,27.81,1402.473,1402.473,0.939669069317757,false,1723747105
15b,209723273353195,s1000-p100-a04,shrink-only,shrink,1000,100.0,0.4,0.0,false,true,false,ok,16.911,6.082,6.082,0.7010546942539335,false,-347771581
29c,214387607858089,s4000-p100-a04,shrink-only,shrink,4000,100.0,0.4,0.0,false,false,false,ok,1674.903,61.165,61.165,0.936992554918962,false,485902434
30c,217316775554291,s1000-p100-a16,shrink-only,shrink,1000,100.0,1.6,0.0,false,false,false,ok,89.739,882.776,882.776,1.105120774156396,false,-804478301
22a,213447010020212,s1000-p100-a0,shrink-only,shrink,1000,100.0,0.0,0.0,false,false,false,ok,40.219,362.497,362.497,0.7691077109785995,false,-2145268623
13b,209456985380821,s1000-p100-a0,shrink-only,shrink,1000,100.0,0.0,0.0,false,false,false,ok,14.364,330.934,330.934,0.9828516102973498,false,-2119720580
33b,217711912546135,s1000-p100-a0,shrink-only,shrink,1000,100.0,0.0,0.0,false,false,false,ok,76.474,3.94,3.94,0.9873449442425761,false,-397240962
9d,8018724204062,s1000-p100-a0,shrink-only,shrink,1000,100.0,0.0,0.0,false,false,false,ok,20.097,1254.429,1254.429,1.0595148253897602,false,-1708131848
11a,209186402440980,s4000-p100-a04,shrink-only,shrink,4000,100.0,0.4,0.0,false,false,false,ok,47.017,14.643,14.643,0.9821913673407788,false,-1055439248
6f,7627882180517,s1000-p100-a04,shrink-only,shrink,1000,100.0,0.4,0.0,false,true,false,ok,14.679,1619.345,1619.345,0.9183669707861027,false,1250717231
15d,209731863287701,s1000-p100-a0,shrink-only,shrink,1000,100.0,0.0,0.0,false,false,false,ok,19.32,464.097,464.097,0.9205862750232082,false,-704972777
11c,209194992375574,s1000-p25-a04,shrink-only,shrink,1000,25.0,0.4,0.0,false,false,false,ok,13.075,468.609,468.609,0.9311996566192696,false,212006990
15c,209727568320490,s1000-p25-a04,shrink-only,shrink,1000,25.0,0.4,0.0,false,false,false,ok,19.925,523.395,523.395,0.9230984941745826,false,592161665
29b,214383312890798,s250-p100-a04,shrink-only,shrink,250,100.0,0.4,0.0,false,false,false,ok,696.707,2.375,2.375,0.8855331841909023,false,-1248259250
27c,214121319885803,s1000-p25-a04,shrink-only,shrink,1000,25.0,0.4,0.0,false,false,false,ok,84.904,25.716,25.716,0.9815829150523885,false,-1273730499
11b,209190697408279,s250-p100-a04,shrink-only,shrink,250,100.0,0.4,0.0,false,false,false,ok,5.712,1.716,1.716,0.8721728081321474,false,-1446711126
11d,209199287342865,s1000-p100-a0,shrink-only,shrink,1000,100.0,0.0,0.0,false,false,false,ok,14.277,1232.343,1232.343,5.526796605912744,false,198126114
9a,8005839302173,s1000-p0-a04,shrink-only,shrink,1000,0.0,0.4,0.0,false,false,false,ok,78.892,456.187,456.187,0.9295057199239178,false,403009818
15c,209727568320490,s1000-p100-a16,shrink-only,shrink,1000,100.0,1.6,0.0,false,false,false,ok,19.086,513.516,513.516,0.905675152293306,false,-1622553236
21b,213318161001302,s4000-p100-a04,shrink-only,shrink,4000,100.0,0.4,0.0,false,false,false,ok,74.822,12.761,12.761,0.9830142895659206,false,405046416
27a,214112729951209,s250-p100-a04,shrink-only,shrink,250,100.0,0.4,0.0,false,false,false,ok,72.339,17.216,17.216,0.9785710225657933,false,704699266
6f,7627882180517,s1000-p400-a04,shrink-only,shrink,1000,400.0,0.4,0.0,false,false,false,ok,9.898,1602.522,1602.522,0.9088262691138003,false,1250717231
7c,7748141264473,s1000-p100-a16,shrink-only,shrink,1000,100.0,1.6,0.0,false,false,false,ok,23.754,1265.484,1265.484,0.847885251635156,false,-1004347469
24b,213717592959797,s1000-p0-a04,shrink-only,shrink,1000,0.0,0.4,0.0,false,false,false,ok,53.298,2.438,2.438,1.370818105144785,false,576851097
5b,7477558325144,s1000-p100-a0,shrink-only,shrink,1000,100.0,0.0,0.0,false,false,false,ok,56.828,205.132,205.132,0.7809450206817261,false,-1512145598
16d,209865007273866,s1000-p25-a04,shrink-only,shrink,1000,25.0,0.4,0.0,false,false,false,ok,20.816,272.746,272.746,0.9091700014500265,false,719404660
13b,209456985380821,s1000-p25-a04,shrink-only,shrink,1000,25.0,0.4,0.0,false,false,false,ok,13.581,324.849,324.849,0.96477957161695,false,-2119720580
26c,213988175899594,s250-p100-a04,shrink-only,shrink,250,100.0,0.4,0.0,false,false,false,ok,46.718,273.816,273.816,0.7949010858852337,false,-321495561
27b,214117024918504,s1000-p0-a04,shrink-only,shrink,1000,0.0,0.4,0.0,false,false,false,ok,65.641,5.785,5.785,0.9915159825177822,false,1728540501
17a,209985266358190,s1000-p100-a0,shrink-only,shrink,1000,100.0,0.0,0.0,false,false,false,ok,14.572,1670.736,1670.736,0.8684514405135018,false,-1125412742
17e,210002446227370,s4000-p100-a04,shrink-only,shrink,4000,100.0,0.4,0.0,false,false,false,ok,368.871,3911.858,3911.858,0.9501420832159883,false,-1125412742
30b,217312480586992,s1000-p100-a04,shrink-only,shrink,1000,100.0,0.4,0.0,false,true,false,ok,75.326,35.012,35.012,0.9924598900164406,false,-1031970200
11b,209190697408279,s1000-p100-a04,shrink-only,shrink,1000,100.0,0.4,0.0,false,true,false,ok,11.115,1.839,1.839,0.9346886912325285,false,-1446711126
30c,217316775554291,s4000-p100-a04,shrink-only,shrink,4000,100.0,0.4,0.0,false,false,false,ok,442.475,1255.647,1255.647,1.5719067857612306,false,-1451103391
22b,213451304987511,s1000-p100-a16,shrink-only,shrink,1000,100.0,1.6,0.0,false,false,false,ok,33.495,454.909,454.909,0.9559311633908093,false,316133052
16c,209860712306571,s1000-p400-a04,shrink-only,shrink,1000,400.0,0.4,0.0,false,false,false,ok,106.749,362.48,362.48,0.8991305857693883,false,719404660
15a,209718978385896,s1000-p100-a0,shrink-only,shrink,1000,100.0,0.0,0.0,false,false,false,ok,18.044,426.204,426.204,0.9517890540819688,false,-93948010
4a,7340119371768,s1000-p25-a04,shrink-only,shrink,1000,25.0,0.4,0.0,false,false,false,ok,9.426,818.315,818.315,1.0806840024589965,false,1427000343
17e,210002446227370,s1000-p100-a16,shrink-only,shrink,1000,100.0,1.6,0.0,false,false,false,ok,86.42,3948.88,3948.88,0.9591342706125713,false,-1125412742
23b,213584448973588,s4000-p100-a04,shrink-only,shrink,4000,100.0,0.4,0.0,false,false,false,ok,75.166,45.113,45.113,0.9092979662588434,false,-439854755
29a,214379017923503,s1000-p100-a0,shrink-only,shrink,1000,100.0,0.0,0.0,false,false,false,ok,651.5,25.367,25.367,0.9918670576735092,false,-858518681
8c,7881285250686,s1000-p25-a04,shrink-only,shrink,1000,25.0,0.4,0.0,false,false,false,ok,12.944,4375.238,4375.238,0.9493028265337294,false,-388506810
8d,7885580217977,s1000-p0-a04,shrink-only,shrink,1000,0.0,0.4,0.0,false,false,false,ok,107.027,571.774,571.774,0.9439490330190821,false,-1012298996
11b,209190697408279,s1000-p25-a04,shrink-only,shrink,1000,25.0,0.4,0.0,false,false,false,ok,13.236,3.036,3.036,1.5430749682337992,false,-1446711126
33a,217707617578836,s1000-p100-a0,shrink-only,shrink,1000,100.0,0.0,0.0,false,false,false,ok,127.958,7.825,7.825,1.698871037776813,false,-2124008857
19d,210264439232105,s250-p100-a04,shrink-only,shrink,250,100.0,0.4,0.0,false,false,false,ok,29.383,3306.854,3306.854,0.5694431935963311,false,-1246359705
10a,209053258454903,s1000-p0-a04,shrink-only,shrink,1000,0.0,0.4,0.0,false,false,false,ok,193.35,305.803,305.803,0.968802520509234,false,1718403736
6b,7610702311353,s1000-p100-a04,shrink-only,shrink,1000,100.0,0.4,0.0,false,true,false,ok,17.6,4.091,4.091,0.9803498682003355,false,1482096114
23b,213584448973588,s250-p100-a04,shrink-only,shrink,250,100.0,0.4,0.0,false,false,false,ok,14.19,66.743,66.743,1.3452724084413359,false,2055054090
26c,213988175899594,s1000-p100-a16,shrink-only,shrink,1000,100.0,1.6,0.0,false,false,false,ok,39.722,285.234,285.234,0.8280480918988984,false,-321495561
16c,209860712306571,s1000-p100-a0,shrink-only,shrink,1000,100.0,0.0,0.0,false,false,false,ok,24.167,360.264,360.264,0.8936338042143647,false,719404660
9d,8018724204062,s1000-p25-a04,shrink-only,shrink,1000,25.0,0.4,0.0,false,false,false,ok,21.87,1215.028,1215.028,1.026235984072171,false,-1708131848
19d,210264439232105,s1000-p25-a04,shrink-only,shrink,1000,25.0,0.4,0.0,false,false,false,ok,39.357,5245.666,5245.666,0.9033083406705261,false,-1211980585
9d,8018724204062,s1000-p100-a04,shrink-only,shrink,1000,100.0,0.4,0.0,false,true,false,ok,20.839,1321.092,1321.092,1.1158196754888552,false,-1708131848
6a,7606407344062,s1000-p25-a04,shrink-only,shrink,1000,25.0,0.4,0.0,false,false,false,ok,17.544,3.916,3.916,0.99732586272762,false,-224470636
3c,7215565320133,s4000-p100-a04,shrink-only,shrink,4000,100.0,0.4,0.0,false,false,false,ok,58.821,1289.24,1289.24,0.9827490660285957,false,-1572305105
4b,7344414339067,s1000-p0-a04,shrink-only,shrink,1000,0.0,0.4,0.0,false,false,false,ok,8.082,33.547,33.547,1.5386767572526083,false,611794456
18b,210122705311310,s1000-p25-a04,shrink-only,shrink,1000,25.0,0.4,0.0,false,false,false,ok,92.885,721.515,721.515,1.1086032120399643,false,-633376097
30b,217312480586992,s1000-p25-a04,shrink-only,shrink,1000,25.0,0.4,0.0,false,false,false,ok,158.495,35.987,35.987,1.0200975111967798,false,1910947129
31c,217449919540368,s1000-p100-a04,shrink-only,shrink,1000,100.0,0.4,0.0,false,true,false,ok,190.892,215.756,215.756,0.9523317685953332,false,1346825370
27b,214117024918504,s1000-p25-a04,shrink-only,shrink,1000,25.0,0.4,0.0,false,false,false,ok,67.252,5.836,5.836,1.000257091438855,false,1728540501
6b,7610702311353,s4000-p100-a04,shrink-only,shrink,4000,100.0,0.4,0.0,false,false,false,ok,227.931,3.483,3.483,0.8346513299784328,false,1482096114
22a,213447010020212,s1000-p400-a04,shrink-only,shrink,1000,400.0,0.4,0.0,false,false,false,ok,31.539,446.446,446.446,0.9472218008302189,false,316133052
26c,213988175899594,s1000-p0-a04,shrink-only,shrink,1000,0.0,0.4,0.0,false,false,false,ok,36.818,302.808,302.808,0.8790662635300196,false,628672308
29b,214383312890798,s1000-p100-a04,shrink-only,shrink,1000,100.0,0.4,0.0,false,true,false,ok,796.215,2.634,2.634,0.9821029082774049,false,-665152500
29c,214387607858089,s1000-p100-a0,shrink-only,shrink,1000,100.0,0.0,0.0,false,false,false,ok,865.745,65.923,65.923,1.0098808174270046,false,1216159973
10a,209053258454903,s1000-p25-a04,shrink-only,shrink,1000,25.0,0.4,0.0,false,false,false,ok,12.597,293.603,293.603,0.9301521778042486,false,1718403736
23c,213588743940887,s1000-p400-a04,shrink-only,shrink,1000,400.0,0.4,0.0,false,false,false,ok,28.309,1671.963,1671.963,1.8037095531836393,false,1835492322
21b,213318161001302,s1000-p0-a04,shrink-only,shrink,1000,0.0,0.4,0.0,false,false,false,ok,26.902,11.348,11.348,0.874167083927127,false,-597700708
11a,209186402440980,s1000-p100-a0,shrink-only,shrink,1000,100.0,0.0,0.0,false,false,false,ok,15.438,14.422,14.422,0.9673676090820673,false,-1055439248
14b,209590129366986,s1000-p400-a04,shrink-only,shrink,1000,400.0,0.4,0.0,false,false,false,ok,19.134,35.986,35.986,0.973765745288252,false,1297441228
28c,214254463871880,s1000-p100-a0,shrink-only,shrink,1000,100.0,0.0,0.0,false,false,false,ok,143.962,1065.848,1065.848,2.123154549248374,false,-1040088321
32b,217578768559286,s1000-p100-a16,shrink-only,shrink,1000,100.0,1.6,0.0,false,false,false,ok,33.11,48.956,48.956,0.34463193315171103,false,-888812919
22b,213451304987511,s4000-p100-a04,shrink-only,shrink,4000,100.0,0.4,0.0,false,false,false,ok,99.624,115.563,115.563,0.2428403769433713,false,-2145268623
19a,210251554330220,s1000-p400-a04,shrink-only,shrink,1000,400.0,0.4,0.0,false,false,false,ok,72.557,686.069,686.069,1.209911814059137,false,-1819667816
18a,210118410344015,s1000-p100-a16,shrink-only,shrink,1000,100.0,1.6,0.0,false,false,false,ok,91.211,933.503,933.503,0.9531249840465666,false,-574815707
29a,214379017923503,s1000-p0-a04,shrink-only,shrink,1000,0.0,0.4,0.0,false,false,false,ok,624.652,63.67,63.67,2.4895405669599215,false,-2068277166
5b,7477558325144,s1000-p100-a04,shrink-only,shrink,1000,100.0,0.4,0.0,false,true,false,ok,6.898,219.866,219.866,0.8370378971452938,false,-1512145598
4b,7344414339067,s1000-p400-a04,shrink-only,shrink,1000,400.0,0.4,0.0,false,false,false,ok,7.155,21.574,21.574,0.9895195505102625,false,261415237
3c,7215565320133,s1000-p0-a04,shrink-only,shrink,1000,0.0,0.4,0.0,false,false,false,ok,13.489,1309.158,1309.158,0.9979319612980239,false,-1572305105
16d,209865007273866,s1000-p100-a16,shrink-only,shrink,1000,100.0,1.6,0.0,false,false,false,ok,21.623,274.511,274.511,0.9150534426464485,false,719404660
16c,209860712306571,s1000-p100-a04,shrink-only,shrink,1000,100.0,0.4,0.0,false,true,false,ok,19.97,423.257,423.257,1.0498877575066043,false,719404660
8c,7881285250686,s1000-p100-a04,shrink-only,shrink,1000,100.0,0.4,0.0,false,true,false,ok,14.787,4347.636,4347.636,0.943313973671786,false,-388506810
9b,8010134269468,s250-p100-a04,shrink-only,shrink,250,100.0,0.4,0.0,false,false,false,ok,39.759,505.861,505.861,1.0167232617244224,false,-4751552
4b,7344414339067,s1000-p25-a04,shrink-only,shrink,1000,25.0,0.4,0.0,false,false,false,ok,7.338,21.285,21.285,0.9762641898864808,false,261415237
31c,217449919540368,s250-p100-a04,shrink-only,shrink,250,100.0,0.4,0.0,false,false,false,ok,65.808,209.308,209.308,0.9238707513170062,false,-1995652378
19c,210260144264814,s1000-p25-a04,shrink-only,shrink,1000,25.0,0.4,0.0,false,false,false,ok,68.319,787.034,787.034,1.039867346669133,false,-649799299
19b,210255849297519,s250-p100-a04,shrink-only,shrink,250,100.0,0.4,0.0,false,false,false,ok,19.197,169.083,169.083,1.0938538125382093,false,825922194
33a,217707617578836,s250-p100-a04,shrink-only,shrink,250,100.0,0.4,0.0,false,false,false,ok,90.549,4.456,4.456,0.9674337820234478,false,14380942
3b,7211270352858,s250-p100-a04,shrink-only,shrink,250,100.0,0.4,0.0,false,false,false,ok,5.047,7.514,7.514,1.0358422939068102,false,129508754
5b,7477558325144,s1000-p400-a04,shrink-only,shrink,1000,400.0,0.4,0.0,false,false,false,ok,6.954,224.265,224.265,0.8537850509095962,false,-1512145598
21b,213318161001302,s1000-p100-a0,shrink-only,shrink,1000,100.0,0.0,0.0,false,false,false,ok,24.056,12.937,12.937,0.9965720448330315,false,405046416
15c,209727568320490,s250-p100-a04,shrink-only,shrink,250,100.0,0.4,0.0,false,false,false,ok,23.066,563.935,563.935,0.9945978645427319,false,-1622553236
33a,217707617578836,s1000-p400-a04,shrink-only,shrink,1000,400.0,0.4,0.0,false,false,false,ok,80.396,4.266,4.266,0.926183239253148,false,14380942
28c,214254463871880,s250-p100-a04,shrink-only,shrink,250,100.0,0.4,0.0,false,false,false,ok,91.356,491.791,491.791,0.9796409046406308,false,-676166940
33b,217711912546135,s1000-p100-a16,shrink-only,shrink,1000,100.0,1.6,0.0,false,false,false,ok,94.345,3.849,3.849,0.9645407843628618,false,-1989803960
9a,8005839302173,s250-p100-a04,shrink-only,shrink,250,100.0,0.4,0.0,false,false,false,ok,40.022,507.58,507.58,1.0342217409066505,false,1576652456
21a,213313866034007,s1000-p0-a04,shrink-only,shrink,1000,0.0,0.4,0.0,false,false,false,ok,31.972,31.268,31.268,1.0447043100567992,false,405046416
6f,7627882180517,s1000-p100-a0,shrink-only,shrink,1000,100.0,0.0,0.0,false,false,false,ok,12.511,1660.731,1660.731,0.9418379022139045,false,1250717231
6f,7627882180517,s1000-p25-a04,shrink-only,shrink,1000,25.0,0.4,0.0,false,false,false,ok,6.479,1528.597,1528.597,0.8669017389393392,false,1250717231
8b,7876990283391,s1000-p400-a04,shrink-only,shrink,1000,400.0,0.4,0.0,false,false,false,ok,66.833,152.035,152.035,0.7478504249960649,false,-1718178947
33b,217711912546135,s1000-p0-a04,shrink-only,shrink,1000,0.0,0.4,0.0,false,false,false,ok,75.652,3.975,3.975,0.9961157749655432,false,1896864069
31a,217441329605782,s1000-p100-a16,shrink-only,shrink,1000,100.0,1.6,0.0,false,false,false,ok,70.769,180.468,180.468,0.8876712328767122,false,619611693
2b,7078126366501,s1000-p25-a04,shrink-only,shrink,1000,25.0,0.4,0.0,false,false,false,ok,20.047,184.645,184.645,1.3655609009322154,false,321836810
24a,213713297992458,s1000-p0-a04,shrink-only,shrink,1000,0.0,0.4,0.0,false,false,false,ok,181.0,146.925,146.925,1.0434458391776007,false,785322840
7c,7748141264473,s1000-p100-a0,shrink-only,shrink,1000,100.0,0.0,0.0,false,false,false,ok,28.208,1318.232,1318.232,0.8832268689556843,false,-1004347469
6a,7606407344062,s1000-p100-a0,shrink-only,shrink,1000,100.0,0.0,0.0,false,false,false,ok,9.254,3.656,3.656,0.9311091302686871,false,-224470636
32a,217574473591991,s1000-p25-a04,shrink-only,shrink,1000,25.0,0.4,0.0,false,false,false,ok,21.598,0.165,0.165,0.8354430379746836,false,-1917286155
6a,7606407344062,s1000-p0-a04,shrink-only,shrink,1000,0.0,0.4,0.0,false,false,false,ok,6.082,3.674,3.674,0.9356933655927671,false,-224470636
23a,213580154006293,s1000-p25-a04,shrink-only,shrink,1000,25.0,0.4,0.0,false,false,false,ok,23.374,407.844,407.844,1.078371828922789,false,-1576721678
17a,209985266358190,s1000-p100-a04,shrink-only,shrink,1000,100.0,0.4,0.0,false,true,false,ok,16.211,1745.293,1745.293,0.9072062970859135,false,-1125412742
9a,8005839302173,s1000-p100-a0,shrink-only,shrink,1000,100.0,0.0,0.0,false,false,false,ok,21.889,461.002,461.002,0.9393165432078642,false,2029736178
22d,213459894922097,s1000-p25-a04,shrink-only,shrink,1000,25.0,0.4,0.0,false,false,false,ok,42.03,5736.648,5736.648,9.496668843568496,false,1311334790
6b,7610702311353,s1000-p100-a16,shrink-only,shrink,1000,100.0,1.6,0.0,false,false,false,ok,12.132,4.49,4.49,1.0759645339084591,false,1482096114
12b,209323841394484,s1000-p100-a0,shrink-only,shrink,1000,100.0,0.0,0.0,false,false,false,ok,29.483,1.737,1.737,1.2933730454207,false,466548996
31c,217449919540368,s1000-p400-a04,shrink-only,shrink,1000,400.0,0.4,0.0,false,false,false,ok,74.479,229.867,229.867,1.0146167274685451,false,1982821986
6b,7610702311353,s1000-p100-a0,shrink-only,shrink,1000,100.0,0.0,0.0,false,false,false,ok,6.556,3.82,3.82,0.9154085789599807,false,1482096114
32b,217578768559286,s1000-p25-a04,shrink-only,shrink,1000,25.0,0.4,0.0,false,false,false,ok,7.724,147.285,147.285,1.0368313235200945,false,1520237401
5a,7473263357849,s1000-p100-a0,shrink-only,shrink,1000,100.0,0.0,0.0,false,false,false,ok,20.273,155.919,155.919,1.019354923067368,false,414652499
9c,8014429236767,s1000-p100-a16,shrink-only,shrink,1000,100.0,1.6,0.0,false,false,false,ok,114.464,689.986,689.986,1.0373522025012722,false,659609918
8b,7876990283391,s1000-p0-a04,shrink-only,shrink,1000,0.0,0.4,0.0,false,false,false,ok,14.1,150.475,150.475,0.7401768849362506,false,1478161348
30a,217308185619697,s1000-p400-a04,shrink-only,shrink,1000,400.0,0.4,0.0,false,false,false,ok,148.485,785.235,785.235,0.9987395481706278,false,-824386529
24a,213713297992458,s1000-p100-a04,shrink-only,shrink,1000,100.0,0.4,0.0,false,true,false,ok,60.481,117.279,117.279,0.8329030768957619,false,941138625
3b,7211270352858,s1000-p100-a04,shrink-only,shrink,1000,100.0,0.4,0.0,false,true,false,ok,9.474,6.028,6.028,0.8309897987317342,false,113844438
23b,213584448973588,s1000-p25-a04,shrink-only,shrink,1000,25.0,0.4,0.0,false,false,false,ok,27.119,44.375,44.375,0.8944228327252938,false,-439854755
17a,209985266358190,s250-p100-a04,shrink-only,shrink,250,100.0,0.4,0.0,false,false,false,ok,26.537,1892.552,1892.552,0.9837517780467462,false,-1125412742
24a,213713297992458,s250-p100-a04,shrink-only,shrink,250,100.0,0.4,0.0,false,false,false,ok,75.418,110.911,110.911,0.7876782131633613,false,941138625
28c,214254463871880,s1000-p25-a04,shrink-only,shrink,1000,25.0,0.4,0.0,false,false,false,ok,116.851,1074.078,1074.078,2.139548595998299,false,-1040088321
23b,213584448973588,s1000-p100-a04,shrink-only,shrink,1000,100.0,0.4,0.0,false,true,false,ok,24.969,43.164,43.164,0.8700139076451737,false,2055054090
33a,217707617578836,s1000-p0-a04,shrink-only,shrink,1000,0.0,0.4,0.0,false,false,false,ok,82.733,7.23,7.23,1.5696917064698221,false,-2124008857
18b,210122705311310,s1000-p100-a16,shrink-only,shrink,1000,100.0,1.6,0.0,false,false,false,ok,21.989,737.612,737.612,1.1333361502383485,false,-2103027714
3b,7211270352858,s1000-p100-a0,shrink-only,shrink,1000,100.0,0.0,0.0,false,false,false,ok,7.98,6.228,6.228,0.858560794044665,false,129508754
15b,209723273353195,s1000-p100-a0,shrink-only,shrink,1000,100.0,0.0,0.0,false,false,false,ok,38.302,6.278,6.278,0.7236470520431099,false,-347771581
19a,210251554330220,s250-p100-a04,shrink-only,shrink,250,100.0,0.4,0.0,false,false,false,ok,21.776,600.986,600.986,1.0598643306783202,false,-1819667816
13a,209452690413354,s250-p100-a04,shrink-only,shrink,250,100.0,0.4,0.0,false,false,false,ok,16.245,898.306,898.306,1.177639806922373,false,-1062568155
19d,210264439232105,s4000-p100-a04,shrink-only,shrink,4000,100.0,0.4,0.0,false,false,false,ok,446.335,5498.797,5498.797,0.9468977235214874,false,-1211980585
11a,209186402440980,s1000-p400-a04,shrink-only,shrink,1000,400.0,0.4,0.0,false,false,false,ok,29.893,14.992,14.992,1.0056008317402825,false,-1055439248
25c,213855031913429,s1000-p400-a04,shrink-only,shrink,1000,400.0,0.4,0.0,false,false,false,ok,119.074,1003.848,1003.848,1.130437181699685,false,35421457
31a,217441329605782,s250-p100-a04,shrink-only,shrink,250,100.0,0.4,0.0,false,false,false,ok,58.721,193.3,193.3,0.9507882245886722,false,619611693
32a,217574473591991,s1000-p100-a0,shrink-only,shrink,1000,100.0,0.0,0.0,false,false,false,ok,7.693,0.189,0.189,0.9569620253164557,false,1765267761
23a,213580154006293,s250-p100-a04,shrink-only,shrink,250,100.0,0.4,0.0,false,false,false,ok,12.793,402.818,402.818,1.065082686966144,false,1835492322
23c,213588743940887,s1000-p100-a0,shrink-only,shrink,1000,100.0,0.0,0.0,false,false,false,ok,25.894,996.565,996.565,1.0750918596096048,false,-1576721678
31c,217449919540368,s1000-p0-a04,shrink-only,shrink,1000,0.0,0.4,0.0,false,false,false,ok,84.919,282.241,282.241,1.2457918699832933,false,-105956113
32a,217574473591991,s4000-p100-a04,shrink-only,shrink,4000,100.0,0.4,0.0,false,false,false,ok,115.268,0.241,0.241,1.2202531645569619,false,-1917286155
27b,214117024918504,s1000-p100-a04,shrink-only,shrink,1000,100.0,0.4,0.0,false,true,false,ok,68.248,5.822,5.822,0.9978575713428742,false,1728540501
6a,7606407344062,s1000-p400-a04,shrink-only,shrink,1000,400.0,0.4,0.0,false,false,false,ok,9.46,3.933,3.933,1.0016554183114732,false,-224470636
16c,209860712306571,s4000-p100-a04,shrink-only,shrink,4000,100.0,0.4,0.0,false,false,false,ok,495.781,344.157,344.157,0.8536804375596869,false,719404660
9b,8010134269468,s1000-p100-a16,shrink-only,shrink,1000,100.0,1.6,0.0,false,false,false,ok,60.866,473.117,473.117,0.9509115338349341,false,140277402
8b,7876990283391,s4000-p100-a04,shrink-only,shrink,4000,100.0,0.4,0.0,false,false,false,ok,261.527,148.532,148.532,0.7306193924130333,false,-1987159524
27b,214117024918504,s250-p100-a04,shrink-only,shrink,250,100.0,0.4,0.0,false,false,false,ok,56.413,5.597,5.597,0.9592938555146114,false,1728540501
19d,210264439232105,s1000-p100-a04,shrink-only,shrink,1000,100.0,0.4,0.0,false,true,false,ok,36.654,5647.862,5647.862,0.9725668488150254,false,723032794
5b,7477558325144,s250-p100-a04,shrink-only,shrink,250,100.0,0.4,0.0,false,false,false,ok,9.21,242.903,242.903,0.924740598047371,false,-1512145598
32b,217578768559286,s1000-p100-a04,shrink-only,shrink,1000,100.0,0.4,0.0,false,true,false,ok,8.29,140.45,140.45,0.9887154794337324,false,1520237401
19c,210260144264814,s250-p100-a04,shrink-only,shrink,250,100.0,0.4,0.0,false,false,false,ok,26.305,669.873,669.873,0.8850685727875698,false,1055693188
24b,213717592959797,s1000-p100-a0,shrink-only,shrink,1000,100.0,0.0,0.0,false,false,false,ok,108.621,1.847,1.847,1.0385156030362666,false,644596804
27a,214112729951209,s1000-p100-a04,shrink-only,shrink,1000,100.0,0.4,0.0,false,true,false,ok,158.348,20.937,20.937,1.1900755982493039,false,-1953543145
13d,209465575315415,s4000-p100-a04,shrink-only,shrink,4000,100.0,0.4,0.0,false,false,false,ok,142.302,4412.259,4412.259,1.432598834020017,false,-2119720580
8b,7876990283391,s250-p100-a04,shrink-only,shrink,250,100.0,0.4,0.0,false,false,false,ok,28.483,152.537,152.537,0.7503197308358257,false,-1718178947
3c,7215565320133,s1000-p25-a04,shrink-only,shrink,1000,25.0,0.4,0.0,false,false,false,ok,23.476,1245.254,1245.254,0.949219854696079,false,-1572305105
3b,7211270352858,s1000-p25-a04,shrink-only,shrink,1000,25.0,0.4,0.0,false,false,false,ok,12.747,6.032,6.032,0.8315412186379929,false,113844438
13c,209461280348116,s4000-p100-a04,shrink-only,shrink,4000,100.0,0.4,0.0,false,false,false,ok,115.612,772.708,772.708,1.6424607961399276,false,876197618
5a,7473263357849,s1000-p100-a04,shrink-only,shrink,1000,100.0,0.4,0.0,false,true,false,ok,14.242,152.072,152.072,0.9942043103194657,false,414652499
19b,210255849297519,s4000-p100-a04,shrink-only,shrink,4000,100.0,0.4,0.0,false,false,false,ok,219.42,156.689,156.689,1.013672930056833,false,910037442
28b,214250168904585,s1000-p0-a04,shrink-only,shrink,1000,0.0,0.4,0.0,false,false,false,ok,107.338,88.481,88.481,0.8127813194686851,false,1300118193
1c,6949277347591,s250-p100-a04,shrink-only,shrink,250,100.0,0.4,0.0,false,false,false,ok,3.21,1.041,1.041,0.9634428505321609,false,686382736
3c,7215565320133,s250-p100-a04,shrink-only,shrink,250,100.0,0.4,0.0,false,false,false,ok,4.828,1235.441,1235.441,0.9417396984916961,false,-1572305105
30a,217308185619697,s4000-p100-a04,shrink-only,shrink,4000,100.0,0.4,0.0,false,false,false,ok,587.318,936.158,936.158,1.1906983488208225,false,1041678136
10a,209053258454903,s1000-p100-a04,shrink-only,shrink,1000,100.0,0.4,0.0,false,true,false,ok,187.328,591.269,591.269,1.8731761869536083,false,1718403736
5a,7473263357849,s1000-p25-a04,shrink-only,shrink,1000,25.0,0.4,0.0,false,false,false,ok,10.783,151.717,151.717,0.9918834193588457,false,414652499
3c,7215565320133,s1000-p100-a0,shrink-only,shrink,1000,100.0,0.0,0.0,false,false,false,ok,12.753,1249.388,1249.388,0.9523710791686072,false,-1572305105
13d,209465575315415,s1000-p400-a04,shrink-only,shrink,1000,400.0,0.4,0.0,false,false,false,ok,28.681,2932.39,2932.39,0.9521060515468285,false,-2119720580
31c,217449919540368,s1000-p100-a16,shrink-only,shrink,1000,100.0,1.6,0.0,false,false,false,ok,114.45,243.044,243.044,1.0727790762086995,false,1982821986
22b,213451304987511,s1000-p25-a04,shrink-only,shrink,1000,25.0,0.4,0.0,false,false,false,ok,49.529,117.37,117.37,0.24663754871233431,false,-2145268623
27a,214112729951209,s1000-p100-a0,shrink-only,shrink,1000,100.0,0.0,0.0,false,false,false,ok,72.253,17.504,17.504,0.9949411697834367,false,-1953543145
21c,213322455968593,s1000-p100-a0,shrink-only,shrink,1000,100.0,0.0,0.0,false,false,false,ok,62.757,42.629,42.629,1.0199911469486882,false,405046416
15d,209731863287701,s1000-p100-a16,shrink-only,shrink,1000,100.0,1.6,0.0,false,false,false,ok,134.498,516.966,516.966,1.0254576182428412,false,-704972777
19b,210255849297519,s1000-p400-a04,shrink-only,shrink,1000,400.0,0.4,0.0,false,false,false,ok,44.045,148.422,148.422,0.9601909746369897,false,-1402516586
9b,8010134269468,s1000-p100-a0,shrink-only,shrink,1000,100.0,0.0,0.0,false,false,false,ok,18.673,455.511,455.511,0.9155254697858768,false,1556140202
25c,213855031913429,s4000-p100-a04,shrink-only,shrink,4000,100.0,0.4,0.0,false,false,false,ok,431.173,920.941,920.941,1.037075282863232,false,35421457
18a,210118410344015,s1000-p100-a0,shrink-only,shrink,1000,100.0,0.0,0.0,false,false,false,ok,28.496,1011.245,1011.245,1.0325011001487625,false,-1701613315
8c,7881285250686,s250-p100-a04,shrink-only,shrink,250,100.0,0.4,0.0,false,false,false,ok,26.438,4505.973,4505.973,0.9776686217263308,false,1733352584
16d,209865007273866,s4000-p100-a04,shrink-only,shrink,4000,100.0,0.4,0.0,false,false,false,ok,471.969,281.074,281.074,0.9369305103926905,false,719404660
18b,210122705311310,s1000-p100-a04,shrink-only,shrink,1000,100.0,0.4,0.0,false,true,false,ok,56.526,635.101,635.101,0.9758286502287455,false,-633376097
27a,214112729951209,s1000-p25-a04,shrink-only,shrink,1000,25.0,0.4,0.0,false,false,false,ok,71.267,17.304,17.304,0.9835730119934064,false,-1953543145
17e,210002446227370,s1000-p0-a04,shrink-only,shrink,1000,0.0,0.4,0.0,false,false,false,ok,79.115,4247.581,4247.581,1.0316850611572943,false,-1125412742
5a,7473263357849,s250-p100-a04,shrink-only,shrink,250,100.0,0.4,0.0,false,false,false,ok,5.808,157.621,157.621,1.0304821242363125,false,414652499
21b,213318161001302,s250-p100-a04,shrink-only,shrink,250,100.0,0.4,0.0,false,false,false,ok,17.875,13.075,13.075,1.0072025574856525,false,405046416
4b,7344414339067,s250-p100-a04,shrink-only,shrink,250,100.0,0.4,0.0,false,false,false,ok,4.835,23.699,23.699,1.0869854374498338,false,261415237
1c,6949277347591,s1000-p100-a0,shrink-only,shrink,1000,100.0,0.0,0.0,false,false,false,ok,13.703,1.041,1.041,0.9634428505321609,false,686382736
4c,7348709306362,s1000-p100-a04,shrink-only,shrink,1000,100.0,0.4,0.0,false,true,false,ok,13.6,1432.092,1432.092,0.9843108050382204,false,-430037632
6b,7610702311353,s1000-p0-a04,shrink-only,shrink,1000,0.0,0.4,0.0,false,false,false,ok,71.752,4.123,4.123,0.9880182123172778,false,1482096114
15c,209727568320490,s4000-p100-a04,shrink-only,shrink,4000,100.0,0.4,0.0,false,false,false,ok,213.9,1037.662,1037.662,1.8300981661310973,false,592161665
11c,209194992375574,s250-p100-a04,shrink-only,shrink,250,100.0,0.4,0.0,false,false,false,ok,9.693,517.538,517.538,1.028429261681751,false,1916526955
27c,214121319885803,s4000-p100-a04,shrink-only,shrink,4000,100.0,0.4,0.0,false,false,false,ok,259.242,26.201,26.201,1.0000954253106094,false,-1273730499
13d,209465575315415,s250-p100-a04,shrink-only,shrink,250,100.0,0.4,0.0,false,false,false,ok,9.748,3028.735,3028.735,0.9833879265826455,false,-2119720580
9c,8014429236767,s1000-p400-a04,shrink-only,shrink,1000,400.0,0.4,0.0,false,false,false,ok,42.78,661.639,661.639,0.9947342031733098,false,659609918
27c,214121319885803,s1000-p400-a04,shrink-only,shrink,1000,400.0,0.4,0.0,false,false,false,ok,117.018,27.211,27.211,1.0386472507968012,false,-1093302568
19c,210260144264814,s1000-p100-a16,shrink-only,shrink,1000,100.0,1.6,0.0,false,false,false,ok,64.313,821.681,821.681,1.085644637053088,false,1055693188
18b,210122705311310,s250-p100-a04,shrink-only,shrink,250,100.0,0.4,0.0,false,false,false,ok,24.011,787.661,787.661,1.2102361206608458,false,-2103027714
23c,213588743940887,s1000-p100-a04,shrink-only,shrink,1000,100.0,0.4,0.0,false,true,false,ok,31.823,891.849,891.849,0.9621244975500509,false,1835492322
23a,213580154006293,s1000-p100-a04,shrink-only,shrink,1000,100.0,0.4,0.0,false,true,false,ok,32.942,415.168,415.168,1.0977370648341436,false,1835492322
30a,217308185619697,s1000-p100-a16,shrink-only,shrink,1000,100.0,1.6,0.0,false,false,false,ok,166.17,530.39,530.39,0.6746024679926637,false,-824386529
33b,217711912546135,s4000-p100-a04,shrink-only,shrink,4000,100.0,0.4,0.0,false,false,false,ok,324.745,5.47,5.47,1.3707555444179926,false,1896864069
31b,217445624573073,s1000-p100-a0,shrink-only,shrink,1000,100.0,0.0,0.0,false,false,false,ok,163.492,8.139,8.139,1.0016614362193095,false,-744571733
19c,210260144264814,s1000-p0-a04,shrink-only,shrink,1000,0.0,0.4,0.0,false,false,false,ok,30.639,713.735,713.735,0.9430211663980128,false,-1142457374
16d,209865007273866,s1000-p100-a0,shrink-only,shrink,1000,100.0,0.0,0.0,false,false,false,ok,111.52,307.179,307.179,1.0239487723941605,false,719404660
11b,209190697408279,s1000-p100-a16,shrink-only,shrink,1000,100.0,1.6,0.0,false,false,false,ok,16.5,1.905,1.905,0.9682337992376112,false,-1446711126
31b,217445624573073,s4000-p100-a04,shrink-only,shrink,4000,100.0,0.4,0.0,false,false,false,ok,145.508,7.877,7.877,0.9694172666297458,false,-536655723
15d,209731863287701,s1000-p0-a04,shrink-only,shrink,1000,0.0,0.4,0.0,false,false,false,ok,22.892,1009.443,1009.443,2.002338673204637,false,502765013
3c,7215565320133,s1000-p100-a04,shrink-only,shrink,1000,100.0,0.4,0.0,false,true,false,ok,13.451,1309.981,1309.981,0.9985593095662606,false,-1572305105
17a,209985266358190,s1000-p0-a04,shrink-only,shrink,1000,0.0,0.4,0.0,false,false,false,ok,135.997,1891.888,1891.888,0.9834066297070319,false,-1125412742
15b,209723273353195,s1000-p0-a04,shrink-only,shrink,1000,0.0,0.4,0.0,false,false,false,ok,21.514,8.591,8.591,0.9902599273817071,false,1563801558
15a,209718978385896,s1000-p100-a04,shrink-only,shrink,1000,100.0,0.4,0.0,false,true,false,ok,45.671,514.322,514.322,1.1485721623296503,false,-874818637
4c,7348709306362,s1000-p25-a04,shrink-only,shrink,1000,25.0,0.4,0.0,false,false,false,ok,11.324,1424.968,1424.968,0.9794143108359679,false,-430037632
21c,213322455968593,s1000-p100-a04,shrink-only,shrink,1000,100.0,0.4,0.0,false,true,false,ok,34.498,40.214,40.214,0.9622070417648677,false,405046416
9a,8005839302173,s1000-p25-a04,shrink-only,shrink,1000,25.0,0.4,0.0,false,false,false,ok,170.127,465.771,465.771,0.9490336390004167,false,2029736178
6a,7606407344062,s4000-p100-a04,shrink-only,shrink,4000,100.0,0.4,0.0,false,false,false,ok,251.88,4.244,4.244,1.080860817521966,false,-224470636
21a,213313866034007,s250-p100-a04,shrink-only,shrink,250,100.0,0.4,0.0,false,false,false,ok,16.807,27.85,27.85,0.9305045105245574,false,405046416
29a,214379017923503,s250-p100-a04,shrink-only,shrink,250,100.0,0.4,0.0,false,false,false,ok,688.397,25.972,25.972,1.0155229716520038,false,304812620
15b,209723273353195,s4000-p100-a04,shrink-only,shrink,4000,100.0,0.4,0.0,false,false,false,ok,112.404,5.806,5.806,0.6692409659385626,false,-347771581
2b,7078126366501,s4000-p100-a04,shrink-only,shrink,4000,100.0,0.4,0.0,false,false,false,ok,46.882,118.756,118.756,0.878272091587133,false,321836810
9c,8014429236767,s1000-p25-a04,shrink-only,shrink,1000,25.0,0.4,0.0,false,false,false,ok,21.554,627.959,627.959,0.944098361025436,false,659609918
18a,210118410344015,s1000-p100-a04,shrink-only,shrink,1000,100.0,0.4,0.0,false,true,false,ok,17.346,946.354,946.354,0.9662461086385417,false,-1701613315
4b,7344414339067,s4000-p100-a04,shrink-only,shrink,4000,100.0,0.4,0.0,false,false,false,ok,26.78,21.477,21.477,0.9850705194358444,false,261415237
2b,7078126366501,s1000-p100-a04,shrink-only,shrink,1000,100.0,0.4,0.0,false,true,false,ok,12.906,108.97,108.97,0.8058987320240651,false,321836810
3b,7211270352858,s1000-p0-a04,shrink-only,shrink,1000,0.0,0.4,0.0,false,false,false,ok,8.82,6.089,6.089,0.8393989523021782,false,129508754
21b,213318161001302,s1000-p400-a04,shrink-only,shrink,1000,400.0,0.4,0.0,false,false,false,ok,25.673,13.081,13.081,1.0076647536879404,false,405046416
29b,214383312890798,s1000-p400-a04,shrink-only,shrink,1000,400.0,0.4,0.0,false,false,false,ok,852.074,2.574,2.574,0.959731543624161,false,-665152500
9c,8014429236767,s250-p100-a04,shrink-only,shrink,250,100.0,0.4,0.0,false,false,false,ok,61.697,684.262,684.262,1.0287465148393236,false,906638406
8a,7872695316092,s1000-p400-a04,shrink-only,shrink,1000,400.0,0.4,0.0,false,false,false,ok,83.475,69.136,69.136,0.7259287259287259,false,-1762716238
21c,213322455968593,s1000-p100-a16,shrink-only,shrink,1000,100.0,1.6,0.0,false,false,false,ok,32.748,40.306,40.306,0.9644083410099655,false,405046416
22d,213459894922097,s250-p100-a04,shrink-only,shrink,250,100.0,0.4,0.0,false,false,false,ok,23.116,545.381,545.381,0.9028447885549592,false,-438265046
6f,7627882180517,s1000-p100-a16,shrink-only,shrink,1000,100.0,1.6,0.0,false,false,false,ok,20.95,1735.851,1735.851,0.9844401437655517,false,1250717231
2d,7086716301095,s1000-p100-a16,shrink-only,shrink,1000,100.0,1.6,0.0,false,false,false,ok,14.705,213.17,213.17,1.474174118102667,false,321836810
31c,217449919540368,s4000-p100-a04,shrink-only,shrink,4000,100.0,0.4,0.0,false,false,false,ok,537.665,202.698,202.698,0.8946946774631382,false,1346825370
13c,209461280348116,s1000-p100-a16,shrink-only,shrink,1000,100.0,1.6,0.0,false,false,false,ok,22.433,455.479,455.479,0.968161842461859,false,876197618
28b,214250168904585,s1000-p100-a0,shrink-only,shrink,1000,100.0,0.0,0.0,false,false,false,ok,119.9,87.724,87.724,0.8058275614998807,false,1300118193
31a,217441329605782,s4000-p100-a04,shrink-only,shrink,4000,100.0,0.4,0.0,false,false,false,ok,350.636,178.861,178.861,0.8797668527581711,false,499229554
29b,214383312890798,s1000-p0-a04,shrink-only,shrink,1000,0.0,0.4,0.0,false,false,false,ok,658.448,3.454,3.454,1.2878448918717376,false,-290208566
4c,7348709306362,s4000-p100-a04,shrink-only,shrink,4000,100.0,0.4,0.0,false,false,false,ok,31.596,1460.018,1460.018,1.0035050073251526,false,-430037632
24a,213713297992458,s1000-p100-a0,shrink-only,shrink,1000,100.0,0.0,0.0,false,false,false,ok,182.308,140.908,140.908,1.000713740390249,false,499733213
1c,6949277347591,s1000-p100-a16,shrink-only,shrink,1000,100.0,1.6,0.0,false,false,false,ok,7.047,1.018,1.018,0.9421564090698751,false,686382736
18a,210118410344015,s1000-p0-a04,shrink-only,shrink,1000,0.0,0.4,0.0,false,false,false,ok,14.857,933.958,933.958,0.9535895480251947,false,-574815707
9d,8018724204062,s250-p100-a04,shrink-only,shrink,250,100.0,0.4,0.0,false,false,false,ok,59.233,1536.691,1536.691,1.2979187315846619,false,969253244
13c,209461280348116,s1000-p100-a04,shrink-only,shrink,1000,100.0,0.4,0.0,false,true,false,ok,15.01,442.049,442.049,0.9396151618371479,false,876197618
11a,209186402440980,s1000-p0-a04,shrink-only,shrink,1000,0.0,0.4,0.0,false,false,false,ok,15.797,14.441,14.441,0.9686420498373411,false,-1055439248
33a,217707617578836,s1000-p25-a04,shrink-only,shrink,1000,25.0,0.4,0.0,false,false,false,ok,100.369,7.269,7.269,1.5781589231437256,false,-2124008857
19d,210264439232105,s1000-p0-a04,shrink-only,shrink,1000,0.0,0.4,0.0,false,false,false,ok,39.765,5282.945,5282.945,0.909727817555226,false,-1211980585
29a,214379017923503,s4000-p100-a04,shrink-only,shrink,4000,100.0,0.4,0.0,false,false,false,ok,1574.224,29.095,29.095,1.1376344086021504,false,-858518681
27c,214121319885803,s250-p100-a04,shrink-only,shrink,250,100.0,0.4,0.0,false,false,false,ok,79.654,28.055,28.055,1.07086283565853,false,-1093302568
24b,213717592959797,s4000-p100-a04,shrink-only,shrink,4000,100.0,0.4,0.0,false,false,false,ok,646.647,2.337,2.337,1.3140286758504358,false,644596804
32a,217574473591991,s1000-p400-a04,shrink-only,shrink,1000,400.0,0.4,0.0,false,false,false,ok,17.185,0.346,0.346,1.751898734177215,false,1765267761
2b,7078126366501,s1000-p400-a04,shrink-only,shrink,1000,400.0,0.4,0.0,false,false,false,ok,10.417,135.488,135.488,1.0020153015001976,false,321836810
4c,7348709306362,s1000-p100-a0,shrink-only,shrink,1000,100.0,0.0,0.0,false,false,false,ok,8.426,1491.74,1491.74,1.02530829046438,false,-430037632
19c,210260144264814,s4000-p100-a04,shrink-only,shrink,4000,100.0,0.4,0.0,false,false,false,ok,258.929,843.242,843.242,1.1141320719816081,false,-649799299
9a,8005839302173,s1000-p400-a04,shrink-only,shrink,1000,400.0,0.4,0.0,false,false,false,ok,18.797,477.387,477.387,0.9727018681315324,false,1576652456
8d,7885580217977,s250-p100-a04,shrink-only,shrink,250,100.0,0.4,0.0,false,false,false,ok,25.469,563.49,563.49,0.9302728711272681,false,1142152349
30c,217316775554291,s1000-p100-a04,shrink-only,shrink,1000,100.0,0.4,0.0,false,true,false,ok,152.967,900.252,900.252,1.1269984539405735,false,-804478301
3b,7211270352858,s1000-p400-a04,shrink-only,shrink,1000,400.0,0.4,0.0,false,false,false,ok,7.86,6.063,6.063,0.8358147229114972,false,113844438
17e,210002446227370,s1000-p400-a04,shrink-only,shrink,1000,400.0,0.4,0.0,false,false,false,ok,16.879,4118.944,4118.944,1.0004407196810303,false,-1125412742
28b,214250168904585,s250-p100-a04,shrink-only,shrink,250,100.0,0.4,0.0,false,false,false,ok,83.454,223.59,223.59,2.0538847348018594,false,513417771
24b,213717592959797,s1000-p100-a16,shrink-only,shrink,1000,100.0,1.6,0.0,false,false,false,ok,165.789,1.616,1.616,0.9086308687095868,false,-870534348
16c,209860712306571,s1000-p100-a16,shrink-only,shrink,1000,100.0,1.6,0.0,false,false,false,ok,100.719,387.319,387.319,0.9607436530280669,false,719404660
28b,214250168904585,s1000-p100-a04,shrink-only,shrink,1000,100.0,0.4,0.0,false,true,false,ok,89.88,68.805,68.805,0.6320387279307749,false,513417771
15a,209718978385896,s250-p100-a04,shrink-only,shrink,250,100.0,0.4,0.0,false,false,false,ok,12.506,411.999,411.999,0.9200667719981911,false,196157638
17e,210002446227370,s1000-p100-a04,shrink-only,shrink,1000,100.0,0.4,0.0,false,true,false,ok,12.961,3836.334,3836.334,0.9317982346681104,false,-1125412742
28a,214245873937294,s1000-p400-a04,shrink-only,shrink,1000,400.0,0.4,0.0,false,false,false,ok,192.413,551.133,551.133,1.0344777101327134,false,-351635764
17a,209985266358190,s1000-p25-a04,shrink-only,shrink,1000,25.0,0.4,0.0,false,false,false,ok,14.798,1668.755,1668.755,0.8674217133132396,false,-1125412742
31a,217441329605782,s1000-p25-a04,shrink-only,shrink,1000,25.0,0.4,0.0,false,false,false,ok,161.656,178.733,178.733,0.8791372568308699,false,499229554
3b,7211270352858,s4000-p100-a04,shrink-only,shrink,4000,100.0,0.4,0.0,false,false,false,ok,26.669,3.987,3.987,0.5496277915632755,false,129508754
7c,7748141264473,s1000-p400-a04,shrink-only,shrink,1000,400.0,0.4,0.0,false,false,false,ok,546.203,2518.998,2518.998,1.6877504994914634,false,-1004347469
4b,7344414339067,s1000-p100-a0,shrink-only,shrink,1000,100.0,0.0,0.0,false,false,false,ok,9.248,22.933,22.933,1.0518518518518518,false,261415237
23b,213584448973588,s1000-p400-a04,shrink-only,shrink,1000,400.0,0.4,0.0,false,false,false,ok,28.957,85.539,85.539,1.7241247253743979,false,2055054090
21a,213313866034007,s1000-p400-a04,shrink-only,shrink,1000,400.0,0.4,0.0,false,false,false,ok,37.979,121.287,121.287,4.052355496157702,false,405046416
31b,217445624573073,s1000-p400-a04,shrink-only,shrink,1000,400.0,0.4,0.0,false,false,false,ok,69.388,7.855,7.855,0.9667097409390191,false,933065134
9d,8018724204062,s1000-p0-a04,shrink-only,shrink,1000,0.0,0.4,0.0,false,false,false,ok,215.995,1367.477,1367.477,1.1549973373379545,false,-1708131848
11d,209199287342865,s250-p100-a04,shrink-only,shrink,250,100.0,0.4,0.0,false,false,false,ok,6.613,200.416,200.416,0.8988231917336394,false,2003817464
18b,210122705311310,s4000-p100-a04,shrink-only,shrink,4000,100.0,0.4,0.0,false,false,false,ok,347.393,769.266,769.266,1.1819723200669912,false,-633376097
19b,210255849297519,s1000-p0-a04,shrink-only,shrink,1000,0.0,0.4,0.0,false,false,false,ok,41.525,159.674,159.674,1.0329838816630061,false,-1205520184
4b,7344414339067,s1000-p100-a04,shrink-only,shrink,1000,100.0,0.4,0.0,false,true,false,ok,10.696,21.372,21.372,0.9802545579635362,false,261415237
9c,8014429236767,s4000-p100-a04,shrink-only,shrink,4000,100.0,0.4,0.0,false,false,false,ok,596.651,754.803,754.803,1.1348006401645365,false,906638406
11c,209194992375574,s1000-p0-a04,shrink-only,shrink,1000,0.0,0.4,0.0,false,false,false,ok,16.23,343.619,343.619,0.6828249026541463,false,212006990
30a,217308185619697,s1000-p100-a0,shrink-only,shrink,1000,100.0,0.0,0.0,false,false,false,ok,103.915,822.885,822.885,1.0466265424954149,false,1041678136
29b,214383312890798,s1000-p100-a16,shrink-only,shrink,1000,100.0,1.6,0.0,false,false,false,ok,697.136,2.754,2.754,1.0268456375838926,false,-665152500
19a,210251554330220,s1000-p100-a04,shrink-only,shrink,1000,100.0,0.4,0.0,false,true,false,ok,70.631,627.403,627.403,1.1064518319238221,false,-1917738233
25c,213855031913429,s1000-p100-a16,shrink-only,shrink,1000,100.0,1.6,0.0,false,false,false,ok,82.508,772.671,772.671,0.8701078526042563,false,35421457
19b,210255849297519,s1000-p25-a04,shrink-only,shrink,1000,25.0,0.4,0.0,false,false,false,ok,16.454,155.757,155.757,1.0076435140109525,false,910037442
29b,214383312890798,s1000-p25-a04,shrink-only,shrink,1000,25.0,0.4,0.0,false,false,false,ok,649.012,2.633,2.633,0.9817300521998509,false,-665152500
33b,217711912546135,s1000-p100-a04,shrink-only,shrink,1000,100.0,0.4,0.0,false,true,false,ok,130.639,4.121,4.121,1.0327026688384915,false,-1992524807
19a,210251554330220,s1000-p100-a16,shrink-only,shrink,1000,100.0,1.6,0.0,false,false,false,ok,20.869,605.978,605.978,1.0686679346536976,false,-1819667816
12b,209323841394484,s1000-p100-a16,shrink-only,shrink,1000,100.0,1.6,0.0,false,false,false,ok,25.005,1.39,1.39,1.0349962769918093,false,466548996
8c,7881285250686,s4000-p100-a04,shrink-only,shrink,4000,100.0,0.4,0.0,false,false,false,ok,372.291,4347.128,4347.128,0.9432037520482126,false,1733352584
10a,209053258454903,s1000-p100-a16,shrink-only,shrink,1000,100.0,1.6,0.0,false,false,false,ok,155.979,381.246,381.246,1.2078105372872843,false,1718403736
11a,209186402440980,s1000-p100-a04,shrink-only,shrink,1000,100.0,0.4,0.0,false,true,false,ok,14.796,14.843,14.843,0.9956065331857665,false,-1055439248
2d,7086716301095,s250-p100-a04,shrink-only,shrink,250,100.0,0.4,0.0,false,false,false,ok,3.972,135.54,135.54,0.9373249517644862,false,321836810
32b,217578768559286,s1000-p400-a04,shrink-only,shrink,1000,400.0,0.4,0.0,false,false,false,ok,35.612,45.028,45.028,0.3169802820074198,false,-888812919
25c,213855031913429,s1000-p0-a04,shrink-only,shrink,1000,0.0,0.4,0.0,false,false,false,ok,49.556,994.504,994.504,1.1199148665426077,false,35421457
29c,214387607858089,s250-p100-a04,shrink-only,shrink,250,100.0,0.4,0.0,false,false,false,ok,932.083,93.147,93.147,1.426927908330525,false,1982492668
32b,217578768559286,s250-p100-a04,shrink-only,shrink,250,100.0,0.4,0.0,false,false,false,ok,9.392,49.394,49.394,0.347715289363829,false,-888812919
18a,210118410344015,s1000-p400-a04,shrink-only,shrink,1000,400.0,0.4,0.0,false,false,false,ok,39.338,1132.468,1132.468,1.1562721752723315,false,-574815707
30b,217312480586992,s1000-p400-a04,shrink-only,shrink,1000,400.0,0.4,0.0,false,false,false,ok,197.674,36.711,36.711,1.0406202165655647,false,-119349660
15c,209727568320490,s1000-p100-a0,shrink-only,shrink,1000,100.0,0.0,0.0,false,false,false,ok,92.898,589.665,589.665,1.0399772133235037,false,592161665
32a,217574473591991,s1000-p0-a04,shrink-only,shrink,1000,0.0,0.4,0.0,false,false,false,ok,7.968,0.194,0.194,0.9822784810126582,false,1765267761
9b,8010134269468,s4000-p100-a04,shrink-only,shrink,4000,100.0,0.4,0.0,false,false,false,ok,491.652,475.901,475.901,0.9565070582193811,false,1556140202
23a,213580154006293,s1000-p100-a0,shrink-only,shrink,1000,100.0,0.0,0.0,false,false,false,ok,29.837,686.213,686.213,1.8144015060675007,false,-1576721678
11c,209194992375574,s1000-p100-a0,shrink-only,shrink,1000,100.0,0.0,0.0,false,false,false,ok,13.463,374.643,374.643,0.7444744615549702,false,212006990
25c,213855031913429,s250-p100-a04,shrink-only,shrink,250,100.0,0.4,0.0,false,false,false,ok,107.65,972.225,972.225,1.0948263970023115,false,35421457
3c,7215565320133,s1000-p100-a16,shrink-only,shrink,1000,100.0,1.6,0.0,false,false,false,ok,18.258,1276.931,1276.931,0.973366283727592,false,-1572305105
31c,217449919540368,s1000-p25-a04,shrink-only,shrink,1000,25.0,0.4,0.0,false,false,false,ok,157.482,271.65,271.65,1.1990439428749247,false,-105956113
28b,214250168904585,s1000-p100-a16,shrink-only,shrink,1000,100.0,1.6,0.0,false,false,false,ok,108.628,289.147,289.147,2.6560875236538,false,1439246871
14b,209590129366986,s1000-p0-a04,shrink-only,shrink,1000,0.0,0.4,0.0,false,false,false,ok,24.261,35.589,35.589,0.9630230953444007,false,1313982226
22a,213447010020212,s1000-p100-a16,shrink-only,shrink,1000,100.0,1.6,0.0,false,false,false,ok,40.984,448.921,448.921,0.9524729934874602,false,316133052
4b,7344414339067,s1000-p100-a16,shrink-only,shrink,1000,100.0,1.6,0.0,false,false,false,ok,7.295,20.86,20.86,0.9567710124985666,false,261415237
17a,209985266358190,s4000-p100-a04,shrink-only,shrink,4000,100.0,0.4,0.0,false,false,false,ok,303.855,1864.979,1864.979,0.969419285319422,false,-1125412742
9a,8005839302173,s1000-p100-a04,shrink-only,shrink,1000,100.0,0.4,0.0,false,true,false,ok,22.751,463.102,463.102,0.9435954069454109,false,1576652456
32a,217574473591991,s250-p100-a04,shrink-only,shrink,250,100.0,0.4,0.0,false,false,false,ok,13.838,0.163,0.163,0.8253164556962025,false,-1917286155
33a,217707617578836,s4000-p100-a04,shrink-only,shrink,4000,100.0,0.4,0.0,false,false,false,ok,208.331,7.243,7.243,1.57251411202779,false,-2124008857
33a,217707617578836,s1000-p100-a16,shrink-only,shrink,1000,100.0,1.6,0.0,false,false,false,ok,199.195,4.472,4.472,0.9709075119409467,false,321636491
21a,213313866034007,s1000-p100-a16,shrink-only,shrink,1000,100.0,1.6,0.0,false,false,false,ok,33.398,28.997,28.997,0.968827263615102,false,405046416
15a,209718978385896,s1000-p100-a16,shrink-only,shrink,1000,100.0,1.6,0.0,false,false,false,ok,21.28,429.776,429.776,0.9597659630297515,false,196157638
11a,209186402440980,s1000-p100-a16,shrink-only,shrink,1000,100.0,1.6,0.0,false,false,false,ok,13.316,14.138,14.138,0.9483180735821847,false,-1055439248
18a,210118410344015,s1000-p25-a04,shrink-only,shrink,1000,25.0,0.4,0.0,false,false,false,ok,15.527,917.355,917.355,0.9366375573940717,false,-1701613315
33a,217707617578836,s1000-p100-a04,shrink-only,shrink,1000,100.0,0.4,0.0,false,true,false,ok,90.907,7.108,7.108,1.5432045158488927,false,-2124008857
13c,209461280348116,s1000-p400-a04,shrink-only,shrink,1000,400.0,0.4,0.0,false,false,false,ok,18.726,501.34,501.34,1.065643549098484,false,876197618
24b,213717592959797,s1000-p100-a04,shrink-only,shrink,1000,100.0,0.4,0.0,false,true,false,ok,55.415,1.855,1.855,1.0430137756536406,false,644596804
11b,209190697408279,s1000-p0-a04,shrink-only,shrink,1000,0.0,0.4,0.0,false,false,false,ok,12.596,1.826,1.826,0.9280813214739517,false,2069975928
29b,214383312890798,s4000-p100-a04,shrink-only,shrink,4000,100.0,0.4,0.0,false,false,false,ok,1033.056,2.501,2.501,0.9325130499627143,false,-665152500
28a,214245873937294,s1000-p100-a0,shrink-only,shrink,1000,100.0,0.0,0.0,false,false,false,ok,118.918,815.68,815.68,1.5310329423225457,false,96586315
6a,7606407344061,s1000-p25-a04,shrink-only,shrink,1000,25.0,0.4,0.0,false,false,false,ok,59.538,4.045,4.045,1.0301795492168597,false,-224470636
3c,7215565320134,s1000-p100-a04,shrink-only,shrink,1000,100.0,0.4,0.0,false,true,false,ok,15.603,1269.744,1269.744,0.9678878487290289,false,-1572305105
19c,210260144264813,s1000-p25-a04,shrink-only,shrink,1000,25.0,0.4,0.0,false,false,false,ok,70.405,697.018,697.018,0.9209338583093307,false,-649799299
13d,209465575315412,s1000-p100-a0,shrink-only,shrink,1000,100.0,0.0,0.0,false,false,false,ok,29.763,4072.827,4072.827,1.322390007333034,false,-2119720580
2b,7078126366502,s1000-p0-a04,shrink-only,shrink,1000,0.0,0.4,0.0,false,false,false,ok,14.035,123.467,123.467,0.9131127718345898,false,321836810
17e,210002446227369,s1000-p100-a0,shrink-only,shrink,1000,100.0,0.0,0.0,false,false,false,ok,72.92,3976.641,3976.641,0.9658770752778119,false,-1125412742
21b,213318161001301,s1000-p100-a0,shrink-only,shrink,1000,100.0,0.0,0.0,false,false,false,ok,27.27,13.544,13.544,1.0433308939644879,false,405046416
5a,7473263357850,s1000-p100-a04,shrink-only,shrink,1000,100.0,0.4,0.0,false,true,false,ok,11.932,152.0,152.0,0.9937335944063258,false,414652499
17e,210002446227369,s1000-p100-a04,shrink-only,shrink,1000,100.0,0.4,0.0,false,true,false,ok,12.778,4137.529,4137.529,1.0049547870670574,false,-1125412742
31c,217449919540371,s1000-p100-a16,shrink-only,shrink,1000,100.0,1.6,0.0,false,false,false,ok,209.088,239.022,239.022,1.0550262518455742,false,1982821986
27c,214121319885800,s250-p100-a04,shrink-only,shrink,250,100.0,0.4,0.0,false,false,false,ok,91.148,27.804,27.804,1.0612821344733476,false,-1093302568
32b,217578768559285,s1000-p25-a04,shrink-only,shrink,1000,25.0,0.4,0.0,false,false,false,ok,51.231,146.31,146.31,1.0299676881164073,false,1520237401
18b,210122705311309,s1000-p400-a04,shrink-only,shrink,1000,400.0,0.4,0.0,false,false,false,ok,73.462,745.725,745.725,1.1458017231776225,false,-1852800932
33a,217707617578839,s1000-p25-a04,shrink-only,shrink,1000,25.0,0.4,0.0,false,false,false,ok,144.658,7.62,7.62,1.6543638732088581,false,-2124008857
11b,209190697408276,s1000-p400-a04,shrink-only,shrink,1000,400.0,0.4,0.0,false,false,false,ok,12.687,1.886,1.886,0.9585768742058449,false,898037380
8c,7881285250685,s1000-p400-a04,shrink-only,shrink,1000,400.0,0.4,0.0,false,false,false,ok,105.676,4429.548,4429.548,0.9610865595578636,false,1733352584
30b,217312480586995,s1000-p100-a16,shrink-only,shrink,1000,100.0,1.6,0.0,false,false,false,ok,147.501,36.848,36.848,1.044503656669879,false,-1031970200
4b,7344414339064,s1000-p0-a04,shrink-only,shrink,1000,0.0,0.4,0.0,false,false,false,ok,8.373,29.906,29.906,1.371677559912854,false,611794456
11c,209194992375573,s1000-p100-a04,shrink-only,shrink,1000,100.0,0.4,0.0,false,true,false,ok,16.865,894.908,894.908,1.7783227003873963,false,212006990
5a,7473263357850,s1000-p400-a04,shrink-only,shrink,1000,400.0,0.4,0.0,false,false,false,ok,51.466,576.485,576.485,3.7688980998113863,false,414652499
9c,8014429236764,s1000-p400-a04,shrink-only,shrink,1000,400.0,0.4,0.0,false,false,false,ok,532.339,1496.38,1496.38,2.2497167895853742,false,906638406
19d,210264439232106,s1000-p100-a16,shrink-only,shrink,1000,100.0,1.6,0.0,false,false,false,ok,287.257,4498.816,4498.816,0.7747001078494158,false,-1246359705
30c,217316775554288,s1000-p0-a04,shrink-only,shrink,1000,0.0,0.4,0.0,false,false,false,ok,387.37,1716.344,1716.344,2.148639530298383,false,-1451103391
28c,214254463871883,s250-p100-a04,shrink-only,shrink,250,100.0,0.4,0.0,false,false,false,ok,120.721,636.558,636.558,1.2680147765539236,false,-676166940
21b,213318161001301,s1000-p25-a04,shrink-only,shrink,1000,25.0,0.4,0.0,false,false,false,ok,75.697,14.752,14.752,1.1363863960251126,false,405046416
33b,217711912546132,s1000-p100-a0,shrink-only,shrink,1000,100.0,0.0,0.0,false,false,false,ok,128.181,4.69,4.69,1.1752913168775845,false,1896864069
21c,213322455968594,s1000-p25-a04,shrink-only,shrink,1000,25.0,0.4,0.0,false,false,false,ok,108.0,43.294,43.294,1.0359027121442328,false,405046416
27c,214121319885800,s1000-p100-a16,shrink-only,shrink,1000,100.0,1.6,0.0,false,false,false,ok,161.923,26.302,26.302,1.0039506078592284,false,-1093302568
12b,209323841394487,s250-p100-a04,shrink-only,shrink,250,100.0,0.4,0.0,false,false,false,ok,21.139,1.822,1.822,1.3566641846612064,false,466548996
4b,7344414339064,s1000-p100-a04,shrink-only,shrink,1000,100.0,0.4,0.0,false,true,false,ok,8.081,25.626,25.626,1.1753697970416237,false,261415237
6b,7610702311354,s1000-p25-a04,shrink-only,shrink,1000,25.0,0.4,0.0,false,false,false,ok,120.542,5.922,5.922,1.4191229331416246,false,1482096114
3c,7215565320134,s1000-p100-a16,shrink-only,shrink,1000,100.0,1.6,0.0,false,false,false,ok,34.172,1390.217,1390.217,1.059720810963883,false,-1572305105
31b,217445624573074,s1000-p100-a16,shrink-only,shrink,1000,100.0,1.6,0.0,false,false,false,ok,204.938,9.426,9.426,1.1600516891268229,false,-536655723
29c,214387607858090,s1000-p100-a16,shrink-only,shrink,1000,100.0,1.6,0.0,false,false,false,ok,1255.296,211.155,211.155,3.234703881859126,false,2081534655
27c,214121319885800,s4000-p100-a04,shrink-only,shrink,4000,100.0,0.4,0.0,false,false,false,ok,395.359,27.512,27.512,1.0501364581941712,false,-1273730499
22a,213447010020215,s250-p100-a04,shrink-only,shrink,250,100.0,0.4,0.0,false,false,false,ok,34.374,528.856,528.856,1.1220706036113353,false,316133052
19a,210251554330223,s4000-p100-a04,shrink-only,shrink,4000,100.0,0.4,0.0,false,false,false,ok,662.33,817.391,817.391,1.4415037373873647,false,187704695
31c,217449919540371,s1000-p25-a04,shrink-only,shrink,1000,25.0,0.4,0.0,false,false,false,ok,206.787,640.061,640.061,2.825184116033378,false,1346825370
30c,217316775554288,s1000-p100-a04,shrink-only,shrink,1000,100.0,0.4,0.0,false,true,false,ok,101.508,835.409,835.409,1.04582344877661,false,-804478301
15b,209723273353192,s1000-p100-a16,shrink-only,shrink,1000,100.0,1.6,0.0,false,false,false,ok,188.423,39.104,39.104,4.50740591320385,false,-1293176700
11a,209186402440983,s1000-p25-a04,shrink-only,shrink,1000,25.0,0.4,0.0,false,false,false,ok,22.037,15.135,15.135,1.0151926753194487,false,-1055439248
29b,214383312890797,s250-p100-a04,shrink-only,shrink,250,100.0,0.4,0.0,false,false,false,ok,817.555,2.739,2.739,1.0212527964205815,false,-665152500
28a,214245873937293,s250-p100-a04,shrink-only,shrink,250,100.0,0.4,0.0,false,false,false,ok,106.894,496.75,496.75,0.9324007136361375,false,-351635764
8c,7881285250685,s4000-p100-a04,shrink-only,shrink,4000,100.0,0.4,0.0,false,false,false,ok,715.768,5223.707,5223.707,1.133396587816258,false,737600458
8a,7872695316095,s1000-p100-a16,shrink-only,shrink,1000,100.0,1.6,0.0,false,false,false,ok,210.288,90.348,90.348,0.9486549486549487,false,-1762716238
4c,7348709306361,s1000-p100-a04,shrink-only,shrink,1000,100.0,0.4,0.0,false,true,false,ok,25.799,1649.328,1649.328,1.1336222613156681,false,-430037632
15a,209718978385899,s1000-p400-a04,shrink-only,shrink,1000,400.0,0.4,0.0,false,false,false,ok,93.914,1305.883,1305.883,2.916268137586047,false,196157638
9b,8010134269471,s1000-p100-a16,shrink-only,shrink,1000,100.0,1.6,0.0,false,false,false,ok,303.942,600.458,600.458,1.2068525074843153,false,140277402
21a,213313866034004,s1000-p100-a0,shrink-only,shrink,1000,100.0,0.0,0.0,false,false,false,ok,58.596,29.438,29.438,0.9835616438356164,false,405046416
29c,214387607858090,s1000-p100-a0,shrink-only,shrink,1000,100.0,0.0,0.0,false,false,false,ok,818.879,77.266,77.266,1.1836453322712095,false,1216159973
5a,7473263357850,s250-p100-a04,shrink-only,shrink,250,100.0,0.4,0.0,false,false,false,ok,6.441,158.502,158.502,1.0362418564512597,false,414652499
8d,7885580217978,s250-p100-a04,shrink-only,shrink,250,100.0,0.4,0.0,false,false,false,ok,44.344,578.54,578.54,0.9551191092334729,false,1142152349
15a,209718978385899,s1000-p100-a0,shrink-only,shrink,1000,100.0,0.0,0.0,false,false,false,ok,74.821,469.811,469.811,1.049171212112753,false,-93948010
15c,209727568320489,s1000-p0-a04,shrink-only,shrink,1000,0.0,0.4,0.0,false,false,false,ok,95.27,628.202,628.202,1.1079439433648794,false,-848300716
28a,214245873937293,s1000-p400-a04,shrink-only,shrink,1000,400.0,0.4,0.0,false,false,false,ok,166.895,486.161,486.161,0.9125251400947323,false,-351635764
13c,209461280348119,s1000-p25-a04,shrink-only,shrink,1000,25.0,0.4,0.0,false,false,false,ok,48.277,636.556,636.556,1.353057396257898,false,876197618
6f,7627882180518,s1000-p100-a0,shrink-only,shrink,1000,100.0,0.0,0.0,false,false,false,ok,175.38,5916.93,5916.93,3.3556240828565964,false,1250717231
10a,209053258454900,s1000-p400-a04,shrink-only,shrink,1000,400.0,0.4,0.0,false,false,false,ok,238.751,851.091,851.091,2.6963081002564544,false,1718403736
11a,209186402440983,s1000-p100-a16,shrink-only,shrink,1000,100.0,1.6,0.0,false,false,false,ok,13.296,14.613,14.613,0.9801790924640306,false,-1055439248
16c,209860712306568,s250-p100-a04,shrink-only,shrink,250,100.0,0.4,0.0,false,false,false,ok,52.472,1235.414,1235.414,3.0644408339431224,false,719404660
4a,7340119371771,s4000-p100-a04,shrink-only,shrink,4000,100.0,0.4,0.0,false,false,false,ok,31.834,783.651,783.651,1.0349059948931585,false,1427000343
19c,210260144264813,s4000-p100-a04,shrink-only,shrink,4000,100.0,0.4,0.0,false,false,false,ok,518.783,782.888,782.888,1.0343894511534497,false,-649799299
9b,8010134269471,s250-p100-a04,shrink-only,shrink,250,100.0,0.4,0.0,false,false,false,ok,58.091,454.577,454.577,0.913648235671267,false,140277402
21b,213318161001301,s1000-p0-a04,shrink-only,shrink,1000,0.0,0.4,0.0,false,false,false,ok,24.001,36.598,36.598,2.8192427685552515,false,-597700708
22d,213459894922098,s1000-p400-a04,shrink-only,shrink,1000,400.0,0.4,0.0,false,false,false,ok,62.545,564.157,564.157,0.933927304722387,false,-438265046
24a,213713297992457,s1000-p100-a04,shrink-only,shrink,1000,100.0,0.4,0.0,false,true,false,ok,317.08,252.224,252.224,1.7912682207978976,false,941138625
13b,209456985380822,s1000-p25-a04,shrink-only,shrink,1000,25.0,0.4,0.0,false,false,false,ok,40.441,337.317,337.317,1.0018086888342423,false,-2119720580
23a,213580154006294,s1000-p25-a04,shrink-only,shrink,1000,25.0,0.4,0.0,false,false,false,ok,32.328,1159.677,1159.677,3.066277810755321,false,-1576721678
30b,217312480586995,s1000-p0-a04,shrink-only,shrink,1000,0.0,0.4,0.0,false,false,false,ok,104.556,33.029,33.029,0.9362492204773513,false,1910947129
25c,213855031913430,s250-p100-a04,shrink-only,shrink,250,100.0,0.4,0.0,false,false,false,ok,48.484,925.021,925.021,1.0416697869129832,false,674462572
6b,7610702311354,s250-p100-a04,shrink-only,shrink,250,100.0,0.4,0.0,false,false,false,ok,22.969,3.955,3.955,0.947759405703331,false,1482096114
8a,7872695316095,s1000-p0-a04,shrink-only,shrink,1000,0.0,0.4,0.0,false,false,false,ok,11.376,71.412,71.412,0.7498267498267499,false,115582433
16c,209860712306568,s4000-p100-a04,shrink-only,shrink,4000,100.0,0.4,0.0,false,false,false,ok,681.595,342.243,342.243,0.8489327661263317,false,719404660
31b,217445624573074,s4000-p100-a04,shrink-only,shrink,4000,100.0,0.4,0.0,false,false,false,ok,483.852,8.614,8.614,1.0601193772690911,false,-744571733
18b,210122705311309,s1000-p100-a04,shrink-only,shrink,1000,100.0,0.4,0.0,false,true,false,ok,79.181,563.115,563.115,0.8652226187229434,false,-2103027714
6b,7610702311354,s4000-p100-a04,shrink-only,shrink,4000,100.0,0.4,0.0,false,false,false,ok,241.431,3.699,3.699,0.8864126527677929,false,1482096114
12b,209323841394487,s1000-p0-a04,shrink-only,shrink,1000,0.0,0.4,0.0,false,false,false,ok,37.854,1.343,1.343,1.0,false,466548996
25c,213855031913430,s1000-p100-a16,shrink-only,shrink,1000,100.0,1.6,0.0,false,false,false,ok,66.44,689.302,689.302,0.7762256937504047,false,35421457
4c,7348709306361,s4000-p100-a04,shrink-only,shrink,4000,100.0,0.4,0.0,false,false,false,ok,32.124,1555.196,1555.196,1.06892310462751,false,-430037632
19b,210255849297516,s1000-p400-a04,shrink-only,shrink,1000,400.0,0.4,0.0,false,false,false,ok,59.402,171.39,171.39,1.10877855805092,false,-1834056489
17e,210002446227369,s1000-p0-a04,shrink-only,shrink,1000,0.0,0.4,0.0,false,false,false,ok,101.26,6150.59,6150.59,1.493902487157618,false,-1125412742
27a,214112729951210,s4000-p100-a04,shrink-only,shrink,4000,100.0,0.4,0.0,false,false,false,ok,203.448,17.639,17.639,1.002614676291707,false,-1953543145
10a,209053258454900,s1000-p100-a04,shrink-only,shrink,1000,100.0,0.4,0.0,false,true,false,ok,14.278,314.653,314.653,0.9968398592747358,false,1718403736
11b,209190697408276,s4000-p100-a04,shrink-only,shrink,4000,100.0,0.4,0.0,false,false,false,ok,39.798,2.039,2.039,1.036340533672173,false,-1446711126
23b,213584448973591,s250-p100-a04,shrink-only,shrink,250,100.0,0.4,0.0,false,false,false,ok,18.41,222.209,222.209,4.478846270130813,false,2055054090
28a,214245873937293,s1000-p100-a04,shrink-only,shrink,1000,100.0,0.4,0.0,false,true,false,ok,136.903,559.232,559.232,1.0496795488438138,false,-351635764
9a,8005839302174,s1000-p100-a16,shrink-only,shrink,1000,100.0,1.6,0.0,false,false,false,ok,241.457,494.45,494.45,1.0074686547761798,false,1576652456
22b,213451304987508,s1000-p25-a04,shrink-only,shrink,1000,25.0,0.4,0.0,false,false,false,ok,46.686,129.526,129.526,0.27218177672756083,false,-2145268623
2b,7078126366502,s1000-p25-a04,shrink-only,shrink,1000,25.0,0.4,0.0,false,false,false,ok,27.533,124.763,124.763,0.9226974718135124,false,321836810
11d,209199287342866,s1000-p25-a04,shrink-only,shrink,1000,25.0,0.4,0.0,false,false,false,ok,16.716,215.381,215.381,0.9659380381745121,false,2003817464
23a,213580154006294,s1000-p100-a0,shrink-only,shrink,1000,100.0,0.0,0.0,false,false,false,ok,26.981,379.96,379.96,1.004644325078959,false,-1576721678
31a,217441329605781,s1000-p400-a04,shrink-only,shrink,1000,400.0,0.4,0.0,false,false,false,ok,162.971,261.202,261.202,1.2847790265856718,false,619611693
7c,7748141264474,s250-p100-a04,shrink-only,shrink,250,100.0,0.4,0.0,false,false,false,ok,157.779,2712.499,2712.499,1.8173978471281416,false,-1004347469
33b,217711912546132,s1000-p100-a04,shrink-only,shrink,1000,100.0,0.4,0.0,false,true,false,ok,87.536,6.583,6.583,1.649667961408345,false,-1992524807
32a,217574473591988,s4000-p100-a04,shrink-only,shrink,4000,100.0,0.4,0.0,false,false,false,ok,144.485,0.231,0.231,1.169620253164557,false,1765267761
13d,209465575315412,s250-p100-a04,shrink-only,shrink,250,100.0,0.4,0.0,false,false,false,ok,13.779,5923.788,5923.788,1.9233711760306385,false,-2119720580
19d,210264439232106,s1000-p0-a04,shrink-only,shrink,1000,0.0,0.4,0.0,false,false,false,ok,197.741,5990.578,5990.578,1.0315828481716829,false,-1211980585
23b,213584448973591,s1000-p100-a0,shrink-only,shrink,1000,100.0,0.0,0.0,false,false,false,ok,101.685,60.982,60.982,1.2291536492451576,false,-439854755
22a,213447010020215,s4000-p100-a04,shrink-only,shrink,4000,100.0,0.4,0.0,false,false,false,ok,500.075,560.497,560.497,1.189203123557911,false,-2145268623
28a,214245873937293,s1000-p100-a16,shrink-only,shrink,1000,100.0,1.6,0.0,false,false,false,ok,175.385,630.666,630.666,1.1837613054173093,false,-351635764
9b,8010134269471,s1000-p100-a04,shrink-only,shrink,1000,100.0,0.4,0.0,false,true,false,ok,72.888,485.269,485.269,0.9753356761911844,false,140277402
28a,214245873937293,s1000-p25-a04,shrink-only,shrink,1000,25.0,0.4,0.0,false,false,false,ok,117.336,798.689,798.689,1.4991408023620192,false,96586315
3c,7215565320134,s250-p100-a04,shrink-only,shrink,250,100.0,0.4,0.0,false,false,false,ok,9.078,1349.751,1349.751,1.0288747902804467,false,-1572305105
21a,213313866034004,s250-p100-a04,shrink-only,shrink,250,100.0,0.4,0.0,false,false,false,ok,31.167,45.125,45.125,1.5076845973939192,false,405046416
22d,213459894922098,s1000-p25-a04,shrink-only,shrink,1000,25.0,0.4,0.0,false,false,false,ok,60.535,6510.724,6510.724,10.778104175099056,true,1311334790
18b,210122705311309,s250-p100-a04,shrink-only,shrink,250,100.0,0.4,0.0,false,false,false,ok,63.507,1129.579,1129.579,1.7355909546619137,false,-1852800932
12b,209323841394487,s1000-p100-a0,shrink-only,shrink,1000,100.0,0.0,0.0,false,false,false,ok,59.951,2.056,2.056,1.5309009679821297,false,466548996
19d,210264439232106,s1000-p100-a0,shrink-only,shrink,1000,100.0,0.0,0.0,false,false,false,ok,33.11,5506.964,5506.964,0.9483040881696095,false,-1211980585
11b,209190697408276,s1000-p100-a0,shrink-only,shrink,1000,100.0,0.0,0.0,false,false,false,ok,23.126,2.141,2.141,1.0881829733163912,false,-1446711126
19b,210255849297516,s1000-p100-a16,shrink-only,shrink,1000,100.0,1.6,0.0,false,false,false,ok,90.513,262.606,262.606,1.6988850108846485,false,-1834056489
11c,209194992375573,s1000-p400-a04,shrink-only,shrink,1000,400.0,0.4,0.0,false,false,false,ok,24.349,659.788,659.788,1.31110234554077,false,1916526955
8d,7885580217978,s1000-p100-a04,shrink-only,shrink,1000,100.0,0.4,0.0,false,true,false,ok,288.916,709.738,709.738,1.1717155708320024,false,1142152349
13d,209465575315412,s1000-p25-a04,shrink-only,shrink,1000,25.0,0.4,0.0,false,false,false,ok,75.537,3249.888,3249.888,1.0551932149712075,false,-2119720580
22b,213451304987508,s1000-p400-a04,shrink-only,shrink,1000,400.0,0.4,0.0,false,false,false,ok,54.839,473.787,473.787,0.9956007863318627,false,316133052
17e,210002446227369,s1000-p400-a04,shrink-only,shrink,1000,400.0,0.4,0.0,false,false,false,ok,234.807,12750.369,12750.369,3.096907444859337,false,-1125412742
22d,213459894922098,s1000-p0-a04,shrink-only,shrink,1000,0.0,0.4,0.0,false,false,false,ok,186.135,5171.324,5171.324,8.560809641936896,false,1311334790
9c,8014429236764,s1000-p100-a16,shrink-only,shrink,1000,100.0,1.6,0.0,false,false,false,ok,324.723,748.27,748.27,1.124978669952183,false,906638406
28b,214250168904586,s250-p100-a04,shrink-only,shrink,250,100.0,0.4,0.0,false,false,false,ok,102.288,321.393,321.393,2.9522974040528376,false,1439246871
33b,217711912546132,s1000-p100-a16,shrink-only,shrink,1000,100.0,1.6,0.0,false,false,false,ok,96.024,3.863,3.863,0.9680491166520486,false,-1989803960
11b,209190697408276,s1000-p100-a16,shrink-only,shrink,1000,100.0,1.6,0.0,false,false,false,ok,20.382,2.134,2.134,1.0846251588310039,false,898037380
21a,213313866034004,s1000-p400-a04,shrink-only,shrink,1000,400.0,0.4,0.0,false,false,false,ok,89.266,28.441,28.441,0.9502505846976278,false,405046416
11d,209199287342866,s250-p100-a04,shrink-only,shrink,250,100.0,0.4,0.0,false,false,false,ok,11.34,215.796,215.796,0.9677992250287026,false,2003817464
32a,217574473591988,s1000-p100-a04,shrink-only,shrink,1000,100.0,0.4,0.0,false,true,false,ok,62.343,0.198,0.198,1.0025316455696203,false,-1917286155
15b,209723273353192,s1000-p400-a04,shrink-only,shrink,1000,400.0,0.4,0.0,false,false,false,ok,169.983,32.441,32.441,3.7393810155034295,false,-1293176700
9b,8010134269471,s4000-p100-a04,shrink-only,shrink,4000,100.0,0.4,0.0,false,false,false,ok,1131.35,457.361,457.361,0.9192437600557141,false,1556140202
30b,217312480586995,s250-p100-a04,shrink-only,shrink,250,100.0,0.4,0.0,false,false,false,ok,120.909,39.256,39.256,1.112761494415783,false,476359364
22a,213447010020215,s1000-p100-a0,shrink-only,shrink,1000,100.0,0.0,0.0,false,false,false,ok,70.809,368.005,368.005,0.7807940015467149,false,-2145268623
19d,210264439232106,s1000-p25-a04,shrink-only,shrink,1000,25.0,0.4,0.0,false,false,false,ok,31.11,5338.274,5338.274,0.9192555204591013,false,-1211980585
27a,214112729951210,s1000-p25-a04,shrink-only,shrink,1000,25.0,0.4,0.0,false,false,false,ok,117.906,17.242,17.242,0.9800488830784971,false,-1953543145
30b,217312480586995,s1000-p25-a04,shrink-only,shrink,1000,25.0,0.4,0.0,false,false,false,ok,275.759,37.326,37.326,1.0580531776177786,false,1910947129
2d,7086716301092,s1000-p400-a04,shrink-only,shrink,1000,400.0,0.4,0.0,false,false,false,ok,46.52,141.479,141.479,0.9783960222125406,false,321836810
3c,7215565320134,s1000-p25-a04,shrink-only,shrink,1000,25.0,0.4,0.0,false,false,false,ok,25.0,1276.341,1276.341,0.9729165443858426,false,-1572305105
31a,217441329605781,s250-p100-a04,shrink-only,shrink,250,100.0,0.4,0.0,false,false,false,ok,103.637,384.539,384.539,1.8914389710041561,false,619611693
26c,213988175899593,s1000-p100-a04,shrink-only,shrink,1000,100.0,0.4,0.0,false,true,false,ok,255.313,1340.756,1340.756,3.8922794880764546,false,-321495561
17a,209985266358189,s1000-p0-a04,shrink-only,shrink,1000,0.0,0.4,0.0,false,false,false,ok,215.614,2024.612,2024.612,1.0523967927194493,false,-1125412742
14b,209590129366985,s1000-p0-a04,shrink-only,shrink,1000,0.0,0.4,0.0,false,false,false,ok,31.166,88.598,88.598,2.397423928779207,false,1313982226
19a,210251554330223,s1000-p100-a04,shrink-only,shrink,1000,100.0,0.4,0.0,false,true,false,ok,139.086,490.159,490.159,0.8644162101296116,false,-477815540
33a,217707617578839,s250-p100-a04,shrink-only,shrink,250,100.0,0.4,0.0,false,false,false,ok,84.211,4.439,4.439,0.9637429439861052,false,14380942
32a,217574473591988,s1000-p100-a0,shrink-only,shrink,1000,100.0,0.0,0.0,false,false,false,ok,9.806,0.178,0.178,0.90126582278481,false,1765267761
13c,209461280348119,s250-p100-a04,shrink-only,shrink,250,100.0,0.4,0.0,false,false,false,ok,17.521,828.91,828.91,1.7619232342985285,false,876197618
5a,7473263357850,s4000-p100-a04,shrink-only,shrink,4000,100.0,0.4,0.0,false,false,false,ok,69.165,177.164,177.164,1.1582488060486993,false,414652499
5a,7473263357850,s1000-p0-a04,shrink-only,shrink,1000,0.0,0.4,0.0,false,false,false,ok,24.9,152.788,152.788,0.9988853185668007,false,414652499
27a,214112729951210,s1000-p100-a04,shrink-only,shrink,1000,100.0,0.4,0.0,false,true,false,ok,74.641,18.47,18.47,1.049849371909282,false,-1953543145
8c,7881285250685,s250-p100-a04,shrink-only,shrink,250,100.0,0.4,0.0,false,false,false,ok,45.588,4620.948,4620.948,1.002614942927764,false,1733352584
25c,213855031913430,s1000-p100-a04,shrink-only,shrink,1000,100.0,0.4,0.0,false,true,false,ok,278.056,929.712,929.712,1.0469523404662635,false,35421457
9d,8018724204061,s1000-p100-a04,shrink-only,shrink,1000,100.0,0.4,0.0,false,true,false,ok,258.53,1401.517,1401.517,1.183748175094629,false,-1708131848
6b,7610702311354,s1000-p100-a0,shrink-only,shrink,1000,100.0,0.0,0.0,false,false,false,ok,142.669,8.602,8.602,2.061346752935538,false,1482096114
9a,8005839302174,s1000-p400-a04,shrink-only,shrink,1000,400.0,0.4,0.0,false,false,false,ok,210.521,572.862,572.862,1.167237351627853,false,1576652456
13c,209461280348119,s4000-p100-a04,shrink-only,shrink,4000,100.0,0.4,0.0,false,false,false,ok,275.789,477.453,477.453,1.0148695684519855,false,876197618
3b,7211270352857,s1000-p400-a04,shrink-only,shrink,1000,400.0,0.4,0.0,false,false,false,ok,41.051,10.376,10.376,1.4303832368348497,false,129508754
30b,217312480586995,s1000-p100-a04,shrink-only,shrink,1000,100.0,0.4,0.0,false,true,false,ok,201.81,49.501,49.501,1.4031691138953453,false,-1031970200
24a,213713297992457,s1000-p0-a04,shrink-only,shrink,1000,0.0,0.4,0.0,false,false,false,ok,334.499,208.211,208.211,1.4786925412353746,false,1810971046
31b,217445624573074,s1000-p25-a04,shrink-only,shrink,1000,25.0,0.4,0.0,false,false,false,ok,219.214,10.797,10.797,1.3287797673989292,false,-744571733
25c,213855031913430,s4000-p100-a04,shrink-only,shrink,4000,100.0,0.4,0.0,false,false,false,ok,943.882,1015.554,1015.554,1.1436193543483097,false,35421457
31c,217449919540371,s1000-p0-a04,shrink-only,shrink,1000,0.0,0.4,0.0,false,false,false,ok,301.273,218.807,218.807,0.9657986674346903,false,-105956113
31c,217449919540371,s250-p100-a04,shrink-only,shrink,250,100.0,0.4,0.0,false,false,false,ok,112.584,216.019,216.019,0.9534926320482178,false,634659572
32b,217578768559285,s250-p100-a04,shrink-only,shrink,250,100.0,0.4,0.0,false,false,false,ok,20.571,119.552,119.552,0.841601374135006,false,-888812919
28b,214250168904586,s1000-p100-a16,shrink-only,shrink,1000,100.0,1.6,0.0,false,false,false,ok,140.954,307.627,307.627,2.8258437287575098,false,1439246871
23b,213584448973591,s4000-p100-a04,shrink-only,shrink,4000,100.0,0.4,0.0,false,false,false,ok,226.259,52.551,52.551,1.0592183500292263,false,-439854755
5b,7477558325147,s1000-p100-a04,shrink-only,shrink,1000,100.0,0.4,0.0,false,true,false,ok,12.345,338.301,338.301,1.2879242704290341,false,1589551454
31b,217445624573074,s1000-p100-a04,shrink-only,shrink,1000,100.0,0.4,0.0,false,true,false,ok,127.209,9.182,9.182,1.130022767829672,false,-744571733
9d,8018724204061,s1000-p100-a16,shrink-only,shrink,1000,100.0,1.6,0.0,false,false,false,ok,23.497,1619.824,1619.824,1.3681344599990457,false,969253244
33a,217707617578839,s1000-p400-a04,shrink-only,shrink,1000,400.0,0.4,0.0,false,false,false,ok,140.982,4.753,4.753,1.0319148936170213,false,1514619789
13d,209465575315412,s1000-p100-a16,shrink-only,shrink,1000,100.0,1.6,0.0,false,false,false,ok,20.336,3721.671,3721.671,1.2083745616941595,false,-2119720580
23b,213584448973591,s1000-p100-a16,shrink-only,shrink,1000,100.0,1.6,0.0,false,false,false,ok,72.638,48.219,48.219,0.9719025255477395,false,2055054090
33a,217707617578839,s1000-p100-a04,shrink-only,shrink,1000,100.0,0.4,0.0,false,true,false,ok,123.219,4.744,4.744,1.0299609205384281,false,1253926702
16d,209865007273865,s1000-p0-a04,shrink-only,shrink,1000,0.0,0.4,0.0,false,false,false,ok,219.578,352.016,352.016,1.173408179149951,false,719404660
31b,217445624573074,s1000-p0-a04,shrink-only,shrink,1000,0.0,0.4,0.0,false,false,false,ok,70.276,8.848,8.848,1.0889176050704572,false,-744571733
11c,209194992375573,s1000-p100-a16,shrink-only,shrink,1000,100.0,1.6,0.0,false,false,false,ok,17.652,554.45,554.45,1.1017792010237835,false,1916526955
31c,217449919540371,s1000-p100-a04,shrink-only,shrink,1000,100.0,0.4,0.0,false,true,false,ok,84.46,226.763,226.763,1.0009158903668196,false,1346825370
24b,213717592959798,s4000-p100-a04,shrink-only,shrink,4000,100.0,0.4,0.0,false,false,false,ok,757.736,2.417,2.417,1.3590104020241776,false,644596804
13b,209456985380822,s1000-p400-a04,shrink-only,shrink,1000,400.0,0.4,0.0,false,false,false,ok,38.687,443.265,443.265,1.316467087209095,false,-2119720580
11d,209199287342866,s1000-p100-a16,shrink-only,shrink,1000,100.0,1.6,0.0,false,false,false,ok,26.766,247.948,247.948,1.1119941159586682,false,2003817464
28c,214254463871883,s1000-p100-a0,shrink-only,shrink,1000,100.0,0.0,0.0,false,false,false,ok,145.425,1209.047,1209.047,2.408404986738352,false,-1040088321
13a,209452690413353,s4000-p100-a04,shrink-only,shrink,4000,100.0,0.4,0.0,false,false,false,ok,206.048,1115.978,1115.978,1.4629982616720985,false,1188104532
30c,217316775554288,s1000-p100-a0,shrink-only,shrink,1000,100.0,0.0,0.0,false,false,false,ok,209.676,1292.667,1292.667,1.6182510124498468,false,-1451103391
33b,217711912546132,s1000-p0-a04,shrink-only,shrink,1000,0.0,0.4,0.0,false,false,false,ok,81.722,4.115,4.115,1.0311990978574115,false,1896864069
25c,213855031913430,s1000-p400-a04,shrink-only,shrink,1000,400.0,0.4,0.0,false,false,false,ok,43.655,671.499,671.499,0.7561776654176298,false,35421457
16d,209865007273865,s4000-p100-a04,shrink-only,shrink,4000,100.0,0.4,0.0,false,false,false,ok,679.046,361.309,361.309,1.2043854137325851,false,719404660
11d,209199287342866,s1000-p400-a04,shrink-only,shrink,1000,400.0,0.4,0.0,false,false,false,ok,14.789,204.307,204.307,0.9162735002870264,false,2003817464
27a,214112729951210,s1000-p100-a0,shrink-only,shrink,1000,100.0,0.0,0.0,false,false,false,ok,74.4,17.978,17.978,1.0218837037458082,false,-1953543145
6b,7610702311354,s1000-p0-a04,shrink-only,shrink,1000,0.0,0.4,0.0,false,false,false,ok,11.394,3.941,3.941,0.9444045051521687,false,1482096114
11a,209186402440983,s1000-p400-a04,shrink-only,shrink,1000,400.0,0.4,0.0,false,false,false,ok,23.618,14.388,14.388,0.9650870308884193,false,-1055439248
4c,7348709306361,s1000-p100-a16,shrink-only,shrink,1000,100.0,1.6,0.0,false,false,false,ok,9.8,1501.059,1501.059,1.0317134602384945,false,-430037632
9a,8005839302174,s1000-p100-a0,shrink-only,shrink,1000,100.0,0.0,0.0,false,false,false,ok,20.489,519.976,519.976,1.0594792622831406,false,2029736178
31a,217441329605781,s1000-p100-a04,shrink-only,shrink,1000,100.0,0.4,0.0,false,true,false,ok,162.791,183.995,183.995,0.9050195519047736,false,499229554
2b,7078126366502,s250-p100-a04,shrink-only,shrink,250,100.0,0.4,0.0,false,false,false,ok,7.262,120.036,120.036,0.8877384619366862,false,321836810
4b,7344414339064,s1000-p100-a0,shrink-only,shrink,1000,100.0,0.0,0.0,false,false,false,ok,8.324,22.019,22.019,1.009930053892902,false,261415237
11a,209186402440983,s1000-p0-a04,shrink-only,shrink,1000,0.0,0.4,0.0,false,false,false,ok,13.05,14.798,14.798,0.9925881208706443,false,-1055439248
9a,8005839302174,s1000-p25-a04,shrink-only,shrink,1000,25.0,0.4,0.0,false,false,false,ok,14.561,463.699,463.699,0.9448118267793706,false,2029736178
22d,213459894922098,s1000-p100-a0,shrink-only,shrink,1000,100.0,0.0,0.0,false,false,false,ok,45.729,5204.598,5204.598,8.615892707709957,false,1311334790
1c,6949277347588,s1000-p25-a04,shrink-only,shrink,1000,25.0,0.4,0.0,false,false,false,ok,7.539,1.135,1.135,1.050439611291069,false,686382736
9c,8014429236764,s250-p100-a04,shrink-only,shrink,250,100.0,0.4,0.0,false,false,false,ok,36.858,683.462,683.462,1.0275437632443623,false,659609918
14b,209590129366985,s1000-p100-a0,shrink-only,shrink,1000,100.0,0.0,0.0,false,false,false,ok,45.807,52.087,52.087,1.4094519083762904,false,1297441228
23c,213588743940884,s1000-p100-a04,shrink-only,shrink,1000,100.0,0.4,0.0,false,true,false,ok,49.375,1238.62,1238.62,1.336220195521264,false,1835492322
8b,7876990283388,s1000-p400-a04,shrink-only,shrink,1000,400.0,0.4,0.0,false,false,false,ok,100.491,163.988,163.988,0.8066464662364238,false,-387699444
2d,7086716301092,s250-p100-a04,shrink-only,shrink,250,100.0,0.4,0.0,false,false,false,ok,6.167,132.631,132.631,0.9172078034342303,false,321836810
30a,217308185619698,s1000-p100-a16,shrink-only,shrink,1000,100.0,1.6,0.0,false,false,false,ok,177.74,696.751,696.751,0.8861968441644006,false,-824386529
9a,8005839302174,s1000-p0-a04,shrink-only,shrink,1000,0.0,0.4,0.0,false,false,false,ok,17.603,500.816,500.816,1.0204397245634285,false,403009818
14b,209590129366985,s1000-p100-a16,shrink-only,shrink,1000,100.0,1.6,0.0,false,false,false,ok,14.225,36.066,36.066,0.9759305110200106,false,-725338943
11c,209194992375573,s250-p100-a04,shrink-only,shrink,250,100.0,0.4,0.0,false,false,false,ok,8.579,522.127,522.127,1.0375483251743978,false,1916526955
21c,213322455968594,s1000-p100-a0,shrink-only,shrink,1000,100.0,0.0,0.0,false,false,false,ok,66.856,48.753,48.753,1.1665211097419455,false,405046416
7c,7748141264474,s1000-p400-a04,shrink-only,shrink,1000,400.0,0.4,0.0,false,false,false,ok,566.211,2744.959,2744.959,1.8391463285534912,false,-1004347469
2b,7078126366502,s4000-p100-a04,shrink-only,shrink,4000,100.0,0.4,0.0,false,false,false,ok,147.839,258.03,258.03,1.908287141636868,false,321836810
18a,210118410344012,s1000-p100-a0,shrink-only,shrink,1000,100.0,0.0,0.0,false,false,false,ok,126.958,1520.524,1520.524,1.5524850088777664,false,-1701613315
11a,209186402440983,s1000-p100-a0,shrink-only,shrink,1000,100.0,0.0,0.0,false,false,false,ok,17.945,15.062,15.062,1.0102961397860282,false,-1055439248
10a,209053258454900,s1000-p25-a04,shrink-only,shrink,1000,25.0,0.4,0.0,false,false,false,ok,167.817,481.842,481.842,1.5265047893160313,false,1718403736
21c,213322455968594,s250-p100-a04,shrink-only,shrink,250,100.0,0.4,0.0,false,false,false,ok,27.89,42.344,42.344,1.0131719047220262,false,405046416
3b,7211270352857,s4000-p100-a04,shrink-only,shrink,4000,100.0,0.4,0.0,false,false,false,ok,42.385,4.408,4.408,0.6076647366969948,false,113844438
24b,213717592959798,s1000-p100-a16,shrink-only,shrink,1000,100.0,1.6,0.0,false,false,false,ok,165.596,1.7,1.7,0.9558616811920158,false,-870534348
22a,213447010020215,s1000-p100-a16,shrink-only,shrink,1000,100.0,1.6,0.0,false,false,false,ok,88.433,529.329,529.329,1.1230741648747191,false,316133052
17e,210002446227369,s1000-p100-a16,shrink-only,shrink,1000,100.0,1.6,0.0,false,false,false,ok,107.357,4412.098,4412.098,1.0716442123085999,false,-1125412742
16d,209865007273865,s1000-p25-a04,shrink-only,shrink,1000,25.0,0.4,0.0,false,false,false,ok,23.989,300.42,300.42,1.0014183593365877,false,719404660
22b,213451304987508,s1000-p100-a04,shrink-only,shrink,1000,100.0,0.4,0.0,false,true,false,ok,63.174,472.828,472.828,0.9935855745297402,false,316133052
33a,217707617578839,s1000-p0-a04,shrink-only,shrink,1000,0.0,0.4,0.0,false,false,false,ok,204.218,7.71,7.71,1.6739036039947894,false,-2124008857
30a,217308185619698,s250-p100-a04,shrink-only,shrink,250,100.0,0.4,0.0,false,false,false,ok,81.49,743.887,743.887,0.9461490716409785,false,-824386529
13d,209465575315412,s1000-p100-a04,shrink-only,shrink,1000,100.0,0.4,0.0,false,true,false,ok,26.222,3042.328,3042.328,0.9878013837144307,false,-2119720580
27b,214117024918507,s4000-p100-a04,shrink-only,shrink,4000,100.0,0.4,0.0,false,false,false,ok,154.863,6.282,6.282,1.0766989459251006,false,1728540501
6a,7606407344061,s1000-p400-a04,shrink-only,shrink,1000,400.0,0.4,0.0,false,false,false,ok,99.596,4.961,4.961,1.2634661912644851,false,-224470636
17e,210002446227369,s1000-p25-a04,shrink-only,shrink,1000,25.0,0.4,0.0,false,false,false,ok,15.779,4028.102,4028.102,0.9783763177718845,false,-1125412742
8a,7872695316095,s1000-p100-a0,shrink-only,shrink,1000,100.0,0.0,0.0,false,false,false,ok,112.152,71.136,71.136,0.7469287469287469,false,-1762716238
15c,209727568320489,s250-p100-a04,shrink-only,shrink,250,100.0,0.4,0.0,false,false,false,ok,83.582,1263.841,1263.841,2.229004335112293,false,-1622553236
32b,217578768559285,s1000-p400-a04,shrink-only,shrink,1000,400.0,0.4,0.0,false,false,false,ok,49.034,109.402,109.402,0.7701491696761068,false,-888812919
30c,217316775554288,s1000-p400-a04,shrink-only,shrink,1000,400.0,0.4,0.0,false,false,false,ok,144.841,980.264,980.264,1.2271630748430467,false,-804478301
8b,7876990283388,s1000-p100-a04,shrink-only,shrink,1000,100.0,0.4,0.0,false,true,false,ok,13.137,198.15,198.15,0.9746871556744846,false,-387699444
8b,7876990283388,s250-p100-a04,shrink-only,shrink,250,100.0,0.4,0.0,false,false,false,ok,27.629,170.851,170.851,0.8404051235636707,false,-387699444
15a,209718978385899,s1000-p100-a04,shrink-only,shrink,1000,100.0,0.4,0.0,false,true,false,ok,107.349,475.706,475.706,1.062335791689231,false,-874818637
30c,217316775554288,s250-p100-a04,shrink-only,shrink,250,100.0,0.4,0.0,false,false,false,ok,137.674,787.209,787.209,0.985483315702831,false,-1984686161
19a,210251554330223,s1000-p25-a04,shrink-only,shrink,1000,25.0,0.4,0.0,false,false,false,ok,103.289,523.763,523.763,0.9236782910568118,false,-477815540
23c,213588743940884,s1000-p400-a04,shrink-only,shrink,1000,400.0,0.4,0.0,false,false,false,ok,28.388,884.629,884.629,0.954335579389789,false,1835492322
26c,213988175899593,s1000-p0-a04,shrink-only,shrink,1000,0.0,0.4,0.0,false,false,false,ok,213.167,528.262,528.262,1.5335701253100815,false,628672308
16d,209865007273865,s1000-p100-a16,shrink-only,shrink,1000,100.0,1.6,0.0,false,false,false,ok,26.25,310.888,310.888,1.0363123323927603,false,719404660
8a,7872695316095,s250-p100-a04,shrink-only,shrink,250,100.0,0.4,0.0,false,false,false,ok,33.754,76.194,76.194,0.8000378000378001,false,-1762716238
9a,8005839302174,s4000-p100-a04,shrink-only,shrink,4000,100.0,0.4,0.0,false,false,false,ok,697.515,520.313,520.313,1.0601659180353087,false,2029736178
17e,210002446227369,s250-p100-a04,shrink-only,shrink,250,100.0,0.4,0.0,false,false,false,ok,37.349,4298.314,4298.314,1.0440074814260762,false,-1125412742
27a,214112729951210,s1000-p0-a04,shrink-only,shrink,1000,0.0,0.4,0.0,false,false,false,ok,94.084,20.055,20.055,1.1399420223952708,false,-1953543145
6a,7606407344061,s1000-p100-a0,shrink-only,shrink,1000,100.0,0.0,0.0,false,false,false,ok,12.871,4.712,4.712,1.2000509359480453,false,-224470636
27b,214117024918507,s1000-p400-a04,shrink-only,shrink,1000,400.0,0.4,0.0,false,false,false,ok,95.802,6.609,6.609,1.1327448795955095,false,-1505844372
23b,213584448973591,s1000-p100-a04,shrink-only,shrink,1000,100.0,0.4,0.0,false,true,false,ok,37.82,54.813,54.813,1.104811238989781,false,2055054090
7c,7748141264474,s1000-p100-a16,shrink-only,shrink,1000,100.0,1.6,0.0,false,false,false,ok,52.412,1718.543,1718.543,1.1514387096169023,false,-1004347469
30a,217308185619698,s4000-p100-a04,shrink-only,shrink,4000,100.0,0.4,0.0,false,false,false,ok,707.916,809.43,809.43,1.0295131425315367,false,1824803898
18b,210122705311309,s1000-p0-a04,shrink-only,shrink,1000,0.0,0.4,0.0,false,false,false,ok,116.143,446.866,446.866,0.6866067690227516,false,-633376097
13b,209456985380822,s1000-p100-a04,shrink-only,shrink,1000,100.0,0.4,0.0,false,true,false,ok,28.656,399.291,399.291,1.185867279660715,false,-2119720580
21b,213318161001301,s1000-p100-a16,shrink-only,shrink,1000,100.0,1.6,0.0,false,false,false,ok,37.221,15.88,15.88,1.2232792820552325,false,405046416
8b,7876990283388,s1000-p0-a04,shrink-only,shrink,1000,0.0,0.4,0.0,false,false,false,ok,9.974,146.667,146.667,0.7214455768928065,false,-1485134671
16c,209860712306568,s1000-p100-a04,shrink-only,shrink,1000,100.0,0.4,0.0,false,true,false,ok,168.102,383.033,383.033,0.9501122424933958,false,719404660
9c,8014429236764,s1000-p100-a04,shrink-only,shrink,1000,100.0,0.4,0.0,false,true,false,ok,136.165,1094.538,1094.538,1.645571656557289,false,906638406
32b,217578768559285,s1000-p0-a04,shrink-only,shrink,1000,0.0,0.4,0.0,false,false,false,ok,8.548,147.829,147.829,1.0406608800940496,false,1520237401
2d,7086716301092,s1000-p25-a04,shrink-only,shrink,1000,25.0,0.4,0.0,false,false,false,ok,25.041,143.077,143.077,0.9894469685967787,false,321836810
19b,210255849297516,s1000-p100-a0,shrink-only,shrink,1000,100.0,0.0,0.0,false,false,false,ok,67.843,171.903,171.903,1.1120973246083627,false,825922194
19c,210260144264813,s1000-p0-a04,shrink-only,shrink,1000,0.0,0.4,0.0,false,false,false,ok,119.585,808.066,808.066,1.0676558412388024,false,-1142457374
29a,214379017923500,s4000-p100-a04,shrink-only,shrink,4000,100.0,0.4,0.0,false,false,false,ok,1445.634,25.131,25.131,0.9826392961876832,false,77915294
2d,7086716301092,s1000-p0-a04,shrink-only,shrink,1000,0.0,0.4,0.0,false,false,false,ok,5.73,191.364,191.364,1.3233750337129935,false,321836810
6b,7610702311354,s1000-p100-a16,shrink-only,shrink,1000,100.0,1.6,0.0,false,false,false,ok,17.436,4.617,4.617,1.1063982746225738,false,1482096114
16d,209865007273865,s1000-p100-a04,shrink-only,shrink,1000,100.0,0.4,0.0,false,true,false,ok,19.924,275.63,275.63,0.9187835110310355,false,719404660
31b,217445624573074,s1000-p100-a0,shrink-only,shrink,1000,100.0,0.0,0.0,false,false,false,ok,112.359,8.85,8.85,1.089163743769614,false,-744571733
16c,209860712306568,s1000-p25-a04,shrink-only,shrink,1000,25.0,0.4,0.0,false,false,false,ok,18.409,357.396,357.396,0.8865197385556066,false,719404660
21b,213318161001301,s1000-p400-a04,shrink-only,shrink,1000,400.0,0.4,0.0,false,false,false,ok,27.237,14.222,14.222,1.0955590648230173,false,405046416
6f,7627882180518,s1000-p400-a04,shrink-only,shrink,1000,400.0,0.4,0.0,false,false,false,ok,125.696,2666.378,2666.378,1.5121629342917704,false,1250717231
7c,7748141264474,s1000-p100-a04,shrink-only,shrink,1000,100.0,0.4,0.0,false,true,false,ok,24.855,1465.091,1465.091,0.9816236722103183,false,-1004347469
8d,7885580217978,s1000-p100-a16,shrink-only,shrink,1000,100.0,1.6,0.0,false,false,false,ok,125.031,704.293,704.293,1.1627263504673322,false,1142152349
14b,209590129366985,s4000-p100-a04,shrink-only,shrink,4000,100.0,0.4,0.0,false,false,false,ok,130.911,37.947,37.947,1.0268295652879815,false,1297441228
27b,214117024918507,s1000-p100-a04,shrink-only,shrink,1000,100.0,0.4,0.0,false,true,false,ok,68.351,5.812,5.812,0.9961436284171737,false,-1505844372
2b,7078126366502,s1000-p400-a04,shrink-only,shrink,1000,400.0,0.4,0.0,false,false,false,ok,28.992,124.822,124.822,0.9231338123218121,false,321836810
2d,7086716301092,s4000-p100-a04,shrink-only,shrink,4000,100.0,0.4,0.0,false,false,false,ok,88.848,185.944,185.944,1.2858931004197698,false,321836810
9c,8014429236764,s1000-p0-a04,shrink-only,shrink,1000,0.0,0.4,0.0,false,false,false,ok,17.78,647.284,647.284,0.9731523292412216,false,-294239528
6f,7627882180518,s1000-p0-a04,shrink-only,shrink,1000,0.0,0.4,0.0,false,false,false,ok,10.782,1677.816,1677.816,0.9515271899789457,false,1250717231
11c,209194992375573,s1000-p25-a04,shrink-only,shrink,1000,25.0,0.4,0.0,false,false,false,ok,20.131,529.076,529.076,1.051357079197149,false,212006990
22b,213451304987508,s250-p100-a04,shrink-only,shrink,250,100.0,0.4,0.0,false,false,false,ok,28.334,495.179,495.179,1.0405532481368747,false,316133052
24a,213713297992457,s1000-p400-a04,shrink-only,shrink,1000,400.0,0.4,0.0,false,false,false,ok,218.031,208.041,208.041,1.4774852191822168,false,941138625
6f,7627882180518,s250-p100-a04,shrink-only,shrink,250,100.0,0.4,0.0,false,false,false,ok,32.488,1634.85,1634.85,0.9271602050147806,false,1250717231
16d,209865007273865,s250-p100-a04,shrink-only,shrink,250,100.0,0.4,0.0,false,false,false,ok,33.63,280.824,280.824,0.9360971617812993,false,719404660
17a,209985266358189,s1000-p100-a16,shrink-only,shrink,1000,100.0,1.6,0.0,false,false,false,ok,104.207,1785.226,1785.226,0.9279635390284022,false,-1125412742
15d,209731863287702,s250-p100-a04,shrink-only,shrink,250,100.0,0.4,0.0,false,false,false,ok,46.814,645.156,645.156,1.27973625955107,false,-704972777
8d,7885580217978,s1000-p100-a0,shrink-only,shrink,1000,100.0,0.0,0.0,false,false,false,ok,12.895,595.685,595.685,0.9834240097205746,false,-1012298996
13c,209461280348119,s1000-p0-a04,shrink-only,shrink,1000,0.0,0.4,0.0,false,false,false,ok,30.133,684.977,684.977,1.4559806146144976,false,876197618
7c,7748141264474,s1000-p0-a04,shrink-only,shrink,1000,0.0,0.4,0.0,false,false,false,ok,25.244,1434.419,1434.419,0.9610731662867718,false,-1004347469
11b,209190697408276,s1000-p25-a04,shrink-only,shrink,1000,25.0,0.4,0.0,false,false,false,ok,15.003,1.973,1.973,1.0027954256670903,false,-1446711126
21c,213322455968594,s4000-p100-a04,shrink-only,shrink,4000,100.0,0.4,0.0,false,false,false,ok,194.943,52.906,52.906,1.2658906289255505,false,405046416
33a,217707617578839,s4000-p100-a04,shrink-only,shrink,4000,100.0,0.4,0.0,false,false,false,ok,223.3,7.519,7.519,1.6324359531046462,false,-2124008857
29b,214383312890797,s1000-p100-a0,shrink-only,shrink,1000,100.0,0.0,0.0,false,false,false,ok,890.639,3.126,3.126,1.1655480984340045,false,-665152500
33b,217711912546132,s1000-p400-a04,shrink-only,shrink,1000,400.0,0.4,0.0,false,false,false,ok,78.193,3.789,3.789,0.9495050745520612,false,-1989803960
3b,7211270352857,s250-p100-a04,shrink-only,shrink,250,100.0,0.4,0.0,false,false,false,ok,6.395,7.543,7.543,1.039840088227185,false,129508754
18a,210118410344012,s1000-p400-a04,shrink-only,shrink,1000,400.0,0.4,0.0,false,false,false,ok,103.104,1424.857,1424.857,1.4548071140570933,false,-574815707
7c,7748141264474,s4000-p100-a04,shrink-only,shrink,4000,100.0,0.4,0.0,false,false,false,ok,807.938,1478.47,1478.47,0.9905877182050735,false,-399731567
21a,213313866034004,s1000-p25-a04,shrink-only,shrink,1000,25.0,0.4,0.0,false,false,false,ok,50.084,29.775,29.775,0.9948212495823588,false,405046416
22b,213451304987508,s4000-p100-a04,shrink-only,shrink,4000,100.0,0.4,0.0,false,false,false,ok,113.101,200.725,200.725,0.4217970688019366,false,-2145268623
4c,7348709306361,s1000-p400-a04,shrink-only,shrink,1000,400.0,0.4,0.0,false,false,false,ok,10.37,1658.563,1658.563,1.1399696958970555,false,-430037632
9d,8018724204061,s1000-p25-a04,shrink-only,shrink,1000,25.0,0.4,0.0,false,false,false,ok,170.104,1335.677,1335.677,1.1281384466016957,false,-1708131848
19d,210264439232106,s250-p100-a04,shrink-only,shrink,250,100.0,0.4,0.0,false,false,false,ok,37.129,3248.816,3248.816,0.5594489984882484,false,-1246359705
31b,217445624573074,s1000-p400-a04,shrink-only,shrink,1000,400.0,0.4,0.0,false,false,false,ok,58.24,8.057,8.057,0.9915697495538736,false,933065134
4c,7348709306361,s1000-p0-a04,shrink-only,shrink,1000,0.0,0.4,0.0,false,false,false,ok,9.861,102.2,102.2,0.07024448448486978,false,-226412603
9b,8010134269471,s1000-p400-a04,shrink-only,shrink,1000,400.0,0.4,0.0,false,false,false,ok,164.492,529.512,529.512,1.064259090466002,false,140277402
21a,213313866034004,s1000-p100-a04,shrink-only,shrink,1000,100.0,0.4,0.0,false,true,false,ok,32.868,30.654,30.654,1.0241897761443368,false,405046416
28b,214250168904586,s1000-p100-a0,shrink-only,shrink,1000,100.0,0.0,0.0,false,false,false,ok,145.092,135.54,135.54,1.2450625562638937,false,1300118193
11b,209190697408276,s1000-p100-a04,shrink-only,shrink,1000,100.0,0.4,0.0,false,true,false,ok,12.752,2.063,2.063,1.04853875476493,false,-1446711126
6a,7606407344061,s250-p100-a04,shrink-only,shrink,250,100.0,0.4,0.0,false,false,false,ok,22.309,4.366,4.366,1.1119317458296192,false,-224470636
3b,7211270352857,s1000-p100-a04,shrink-only,shrink,1000,100.0,0.4,0.0,false,true,false,ok,11.073,6.311,6.311,0.8700027570995313,false,129508754
9d,8018724204061,s4000-p100-a04,shrink-only,shrink,4000,100.0,0.4,0.0,false,false,false,ok,664.226,1119.046,1119.046,0.9451677434857688,false,-1708131848
28b,214250168904586,s1000-p400-a04,shrink-only,shrink,1000,400.0,0.4,0.0,false,false,false,ok,102.335,297.934,297.934,2.736804394554574,false,1439246871
32a,217574473591988,s1000-p100-a16,shrink-only,shrink,1000,100.0,1.6,0.0,false,false,false,ok,43.885,0.184,0.184,0.9316455696202531,false,1765267761
30a,217308185619698,s1000-p0-a04,shrink-only,shrink,1000,0.0,0.4,0.0,false,false,false,ok,220.778,732.685,732.685,0.9319012599430697,false,1041678136
13d,209465575315412,s1000-p400-a04,shrink-only,shrink,1000,400.0,0.4,0.0,false,false,false,ok,23.082,3904.548,3904.548,1.2677521678068284,false,-2119720580
15d,209731863287702,s1000-p0-a04,shrink-only,shrink,1000,0.0,0.4,0.0,false,false,false,ok,82.791,940.373,940.373,1.865330905397793,false,502765013
31c,217449919540371,s4000-p100-a04,shrink-only,shrink,4000,100.0,0.4,0.0,false,false,false,ok,968.541,273.591,273.591,1.207611379992982,false,1346825370
17a,209985266358189,s1000-p25-a04,shrink-only,shrink,1000,25.0,0.4,0.0,false,false,false,ok,28.844,1866.434,1866.434,0.9701755968168382,false,-1125412742
29b,214383312890797,s1000-p0-a04,shrink-only,shrink,1000,0.0,0.4,0.0,false,false,false,ok,805.176,3.749,3.749,1.3978374347501865,false,-290208566
6f,7627882180518,s1000-p100-a16,shrink-only,shrink,1000,100.0,1.6,0.0,false,false,false,ok,19.417,1766.644,1766.644,1.0019035466422805,false,1250717231
22d,213459894922098,s1000-p100-a04,shrink-only,shrink,1000,100.0,0.4,0.0,false,true,false,ok,52.939,569.04,569.04,0.9420108116698491,false,-438265046
9d,8018724204061,s250-p100-a04,shrink-only,shrink,250,100.0,0.4,0.0,false,false,false,ok,39.068,1336.441,1336.441,1.1287837356747303,false,969253244
14b,209590129366985,s1000-p25-a04,shrink-only,shrink,1000,25.0,0.4,0.0,false,false,false,ok,23.477,36.506,36.506,0.9878367225446821,false,-725338943
15d,209731863287702,s1000-p25-a04,shrink-only,shrink,1000,25.0,0.4,0.0,false,false,false,ok,23.598,556.855,556.855,1.1045817365293218,false,-704972777
31c,217449919540371,s1000-p100-a0,shrink-only,shrink,1000,100.0,0.0,0.0,false,false,false,ok,174.41,204.3,204.3,0.9017657924879335,false,1346825370
21c,213322455968594,s1000-p100-a16,shrink-only,shrink,1000,100.0,1.6,0.0,false,false,false,ok,53.308,42.398,42.398,1.014463971670236,false,405046416
29b,214383312890797,s1000-p25-a04,shrink-only,shrink,1000,25.0,0.4,0.0,false,false,false,ok,709.518,2.5,2.5,0.9321401938851603,false,-665152500
30a,217308185619698,s1000-p25-a04,shrink-only,shrink,1000,25.0,0.4,0.0,false,false,false,ok,90.137,706.299,706.299,0.8983409350492098,false,1041678136
27b,214117024918507,s1000-p25-a04,shrink-only,shrink,1000,25.0,0.4,0.0,false,false,false,ok,70.698,5.904,5.904,1.011911903333619,false,1728540501
21a,213313866034004,s4000-p100-a04,shrink-only,shrink,4000,100.0,0.4,0.0,false,false,false,ok,125.468,29.067,29.067,0.9711660541262948,false,405046416
10a,209053258454900,s1000-p0-a04,shrink-only,shrink,1000,0.0,0.4,0.0,false,false,false,ok,162.462,388.826,388.826,1.2318244387384147,false,1718403736
31a,217441329605781,s1000-p0-a04,shrink-only,shrink,1000,0.0,0.4,0.0,false,false,false,ok,121.795,179.02,179.02,0.8805489289491158,false,2133672151
3c,7215565320134,s4000-p100-a04,shrink-only,shrink,4000,100.0,0.4,0.0,false,false,false,ok,57.231,1277.335,1277.335,0.9736742408361797,false,-1572305105
21b,213318161001301,s4000-p100-a04,shrink-only,shrink,4000,100.0,0.4,0.0,false,false,false,ok,82.555,12.993,12.993,1.000885876054385,false,405046416
12b,209323841394487,s1000-p400-a04,shrink-only,shrink,1000,400.0,0.4,0.0,false,false,false,ok,26.28,1.338,1.338,0.996276991809382,false,466548996
5b,7477558325147,s250-p100-a04,shrink-only,shrink,250,100.0,0.4,0.0,false,false,false,ok,3.613,279.676,279.676,1.0647367529404599,false,-1512145598
27c,214121319885800,s1000-p100-a04,shrink-only,shrink,1000,100.0,0.4,0.0,false,true,false,ok,97.986,26.632,26.632,1.0165467488596676,false,-1273730499
4b,7344414339064,s4000-p100-a04,shrink-only,shrink,4000,100.0,0.4,0.0,false,false,false,ok,27.475,22.334,22.334,1.0243779383098268,false,261415237
23b,213584448973591,s1000-p0-a04,shrink-only,shrink,1000,0.0,0.4,0.0,false,false,false,ok,28.679,46.346,46.346,0.9341503235039202,false,-439854755
29b,214383312890797,s1000-p400-a04,shrink-only,shrink,1000,400.0,0.4,0.0,false,false,false,ok,664.06,2.452,2.452,0.9142431021625652,false,-665152500
31b,217445624573074,s250-p100-a04,shrink-only,shrink,250,100.0,0.4,0.0,false,false,false,ok,43.437,7.681,7.681,0.9452956741123623,false,933065134
11c,209194992375573,s4000-p100-a04,shrink-only,shrink,4000,100.0,0.4,0.0,false,false,false,ok,45.661,513.781,513.781,1.0209635128166659,false,1916526955
23c,213588743940884,s1000-p100-a16,shrink-only,shrink,1000,100.0,1.6,0.0,false,false,false,ok,24.958,923.904,923.904,0.9967053523460611,false,1835492322
22a,213447010020215,s1000-p100-a04,shrink-only,shrink,1000,100.0,0.4,0.0,false,true,false,ok,34.462,491.099,491.099,1.0419618031428652,false,316133052
26c,213988175899593,s1000-p25-a04,shrink-only,shrink,1000,25.0,0.4,0.0,false,false,false,ok,150.322,307.286,307.286,0.8920661140230298,false,628672308
24b,213717592959798,s250-p100-a04,shrink-only,shrink,250,100.0,0.4,0.0,false,false,false,ok,62.766,1.645,1.645,0.9249367444475682,false,-870534348
28a,214245873937293,s4000-p100-a04,shrink-only,shrink,4000,100.0,0.4,0.0,false,false,false,ok,222.829,832.097,832.097,1.5618476831695804,false,96586315
33b,217711912546132,s4000-p100-a04,shrink-only,shrink,4000,100.0,0.4,0.0,false,false,false,ok,169.927,4.107,4.107,1.0291943365493046,false,1896864069
25c,213855031913430,s1000-p0-a04,shrink-only,shrink,1000,0.0,0.4,0.0,false,false,false,ok,91.681,906.712,906.712,1.0210519499897244,false,35421457
16c,209860712306568,s1000-p100-a0,shrink-only,shrink,1000,100.0,0.0,0.0,false,false,false,ok,23.206,350.123,350.123,0.8684790832082749,false,719404660
1c,6949277347588,s1000-p400-a04,shrink-only,shrink,1000,400.0,0.4,0.0,false,false,false,ok,7.745,1.105,1.105,1.022674687644609,false,686382736
2d,7086716301092,s1000-p100-a16,shrink-only,shrink,1000,100.0,1.6,0.0,false,false,false,ok,8.752,127.728,127.728,0.8833011763241425,false,321836810
4c,7348709306361,s1000-p100-a0,shrink-only,shrink,1000,100.0,0.0,0.0,false,false,false,ok,8.411,1528.89,1528.89,1.050842366771747,false,-430037632
24b,213717592959798,s1000-p100-a0,shrink-only,shrink,1000,100.0,0.0,0.0,false,false,false,ok,142.301,1.688,1.688,0.9491144222659544,false,-870534348
4b,7344414339064,s1000-p25-a04,shrink-only,shrink,1000,25.0,0.4,0.0,false,false,false,ok,8.371,21.7,21.7,0.9952987042770324,false,261415237
11a,209186402440983,s4000-p100-a04,shrink-only,shrink,4000,100.0,0.4,0.0,false,false,false,ok,47.566,14.991,14.991,1.0055337559110573,false,-1055439248
18a,210118410344012,s4000-p100-a04,shrink-only,shrink,4000,100.0,0.4,0.0,false,false,false,ok,291.935,921.027,921.027,0.9403867418545598,false,-1701613315
2b,7078126366502,s1000-p100-a04,shrink-only,shrink,1000,100.0,0.4,0.0,false,true,false,ok,8.988,148.56,148.56,1.098690608695009,false,321836810
21c,213322455968594,s1000-p0-a04,shrink-only,shrink,1000,0.0,0.4,0.0,false,false,false,ok,32.436,41.335,41.335,0.9890293945230717,false,405046416
28b,214250168904586,s1000-p100-a04,shrink-only,shrink,1000,100.0,0.4,0.0,false,true,false,ok,112.08,110.383,110.383,1.0139718175304515,false,-461396360
7c,7748141264474,s1000-p25-a04,shrink-only,shrink,1000,25.0,0.4,0.0,false,false,false,ok,25.979,1361.629,1361.629,0.9123032352038635,false,-1004347469
13c,209461280348119,s1000-p100-a0,shrink-only,shrink,1000,100.0,0.0,0.0,false,false,false,ok,13.668,463.039,463.039,0.9842313067599092,false,876197618
13c,209461280348119,s1000-p100-a04,shrink-only,shrink,1000,100.0,0.4,0.0,false,true,false,ok,11.381,467.264,467.264,0.9932119266883832,false,876197618
21c,213322455968594,s1000-p100-a04,shrink-only,shrink,1000,100.0,0.4,0.0,false,true,false,ok,28.177,40.398,40.398,0.9666096402550636,false,405046416
19d,210264439232106,s1000-p400-a04,shrink-only,shrink,1000,400.0,0.4,0.0,false,false,false,ok,88.684,3005.945,3005.945,0.5176263967429235,false,-1246359705
15c,209727568320489,s1000-p100-a0,shrink-only,shrink,1000,100.0,0.0,0.0,false,false,false,ok,79.828,1050.653,1050.653,1.8530100635275608,false,592161665
32a,217574473591988,s1000-p25-a04,shrink-only,shrink,1000,25.0,0.4,0.0,false,false,false,ok,8.704,0.205,0.205,1.0379746835443038,false,-1917286155
1c,6949277347588,s1000-p0-a04,shrink-only,shrink,1000,0.0,0.4,0.0,false,false,false,ok,6.856,1.043,1.043,0.965293845441925,false,686382736
29c,214387607858090,s250-p100-a04,shrink-only,shrink,250,100.0,0.4,0.0,false,false,false,ok,847.895,86.4,86.4,1.323569962315022,false,1025211200
8c,7881285250685,s1000-p100-a04,shrink-only,shrink,1000,100.0,0.4,0.0,false,true,false,ok,102.786,4784.942,4784.942,1.0381969998889105,false,-388506810
18a,210118410344012,s250-p100-a04,shrink-only,shrink,250,100.0,0.4,0.0,false,false,false,ok,23.742,930.728,930.728,0.9502916542868023,false,-574815707
30a,217308185619698,s1000-p100-a0,shrink-only,shrink,1000,100.0,0.0,0.0,false,false,false,ok,89.31,826.363,826.363,1.0510502069379544,false,1041678136
17e,210002446227369,s4000-p100-a04,shrink-only,shrink,4000,100.0,0.4,0.0,false,false,false,ok,471.521,4312.91,4312.91,1.047552669888086,false,-1125412742
19c,210260144264813,s1000-p400-a04,shrink-only,shrink,1000,400.0,0.4,0.0,false,false,false,ok,125.431,1106.631,1106.631,1.4621343445287107,false,1055693188
15d,209731863287702,s1000-p100-a04,shrink-only,shrink,1000,100.0,0.4,0.0,false,true,false,ok,153.396,647.457,647.457,1.2843005403346743,false,-704972777
4a,7340119371771,s1000-p0-a04,shrink-only,shrink,1000,0.0,0.4,0.0,false,false,false,ok,54.005,1614.329,1614.329,2.1319168352109266,false,-1202259619
18a,210118410344012,s1000-p25-a04,shrink-only,shrink,1000,25.0,0.4,0.0,false,false,false,ok,114.105,919.997,919.997,0.9393350915293139,false,-1701613315
24b,213717592959798,s1000-p400-a04,shrink-only,shrink,1000,400.0,0.4,0.0,false,false,false,ok,191.992,1.863,1.863,1.047511948271015,false,-870534348
29b,214383312890797,s1000-p100-a04,shrink-only,shrink,1000,100.0,0.4,0.0,false,true,false,ok,829.336,2.829,2.829,1.0548098434004476,false,-665152500
22b,213451304987508,s1000-p100-a0,shrink-only,shrink,1000,100.0,0.0,0.0,false,false,false,ok,127.672,236.208,236.208,0.49635990548047254,false,-2145268623
31a,217441329605781,s1000-p100-a16,shrink-only,shrink,1000,100.0,1.6,0.0,false,false,false,ok,205.706,252.331,252.331,1.2411450775927793,false,619611693
13d,209465575315412,s1000-p0-a04,shrink-only,shrink,1000,0.0,0.4,0.0,false,false,false,ok,80.69,6928.655,6928.655,2.2496374474678302,false,-2119720580
32a,217574473591988,s250-p100-a04,shrink-only,shrink,250,100.0,0.4,0.0,false,false,false,ok,30.105,0.591,0.591,2.9924050632911388,false,1765267761
18a,210118410344012,s1000-p0-a04,shrink-only,shrink,1000,0.0,0.4,0.0,false,false,false,ok,19.084,979.017,979.017,0.9995956761856337,false,-1701613315
15d,209731863287702,s4000-p100-a04,shrink-only,shrink,4000,100.0,0.4,0.0,false,false,false,ok,293.285,624.08,624.08,1.2379297485579175,false,-704972777
3b,7211270352857,s1000-p100-a16,shrink-only,shrink,1000,100.0,1.6,0.0,false,false,false,ok,33.281,14.138,14.138,1.948993658671078,false,129508754
15d,209731863287702,s1000-p100-a0,shrink-only,shrink,1000,100.0,0.0,0.0,false,false,false,ok,38.107,506.515,506.515,1.004726936595971,false,-704972777
32b,217578768559285,s1000-p100-a04,shrink-only,shrink,1000,100.0,0.4,0.0,false,true,false,ok,104.442,158.08,158.08,1.11282408678451,false,1520237401
13d,209465575315412,s4000-p100-a04,shrink-only,shrink,4000,100.0,0.4,0.0,false,false,false,ok,232.198,3145.922,3145.922,1.0214369077422518,false,-2119720580
27c,214121319885800,s1000-p25-a04,shrink-only,shrink,1000,25.0,0.4,0.0,false,false,false,ok,176.213,31.416,31.416,1.1991526232417886,false,-1273730499
29a,214379017923500,s250-p100-a04,shrink-only,shrink,250,100.0,0.4,0.0,false,false,false,ok,696.256,24.982,24.982,0.976813294232649,false,239079407
1c,6949277347588,s250-p100-a04,shrink-only,shrink,250,100.0,0.4,0.0,false,false,false,ok,15.752,1.09,1.09,1.008792225821379,false,686382736
4a,7340119371771,s250-p100-a04,shrink-only,shrink,250,100.0,0.4,0.0,false,false,false,ok,5.756,737.146,737.146,0.9734905136489486,false,1427000343
15b,209723273353192,s4000-p100-a04,shrink-only,shrink,4000,100.0,0.4,0.0,false,false,false,ok,221.951,33.231,33.231,3.8304420494495997,false,-347771581
14b,209590129366985,s1000-p100-a04,shrink-only,shrink,1000,100.0,0.4,0.0,false,true,false,ok,68.227,80.969,80.969,2.1909864566843904,false,1297441228
17a,209985266358189,s4000-p100-a04,shrink-only,shrink,4000,100.0,0.4,0.0,false,false,false,ok,652.618,2352.533,2352.533,1.222850691375268,false,-1125412742
15d,209731863287702,s1000-p100-a16,shrink-only,shrink,1000,100.0,1.6,0.0,false,false,false,ok,21.894,510.676,510.676,1.0129807272698421,false,-704972777
32b,217578768559285,s1000-p100-a16,shrink-only,shrink,1000,100.0,1.6,0.0,false,false,false,ok,9.493,68.576,68.576,0.48274939635206576,false,-888812919
18a,210118410344012,s1000-p100-a16,shrink-only,shrink,1000,100.0,1.6,0.0,false,false,false,ok,16.986,1026.19,1026.19,1.0477602400621597,false,-574815707
22a,213447010020215,s1000-p0-a04,shrink-only,shrink,1000,0.0,0.4,0.0,false,false,false,ok,70.845,446.904,446.904,0.9481935366835589,false,-2145268623
5b,7477558325147,s4000-p100-a04,shrink-only,shrink,4000,100.0,0.4,0.0,false,false,false,ok,80.264,457.511,457.511,1.7417610970356512,false,1589551454
8d,7885580217978,s1000-p0-a04,shrink-only,shrink,1000,0.0,0.4,0.0,false,false,false,ok,208.254,597.923,597.923,0.9871187526363014,false,-1012298996
33b,217711912546132,s1000-p25-a04,shrink-only,shrink,1000,25.0,0.4,0.0,false,false,false,ok,142.424,4.008,4.008,1.0043854153614835,false,1896864069
15b,209723273353192,s1000-p25-a04,shrink-only,shrink,1000,25.0,0.4,0.0,false,false,false,ok,38.488,6.467,6.467,0.7454325399112443,false,-347771581
9d,8018724204061,s1000-p0-a04,shrink-only,shrink,1000,0.0,0.4,0.0,false,false,false,ok,355.791,1352.158,1352.158,1.1420586157282453,false,-1708131848
13b,209456985380822,s1000-p100-a0,shrink-only,shrink,1000,100.0,0.0,0.0,false,false,false,ok,44.34,360.289,360.289,1.0700339760267057,false,-2119720580
6a,7606407344061,s4000-p100-a04,shrink-only,shrink,4000,100.0,0.4,0.0,false,false,false,ok,463.675,5.779,5.779,1.471794218769897,false,-224470636
24b,213717592959798,s1000-p100-a04,shrink-only,shrink,1000,100.0,0.4,0.0,false,true,false,ok,161.685,1.736,1.736,0.9761034579701996,false,-870534348
28b,214250168904586,s4000-p100-a04,shrink-only,shrink,4000,100.0,0.4,0.0,false,false,false,ok,249.73,156.417,156.417,1.4368374639451784,false,1300118193
10a,209053258454900,s1000-p100-a16,shrink-only,shrink,1000,100.0,1.6,0.0,false,false,false,ok,201.749,540.522,540.522,1.7124066016052564,false,1718403736
8b,7876990283388,s1000-p100-a16,shrink-only,shrink,1000,100.0,1.6,0.0,false,false,false,ok,96.813,196.293,196.293,0.9655526916417442,false,-387699444
15b,209723273353192,s1000-p0-a04,shrink-only,shrink,1000,0.0,0.4,0.0,false,false,false,ok,15.986,6.075,6.075,0.7002478243328916,false,1032376295
26c,213988175899593,s250-p100-a04,shrink-only,shrink,250,100.0,0.4,0.0,false,false,false,ok,66.193,594.756,594.756,1.7266054220233955,false,-321495561
2b,7078126366502,s1000-p100-a16,shrink-only,shrink,1000,100.0,1.6,0.0,false,false,false,ok,29.222,126.547,126.547,0.935891225488202,false,321836810
22b,213451304987508,s1000-p0-a04,shrink-only,shrink,1000,0.0,0.4,0.0,false,false,false,ok,31.491,116.03,116.03,0.24382171574586478,false,-2145268623
8c,7881285250685,s1000-p0-a04,shrink-only,shrink,1000,0.0,0.4,0.0,false,false,false,ok,152.05,4530.963,4530.963,0.9830907445080121,false,-388506810
22a,213447010020215,s1000-p400-a04,shrink-only,shrink,1000,400.0,0.4,0.0,false,false,false,ok,33.023,446.045,446.045,0.9463710015350456,false,316133052
17a,209985266358189,s1000-p100-a0,shrink-only,shrink,1000,100.0,0.0,0.0,false,false,false,ok,74.278,1757.338,1757.338,0.9134673087604002,false,-1125412742
1c,6949277347588,s1000-p100-a0,shrink-only,shrink,1000,100.0,0.0,0.0,false,false,false,ok,7.803,1.073,1.073,0.993058769088385,false,686382736
16c,209860712306568,s1000-p0-a04,shrink-only,shrink,1000,0.0,0.4,0.0,false,false,false,ok,168.743,349.926,349.926,0.8679904252812264,false,719404660
13a,209452690413353,s1000-p400-a04,shrink-only,shrink,1000,400.0,0.4,0.0,false,false,false,ok,62.341,1156.503,1156.503,1.5161247610782351,false,-1062568155
29c,214387607858090,s1000-p100-a04,shrink-only,shrink,1000,100.0,0.4,0.0,false,true,false,ok,1476.017,106.723,106.723,1.6348999662979873,false,2081534655
13a,209452690413353,s1000-p0-a04,shrink-only,shrink,1000,0.0,0.4,0.0,false,false,false,ok,14.34,863.557,863.557,1.1320853904420807,false,1188104532
17a,209985266358189,s1000-p400-a04,shrink-only,shrink,1000,400.0,0.4,0.0,false,false,false,ok,14.316,1764.247,1764.247,0.9170586188192652,false,-1125412742
8d,7885580217978,s1000-p400-a04,shrink-only,shrink,1000,400.0,0.4,0.0,false,false,false,ok,13.232,676.328,676.328,1.1165585731490584,false,1142152349
14b,209590129366985,s1000-p400-a04,shrink-only,shrink,1000,400.0,0.4,0.0,false,false,false,ok,20.009,38.36,38.36,1.0380051683781846,false,1297441228
21c,213322455968594,s1000-p400-a04,shrink-only,shrink,1000,400.0,0.4,0.0,false,false,false,ok,50.983,54.979,54.979,1.3154916434373765,false,405046416
31a,217441329605781,s1000-p25-a04,shrink-only,shrink,1000,25.0,0.4,0.0,false,false,false,ok,66.238,184.981,184.981,0.9098694080322667,false,499229554
27a,214112729951210,s1000-p400-a04,shrink-only,shrink,1000,400.0,0.4,0.0,false,false,false,ok,92.119,17.347,17.347,0.986017165918263,false,704699266
30c,217316775554288,s1000-p25-a04,shrink-only,shrink,1000,25.0,0.4,0.0,false,false,false,ok,342.702,1007.583,1007.583,1.2613629108480793,false,-433732479
19b,210255849297516,s1000-p0-a04,shrink-only,shrink,1000,0.0,0.4,0.0,false,false,false,ok,65.073,163.911,163.911,1.0603944350818855,false,-1205520184
24b,213717592959798,s1000-p0-a04,shrink-only,shrink,1000,0.0,0.4,0.0,false,false,false,ok,57.408,2.587,2.587,1.4545965701433794,false,53629030
23c,213588743940884,s1000-p0-a04,shrink-only,shrink,1000,0.0,0.4,0.0,false,false,false,ok,47.084,1398.241,1398.241,1.5084189359172693,false,1062427072
15b,209723273353192,s1000-p100-a0,shrink-only,shrink,1000,100.0,0.0,0.0,false,false,false,ok,16.991,6.434,6.434,0.7416287245691892,false,-347771581
16c,209860712306568,s1000-p100-a16,shrink-only,shrink,1000,100.0,1.6,0.0,false,false,false,ok,20.903,372.315,372.315,0.923526274665443,false,719404660
25c,213855031913430,s1000-p100-a0,shrink-only,shrink,1000,100.0,0.0,0.0,false,false,false,ok,157.697,791.003,791.003,0.8907515899179916,false,35421457
27b,214117024918507,s1000-p100-a0,shrink-only,shrink,1000,100.0,0.0,0.0,false,false,false,ok,81.696,6.278,6.278,1.0760133687548203,false,1728540501
29a,214379017923500,s1000-p100-a16,shrink-only,shrink,1000,100.0,1.6,0.0,false,false,false,ok,940.062,28.362,28.362,1.108973607038123,false,-858518681
8c,7881285250685,s1000-p100-a0,shrink-only,shrink,1000,100.0,0.0,0.0,false,false,false,ok,13.743,4845.407,4845.407,1.0513161937262199,false,-388506810
28c,214254463871883,s1000-p100-a16,shrink-only,shrink,1000,100.0,1.6,0.0,false,false,false,ok,144.779,546.848,546.848,1.0893136910210224,false,-676166940
18b,210122705311309,s1000-p25-a04,shrink-only,shrink,1000,25.0,0.4,0.0,false,false,false,ok,138.188,793.547,793.547,1.2192799222534216,false,-633376097
16d,209865007273865,s1000-p100-a0,shrink-only,shrink,1000,100.0,0.0,0.0,false,false,false,ok,177.262,485.11,485.11,1.6170629794879572,false,719404660
31a,217441329605781,s1000-p100-a0,shrink-only,shrink,1000,100.0,0.0,0.0,false,false,false,ok,68.12,186.025,186.025,0.9150045498143183,false,2133672151
15c,209727568320489,s4000-p100-a04,shrink-only,shrink,4000,100.0,0.4,0.0,false,false,false,ok,176.492,1070.72,1070.72,1.8884017227573995,false,592161665
6f,7627882180518,s4000-p100-a04,shrink-only,shrink,4000,100.0,0.4,0.0,false,false,false,ok,561.174,3083.483,3083.483,1.7487125610542809,false,1250717231
19c,210260144264813,s1000-p100-a0,shrink-only,shrink,1000,100.0,0.0,0.0,false,false,false,ok,32.752,781.179,781.179,1.0321314377824167,false,-649799299
15a,209718978385899,s4000-p100-a04,shrink-only,shrink,4000,100.0,0.4,0.0,false,false,false,ok,88.609,435.527,435.527,0.9726089650898574,false,-93948010
15c,209727568320489,s1000-p100-a04,shrink-only,shrink,1000,100.0,0.4,0.0,false,true,false,ok,39.552,586.174,586.174,1.0338202251154325,false,592161665
4a,7340119371771,s1000-p25-a04,shrink-only,shrink,1000,25.0,0.4,0.0,false,false,false,ok,10.516,721.898,721.898,0.9533536841034866,false,1427000343
29a,214379017923500,s1000-p0-a04,shrink-only,shrink,1000,0.0,0.4,0.0,false,false,false,ok,679.478,14.931,14.931,0.5838123167155425,false,-1339255407
31c,217449919540371,s1000-p400-a04,shrink-only,shrink,1000,400.0,0.4,0.0,false,false,false,ok,200.482,216.632,216.632,0.9561983708186295,false,1982821986
17a,209985266358189,s250-p100-a04,shrink-only,shrink,250,100.0,0.4,0.0,false,false,false,ok,30.17,1758.069,1758.069,0.9138472838151158,false,-1125412742
19b,210255849297516,s4000-p100-a04,shrink-only,shrink,4000,100.0,0.4,0.0,false,false,false,ok,195.997,152.909,152.909,0.9892188606862018,false,910037442
8c,7881285250685,s1000-p100-a16,shrink-only,shrink,1000,100.0,1.6,0.0,false,false,false,ok,13.572,4546.555,4546.555,0.9864737672535895,false,1733352584
4b,7344414339064,s250-p100-a04,shrink-only,shrink,250,100.0,0.4,0.0,false,false,false,ok,4.064,22.181,22.181,1.0173603944501777,false,261415237
5b,7477558325147,s1000-p0-a04,shrink-only,shrink,1000,0.0,0.4,0.0,false,false,false,ok,8.451,285.838,285.838,1.0881957121347388,false,1589551454
2b,7078126366502,s1000-p100-a0,shrink-only,shrink,1000,100.0,0.0,0.0,false,false,false,ok,9.389,124.183,124.183,0.9184080227488711,false,321836810
29b,214383312890797,s4000-p100-a04,shrink-only,shrink,4000,100.0,0.4,0.0,false,false,false,ok,1635.607,2.511,2.511,0.9362416107382551,false,-665152500
8b,7876990283388,s4000-p100-a04,shrink-only,shrink,4000,100.0,0.4,0.0,false,false,false,ok,285.882,201.054,201.054,0.988971745631985,false,-1987159524
27a,214112729951210,s250-p100-a04,shrink-only,shrink,250,100.0,0.4,0.0,false,false,false,ok,58.05,17.765,17.765,1.009776615699426,false,-282884216
28c,214254463871883,s1000-p25-a04,shrink-only,shrink,1000,25.0,0.4,0.0,false,false,false,ok,116.412,1099.577,1099.577,2.1903422531157157,false,-1040088321
5a,7473263357850,s1000-p100-a16,shrink-only,shrink,1000,100.0,1.6,0.0,false,false,false,ok,12.252,155.14,155.14,1.0142620383960352,false,414652499
8a,7872695316095,s1000-p100-a04,shrink-only,shrink,1000,100.0,0.4,0.0,false,true,false,ok,88.416,131.559,131.559,1.3813708813708814,false,-1762716238
11b,209190697408276,s250-p100-a04,shrink-only,shrink,250,100.0,0.4,0.0,false,false,false,ok,9.044,2.058,2.058,1.045997458703939,false,-1446711126
23c,213588743940884,s250-p100-a04,shrink-only,shrink,250,100.0,0.4,0.0,false,false,false,ok,14.348,1102.184,1102.184,1.189033375837956,false,1835492322
8b,7876990283388,s1000-p100-a0,shrink-only,shrink,1000,100.0,0.0,0.0,false,false,false,ok,23.892,171.838,171.838,0.845260113332284,false,-387699444
24a,213713297992457,s1000-p25-a04,shrink-only,shrink,1000,25.0,0.4,0.0,false,false,false,ok,269.077,170.846,170.846,1.2133302558457468,false,499733213
15c,209727568320489,s1000-p100-a16,shrink-only,shrink,1000,100.0,1.6,0.0,false,false,false,ok,47.805,588.482,588.482,1.037890786210886,false,-1622553236
23b,213584448973591,s1000-p400-a04,shrink-only,shrink,1000,400.0,0.4,0.0,false,false,false,ok,36.506,93.029,93.029,1.8750932215346783,false,2055054090
8a,7872695316095,s1000-p25-a04,shrink-only,shrink,1000,25.0,0.4,0.0,false,false,false,ok,12.734,92.57,92.57,0.9719859719859719,false,-1762716238
19d,210264439232106,s1000-p100-a04,shrink-only,shrink,1000,100.0,0.4,0.0,false,true,false,ok,139.463,6080.45,6080.45,1.0470588863320882,false,723032794
8a,7872695316095,s4000-p100-a04,shrink-only,shrink,4000,100.0,0.4,0.0,false,false,false,ok,352.472,97.016,97.016,1.0186690186690188,false,-1762716238
1c,6949277347588,s4000-p100-a04,shrink-only,shrink,4000,100.0,0.4,0.0,false,false,false,ok,42.196,1.632,1.632,1.5104118463674223,false,686382736
21a,213313866034004,s1000-p0-a04,shrink-only,shrink,1000,0.0,0.4,0.0,false,false,false,ok,56.008,40.747,40.747,1.361409956565319,false,405046416
29a,214379017923500,s1000-p25-a04,shrink-only,shrink,1000,25.0,0.4,0.0,false,false,false,ok,787.274,89.95,89.95,3.5171065493646134,false,57044432
3b,7211270352857,s1000-p0-a04,shrink-only,shrink,1000,0.0,0.4,0.0,false,false,false,ok,17.017,7.78,7.78,1.0725117176730081,false,129508754
3b,7211270352857,s1000-p100-a0,shrink-only,shrink,1000,100.0,0.0,0.0,false,false,false,ok,5.849,6.673,6.673,0.9199062586159361,false,129508754
13b,209456985380822,s1000-p100-a16,shrink-only,shrink,1000,100.0,1.6,0.0,false,false,false,ok,17.562,447.537,447.537,1.3291546384404291,false,-2119720580
4c,7348709306361,s250-p100-a04,shrink-only,shrink,250,100.0,0.4,0.0,false,false,false,ok,9.238,1475.249,1475.249,1.0139736349493116,false,-430037632
13a,209452690413353,s1000-p100-a16,shrink-only,shrink,1000,100.0,1.6,0.0,false,false,false,ok,19.144,877.383,877.383,1.1502106706589652,false,-1062568155
8b,7876990283388,s1000-p25-a04,shrink-only,shrink,1000,25.0,0.4,0.0,false,false,false,ok,9.932,147.619,147.619,0.7261284039036676,false,-387699444
23a,213580154006294,s1000-p0-a04,shrink-only,shrink,1000,0.0,0.4,0.0,false,false,false,ok,28.966,352.768,352.768,0.9327465240274085,false,1062427072
29c,214387607858090,s1000-p25-a04,shrink-only,shrink,1000,25.0,0.4,0.0,false,false,false,ok,1008.816,67.911,67.911,1.040335181837679,false,1216159973
6f,7627882180518,s1000-p100-a04,shrink-only,shrink,1000,100.0,0.4,0.0,false,true,false,ok,104.313,2125.638,2125.638,1.2054971183088408,false,1250717231
22a,213447010020215,s1000-p25-a04,shrink-only,shrink,1000,25.0,0.4,0.0,false,false,false,ok,39.563,502.595,502.595,1.0663527974005005,false,-2145268623
15b,209723273353192,s1000-p100-a04,shrink-only,shrink,1000,100.0,0.4,0.0,false,true,false,ok,29.49,18.983,18.983,2.1881159587343673,false,-347771581
13b,209456985380822,s4000-p100-a04,shrink-only,shrink,4000,100.0,0.4,0.0,false,false,false,ok,106.815,342.533,342.533,1.0172998562552718,false,-2119720580
10a,209053258454900,s4000-p100-a04,shrink-only,shrink,4000,100.0,0.4,0.0,false,false,false,ok,658.121,309.158,309.158,0.9794313647531051,false,1718403736
15d,209731863287702,s1000-p400-a04,shrink-only,shrink,1000,400.0,0.4,0.0,false,false,false,ok,31.66,569.379,569.379,1.1294244364571184,false,-704972777
29a,214379017923500,s1000-p100-a04,shrink-only,shrink,1000,100.0,0.4,0.0,false,true,false,ok,649.468,2.961,2.961,0.11577712609970672,false,-1907074882
28c,214254463871883,s4000-p100-a04,shrink-only,shrink,4000,100.0,0.4,0.0,false,false,false,ok,232.242,1239.328,1239.328,2.4687243220523833,false,-1040088321
29c,214387607858090,s1000-p0-a04,shrink-only,shrink,1000,0.0,0.4,0.0,false,false,false,ok,813.768,82.879,82.879,1.2696314225313279,false,254816621
9c,8014429236764,s4000-p100-a04,shrink-only,shrink,4000,100.0,0.4,0.0,false,false,false,ok,610.908,691.613,691.613,1.0397982985575251,false,906638406
19b,210255849297516,s250-p100-a04,shrink-only,shrink,250,100.0,0.4,0.0,false,false,false,ok,17.428,157.918,157.918,1.021623737267549,false,910037442
3b,7211270352857,s1000-p25-a04,shrink-only,shrink,1000,25.0,0.4,0.0,false,false,false,ok,8.239,6.673,6.673,0.9199062586159361,false,129508754
4a,7340119371771,s1000-p100-a0,shrink-only,shrink,1000,100.0,0.0,0.0,false,false,false,ok,8.756,811.385,811.385,1.0715320986847277,false,1427000343
19a,210251554330223,s1000-p400-a04,shrink-only,shrink,1000,400.0,0.4,0.0,false,false,false,ok,80.244,674.17,674.17,1.188927422291706,false,-477815540
9b,8010134269471,s1000-p25-a04,shrink-only,shrink,1000,25.0,0.4,0.0,false,false,false,ok,126.936,472.3,472.3,0.9492694564563086,false,140277402
18b,210122705311309,s1000-p100-a0,shrink-only,shrink,1000,100.0,0.0,0.0,false,false,false,ok,29.115,706.138,706.138,1.0849765492657482,false,-633376097
26c,213988175899593,s1000-p100-a16,shrink-only,shrink,1000,100.0,1.6,0.0,false,false,false,ok,154.919,291.792,291.792,0.847086282951413,false,-321495561
19b,210255849297516,s1000-p25-a04,shrink-only,shrink,1000,25.0,0.4,0.0,false,false,false,ok,16.279,151.136,151.136,0.977748737671882,false,825922194
12b,209323841394487,s1000-p100-a16,shrink-only,shrink,1000,100.0,1.6,0.0,false,false,false,ok,27.2,1.809,1.809,1.3469843633655993,false,466548996
9c,8014429236764,s1000-p25-a04,shrink-only,shrink,1000,25.0,0.4,0.0,false,false,false,ok,128.278,666.79,666.79,1.0024784200053674,false,906638406
11c,209194992375573,s1000-p100-a0,shrink-only,shrink,1000,100.0,0.0,0.0,false,false,false,ok,16.622,369.753,369.753,0.7347572638040345,false,212006990
13a,209452690413353,s1000-p100-a0,shrink-only,shrink,1000,100.0,0.0,0.0,false,false,false,ok,17.653,812.089,812.089,1.0646130975010553,false,1188104532
9b,8010134269471,s1000-p0-a04,shrink-only,shrink,1000,0.0,0.4,0.0,false,false,false,ok,14.893,536.109,536.109,1.077518312579579,false,1524708452
23c,213588743940884,s1000-p25-a04,shrink-only,shrink,1000,25.0,0.4,0.0,false,false,false,ok,24.283,892.142,892.142,0.9624405852260837,false,-1576721678
10a,209053258454900,s1000-p100-a0,shrink-only,shrink,1000,100.0,0.0,0.0,false,false,false,ok,13.319,291.96,291.96,0.9249470537825853,false,1718403736
27c,214121319885800,s1000-p400-a04,shrink-only,shrink,1000,400.0,0.4,0.0,false,false,false,ok,103.834,26.573,26.573,1.014294711529286,false,-1093302568
9c,8014429236764,s1000-p100-a0,shrink-only,shrink,1000,100.0,0.0,0.0,false,false,false,ok,17.624,651.115,651.115,0.978912005941593,false,906638406
11d,209199287342866,s4000-p100-a04,shrink-only,shrink,4000,100.0,0.4,0.0,false,false,false,ok,54.795,208.474,208.474,0.9349616102181401,false,2003817464
8a,7872695316095,s1000-p400-a04,shrink-only,shrink,1000,400.0,0.4,0.0,false,false,false,ok,33.461,89.813,89.813,0.9430374430374431,false,-1762716238
26c,213988175899593,s4000-p100-a04,shrink-only,shrink,4000,100.0,0.4,0.0,false,false,false,ok,539.685,349.352,349.352,1.0141857457423167,false,628672308
2d,7086716301092,s1000-p100-a04,shrink-only,shrink,1000,100.0,0.4,0.0,false,true,false,ok,19.199,133.54,133.54,0.9234939800695697,false,321836810
23a,213580154006294,s1000-p400-a04,shrink-only,shrink,1000,400.0,0.4,0.0,false,false,false,ok,22.902,418.316,418.316,1.106060626091509,false,1835492322
10a,209053258454900,s250-p100-a04,shrink-only,shrink,250,100.0,0.4,0.0,false,false,false,ok,35.922,307.939,307.939,0.975569498543484,false,1718403736
32b,217578768559285,s4000-p100-a04,shrink-only,shrink,4000,100.0,0.4,0.0,false,false,false,ok,101.634,145.945,145.945,1.027398224606309,false,1520237401
5b,7477558325147,s1000-p25-a04,shrink-only,shrink,1000,25.0,0.4,0.0,false,false,false,ok,7.909,375.733,375.733,1.4304292624057047,false,1589551454
4b,7344414339064,s1000-p100-a16,shrink-only,shrink,1000,100.0,1.6,0.0,false,false,false,ok,10.104,25.1,25.1,1.1512441233803463,false,261415237
29b,214383312890797,s1000-p100-a16,shrink-only,shrink,1000,100.0,1.6,0.0,false,false,false,ok,856.603,2.992,2.992,1.11558538404176,false,-665152500
4c,7348709306361,s1000-p25-a04,shrink-only,shrink,1000,25.0,0.4,0.0,false,false,false,ok,16.025,1498.474,1498.474,1.0299367284146843,false,-430037632
9d,8018724204061,s1000-p100-a0,shrink-only,shrink,1000,100.0,0.0,0.0,false,false,false,ok,146.003,1337.64,1337.64,1.1297964341021762,false,-1708131848
32a,217574473591988,s1000-p400-a04,shrink-only,shrink,1000,400.0,0.4,0.0,false,false,false,ok,26.257,0.234,0.234,1.1848101265822786,false,1765267761
23a,213580154006294,s1000-p100-a16,shrink-only,shrink,1000,100.0,1.6,0.0,false,false,false,ok,23.81,376.498,376.498,0.9954905229592006,false,1835492322
28c,214254463871883,s1000-p0-a04,shrink-only,shrink,1000,0.0,0.4,0.0,false,false,false,ok,121.68,1441.157,1441.157,2.8707649127559827,false,-1040088321
30a,217308185619698,s1000-p100-a04,shrink-only,shrink,1000,100.0,0.4,0.0,false,true,false,ok,221.459,1011.574,1011.574,1.2866198777450757,false,216250776
33a,217707617578839,s1000-p100-a0,shrink-only,shrink,1000,100.0,0.0,0.0,false,false,false,ok,145.048,7.86,7.86,1.706469821971342,false,-2124008857
28c,214254463871883,s1000-p400-a04,shrink-only,shrink,1000,400.0,0.4,0.0,false,false,false,ok,116.881,506.7,506.7,1.009339427483235,false,-676166940
29c,214387607858090,s4000-p100-a04,shrink-only,shrink,4000,100.0,0.4,0.0,false,false,false,ok,1877.9,64.367,64.367,0.9860443028279055,false,485902434
32a,217574473591988,s1000-p0-a04,shrink-only,shrink,1000,0.0,0.4,0.0,false,false,false,ok,7.546,0.169,0.169,0.8556962025316456,false,957982218
24a,213713297992457,s4000-p100-a04,shrink-only,shrink,4000,100.0,0.4,0.0,false,false,false,ok,508.902,181.695,181.695,1.2903787085204979,false,2055842777
3c,7215565320134,s1000-p0-a04,shrink-only,shrink,1000,0.0,0.4,0.0,false,false,false,ok,15.604,1400.964,1400.964,1.0679129274143568,false,-1572305105
23a,213580154006294,s250-p100-a04,shrink-only,shrink,250,100.0,0.4,0.0,false,false,false,ok,13.443,358.925,358.925,0.9490261195361758,false,1835492322
31a,217441329605781,s4000-p100-a04,shrink-only,shrink,4000,100.0,0.4,0.0,false,false,false,ok,448.746,226.99,226.99,1.116499840141659,false,499229554
4b,7344414339064,s1000-p400-a04,shrink-only,shrink,1000,400.0,0.4,0.0,false,false,false,ok,8.081,23.518,23.518,1.078683637197569,false,261415237
4a,7340119371771,s1000-p100-a16,shrink-only,shrink,1000,100.0,1.6,0.0,false,false,false,ok,8.203,820.374,820.374,1.0834031611705721,false,-1509295857
6b,7610702311354,s1000-p100-a04,shrink-only,shrink,1000,100.0,0.4,0.0,false,true,false,ok,46.778,4.149,4.149,0.9942487419122933,false,1482096114
15a,209718978385899,s1000-p0-a04,shrink-only,shrink,1000,0.0,0.4,0.0,false,false,false,ok,32.675,434.868,434.868,0.9711373013170163,false,532935496
5b,7477558325147,s1000-p400-a04,shrink-only,shrink,1000,400.0,0.4,0.0,false,false,false,ok,7.255,330.671,330.671,1.258876581585745,false,1589551454
19a,210251554330223,s250-p100-a04,shrink-only,shrink,250,100.0,0.4,0.0,false,false,false,ok,23.058,721.914,721.914,1.2731259936459567,false,-1819667816
19a,210251554330223,s1000-p0-a04,shrink-only,shrink,1000,0.0,0.4,0.0,false,false,false,ok,14.705,645.696,645.696,1.1387123141997795,false,-1722146823
13c,209461280348119,s1000-p400-a04,shrink-only,shrink,1000,400.0,0.4,0.0,false,false,false,ok,26.529,590.604,590.604,1.2553822608843521,false,876197618
18b,210122705311309,s1000-p100-a16,shrink-only,shrink,1000,100.0,1.6,0.0,false,false,false,ok,21.761,669.184,669.184,1.0281969631203112,false,-1852800932
9a,8005839302174,s1000-p100-a04,shrink-only,shrink,1000,100.0,0.4,0.0,false,true,false,ok,91.47,515.629,515.629,1.0506220143464189,false,1576652456
6f,7627882180518,s1000-p25-a04,shrink-only,shrink,1000,25.0,0.4,0.0,false,false,false,ok,11.654,1771.742,1771.742,1.0047947371032802,false,1250717231
13a,209452690413353,s250-p100-a04,shrink-only,shrink,250,100.0,0.4,0.0,false,false,false,ok,20.588,667.262,667.262,0.8747512460638539,false,-1062568155
6a,7606407344061,s1000-p100-a16,shrink-only,shrink,1000,100.0,1.6,0.0,false,false,false,ok,49.016,3.998,3.998,1.0182096014262065,false,-224470636
16d,209865007273865,s1000-p400-a04,shrink-only,shrink,1000,400.0,0.4,0.0,false,false,false,ok,47.662,336.405,336.405,1.1213705584602383,false,719404660
4a,7340119371771,s1000-p400-a04,shrink-only,shrink,1000,400.0,0.4,0.0,false,false,false,ok,7.955,846.328,846.328,1.1176785595193997,false,-1509295857
11a,209186402440983,s250-p100-a04,shrink-only,shrink,250,100.0,0.4,0.0,false,false,false,ok,15.816,16.559,16.559,1.1107086561357615,false,-1055439248
28b,214250168904586,s1000-p0-a04,shrink-only,shrink,1000,0.0,0.4,0.0,false,false,false,ok,116.563,95.954,95.954,0.8814278627987727,false,1300118193
28c,214254463871883,s1000-p100-a04,shrink-only,shrink,1000,100.0,0.4,0.0,false,true,false,ok,126.499,504.683,504.683,1.0053215912384479,false,-1613403286
3c,7215565320134,s1000-p100-a0,shrink-only,shrink,1000,100.0,0.0,0.0,false,false,false,ok,12.643,1361.548,1361.548,1.0378672903052204,false,-1572305105
19c,210260144264813,s250-p100-a04,shrink-only,shrink,250,100.0,0.4,0.0,false,false,false,ok,24.655,730.882,730.882,0.9656766112623205,false,1055693188
25c,213855031913430,s1000-p25-a04,shrink-only,shrink,1000,25.0,0.4,0.0,false,false,false,ok,121.054,1016.609,1016.609,1.1448073939984291,false,35421457
29a,214379017923500,s1000-p100-a0,shrink-only,shrink,1000,100.0,0.0,0.0,false,false,false,ok,707.311,25.365,25.365,0.9917888563049851,false,898180284
21b,213318161001301,s250-p100-a04,shrink-only,shrink,250,100.0,0.4,0.0,false,false,false,ok,13.299,16.365,16.365,1.2606401417401685,false,405046416
11a,209186402440983,s1000-p100-a04,shrink-only,shrink,1000,100.0,0.4,0.0,false,true,false,ok,21.121,14.297,14.297,0.95898313042895,false,-1055439248
24a,213713297992457,s250-p100-a04,shrink-only,shrink,250,100.0,0.4,0.0,false,false,false,ok,61.692,116.166,116.166,0.8249986683947943,false,941138625
30a,217308185619698,s1000-p400-a04,shrink-only,shrink,1000,400.0,0.4,0.0,false,false,false,ok,84.729,508.783,508.783,0.6471205480358065,false,-824386529
15c,209727568320489,s1000-p400-a04,shrink-only,shrink,1000,400.0,0.4,0.0,false,false,false,ok,25.806,618.399,618.399,1.0906546407571103,false,-1622553236
6b,7610702311354,s1000-p400-a04,shrink-only,shrink,1000,400.0,0.4,0.0,false,false,false,ok,10.526,4.204,4.204,1.0074287083632878,false,1482096114
29c,214387607858090,s1000-p400-a04,shrink-only,shrink,1000,400.0,0.4,0.0,false,false,false,ok,873.21,62.65,62.65,0.9597414136462515,false,2081534655
19b,210255849297516,s1000-p100-a04,shrink-only,shrink,1000,100.0,0.4,0.0,false,true,false,ok,14.577,157.742,157.742,1.0204851350957944,false,-1834056489
27c,214121319885800,s1000-p100-a0,shrink-only,shrink,1000,100.0,0.0,0.0,false,false,false,ok,88.336,27.321,27.321,1.0428459644636143,false,-1273730499
5b,7477558325147,s1000-p100-a16,shrink-only,shrink,1000,100.0,1.6,0.0,false,false,false,ok,7.033,322.889,322.889,1.2292502231875175,false,1589551454
13b,209456985380822,s250-p100-a04,shrink-only,shrink,250,100.0,0.4,0.0,false,false,false,ok,11.876,682.11,682.11,2.025820592323319,false,876197618
14b,209590129366985,s250-p100-a04,shrink-only,shrink,250,100.0,0.4,0.0,false,false,false,ok,8.72,36.821,36.821,0.996360487613481,false,1297441228
11d,209199287342866,s1000-p100-a0,shrink-only,shrink,1000,100.0,0.0,0.0,false,false,false,ok,15.994,1304.271,1304.271,5.849378408438576,false,198126114
28b,214250168904586,s1000-p25-a04,shrink-only,shrink,1000,25.0,0.4,0.0,false,false,false,ok,104.907,90.282,90.282,0.8293252007128291,false,1300118193
15a,209718978385899,s250-p100-a04,shrink-only,shrink,250,100.0,0.4,0.0,false,false,false,ok,14.08,441.054,441.054,0.9849517354578291,false,196157638
27c,214121319885800,s1000-p0-a04,shrink-only,shrink,1000,0.0,0.4,0.0,false,false,false,ok,83.475,30.571,30.571,1.1668988682558161,false,-496094261
27b,214117024918507,s1000-p0-a04,shrink-only,shrink,1000,0.0,0.4,0.0,false,false,false,ok,70.965,5.745,5.745,0.9846602108149798,false,1728540501
15c,209727568320489,s1000-p25-a04,shrink-only,shrink,1000,25.0,0.4,0.0,false,false,false,ok,19.032,538.337,538.337,0.9494513208159463,false,592161665
5b,7477558325147,s1000-p100-a0,shrink-only,shrink,1000,100.0,0.0,0.0,false,false,false,ok,6.902,298.671,298.671,1.1370514121250308,false,1589551454
11c,209194992375573,s1000-p0-a04,shrink-only,shrink,1000,0.0,0.4,0.0,false,false,false,ok,13.364,404.965,404.965,0.8047290362387887,false,212006990
15a,209718978385899,s1000-p25-a04,shrink-only,shrink,1000,25.0,0.4,0.0,false,false,false,ok,13.606,415.57,415.57,0.9280414477687767,false,-315585349
18b,210122705311309,s4000-p100-a04,shrink-only,shrink,4000,100.0,0.4,0.0,false,false,false,ok,238.947,660.15,660.15,1.0143162795342888,false,-633376097
28a,214245873937293,s1000-p100-a0,shrink-only,shrink,1000,100.0,0.0,0.0,false,false,false,ok,119.35,862.419,862.419,1.6187621359906674,false,96586315
23c,213588743940884,s1000-p100-a0,shrink-only,shrink,1000,100.0,0.0,0.0,false,false,false,ok,26.596,1018.638,1018.638,1.0989041574699179,false,-1576721678
1c,6949277347588,s1000-p100-a04,shrink-only,shrink,1000,100.0,0.4,0.0,false,true,false,ok,10.106,1.355,1.355,1.2540490513651088,false,686382736
13a,209452690413353,s1000-p25-a04,shrink-only,shrink,1000,25.0,0.4,0.0,false,false,false,ok,19.47,733.78,733.78,0.9619534295924761,false,1188104532
12b,209323841394487,s4000-p100-a04,shrink-only,shrink,4000,100.0,0.4,0.0,false,false,false,ok,93.237,1.504,1.504,1.1198808637379003,false,-1300552445
21a,213313866034004,s1000-p100-a16,shrink-only,shrink,1000,100.0,1.6,0.0,false,false,false,ok,36.563,32.763,32.763,1.0946541931172735,false,405046416
11d,209199287342866,s1000-p100-a04,shrink-only,shrink,1000,100.0,0.4,0.0,false,true,false,ok,17.451,210.825,210.825,0.9455053458668197,false,2003817464
24b,213717592959798,s1000-p25-a04,shrink-only,shrink,1000,25.0,0.4,0.0,false,false,false,ok,69.139,2.077,2.077,1.1678380657857745,false,-870534348
19a,210251554330223,s1000-p100-a16,shrink-only,shrink,1000,100.0,1.6,0.0,false,false,false,ok,22.752,568.129,568.129,1.0019196159709933,false,-477815540
19c,210260144264813,s1000-p100-a16,shrink-only,shrink,1000,100.0,1.6,0.0,false,false,false,ok,65.852,693.259,693.259,0.9159672858917105,false,1055693188
1c,6949277347588,s1000-p100-a16,shrink-only,shrink,1000,100.0,1.6,0.0,false,false,false,ok,6.787,1.082,1.082,1.0013882461823231,false,686382736
26c,213988175899593,s1000-p400-a04,shrink-only,shrink,1000,400.0,0.4,0.0,false,false,false,ok,36.526,307.729,307.729,0.8933521644402704,false,-321495561
5a,7473263357850,s1000-p100-a0,shrink-only,shrink,1000,100.0,0.0,0.0,false,false,false,ok,12.199,214.027,214.027,1.3992488158552807,false,414652499
19c,210260144264813,s1000-p100-a04,shrink-only,shrink,1000,100.0,0.4,0.0,false,true,false,ok,19.825,662.692,662.692,0.875580688634622,false,1055693188
8d,7885580217978,s1000-p25-a04,shrink-only,shrink,1000,25.0,0.4,0.0,false,false,false,ok,100.097,611.837,611.837,1.0100895537665162,false,-1012298996
17a,209985266358189,s1000-p100-a04,shrink-only,shrink,1000,100.0,0.4,0.0,false,true,false,ok,102.402,3402.076,3402.076,1.7684049442499663,false,-1125412742
23a,213580154006294,s4000-p100-a04,shrink-only,shrink,4000,100.0,0.4,0.0,false,false,false,ok,73.423,351.578,351.578,0.9296000698036904,false,-1576721678
26c,213988175899593,s1000-p100-a0,shrink-only,shrink,1000,100.0,0.0,0.0,false,false,false,ok,34.997,307.758,307.758,0.8934363528423019,false,628672308
9b,8010134269471,s1000-p100-a0,shrink-only,shrink,1000,100.0,0.0,0.0,false,false,false,ok,15.845,558.354,558.354,1.1222282407160824,false,140277402
30b,217312480586995,s4000-p100-a04,shrink-only,shrink,4000,100.0,0.4,0.0,false,false,false,ok,349.735,35.644,35.644,1.010374737796927,false,1910947129
3c,7215565320134,s1000-p400-a04,shrink-only,shrink,1000,400.0,0.4,0.0,false,false,false,ok,12.607,1322.807,1322.807,1.008336185493848,false,-1572305105
32b,217578768559285,s1000-p100-a0,shrink-only,shrink,1000,100.0,0.0,0.0,false,false,false,ok,26.036,142.731,142.731,1.0047728664653333,false,1520237401
11d,209199287342866,s1000-p0-a04,shrink-only,shrink,1000,0.0,0.4,0.0,false,false,false,ok,14.471,2259.07,2259.07,10.13144912456946,true,670874103
9a,8005839302174,s250-p100-a04,shrink-only,shrink,250,100.0,0.4,0.0,false,false,false,ok,34.721,467.64,467.64,0.9528418277268332,false,1576652456
18a,210118410344012,s1000-p100-a04,shrink-only,shrink,1000,100.0,0.4,0.0,false,true,false,ok,77.336,1506.261,1506.261,1.5379222044224448,false,-1701613315
15b,209723273353192,s250-p100-a04,shrink-only,shrink,250,100.0,0.4,0.0,false,false,false,ok,12.701,13.624,13.624,1.5703994006109159,false,-1293176700
30b,217312480586995,s1000-p100-a0,shrink-only,shrink,1000,100.0,0.0,0.0,false,false,false,ok,114.518,36.21,36.21,1.0264187312205906,false,1910947129
27b,214117024918507,s1000-p100-a16,shrink-only,shrink,1000,100.0,1.6,0.0,false,false,false,ok,68.767,6.02,6.02,1.0317936412717454,false,-1505844372
6a,7606407344061,s1000-p100-a04,shrink-only,shrink,1000,100.0,0.4,0.0,false,true,false,ok,10.023,5.472,5.472,1.3936075385203108,false,-224470636
13b,209456985380822,s1000-p0-a04,shrink-only,shrink,1000,0.0,0.4,0.0,false,false,false,ok,13.995,371.548,371.548,1.1034724449671527,false,-2119720580
24a,213713297992457,s1000-p100-a0,shrink-only,shrink,1000,100.0,0.0,0.0,false,false,false,ok,136.313,119.802,119.802,0.850821156543508,false,499733213
8d,7885580217978,s4000-p100-a04,shrink-only,shrink,4000,100.0,0.4,0.0,false,false,false,ok,429.61,667.588,667.588,1.1021295950063188,false,1460871818
11b,209190697408276,s1000-p0-a04,shrink-only,shrink,1000,0.0,0.4,0.0,false,false,false,ok,12.973,1.91,1.91,0.9707750952986023,false,-1446711126
30c,217316775554288,s4000-p100-a04,shrink-only,shrink,4000,100.0,0.4,0.0,false,false,false,ok,466.02,1279.528,1279.528,1.6018026927723286,false,-1451103391
15a,209718978385899,s1000-p100-a16,shrink-only,shrink,1000,100.0,1.6,0.0,false,false,false,ok,17.72,453.343,453.343,1.0123952500321018,false,196157638
27b,214117024918507,s250-p100-a04,shrink-only,shrink,250,100.0,0.4,0.0,false,false,false,ok,59.257,5.781,5.781,0.9908304053475019,false,-1505844372
16c,209860712306568,s1000-p400-a04,shrink-only,shrink,1000,400.0,0.4,0.0,false,false,false,ok,84.564,357.392,357.392,0.8865098165672401,false,719404660
9d,8018724204061,s1000-p400-a04,shrink-only,shrink,1000,400.0,0.4,0.0,false,false,false,ok,22.023,1476.19,1476.19,1.2468184250301213,false,969253244
19d,210264439232106,s4000-p100-a04,shrink-only,shrink,4000,100.0,0.4,0.0,false,false,false,ok,349.407,6148.722,6148.722,1.058815385322733,false,-1211980585
23b,213584448973591,s1000-p25-a04,shrink-only,shrink,1000,25.0,0.4,0.0,false,false,false,ok,58.563,159.108,159.108,3.2069820409973193,false,-439854755
21b,213318161001301,s1000-p100-a04,shrink-only,shrink,1000,100.0,0.4,0.0,false,true,false,ok,44.494,13.897,13.897,1.070523437199091,false,405046416
12b,209323841394487,s1000-p100-a04,shrink-only,shrink,1000,100.0,0.4,0.0,false,true,false,ok,27.134,1.369,1.369,1.0193596425912137,false,466548996
28a,214245873937293,s1000-p0-a04,shrink-only,shrink,1000,0.0,0.4,0.0,false,false,false,ok,146.723,1062.918,1062.918,1.9950991479349691,false,96586315
33b,217711912546132,s250-p100-a04,shrink-only,shrink,250,100.0,0.4,0.0,false,false,false,ok,77.197,4.896,4.896,1.226913920561333,false,-1989803960
7c,7748141264474,s1000-p100-a0,shrink-only,shrink,1000,100.0,0.0,0.0,false,false,false,ok,419.522,2980.955,2980.955,1.9972656946180882,false,-1004347469
19a,210251554330223,s1000-p100-a0,shrink-only,shrink,1000,100.0,0.0,0.0,false,false,false,ok,38.756,588.171,588.171,1.0372645340147664,false,-477815540
23c,213588743940884,s4000-p100-a04,shrink-only,shrink,4000,100.0,0.4,0.0,false,false,false,ok,277.481,1059.096,1059.096,1.1425501479031412,false,-1576721678
27a,214112729951210,s1000-p100-a16,shrink-only,shrink,1000,100.0,1.6,0.0,false,false,false,ok,86.725,18.426,18.426,1.0473483771954755,false,704699266
6a,7606407344061,s1000-p0-a04,shrink-only,shrink,1000,0.0,0.4,0.0,false,false,false,ok,12.2,6.147,6.147,1.5655163631733098,false,-224470636
5a,7473263357850,s1000-p25-a04,shrink-only,shrink,1000,25.0,0.4,0.0,false,false,false,ok,11.664,162.223,162.223,1.0605687163511672,false,414652499
22d,213459894922098,s1000-p100-a16,shrink-only,shrink,1000,100.0,1.6,0.0,false,false,false,ok,56.91,662.926,662.926,1.097433325138912,false,-438265046
22d,213459894922098,s250-p100-a04,shrink-only,shrink,250,100.0,0.4,0.0,false,false,false,ok,32.524,506.892,506.892,0.8391286102013096,false,-438265046
13c,209461280348119,s1000-p100-a16,shrink-only,shrink,1000,100.0,1.6,0.0,false,false,false,ok,21.109,540.571,540.571,1.1490325906165808,false,876197618
4a,7340119371771,s1000-p100-a04,shrink-only,shrink,1000,100.0,0.4,0.0,false,true,false,ok,11.275,756.337,756.337,0.9988345519363937,false,1427000343
23a,213580154006294,s1000-p100-a04,shrink-only,shrink,1000,100.0,0.4,0.0,false,true,false,ok,26.935,386.033,386.033,1.02070181793664,false,1835492322
30c,217316775554288,s1000-p100-a16,shrink-only,shrink,1000,100.0,1.6,0.0,false,false,false,ok,164.937,953.294,953.294,1.1934001414613078,false,-804478301
22b,213451304987508,s1000-p100-a16,shrink-only,shrink,1000,100.0,1.6,0.0,false,false,false,ok,41.209,447.429,447.429,0.9402129316078301,false,316133052
12b,209323841394487,s1000-p25-a04,shrink-only,shrink,1000,25.0,0.4,0.0,false,false,false,ok,13.433,1.303,1.303,0.9702159344750558,false,466548996
2d,7086716301092,s1000-p100-a0,shrink-only,shrink,1000,100.0,0.0,0.0,false,false,false,ok,26.144,140.293,140.293,0.9701942559974551,false,321836810
30b,217312480586995,s1000-p400-a04,shrink-only,shrink,1000,400.0,0.4,0.0,false,false,false,ok,76.041,35.924,35.924,1.0183116956743579,false,-119349660
8c,7881285250685,s1000-p25-a04,shrink-only,shrink,1000,25.0,0.4,0.0,false,false,false,ok,119.021,4582.99,4582.99,0.9943791311411668,false,-388506810
24a,213713297992457,s1000-p100-a16,shrink-only,shrink,1000,100.0,1.6,0.0,false,false,false,ok,67.779,130.864,130.864,0.9293823127319213,false,941138625
13a,209452690413353,s1000-p100-a04,shrink-only,shrink,1000,100.0,0.4,0.0,false,true,false,ok,17.057,775.903,775.903,1.0171748369825984,false,-1062568155
22d,213459894922098,s4000-p100-a04,shrink-only,shrink,4000,100.0,0.4,0.0,false,false,false,ok,142.589,6762.153,6762.153,11.194329460434602,true,1311334790
29a,214379017923500,s1000-p400-a04,shrink-only,shrink,1000,400.0,0.4,0.0,false,false,false,ok,1055.554,27.505,27.505,1.0754643206256107,false,-858518681
33a,217707617578839,s1000-p100-a16,shrink-only,shrink,1000,100.0,1.6,0.0,false,false,false,ok,131.298,4.349,4.349,0.9442032132001738,false,14380942
14b,209590129366984,s1000-p100-a0,shrink-only,shrink,1000,100.0,0.0,0.0,false,false,false,ok,26.433,39.105,39.105,1.0581645492551852,false,1297441228
12b,209323841394486,s1000-p100-a16,shrink-only,shrink,1000,100.0,1.6,0.0,false,false,false,ok,34.124,1.357,1.357,1.0104244229337305,false,466548996
9b,8010134269470,s250-p100-a04,shrink-only,shrink,250,100.0,0.4,0.0,false,false,false,ok,48.254,508.179,508.179,1.021382178938197,false,140277402
15d,209731863287703,s1000-p100-a16,shrink-only,shrink,1000,100.0,1.6,0.0,false,false,false,ok,177.439,604.616,604.616,1.1993208128029962,false,-704972777
6a,7606407344060,s1000-p400-a04,shrink-only,shrink,1000,400.0,0.4,0.0,false,false,false,ok,99.845,6.719,6.719,1.711193174582962,false,-224470636
8d,7885580217979,s1000-p100-a16,shrink-only,shrink,1000,100.0,1.6,0.0,false,false,false,ok,142.359,560.435,560.435,0.925229332428633,false,1142152349
25c,213855031913431,s1000-p100-a0,shrink-only,shrink,1000,100.0,0.0,0.0,false,false,false,ok,161.316,963.463,963.463,1.0849594743346838,false,35421457
19b,210255849297517,s1000-p400-a04,shrink-only,shrink,1000,400.0,0.4,0.0,false,false,false,ok,60.686,164.24,164.24,1.0625228448234034,false,-1834056489
16c,209860712306569,s1000-p0-a04,shrink-only,shrink,1000,0.0,0.4,0.0,false,false,false,ok,152.435,713.845,713.845,1.7706904463654518,false,719404660
9d,8018724204060,s4000-p100-a04,shrink-only,shrink,4000,100.0,0.4,0.0,false,false,false,ok,768.834,2190.598,2190.598,1.8502211424234911,false,-1708131848
6f,7627882180519,s1000-p100-a04,shrink-only,shrink,1000,100.0,0.4,0.0,false,true,false,ok,137.77,3051.105,3051.105,1.730350269028732,false,1250717231
10a,209053258454901,s1000-p400-a04,shrink-only,shrink,1000,400.0,0.4,0.0,false,false,false,ok,198.205,449.015,449.015,1.4225068548917235,false,1718403736
16c,209860712306569,s250-p100-a04,shrink-only,shrink,250,100.0,0.4,0.0,false,false,false,ok,40.445,372.339,372.339,0.9235858065956418,false,719404660
1c,6949277347589,s1000-p0-a04,shrink-only,shrink,1000,0.0,0.4,0.0,false,false,false,ok,10.225,1.139,1.139,1.0541416011105968,false,686382736
24a,213713297992456,s4000-p100-a04,shrink-only,shrink,4000,100.0,0.4,0.0,false,false,false,ok,801.003,126.597,126.597,0.8990785291976634,false,2055842777
10a,209053258454901,s1000-p100-a16,shrink-only,shrink,1000,100.0,1.6,0.0,false,false,false,ok,9.441,423.671,423.671,1.3422155200134325,false,1718403736
18b,210122705311308,s1000-p100-a16,shrink-only,shrink,1000,100.0,1.6,0.0,false,false,false,ok,99.743,731.554,731.554,1.1240280717388882,false,-1852800932
27a,214112729951211,s1000-p0-a04,shrink-only,shrink,1000,0.0,0.4,0.0,false,false,false,ok,96.074,18.056,18.056,1.0263172852839197,false,-1953543145
29a,214379017923501,s1000-p100-a16,shrink-only,shrink,1000,100.0,1.6,0.0,false,false,false,ok,809.193,26.569,26.569,1.0388660801564027,false,-858518681
25c,213855031913431,s1000-p25-a04,shrink-only,shrink,1000,25.0,0.4,0.0,false,false,false,ok,40.613,739.844,739.844,0.8331412387706325,false,35421457
13a,209452690413352,s250-p100-a04,shrink-only,shrink,250,100.0,0.4,0.0,false,false,false,ok,28.535,658.766,658.766,0.8636133623142047,false,-1062568155
19d,210264439232107,s250-p100-a04,shrink-only,shrink,250,100.0,0.4,0.0,false,false,false,ok,36.354,3556.717,3556.717,0.6124698239469787,false,-1246359705
13c,209461280348118,s1000-p400-a04,shrink-only,shrink,1000,400.0,0.4,0.0,false,false,false,ok,36.119,473.394,473.394,1.006241796549104,false,876197618
28b,214250168904587,s1000-p100-a0,shrink-only,shrink,1000,100.0,0.0,0.0,false,false,false,ok,109.627,120.164,120.164,1.1038195146148335,false,1300118193
33b,217711912546133,s4000-p100-a04,shrink-only,shrink,4000,100.0,0.4,0.0,false,false,false,ok,232.826,4.2,4.2,1.0524996867560457,false,1896864069
19d,210264439232107,s1000-p100-a04,shrink-only,shrink,1000,100.0,0.4,0.0,false,true,false,ok,131.629,5451.486,5451.486,0.9387507273334985,false,723032794
19d,210264439232107,s1000-p100-a16,shrink-only,shrink,1000,100.0,1.6,0.0,false,false,false,ok,28.965,2989.389,2989.389,0.5147754388496567,false,-1246359705
22d,213459894922099,s1000-p100-a04,shrink-only,shrink,1000,100.0,0.4,0.0,false,true,false,ok,63.94,613.039,613.039,1.0148484570070164,false,-438265046
10a,209053258454901,s1000-p100-a0,shrink-only,shrink,1000,100.0,0.0,0.0,false,false,false,ok,12.594,298.235,298.235,0.9448266357886332,false,1718403736
8d,7885580217979,s1000-p400-a04,shrink-only,shrink,1000,400.0,0.4,0.0,false,false,false,ok,14.064,657.915,657.915,1.0861603151922776,false,1142152349
6a,7606407344060,s1000-p100-a0,shrink-only,shrink,1000,100.0,0.0,0.0,false,false,false,ok,14.663,4.792,4.792,1.2204253151661786,false,-224470636
24b,213717592959799,s4000-p100-a04,shrink-only,shrink,4000,100.0,0.4,0.0,false,false,false,ok,783.596,2.415,2.415,1.3578858588698342,false,644596804
11a,209186402440982,s1000-p25-a04,shrink-only,shrink,1000,25.0,0.4,0.0,false,false,false,ok,28.577,14.775,14.775,0.9910453767984707,false,-1055439248
32b,217578768559284,s1000-p100-a04,shrink-only,shrink,1000,100.0,0.4,0.0,false,true,false,ok,56.834,146.419,146.419,1.0307350073564092,false,1520237401
12b,209323841394486,s250-p100-a04,shrink-only,shrink,250,100.0,0.4,0.0,false,false,false,ok,11.274,1.309,1.309,0.9746835443037974,false,466548996
19c,210260144264812,s1000-p100-a16,shrink-only,shrink,1000,100.0,1.6,0.0,false,false,false,ok,117.515,838.024,838.024,1.1072377982718071,false,1055693188
32b,217578768559284,s1000-p0-a04,shrink-only,shrink,1000,0.0,0.4,0.0,false,false,false,ok,4.19,144.467,144.467,1.0169936572969245,false,1520237401
11a,209186402440982,s1000-p0-a04,shrink-only,shrink,1000,0.0,0.4,0.0,false,false,false,ok,11.709,14.049,14.049,0.942348324781165,false,-1055439248
15d,209731863287703,s1000-p100-a04,shrink-only,shrink,1000,100.0,0.4,0.0,false,true,false,ok,21.28,561.476,561.476,1.1137479866384201,false,-704972777
15b,209723273353193,s1000-p400-a04,shrink-only,shrink,1000,400.0,0.4,0.0,false,false,false,ok,73.853,25.24,25.24,2.9093424010143507,false,-1293176700
9d,8018724204060,s1000-p0-a04,shrink-only,shrink,1000,0.0,0.4,0.0,false,false,false,ok,184.576,1107.886,1107.886,0.9357417931519119,false,-1708131848
27a,214112729951211,s1000-p400-a04,shrink-only,shrink,1000,400.0,0.4,0.0,false,false,false,ok,72.668,17.421,17.421,0.9902233843005741,false,-282884216
15b,209723273353193,s1000-p25-a04,shrink-only,shrink,1000,25.0,0.4,0.0,false,false,false,ok,15.982,5.797,5.797,0.6682035617543658,false,-347771581
13b,209456985380823,s1000-p100-a16,shrink-only,shrink,1000,100.0,1.6,0.0,false,false,false,ok,31.827,414.091,414.091,1.2298222792449245,false,-2119720580
23a,213580154006295,s1000-p25-a04,shrink-only,shrink,1000,25.0,0.4,0.0,false,false,false,ok,48.524,367.194,367.194,0.9708900102722477,false,1835492322
8b,7876990283389,s250-p100-a04,shrink-only,shrink,250,100.0,0.4,0.0,false,false,false,ok,28.983,163.876,163.876,0.8060955454116167,false,-387699444
9d,8018724204060,s1000-p100-a0,shrink-only,shrink,1000,100.0,0.0,0.0,false,false,false,ok,21.207,1274.738,1274.738,1.0766681968351275,false,-1708131848
9c,8014429236765,s1000-p25-a04,shrink-only,shrink,1000,25.0,0.4,0.0,false,false,false,ok,164.626,663.477,663.477,0.9974975249627336,false,906638406
18a,210118410344013,s1000-p100-a0,shrink-only,shrink,1000,100.0,0.0,0.0,false,false,false,ok,146.858,1625.176,1625.176,1.6593367660016765,false,-1701613315
5b,7477558325146,s1000-p25-a04,shrink-only,shrink,1000,25.0,0.4,0.0,false,false,false,ok,20.023,252.248,252.248,0.9603173545664452,false,-1512145598
10a,209053258454901,s1000-p25-a04,shrink-only,shrink,1000,25.0,0.4,0.0,false,false,false,ok,10.724,294.037,294.037,0.9315271162250652,false,1718403736
29b,214383312890796,s1000-p25-a04,shrink-only,shrink,1000,25.0,0.4,0.0,false,false,false,ok,913.913,2.881,2.881,1.0741983594332587,false,-665152500
15a,209718978385898,s1000-p100-a0,shrink-only,shrink,1000,100.0,0.0,0.0,false,false,false,ok,64.898,775.259,775.259,1.731290720590452,false,-93948010
15a,209718978385898,s1000-p25-a04,shrink-only,shrink,1000,25.0,0.4,0.0,false,false,false,ok,15.332,434.462,434.462,0.970230631375023,false,-93948010
22a,213447010020214,s1000-p25-a04,shrink-only,shrink,1000,25.0,0.4,0.0,false,false,false,ok,41.11,367.287,367.287,0.7792706252526141,false,-2145268623
29a,214379017923501,s250-p100-a04,shrink-only,shrink,250,100.0,0.4,0.0,false,false,false,ok,706.572,25.519,25.519,0.9978103616813292,false,304812620
27a,214112729951211,s250-p100-a04,shrink-only,shrink,250,100.0,0.4,0.0,false,false,false,ok,99.503,18.15,18.15,1.0316603194452338,false,704699266
30c,217316775554289,s1000-p100-a04,shrink-only,shrink,1000,100.0,0.4,0.0,false,true,false,ok,198.822,793.328,793.328,0.993143508115247,false,-804478301
27b,214117024918506,s1000-p25-a04,shrink-only,shrink,1000,25.0,0.4,0.0,false,false,false,ok,78.648,6.39,6.39,1.0952095295226667,false,1728540501
30a,217308185619699,s1000-p25-a04,shrink-only,shrink,1000,25.0,0.4,0.0,false,false,false,ok,210.05,528.876,528.876,0.672676813028315,false,1041678136
9c,8014429236765,s4000-p100-a04,shrink-only,shrink,4000,100.0,0.4,0.0,false,false,false,ok,570.503,652.467,652.467,0.9809446561370776,false,906638406
11a,209186402440982,s1000-p400-a04,shrink-only,shrink,1000,400.0,0.4,0.0,false,false,false,ok,13.958,15.585,15.585,1.0453767984706712,false,-1055439248
6a,7606407344060,s4000-p100-a04,shrink-only,shrink,4000,100.0,0.4,0.0,false,false,false,ok,322.229,4.036,4.036,1.0278874315548197,false,-224470636
19a,210251554330222,s1000-p100-a0,shrink-only,shrink,1000,100.0,0.0,0.0,false,false,false,ok,82.125,532.343,532.343,0.9388094853894916,false,187704695
9a,8005839302175,s1000-p100-a16,shrink-only,shrink,1000,100.0,1.6,0.0,false,false,false,ok,119.753,502.584,502.584,1.0240421203196108,false,1576652456
8d,7885580217979,s250-p100-a04,shrink-only,shrink,250,100.0,0.4,0.0,false,false,false,ok,35.524,580.378,580.378,0.9581534870168088,false,1142152349
21b,213318161001300,s1000-p0-a04,shrink-only,shrink,1000,0.0,0.4,0.0,false,false,false,ok,75.925,16.774,16.774,1.2921465161961252,false,405046416
18a,210118410344013,s1000-p100-a16,shrink-only,shrink,1000,100.0,1.6,0.0,false,false,false,ok,18.268,967.939,967.939,0.988284819580708,false,-574815707
2b,7078126366503,s1000-p400-a04,shrink-only,shrink,1000,400.0,0.4,0.0,false,false,false,ok,15.848,127.94,127.94,0.9461932988451767,false,321836810
9a,8005839302175,s1000-p100-a04,shrink-only,shrink,1000,100.0,0.4,0.0,false,true,false,ok,19.199,481.689,481.689,0.9814674261310209,false,1576652456
23b,213584448973590,s1000-p25-a04,shrink-only,shrink,1000,25.0,0.4,0.0,false,false,false,ok,31.994,100.904,100.904,2.0338217805817025,false,-439854755
6a,7606407344060,s1000-p0-a04,shrink-only,shrink,1000,0.0,0.4,0.0,false,false,false,ok,9.403,4.096,4.096,1.0431682159684197,false,-224470636
31a,217441329605780,s1000-p100-a0,shrink-only,shrink,1000,100.0,0.0,0.0,false,false,false,ok,143.22,352.684,352.684,1.7347532033152162,false,2133672151
28a,214245873937292,s1000-p0-a04,shrink-only,shrink,1000,0.0,0.4,0.0,false,false,false,ok,125.869,787.688,787.688,1.4784919040213829,false,96586315
1c,6949277347589,s1000-p100-a16,shrink-only,shrink,1000,100.0,1.6,0.0,false,false,false,ok,6.813,1.029,1.029,0.952336881073577,false,686382736
19b,210255849297517,s1000-p100-a0,shrink-only,shrink,1000,100.0,0.0,0.0,false,false,false,ok,14.967,151.112,151.112,0.97759347373937,false,910037442
17e,210002446227368,s1000-p25-a04,shrink-only,shrink,1000,25.0,0.4,0.0,false,false,false,ok,125.178,6141.712,6141.712,1.491746130404691,false,-1125412742
28c,214254463871882,s4000-p100-a04,shrink-only,shrink,4000,100.0,0.4,0.0,false,false,false,ok,267.596,1475.121,1475.121,2.938420733389574,false,-1040088321
33a,217707617578838,s1000-p100-a16,shrink-only,shrink,1000,100.0,1.6,0.0,false,false,false,ok,129.257,4.664,4.664,1.0125922709509336,false,14380942
18a,210118410344013,s1000-p400-a04,shrink-only,shrink,1000,400.0,0.4,0.0,false,false,false,ok,16.877,954.284,954.284,0.9743427951232013,false,-574815707
23c,213588743940885,s1000-p25-a04,shrink-only,shrink,1000,25.0,0.4,0.0,false,false,false,ok,57.271,1391.183,1391.183,1.5008047829567253,false,-1576721678
19a,210251554330222,s250-p100-a04,shrink-only,shrink,250,100.0,0.4,0.0,false,false,false,ok,25.89,485.988,485.988,0.8570604745163706,false,-477815540
9b,8010134269470,s4000-p100-a04,shrink-only,shrink,4000,100.0,0.4,0.0,false,false,false,ok,476.218,467.709,467.709,0.9400420669272149,false,1556140202
30b,217312480586994,s1000-p25-a04,shrink-only,shrink,1000,25.0,0.4,0.0,false,false,false,ok,134.95,35.975,35.975,1.0197573558591755,false,1910947129
32a,217574473591989,s1000-p100-a16,shrink-only,shrink,1000,100.0,1.6,0.0,false,false,false,ok,40.229,0.189,0.189,0.9569620253164557,false,1765267761
13a,209452690413352,s1000-p100-a04,shrink-only,shrink,1000,100.0,0.4,0.0,false,true,false,ok,35.489,737.458,737.458,0.966775126441724,false,-1062568155
33a,217707617578838,s250-p100-a04,shrink-only,shrink,250,100.0,0.4,0.0,false,false,false,ok,90.302,4.467,4.467,0.9698219713417281,false,14380942
22d,213459894922099,s1000-p0-a04,shrink-only,shrink,1000,0.0,0.4,0.0,false,false,false,ok,47.503,5551.331,5551.331,9.18988791852593,false,1311334790
27c,214121319885801,s1000-p100-a04,shrink-only,shrink,1000,100.0,0.4,0.0,false,true,false,ok,127.317,34.706,34.706,1.3247323320037407,false,-1273730499
24b,213717592959799,s1000-p100-a16,shrink-only,shrink,1000,100.0,1.6,0.0,false,false,false,ok,147.696,2.127,2.127,1.1959516446443632,false,-870534348
21c,213322455968595,s250-p100-a04,shrink-only,shrink,250,100.0,0.4,0.0,false,false,false,ok,31.712,52.368,52.368,1.2530178137748693,false,405046416
8a,7872695316094,s1000-p400-a04,shrink-only,shrink,1000,400.0,0.4,0.0,false,false,false,ok,109.721,83.392,83.392,0.8756168756168756,false,-1762716238
31c,217449919540370,s1000-p400-a04,shrink-only,shrink,1000,400.0,0.4,0.0,false,false,false,ok,214.765,280.57,280.57,1.2384161938244713,false,1982821986
19a,210251554330222,s1000-p25-a04,shrink-only,shrink,1000,25.0,0.4,0.0,false,false,false,ok,26.526,472.409,472.409,0.8331133314110721,false,187704695
19c,210260144264812,s4000-p100-a04,shrink-only,shrink,4000,100.0,0.4,0.0,false,false,false,ok,355.87,785.443,785.443,1.0377652405993183,false,-649799299
8d,7885580217979,s1000-p100-a04,shrink-only,shrink,1000,100.0,0.4,0.0,false,true,false,ok,26.262,749.327,749.327,1.2370735588975534,false,-1012298996
31a,217441329605780,s1000-p100-a16,shrink-only,shrink,1000,100.0,1.6,0.0,false,false,false,ok,71.118,188.899,188.899,0.9291409458695064,false,619611693
19d,210264439232107,s1000-p25-a04,shrink-only,shrink,1000,25.0,0.4,0.0,false,false,false,ok,28.515,5332.993,5332.993,0.9183461275722723,false,-1211980585
24b,213717592959799,s250-p100-a04,shrink-only,shrink,250,100.0,0.4,0.0,false,false,false,ok,60.643,1.768,1.768,0.9940961484396964,false,-870534348
12b,209323841394486,s4000-p100-a04,shrink-only,shrink,4000,100.0,0.4,0.0,false,false,false,ok,92.759,1.359,1.359,1.0119136262099777,false,-1300552445
30b,217312480586994,s1000-p100-a16,shrink-only,shrink,1000,100.0,1.6,0.0,false,false,false,ok,76.246,35.847,35.847,1.0161290322580643,false,-1031970200
23b,213584448973590,s1000-p400-a04,shrink-only,shrink,1000,400.0,0.4,0.0,false,false,false,ok,71.397,46.746,46.746,0.9422127265031344,false,2055054090
3b,7211270352856,s1000-p100-a16,shrink-only,shrink,1000,100.0,1.6,0.0,false,false,false,ok,15.002,7.362,7.362,1.0148883374689828,false,129508754
25c,213855031913431,s1000-p400-a04,shrink-only,shrink,1000,400.0,0.4,0.0,false,false,false,ok,90.393,955.693,955.693,1.0762096467693487,false,35421457
15b,209723273353193,s1000-p100-a16,shrink-only,shrink,1000,100.0,1.6,0.0,false,false,false,ok,16.808,6.676,6.676,0.7695233704109273,false,-1293176700
11a,209186402440982,s4000-p100-a04,shrink-only,shrink,4000,100.0,0.4,0.0,false,false,false,ok,69.402,14.347,14.347,0.9623369218901968,false,-1055439248
30c,217316775554289,s1000-p25-a04,shrink-only,shrink,1000,25.0,0.4,0.0,false,false,false,ok,90.102,1048.809,1048.809,1.3129725026758718,false,-1451103391
16d,209865007273864,s1000-p100-a0,shrink-only,shrink,1000,100.0,0.0,0.0,false,false,false,ok,133.766,295.654,295.654,0.9855314014090257,false,719404660
19b,210255849297517,s250-p100-a04,shrink-only,shrink,250,100.0,0.4,0.0,false,false,false,ok,17.143,157.449,157.449,1.0185896212530448,false,825922194
11c,209194992375572,s1000-p100-a16,shrink-only,shrink,1000,100.0,1.6,0.0,false,false,false,ok,13.494,518.927,518.927,1.0311894227606977,false,1916526955
27b,214117024918506,s250-p100-a04,shrink-only,shrink,250,100.0,0.4,0.0,false,false,false,ok,51.866,5.666,5.666,0.9711200617019453,false,-732732587
28b,214250168904587,s1000-p25-a04,shrink-only,shrink,1000,25.0,0.4,0.0,false,false,false,ok,102.635,154.533,154.533,1.419531149528761,false,1300118193
2d,7086716301093,s1000-p100-a04,shrink-only,shrink,1000,100.0,0.4,0.0,false,true,false,ok,25.918,143.721,143.721,0.9939005414825418,false,321836810
9a,8005839302175,s4000-p100-a04,shrink-only,shrink,4000,100.0,0.4,0.0,false,false,false,ok,462.782,512.067,512.067,1.0433642464258754,false,2029736178
23b,213584448973590,s250-p100-a04,shrink-only,shrink,250,100.0,0.4,0.0,false,false,false,ok,15.625,44.898,44.898,0.9049644246467661,false,2055054090
13a,209452690413352,s1000-p25-a04,shrink-only,shrink,1000,25.0,0.4,0.0,false,false,false,ok,19.018,762.106,762.106,0.9990875744950852,false,1188104532
30b,217312480586994,s4000-p100-a04,shrink-only,shrink,4000,100.0,0.4,0.0,false,false,false,ok,383.597,35.269,35.269,0.9997448834967967,false,1910947129
12b,209323841394486,s1000-p100-a0,shrink-only,shrink,1000,100.0,0.0,0.0,false,false,false,ok,24.207,1.284,1.284,0.9560685033507074,false,466548996
4b,7344414339065,s1000-p25-a04,shrink-only,shrink,1000,25.0,0.4,0.0,false,false,false,ok,8.092,22.477,22.477,1.030936819172113,false,261415237
25c,213855031913431,s1000-p100-a04,shrink-only,shrink,1000,100.0,0.4,0.0,false,true,false,ok,40.926,889.86,889.86,1.0020748464979576,false,35421457
3c,7215565320135,s1000-p100-a16,shrink-only,shrink,1000,100.0,1.6,0.0,false,false,false,ok,15.335,1426.08,1426.08,1.0870581025116035,false,-1572305105
29c,214387607858091,s1000-p100-a0,shrink-only,shrink,1000,100.0,0.0,0.0,false,false,false,ok,1127.136,85.095,85.095,1.3035785410092222,false,1216159973
28a,214245873937292,s1000-p100-a0,shrink-only,shrink,1000,100.0,0.0,0.0,false,false,false,ok,117.924,762.667,762.667,1.4315274384836076,false,96586315
18a,210118410344013,s4000-p100-a04,shrink-only,shrink,4000,100.0,0.4,0.0,false,false,false,ok,321.599,1044.655,1044.655,1.0666133694365911,false,-1701613315
32b,217578768559284,s1000-p100-a16,shrink-only,shrink,1000,100.0,1.6,0.0,false,false,false,ok,9.123,52.097,52.097,0.3667433985906669,false,-888812919
28b,214250168904587,s4000-p100-a04,shrink-only,shrink,4000,100.0,0.4,0.0,false,false,false,ok,191.61,94.172,94.172,0.8650585144494866,false,1300118193
23c,213588743940885,s1000-p100-a04,shrink-only,shrink,1000,100.0,0.4,0.0,false,true,false,ok,23.582,879.809,879.809,0.9491357752994203,false,1835492322
28c,214254463871882,s1000-p0-a04,shrink-only,shrink,1000,0.0,0.4,0.0,false,false,false,ok,147.88,1018.099,1018.099,2.028039198305218,false,-1040088321
29c,214387607858091,s1000-p100-a04,shrink-only,shrink,1000,100.0,0.4,0.0,false,true,false,ok,879.915,60.667,60.667,0.9293636447195075,false,2081534655
15c,209727568320488,s1000-p100-a16,shrink-only,shrink,1000,100.0,1.6,0.0,false,false,false,ok,59.322,593.844,593.844,1.047347609691745,false,-1622553236
18b,210122705311308,s4000-p100-a04,shrink-only,shrink,4000,100.0,0.4,0.0,false,false,false,ok,236.684,659.58,659.58,1.0134404781568223,false,-633376097
4a,7340119371770,s1000-p25-a04,shrink-only,shrink,1000,25.0,0.4,0.0,false,false,false,ok,10.116,777.21,777.21,1.026399874805126,false,1427000343
9d,8018724204060,s1000-p400-a04,shrink-only,shrink,1000,400.0,0.4,0.0,false,false,false,ok,20.897,1377.098,1377.098,1.163123418714481,false,969253244
22a,213447010020214,s1000-p400-a04,shrink-only,shrink,1000,400.0,0.4,0.0,false,false,false,ok,33.137,475.474,475.474,1.0088103343471495,false,316133052
1c,6949277347589,s4000-p100-a04,shrink-only,shrink,4000,100.0,0.4,0.0,false,false,false,ok,22.016,1.057,1.057,0.9782508098102729,false,686382736
15d,209731863287703,s4000-p100-a04,shrink-only,shrink,4000,100.0,0.4,0.0,false,false,false,ok,158.275,506.679,506.679,1.005052248220704,false,-704972777
5a,7473263357851,s1000-p100-a04,shrink-only,shrink,1000,100.0,0.4,0.0,false,true,false,ok,11.276,152.795,152.795,0.9989310826139114,false,414652499
31a,217441329605780,s1000-p400-a04,shrink-only,shrink,1000,400.0,0.4,0.0,false,false,false,ok,63.26,187.693,187.693,0.923208971741964,false,619611693
31b,217445624573075,s1000-p400-a04,shrink-only,shrink,1000,400.0,0.4,0.0,false,false,false,ok,92.855,8.117,8.117,0.9989539105285828,false,933065134
10a,209053258454901,s1000-p100-a04,shrink-only,shrink,1000,100.0,0.4,0.0,false,true,false,ok,11.027,341.11,341.11,1.0806572459096373,false,1718403736
15b,209723273353193,s1000-p0-a04,shrink-only,shrink,1000,0.0,0.4,0.0,false,false,false,ok,16.241,6.203,6.203,0.7150020171748027,false,-1478206114
11c,209194992375572,s1000-p25-a04,shrink-only,shrink,1000,25.0,0.4,0.0,false,false,false,ok,12.787,409.128,409.128,0.8130015708476119,false,212006990
24a,213713297992456,s1000-p100-a16,shrink-only,shrink,1000,100.0,1.6,0.0,false,false,false,ok,134.098,143.778,143.778,1.0210961774053229,false,941138625
23c,213588743940885,s1000-p100-a16,shrink-only,shrink,1000,100.0,1.6,0.0,false,false,false,ok,22.162,898.17,898.17,0.9689435767316319,false,1835492322
13d,209465575315413,s1000-p100-a04,shrink-only,shrink,1000,100.0,0.4,0.0,false,true,false,ok,27.83,3687.585,3687.585,1.1973073138611547,false,-2119720580
8c,7881285250684,s250-p100-a04,shrink-only,shrink,250,100.0,0.4,0.0,false,false,false,ok,27.082,4762.008,4762.008,1.0332209709223206,false,1733352584
14b,209590129366984,s1000-p100-a04,shrink-only,shrink,1000,100.0,0.4,0.0,false,true,false,ok,24.322,46.887,46.887,1.2687421358119901,false,1297441228
18b,210122705311308,s250-p100-a04,shrink-only,shrink,250,100.0,0.4,0.0,false,false,false,ok,30.553,764.012,764.012,1.173899582457852,false,-1852800932
19b,210255849297517,s1000-p100-a04,shrink-only,shrink,1000,100.0,0.4,0.0,false,true,false,ok,25.871,154.622,154.622,1.000300823869242,false,910037442
27c,214121319885801,s1000-p400-a04,shrink-only,shrink,1000,400.0,0.4,0.0,false,false,false,ok,88.563,26.159,26.159,0.9984922800923716,false,-1093302568
8a,7872695316094,s250-p100-a04,shrink-only,shrink,250,100.0,0.4,0.0,false,false,false,ok,27.502,86.937,86.937,0.9128394128394128,false,-1762716238
7c,7748141264475,s4000-p100-a04,shrink-only,shrink,4000,100.0,0.4,0.0,false,false,false,ok,1285.528,5094.039,5094.039,3.4130502948708155,false,-399731567
8a,7872695316094,s1000-p100-a04,shrink-only,shrink,1000,100.0,0.4,0.0,false,true,false,ok,15.79,129.996,129.996,1.364959364959365,false,-1762716238
24a,213713297992456,s1000-p0-a04,shrink-only,shrink,1000,0.0,0.4,0.0,false,false,false,ok,81.24,187.571,187.571,1.3321094401931715,false,-520825330
19b,210255849297517,s1000-p0-a04,shrink-only,shrink,1000,0.0,0.4,0.0,false,false,false,ok,19.93,189.456,189.456,1.2256534832492858,false,-1205520184
22a,213447010020214,s1000-p0-a04,shrink-only,shrink,1000,0.0,0.4,0.0,false,false,false,ok,55.427,722.18,722.18,1.5322449750329656,false,-2145268623
28a,214245873937292,s1000-p400-a04,shrink-only,shrink,1000,400.0,0.4,0.0,false,false,false,ok,127.556,532.242,532.242,0.9990192664864118,false,-351635764
10a,209053258454901,s1000-p0-a04,shrink-only,shrink,1000,0.0,0.4,0.0,false,false,false,ok,15.739,451.982,451.982,1.431906491515141,false,1718403736
12b,209323841394486,s1000-p400-a04,shrink-only,shrink,1000,400.0,0.4,0.0,false,false,false,ok,15.402,1.508,1.508,1.1228592702903946,false,466548996
33b,217711912546133,s1000-p0-a04,shrink-only,shrink,1000,0.0,0.4,0.0,false,false,false,ok,128.311,4.15,4.15,1.0399699285803785,false,1896864069
11d,209199287342867,s1000-p0-a04,shrink-only,shrink,1000,0.0,0.4,0.0,false,false,false,ok,17.019,1414.16,1414.16,6.342207233065443,false,198126114
13c,209461280348118,s1000-p100-a0,shrink-only,shrink,1000,100.0,0.0,0.0,false,false,false,ok,65.009,706.877,706.877,1.5025310469064688,false,876197618
28a,214245873937292,s1000-p100-a16,shrink-only,shrink,1000,100.0,1.6,0.0,false,false,false,ok,134.569,494.949,494.949,0.929020233142411,false,-351635764
27b,214117024918506,s1000-p0-a04,shrink-only,shrink,1000,0.0,0.4,0.0,false,false,false,ok,113.709,6.598,6.598,1.1308595423772387,false,1728540501
19d,210264439232107,s4000-p100-a04,shrink-only,shrink,4000,100.0,0.4,0.0,false,false,false,ok,540.841,5967.978,5967.978,1.0276911081144329,false,-1211980585
4c,7348709306360,s1000-p400-a04,shrink-only,shrink,1000,400.0,0.4,0.0,false,false,false,ok,18.971,1577.303,1577.303,1.0841177701706317,false,1192923874
6b,7610702311355,s1000-p100-a04,shrink-only,shrink,1000,100.0,0.4,0.0,false,true,false,ok,105.123,5.489,5.489,1.31536065180925,false,1482096114
15b,209723273353193,s4000-p100-a04,shrink-only,shrink,4000,100.0,0.4,0.0,false,false,false,ok,189.958,13.888,13.888,1.6008299233473575,false,-347771581
5b,7477558325146,s1000-p400-a04,shrink-only,shrink,1000,400.0,0.4,0.0,false,false,false,ok,11.244,229.147,229.147,0.8723710033254465,false,-1512145598
27a,214112729951211,s1000-p100-a16,shrink-only,shrink,1000,100.0,1.6,0.0,false,false,false,ok,171.624,17.309,17.309,0.9838572159381573,false,704699266
21c,213322455968595,s1000-p100-a04,shrink-only,shrink,1000,100.0,0.4,0.0,false,true,false,ok,78.61,57.68,57.68,1.3801189180135667,false,405046416
11d,209199287342867,s1000-p100-a04,shrink-only,shrink,1000,100.0,0.4,0.0,false,true,false,ok,14.784,218.37,218.37,0.9793430683122848,false,2003817464
19a,210251554330222,s1000-p400-a04,shrink-only,shrink,1000,400.0,0.4,0.0,false,false,false,ok,59.788,646.974,646.974,1.1409661214675144,false,-477815540
21a,213313866034005,s1000-p100-a0,shrink-only,shrink,1000,100.0,0.0,0.0,false,false,false,ok,48.549,28.635,28.635,0.9567323755429336,false,405046416
6b,7610702311355,s1000-p400-a04,shrink-only,shrink,1000,400.0,0.4,0.0,false,false,false,ok,7.169,4.27,4.27,1.0232446681044811,false,1482096114
13d,209465575315413,s4000-p100-a04,shrink-only,shrink,4000,100.0,0.4,0.0,false,false,false,ok,171.584,4791.932,4791.932,1.5558733510211455,false,-2119720580
26c,213988175899592,s1000-p0-a04,shrink-only,shrink,1000,0.0,0.4,0.0,false,false,false,ok,244.665,901.747,901.747,2.61781513678438,false,628672308
8d,7885580217979,s1000-p25-a04,shrink-only,shrink,1000,25.0,0.4,0.0,false,false,false,ok,160.089,584.376,584.376,0.9647538365150551,false,-1012298996
9a,8005839302175,s1000-p100-a0,shrink-only,shrink,1000,100.0,0.0,0.0,false,false,false,ok,192.11,584.162,584.162,1.190261713644176,false,2029736178
30a,217308185619699,s1000-p100-a04,shrink-only,shrink,1000,100.0,0.4,0.0,false,true,false,ok,213.086,1140.658,1140.658,1.4508016778890547,false,216250776
11c,209194992375572,s1000-p400-a04,shrink-only,shrink,1000,400.0,0.4,0.0,false,false,false,ok,14.873,584.038,584.038,1.1605752024664593,false,1916526955
30a,217308185619699,s1000-p400-a04,shrink-only,shrink,1000,400.0,0.4,0.0,false,false,false,ok,78.068,503.506,503.506,0.6404087374368184,false,-824386529
21c,213322455968595,s1000-p25-a04,shrink-only,shrink,1000,25.0,0.4,0.0,false,false,false,ok,36.573,43.452,43.452,1.0396832043260316,false,405046416
16c,209860712306569,s1000-p100-a0,shrink-only,shrink,1000,100.0,0.0,0.0,false,false,false,ok,210.391,713.443,713.443,1.7696932865346215,false,719404660
28a,214245873937292,s1000-p25-a04,shrink-only,shrink,1000,25.0,0.4,0.0,false,false,false,ok,129.764,987.892,987.892,1.8542752003934198,false,96586315
13a,209452690413352,s1000-p100-a0,shrink-only,shrink,1000,100.0,0.0,0.0,false,false,false,ok,59.361,921.006,921.006,1.2073985123269209,false,1188104532
4a,7340119371770,s1000-p100-a04,shrink-only,shrink,1000,100.0,0.4,0.0,false,true,false,ok,10.65,763.726,763.726,1.0085926207658416,false,1427000343
28c,214254463871882,s1000-p100-a0,shrink-only,shrink,1000,100.0,0.0,0.0,false,false,false,ok,135.5,1377.005,1377.005,2.7429750115286207,false,-1040088321
4b,7344414339065,s1000-p100-a0,shrink-only,shrink,1000,100.0,0.0,0.0,false,false,false,ok,12.99,27.0,27.0,1.2383900928792568,false,261415237
27a,214112729951211,s1000-p100-a0,shrink-only,shrink,1000,100.0,0.0,0.0,false,false,false,ok,83.698,17.988,17.988,1.0224521116353096,false,-1953543145
13b,209456985380823,s1000-p400-a04,shrink-only,shrink,1000,400.0,0.4,0.0,false,false,false,ok,31.321,365.517,365.517,1.0855607826365872,false,-2119720580
13b,209456985380823,s250-p100-a04,shrink-only,shrink,250,100.0,0.4,0.0,false,false,false,ok,11.038,702.945,702.945,2.0876991339677113,false,876197618
23b,213584448973590,s1000-p100-a16,shrink-only,shrink,1000,100.0,1.6,0.0,false,false,false,ok,36.443,59.576,59.576,1.2008143027029206,false,2055054090
15a,209718978385898,s1000-p0-a04,shrink-only,shrink,1000,0.0,0.4,0.0,false,false,false,ok,43.052,617.833,617.833,1.3797305671711786,false,-1876644405
22a,213447010020214,s1000-p100-a0,shrink-only,shrink,1000,100.0,0.0,0.0,false,false,false,ok,35.471,408.321,408.321,0.8663322169686721,false,-2145268623
29c,214387607858091,s250-p100-a04,shrink-only,shrink,250,100.0,0.4,0.0,false,false,false,ok,897.41,108.292,108.292,1.6589356291553052,false,1025211200
15b,209723273353193,s250-p100-a04,shrink-only,shrink,250,100.0,0.4,0.0,false,false,false,ok,14.983,6.173,6.173,0.7115440032274797,false,-1293176700
6f,7627882180519,s1000-p100-a0,shrink-only,shrink,1000,100.0,0.0,0.0,false,false,false,ok,164.69,4652.515,4652.515,2.63854589793213,false,1250717231
22b,213451304987509,s1000-p25-a04,shrink-only,shrink,1000,25.0,0.4,0.0,false,false,false,ok,118.543,447.605,447.605,0.940582772355665,false,541848229
5a,7473263357851,s1000-p400-a04,shrink-only,shrink,1000,400.0,0.4,0.0,false,false,false,ok,15.382,153.641,153.641,1.0044619945933047,false,414652499
4b,7344414339065,s4000-p100-a04,shrink-only,shrink,4000,100.0,0.4,0.0,false,false,false,ok,32.239,21.906,21.906,1.0047471620227038,false,261415237
15a,209718978385898,s250-p100-a04,shrink-only,shrink,250,100.0,0.4,0.0,false,false,false,ok,14.346,422.792,422.792,0.9441694534857104,false,196157638
3c,7215565320135,s4000-p100-a04,shrink-only,shrink,4000,100.0,0.4,0.0,false,false,false,ok,64.302,1303.792,1303.792,0.9938416200983174,false,-1572305105
11b,209190697408277,s1000-p25-a04,shrink-only,shrink,1000,25.0,0.4,0.0,false,false,false,ok,13.441,1.968,1.968,1.0002541296060992,false,898037380
12b,209323841394486,s1000-p100-a04,shrink-only,shrink,1000,100.0,0.4,0.0,false,true,false,ok,13.562,1.292,1.292,0.9620253164556962,false,466548996
9b,8010134269470,s1000-p25-a04,shrink-only,shrink,1000,25.0,0.4,0.0,false,false,false,ok,188.934,504.446,504.446,1.013879272139655,false,1556140202
17e,210002446227368,s1000-p100-a0,shrink-only,shrink,1000,100.0,0.0,0.0,false,false,false,ok,130.146,5380.928,5380.928,1.3069610756717756,false,-1125412742
22d,213459894922099,s250-p100-a04,shrink-only,shrink,250,100.0,0.4,0.0,false,false,false,ok,25.439,554.431,554.431,0.9178265083736226,false,-438265046
7c,7748141264475,s1000-p0-a04,shrink-only,shrink,1000,0.0,0.4,0.0,false,false,false,ok,241.399,2436.119,2436.119,1.632220850937811,false,52935710
8a,7872695316094,s1000-p100-a0,shrink-only,shrink,1000,100.0,0.0,0.0,false,false,false,ok,18.724,70.647,70.647,0.7417942417942418,false,-1762716238
26c,213988175899592,s4000-p100-a04,shrink-only,shrink,4000,100.0,0.4,0.0,false,false,false,ok,733.847,341.839,341.839,0.9923751435194526,false,628672308
19b,210255849297517,s1000-p25-a04,shrink-only,shrink,1000,25.0,0.4,0.0,false,false,false,ok,21.424,193.422,193.422,1.2513108480968846,false,910037442
11a,209186402440982,s1000-p100-a04,shrink-only,shrink,1000,100.0,0.4,0.0,false,true,false,ok,21.767,15.636,15.636,1.0487976657611429,false,-1055439248
3c,7215565320135,s1000-p100-a0,shrink-only,shrink,1000,100.0,0.0,0.0,false,false,false,ok,17.76,1382.22,1382.22,1.0536249372080029,false,-1572305105
9a,8005839302175,s1000-p400-a04,shrink-only,shrink,1000,400.0,0.4,0.0,false,false,false,ok,21.241,481.801,481.801,0.9816956321970234,false,1576652456
9b,8010134269470,s1000-p100-a0,shrink-only,shrink,1000,100.0,0.0,0.0,false,false,false,ok,14.762,509.333,509.333,1.0237015881119227,false,1556140202
11c,209194992375572,s4000-p100-a04,shrink-only,shrink,4000,100.0,0.4,0.0,false,false,false,ok,59.408,563.819,563.819,1.120396874996895,false,1916526955
19b,210255849297517,s4000-p100-a04,shrink-only,shrink,4000,100.0,0.4,0.0,false,false,false,ok,222.883,188.772,188.772,1.2212284611726953,false,910037442
11a,209186402440982,s1000-p100-a16,shrink-only,shrink,1000,100.0,1.6,0.0,false,false,false,ok,14.532,15.423,15.423,1.034510514136231,false,-1055439248
27b,214117024918506,s4000-p100-a04,shrink-only,shrink,4000,100.0,0.4,0.0,false,false,false,ok,155.15,5.736,5.736,0.9831176621818493,false,1728540501
21c,213322455968595,s1000-p0-a04,shrink-only,shrink,1000,0.0,0.4,0.0,false,false,false,ok,34.829,25.507,25.507,0.6103102157033988,false,-597700708
6a,7606407344060,s1000-p100-a16,shrink-only,shrink,1000,100.0,1.6,0.0,false,false,false,ok,101.891,4.28,4.28,1.0900292881701261,false,-224470636
5a,7473263357851,s1000-p100-a0,shrink-only,shrink,1000,100.0,0.0,0.0,false,false,false,ok,11.068,153.998,153.998,1.0067959609959563,false,414652499
17a,209985266358188,s4000-p100-a04,shrink-only,shrink,4000,100.0,0.4,0.0,false,false,false,ok,425.902,2034.287,2034.287,1.0574258743259797,false,-1125412742
18b,210122705311308,s1000-p0-a04,shrink-only,shrink,1000,0.0,0.4,0.0,false,false,false,ok,100.957,696.531,696.531,1.070215454821325,false,-633376097
21b,213318161001300,s1000-p25-a04,shrink-only,shrink,1000,25.0,0.4,0.0,false,false,false,ok,31.305,13.426,13.426,1.034241035319493,false,405046416
31a,217441329605780,s1000-p100-a04,shrink-only,shrink,1000,100.0,0.4,0.0,false,true,false,ok,177.806,321.214,321.214,1.5799611421263617,false,499229554
2b,7078126366503,s1000-p100-a0,shrink-only,shrink,1000,100.0,0.0,0.0,false,false,false,ok,24.505,121.274,121.274,0.8968942170091445,false,321836810
2b,7078126366503,s250-p100-a04,shrink-only,shrink,250,100.0,0.4,0.0,false,false,false,ok,8.52,120.778,120.778,0.8932259984986928,false,321836810
27c,214121319885801,s1000-p100-a0,shrink-only,shrink,1000,100.0,0.0,0.0,false,false,false,ok,88.143,25.777,25.777,0.9839112926312574,false,-1273730499
8c,7881285250684,s1000-p25-a04,shrink-only,shrink,1000,25.0,0.4,0.0,false,false,false,ok,113.261,4691.532,4691.532,1.0179296733968395,false,-388506810
19a,210251554330222,s1000-p100-a16,shrink-only,shrink,1000,100.0,1.6,0.0,false,false,false,ok,26.431,544.067,544.067,0.9594852572258948,false,-477815540
7c,7748141264475,s1000-p100-a0,shrink-only,shrink,1000,100.0,0.0,0.0,false,false,false,ok,24.917,2190.073,2190.073,1.4673678977405966,false,52935710
8a,7872695316094,s1000-p0-a04,shrink-only,shrink,1000,0.0,0.4,0.0,false,false,false,ok,14.573,82.162,82.162,0.8627018627018628,false,115582433
3b,7211270352856,s1000-p0-a04,shrink-only,shrink,1000,0.0,0.4,0.0,false,false,false,ok,12.668,7.569,7.569,1.0434243176178661,false,129508754
16c,209860712306569,s1000-p100-a04,shrink-only,shrink,1000,100.0,0.4,0.0,false,true,false,ok,53.204,561.41,561.41,1.3925758722047898,false,719404660
11d,209199287342867,s1000-p100-a16,shrink-only,shrink,1000,100.0,1.6,0.0,false,false,false,ok,23.845,223.629,223.629,1.0029285663030998,false,2003817464
30a,217308185619699,s1000-p100-a16,shrink-only,shrink,1000,100.0,1.6,0.0,false,false,false,ok,105.768,902.681,902.681,1.148118988687731,false,-824386529
22a,213447010020214,s1000-p100-a04,shrink-only,shrink,1000,100.0,0.4,0.0,false,true,false,ok,33.116,480.062,480.062,1.018544666432573,false,316133052
19c,210260144264812,s1000-p0-a04,shrink-only,shrink,1000,0.0,0.4,0.0,false,false,false,ok,109.91,935.745,935.745,1.2363515049018312,false,-1142457374
23c,213588743940885,s1000-p100-a0,shrink-only,shrink,1000,100.0,0.0,0.0,false,false,false,ok,45.502,1529.783,1529.783,1.6503261204930535,false,-1576721678
9c,8014429236765,s1000-p100-a04,shrink-only,shrink,1000,100.0,0.4,0.0,false,true,false,ok,215.665,703.078,703.078,1.0570352323528152,false,906638406
21a,213313866034005,s1000-p100-a04,shrink-only,shrink,1000,100.0,0.4,0.0,false,true,false,ok,44.429,40.131,40.131,1.3408286000668226,false,405046416
15d,209731863287703,s1000-p25-a04,shrink-only,shrink,1000,25.0,0.4,0.0,false,false,false,ok,139.414,637.809,637.809,1.265162695484516,false,-704972777
6b,7610702311355,s4000-p100-a04,shrink-only,shrink,4000,100.0,0.4,0.0,false,false,false,ok,273.424,3.839,3.839,0.9199616582794152,false,1482096114
4b,7344414339065,s1000-p0-a04,shrink-only,shrink,1000,0.0,0.4,0.0,false,false,false,ok,8.494,32.865,32.865,1.5073959408324733,false,611794456
23a,213580154006295,s1000-p100-a0,shrink-only,shrink,1000,100.0,0.0,0.0,false,false,false,ok,36.808,413.205,413.205,1.0925467374045983,false,-1576721678
6a,7606407344060,s1000-p25-a04,shrink-only,shrink,1000,25.0,0.4,0.0,false,false,false,ok,12.321,7.933,7.933,2.0203743792181332,false,-224470636
4c,7348709306360,s1000-p0-a04,shrink-only,shrink,1000,0.0,0.4,0.0,false,false,false,ok,11.481,1663.481,1663.481,1.1433499539664937,false,-430037632
14b,209590129366984,s1000-p0-a04,shrink-only,shrink,1000,0.0,0.4,0.0,false,false,false,ok,26.663,39.451,39.451,1.0675271610450408,false,-916921058
8b,7876990283389,s1000-p0-a04,shrink-only,shrink,1000,0.0,0.4,0.0,false,false,false,ok,94.526,160.986,160.986,0.7918798205572171,false,1478161348
19c,210260144264812,s1000-p25-a04,shrink-only,shrink,1000,25.0,0.4,0.0,false,false,false,ok,25.039,717.518,717.518,0.9480194487752028,false,-649799299
15c,209727568320488,s1000-p0-a04,shrink-only,shrink,1000,0.0,0.4,0.0,false,false,false,ok,75.295,852.685,852.685,1.5038589201372843,false,-848300716
27c,214121319885801,s4000-p100-a04,shrink-only,shrink,4000,100.0,0.4,0.0,false,false,false,ok,310.585,29.587,29.587,1.1293394659999616,false,-1273730499
31b,217445624573075,s1000-p25-a04,shrink-only,shrink,1000,25.0,0.4,0.0,false,false,false,ok,228.755,13.019,13.019,1.6022398621623284,false,-744571733
27c,214121319885801,s1000-p25-a04,shrink-only,shrink,1000,25.0,0.4,0.0,false,false,false,ok,127.807,28.808,28.808,1.099604939214077,false,-1273730499
9d,8018724204060,s1000-p25-a04,shrink-only,shrink,1000,25.0,0.4,0.0,false,false,false,ok,253.554,1321.416,1321.416,1.1160933321114508,false,-1708131848
15d,209731863287703,s1000-p0-a04,shrink-only,shrink,1000,0.0,0.4,0.0,false,false,false,ok,21.052,899.474,899.474,1.784203343568748,false,502765013
17e,210002446227368,s1000-p100-a04,shrink-only,shrink,1000,100.0,0.4,0.0,false,true,false,ok,36.665,5332.005,5332.005,1.2950782820894995,false,-1125412742
5a,7473263357851,s4000-p100-a04,shrink-only,shrink,4000,100.0,0.4,0.0,false,false,false,ok,62.296,166.848,166.848,1.0908056760493858,false,414652499
31c,217449919540370,s1000-p100-a04,shrink-only,shrink,1000,100.0,0.4,0.0,false,true,false,ok,299.854,408.723,408.723,1.8040744983017407,false,1346825370
17a,209985266358188,s1000-p25-a04,shrink-only,shrink,1000,25.0,0.4,0.0,false,false,false,ok,158.177,2001.197,2001.197,1.040225635529071,false,-1125412742
22b,213451304987509,s4000-p100-a04,shrink-only,shrink,4000,100.0,0.4,0.0,false,false,false,ok,193.411,138.395,138.395,0.2908188085033953,false,-2145268623
13b,209456985380823,s1000-p100-a0,shrink-only,shrink,1000,100.0,0.0,0.0,false,false,false,ok,48.18,504.887,504.887,1.4994802618292409,false,-2119720580
7c,7748141264475,s1000-p400-a04,shrink-only,shrink,1000,400.0,0.4,0.0,false,false,false,ok,507.55,3134.079,3134.079,2.0998601021897225,false,-1004347469
2d,7086716301093,s1000-p100-a0,shrink-only,shrink,1000,100.0,0.0,0.0,false,false,false,ok,43.161,135.849,135.849,0.9394618368913507,false,321836810
22d,213459894922099,s1000-p100-a0,shrink-only,shrink,1000,100.0,0.0,0.0,false,false,false,ok,62.114,6990.487,6990.487,11.57232239005611,true,1311334790
2d,7086716301093,s1000-p0-a04,shrink-only,shrink,1000,0.0,0.4,0.0,false,false,false,ok,9.921,135.562,135.562,0.9374770924531303,false,321836810
21a,213313866034005,s1000-p100-a16,shrink-only,shrink,1000,100.0,1.6,0.0,false,false,false,ok,37.955,31.369,31.369,1.0480788506515202,false,405046416
23b,213584448973590,s1000-p100-a0,shrink-only,shrink,1000,100.0,0.0,0.0,false,false,false,ok,43.516,158.519,158.519,3.195110152580977,false,-439854755
3c,7215565320135,s1000-p25-a04,shrink-only,shrink,1000,25.0,0.4,0.0,false,false,false,ok,21.161,1288.872,1288.872,0.9824685506425556,false,-1572305105
33a,217707617578838,s4000-p100-a04,shrink-only,shrink,4000,100.0,0.4,0.0,false,false,false,ok,306.782,134.698,134.698,29.244029526704303,true,-2124008857
4b,7344414339065,s1000-p100-a04,shrink-only,shrink,1000,100.0,0.4,0.0,false,true,false,ok,9.854,24.664,24.664,1.131246416695333,false,261415237
11d,209199287342867,s250-p100-a04,shrink-only,shrink,250,100.0,0.4,0.0,false,false,false,ok,8.094,229.773,229.773,1.0304831013203215,false,2003817464
11a,209186402440982,s1000-p100-a0,shrink-only,shrink,1000,100.0,0.0,0.0,false,false,false,ok,21.528,16.158,16.158,1.0838112486165612,false,-1055439248
17e,210002446227368,s1000-p400-a04,shrink-only,shrink,1000,400.0,0.4,0.0,false,false,false,ok,17.837,4584.827,4584.827,1.1135979570232124,false,-1125412742
3c,7215565320135,s1000-p400-a04,shrink-only,shrink,1000,400.0,0.4,0.0,false,false,false,ok,14.212,1349.844,1349.844,1.0289456813970275,false,-1572305105
11c,209194992375572,s250-p100-a04,shrink-only,shrink,250,100.0,0.4,0.0,false,false,false,ok,7.612,634.053,634.053,1.25996286003559,false,1916526955
30a,217308185619699,s250-p100-a04,shrink-only,shrink,250,100.0,0.4,0.0,false,false,false,ok,121.436,969.38,969.38,1.2329533747294035,false,-824386529
17a,209985266358188,s1000-p400-a04,shrink-only,shrink,1000,400.0,0.4,0.0,false,false,false,ok,16.733,1926.763,1926.763,1.0015347145677809,false,-1125412742
1c,6949277347589,s1000-p400-a04,shrink-only,shrink,1000,400.0,0.4,0.0,false,false,false,ok,11.814,1.062,1.062,0.9828782970846831,false,686382736
4b,7344414339065,s1000-p400-a04,shrink-only,shrink,1000,400.0,0.4,0.0,false,false,false,ok,8.108,23.418,23.418,1.074097007223942,false,261415237
33a,217707617578838,s1000-p100-a0,shrink-only,shrink,1000,100.0,0.0,0.0,false,false,false,ok,117.449,7.911,7.911,1.7175423360833695,false,-2124008857
23c,213588743940885,s1000-p400-a04,shrink-only,shrink,1000,400.0,0.4,0.0,false,false,false,ok,70.539,2211.344,2211.344,2.385592443239068,false,1835492322
9c,8014429236765,s250-p100-a04,shrink-only,shrink,250,100.0,0.4,0.0,false,false,false,ok,117.315,1184.081,1184.081,1.7801941391418217,false,659609918
13d,209465575315413,s1000-p400-a04,shrink-only,shrink,1000,400.0,0.4,0.0,false,false,false,ok,91.015,5127.065,5127.065,1.664686352488564,false,-2119720580
8c,7881285250684,s4000-p100-a04,shrink-only,shrink,4000,100.0,0.4,0.0,false,false,false,ok,868.905,5490.825,5490.825,1.1913536343627626,false,737600458
15d,209731863287703,s1000-p100-a0,shrink-only,shrink,1000,100.0,0.0,0.0,false,false,false,ok,221.527,646.25,646.25,1.2819063261209367,false,-704972777
5a,7473263357851,s1000-p0-a04,shrink-only,shrink,1000,0.0,0.4,0.0,false,false,false,ok,42.581,154.62,154.62,1.0108624234678032,false,414652499
31c,217449919540370,s4000-p100-a04,shrink-only,shrink,4000,100.0,0.4,0.0,false,false,false,ok,1543.022,491.626,491.626,2.170002493870155,false,-105956113
32b,217578768559284,s4000-p100-a04,shrink-only,shrink,4000,100.0,0.4,0.0,false,false,false,ok,225.778,150.996,150.996,1.062955375810437,false,1520237401
22d,213459894922099,s4000-p100-a04,shrink-only,shrink,4000,100.0,0.4,0.0,false,false,false,ok,222.326,6873.518,6873.518,11.378687386136859,true,1311334790
32a,217574473591989,s1000-p100-a04,shrink-only,shrink,1000,100.0,0.4,0.0,false,true,false,ok,68.13,0.787,0.787,3.9848101265822784,false,1765267761
2d,7086716301093,s4000-p100-a04,shrink-only,shrink,4000,100.0,0.4,0.0,false,false,false,ok,101.003,143.352,143.352,0.9913487272048297,false,321836810
1c,6949277347589,s1000-p100-a04,shrink-only,shrink,1000,100.0,0.4,0.0,false,true,false,ok,9.754,1.126,1.126,1.0421101341971308,false,686382736
11d,209199287342867,s1000-p25-a04,shrink-only,shrink,1000,25.0,0.4,0.0,false,false,false,ok,42.52,209.298,209.298,0.9386570752009185,false,2003817464
3c,7215565320135,s1000-p0-a04,shrink-only,shrink,1000,0.0,0.4,0.0,false,false,false,ok,21.145,1506.797,1506.797,1.148586255813262,false,-1572305105
27a,214112729951211,s4000-p100-a04,shrink-only,shrink,4000,100.0,0.4,0.0,false,false,false,ok,301.718,20.347,20.347,1.156539532768715,false,-1953543145
23a,213580154006295,s1000-p0-a04,shrink-only,shrink,1000,0.0,0.4,0.0,false,false,false,ok,80.996,364.473,364.473,0.9636954708245694,false,-1576721678
32b,217578768559284,s1000-p25-a04,shrink-only,shrink,1000,25.0,0.4,0.0,false,false,false,ok,55.564,142.682,142.682,1.0044279247886352,false,1520237401
30c,217316775554289,s1000-p0-a04,shrink-only,shrink,1000,0.0,0.4,0.0,false,false,false,ok,340.744,1768.569,1768.569,2.214018440044817,false,-1451103391
29a,214379017923501,s4000-p100-a04,shrink-only,shrink,4000,100.0,0.4,0.0,false,false,false,ok,2154.684,28.997,28.997,1.1338025415444768,false,77915294
22b,213451304987509,s1000-p400-a04,shrink-only,shrink,1000,400.0,0.4,0.0,false,false,false,ok,60.698,488.931,488.931,1.0274239015887392,false,316133052
8c,7881285250684,s1000-p100-a0,shrink-only,shrink,1000,100.0,0.0,0.0,false,false,false,ok,169.257,4390.387,4390.387,0.95258973081623,false,-388506810
4b,7344414339065,s250-p100-a04,shrink-only,shrink,250,100.0,0.4,0.0,false,false,false,ok,5.314,47.307,47.307,2.1697970416236667,false,261415237
33b,217711912546133,s1000-p100-a0,shrink-only,shrink,1000,100.0,0.0,0.0,false,false,false,ok,149.811,3.925,3.925,0.9835860167898759,false,-397240962
29a,214379017923501,s1000-p25-a04,shrink-only,shrink,1000,25.0,0.4,0.0,false,false,false,ok,1141.246,39.979,39.979,1.5632062561094817,false,-858518681
27c,214121319885801,s1000-p0-a04,shrink-only,shrink,1000,0.0,0.4,0.0,false,false,false,ok,170.535,21.248,21.248,0.8110387999312937,false,2087529319
15a,209718978385898,s1000-p400-a04,shrink-only,shrink,1000,400.0,0.4,0.0,false,false,false,ok,78.65,1046.361,1046.361,2.3367095250590397,false,196157638
5b,7477558325146,s250-p100-a04,shrink-only,shrink,250,100.0,0.4,0.0,false,false,false,ok,10.478,255.94,255.94,0.9743729334929752,false,-1512145598
21a,213313866034005,s1000-p25-a04,shrink-only,shrink,1000,25.0,0.4,0.0,false,false,false,ok,41.298,105.667,105.667,3.5304710992315402,false,405046416
17a,209985266358188,s1000-p0-a04,shrink-only,shrink,1000,0.0,0.4,0.0,false,false,false,ok,40.229,7861.787,7861.787,4.086570376864041,false,-1125412742
32a,217574473591989,s250-p100-a04,shrink-only,shrink,250,100.0,0.4,0.0,false,false,false,ok,21.287,0.263,0.263,1.3316455696202532,false,-1917286155
8a,7872695316094,s1000-p100-a16,shrink-only,shrink,1000,100.0,1.6,0.0,false,false,false,ok,142.052,162.916,162.916,1.7106197106197105,false,-1762716238
13a,209452690413352,s4000-p100-a04,shrink-only,shrink,4000,100.0,0.4,0.0,false,false,false,ok,236.176,1642.013,1642.013,2.1526070985655514,false,1188104532
21c,213322455968595,s1000-p100-a16,shrink-only,shrink,1000,100.0,1.6,0.0,false,false,false,ok,152.533,58.298,58.298,1.3949059064208549,false,405046416
27c,214121319885801,s1000-p100-a16,shrink-only,shrink,1000,100.0,1.6,0.0,false,false,false,ok,265.396,27.637,27.637,1.0549077237246407,false,-1093302568
23b,213584448973590,s1000-p100-a04,shrink-only,shrink,1000,100.0,0.4,0.0,false,true,false,ok,45.755,121.725,121.725,2.4534900126982846,false,2055054090
22b,213451304987509,s1000-p0-a04,shrink-only,shrink,1000,0.0,0.4,0.0,false,false,false,ok,35.841,130.405,130.405,0.27402887909884943,false,-2145268623
27b,214117024918506,s1000-p400-a04,shrink-only,shrink,1000,400.0,0.4,0.0,false,false,false,ok,84.298,6.196,6.196,1.0619590367640757,false,-1505844372
14b,209590129366984,s1000-p400-a04,shrink-only,shrink,1000,400.0,0.4,0.0,false,false,false,ok,33.304,39.63,39.63,1.0723708243698502,false,1297441228
17e,210002446227368,s4000-p100-a04,shrink-only,shrink,4000,100.0,0.4,0.0,false,false,false,ok,729.567,4575.229,4575.229,1.1112667211463716,false,-1125412742
28a,214245873937292,s1000-p100-a04,shrink-only,shrink,1000,100.0,0.4,0.0,false,true,false,ok,141.173,495.799,495.799,0.9306156847913102,false,-937872645
23c,213588743940885,s1000-p0-a04,shrink-only,shrink,1000,0.0,0.4,0.0,false,false,false,ok,37.297,1832.314,1832.314,1.9766958157759036,false,-1576721678
30a,217308185619699,s1000-p0-a04,shrink-only,shrink,1000,0.0,0.4,0.0,false,false,false,ok,333.847,992.883,992.883,1.2628468150379153,false,-358644662
7c,7748141264475,s1000-p100-a16,shrink-only,shrink,1000,100.0,1.6,0.0,false,false,false,ok,491.386,4158.115,4158.115,2.7859731004919204,false,-1004347469
8b,7876990283389,s1000-p25-a04,shrink-only,shrink,1000,25.0,0.4,0.0,false,false,false,ok,117.26,243.772,243.772,1.1990988509365654,false,-1987159524
32a,217574473591989,s4000-p100-a04,shrink-only,shrink,4000,100.0,0.4,0.0,false,false,false,ok,239.835,0.292,0.292,1.4784810126582277,false,1765267761
21c,213322455968595,s1000-p400-a04,shrink-only,shrink,1000,400.0,0.4,0.0,false,false,false,ok,38.476,44.354,44.354,1.061265507794274,false,405046416
15c,209727568320488,s1000-p25-a04,shrink-only,shrink,1000,25.0,0.4,0.0,false,false,false,ok,117.598,764.55,764.55,1.3484174547352898,false,592161665
25c,213855031913431,s250-p100-a04,shrink-only,shrink,250,100.0,0.4,0.0,false,false,false,ok,65.439,1011.644,1011.644,1.139216287967298,false,674462572
17a,209985266358188,s1000-p100-a04,shrink-only,shrink,1000,100.0,0.4,0.0,false,true,false,ok,16.867,2046.333,2046.333,1.0636874058021828,false,-1125412742
30a,217308185619699,s4000-p100-a04,shrink-only,shrink,4000,100.0,0.4,0.0,false,false,false,ok,838.651,557.713,557.713,0.7093545621742349,false,1824803898
8d,7885580217979,s1000-p0-a04,shrink-only,shrink,1000,0.0,0.4,0.0,false,false,false,ok,166.538,740.853,740.853,1.2230837235678536,false,-1012298996
24a,213713297992456,s1000-p100-a0,shrink-only,shrink,1000,100.0,0.0,0.0,false,false,false,ok,526.418,287.756,287.756,2.043612733696713,false,499733213
4a,7340119371770,s1000-p400-a04,shrink-only,shrink,1000,400.0,0.4,0.0,false,false,false,ok,19.366,1013.417,1013.417,1.338339807677959,false,-1509295857
23a,213580154006295,s4000-p100-a04,shrink-only,shrink,4000,100.0,0.4,0.0,false,false,false,ok,114.109,364.316,364.316,0.9632803503933729,false,-1576721678
2d,7086716301093,s1000-p100-a16,shrink-only,shrink,1000,100.0,1.6,0.0,false,false,false,ok,34.867,135.0,135.0,0.9335905894068587,false,321836810
19c,210260144264812,s1000-p100-a0,shrink-only,shrink,1000,100.0,0.0,0.0,false,false,false,ok,115.852,1564.894,1564.894,2.0676135612927093,false,-649799299
31b,217445624573075,s1000-p100-a0,shrink-only,shrink,1000,100.0,0.0,0.0,false,false,false,ok,201.848,9.006,9.006,1.1083625623038582,false,-744571733
21b,213318161001300,s250-p100-a04,shrink-only,shrink,250,100.0,0.4,0.0,false,false,false,ok,14.274,12.709,12.709,0.9790085891460925,false,405046416
10a,209053258454901,s250-p100-a04,shrink-only,shrink,250,100.0,0.4,0.0,false,false,false,ok,88.072,541.393,541.393,1.7151659826295222,false,1718403736
16d,209865007273864,s1000-p100-a04,shrink-only,shrink,1000,100.0,0.4,0.0,false,true,false,ok,184.269,319.204,319.204,1.0640328406020776,false,719404660
7c,7748141264475,s1000-p100-a04,shrink-only,shrink,1000,100.0,0.4,0.0,false,true,false,ok,27.55,1519.945,1519.945,1.0183763277896816,false,-1004347469
28c,214254463871882,s1000-p400-a04,shrink-only,shrink,1000,400.0,0.4,0.0,false,false,false,ok,130.612,568.426,568.426,1.1322967700939124,false,-676166940
13d,209465575315413,s1000-p100-a0,shrink-only,shrink,1000,100.0,0.0,0.0,false,false,false,ok,36.492,4560.889,4560.889,1.4808569178497277,false,-2119720580
31c,217449919540370,s1000-p100-a0,shrink-only,shrink,1000,100.0,0.0,0.0,false,false,false,ok,262.231,346.857,346.857,1.5310023371756591,false,1346825370
29b,214383312890796,s1000-p100-a04,shrink-only,shrink,1000,100.0,0.4,0.0,false,true,false,ok,835.609,2.73,2.73,1.0178970917225951,false,-665152500
13c,209461280348118,s250-p100-a04,shrink-only,shrink,250,100.0,0.4,0.0,false,false,false,ok,14.59,705.226,705.226,1.4990216969651882,false,876197618
30c,217316775554289,s1000-p400-a04,shrink-only,shrink,1000,400.0,0.4,0.0,false,false,false,ok,175.828,836.596,836.596,1.0473094184438003,false,-804478301
27a,214112729951211,s1000-p25-a04,shrink-only,shrink,1000,25.0,0.4,0.0,false,false,false,ok,87.632,17.646,17.646,1.003012561814358,false,-1953543145
29b,214383312890796,s1000-p0-a04,shrink-only,shrink,1000,0.0,0.4,0.0,false,false,false,ok,699.149,4.783,4.783,1.783370618941089,false,-452640197
33b,217711912546133,s1000-p100-a16,shrink-only,shrink,1000,100.0,1.6,0.0,false,false,false,ok,86.704,3.732,3.732,0.9352211502318006,false,-1989803960
24b,213717592959799,s1000-p25-a04,shrink-only,shrink,1000,25.0,0.4,0.0,false,false,false,ok,398.495,4.566,4.566,2.5673320213663198,false,644596804
15a,209718978385898,s1000-p100-a16,shrink-only,shrink,1000,100.0,1.6,0.0,false,false,false,ok,22.903,431.716,431.716,0.9640983267919851,false,196157638
31c,217449919540370,s1000-p0-a04,shrink-only,shrink,1000,0.0,0.4,0.0,false,false,false,ok,67.156,194.373,194.373,0.8579487145533875,false,-105956113
2b,7078126366503,s1000-p100-a04,shrink-only,shrink,1000,100.0,0.4,0.0,false,true,false,ok,19.821,125.657,125.657,0.9293091398545283,false,321836810
16d,209865007273864,s1000-p0-a04,shrink-only,shrink,1000,0.0,0.4,0.0,false,false,false,ok,20.658,320.854,320.854,1.0695329414372596,false,719404660
5a,7473263357851,s250-p100-a04,shrink-only,shrink,250,100.0,0.4,0.0,false,false,false,ok,5.195,157.794,157.794,1.0316131499720511,false,414652499
29b,214383312890796,s250-p100-a04,shrink-only,shrink,250,100.0,0.4,0.0,false,false,false,ok,720.559,2.471,2.471,0.9213273676360926,false,256639789
14b,209590129366984,s4000-p100-a04,shrink-only,shrink,4000,100.0,0.4,0.0,false,false,false,ok,115.279,36.584,36.584,0.9899473691331467,false,1297441228
29c,214387607858091,s1000-p100-a16,shrink-only,shrink,1000,100.0,1.6,0.0,false,false,false,ok,1222.814,99.092,99.092,1.517999938723613,false,2081534655
30b,217312480586994,s1000-p100-a0,shrink-only,shrink,1000,100.0,0.0,0.0,false,false,false,ok,164.686,36.39,36.39,1.0315210612846533,false,1910947129
15a,209718978385898,s4000-p100-a04,shrink-only,shrink,4000,100.0,0.4,0.0,false,false,false,ok,142.111,458.208,458.208,1.0232596570956414,false,-93948010
27c,214121319885801,s250-p100-a04,shrink-only,shrink,250,100.0,0.4,0.0,false,false,false,ok,68.638,26.545,26.545,1.0132259480504608,false,-1093302568
3b,7211270352856,s1000-p25-a04,shrink-only,shrink,1000,25.0,0.4,0.0,false,false,false,ok,12.37,6.923,6.923,0.9543700027570996,false,129508754
32b,217578768559284,s250-p100-a04,shrink-only,shrink,250,100.0,0.4,0.0,false,false,false,ok,15.264,50.914,50.914,0.3584155209675262,false,-239234728
14b,209590129366984,s250-p100-a04,shrink-only,shrink,250,100.0,0.4,0.0,false,false,false,ok,36.927,36.521,36.521,0.9882426161193868,false,1297441228
24a,213713297992456,s1000-p100-a04,shrink-only,shrink,1000,100.0,0.4,0.0,false,true,false,ok,61.797,147.478,147.478,1.0473731867975782,false,941138625
24a,213713297992456,s250-p100-a04,shrink-only,shrink,250,100.0,0.4,0.0,false,false,false,ok,109.686,127.837,127.837,0.9078848782912842,false,672276191
4a,7340119371770,s1000-p100-a0,shrink-only,shrink,1000,100.0,0.0,0.0,false,false,false,ok,8.212,756.999,756.999,0.9997088030617279,false,1427000343
9b,8010134269470,s1000-p0-a04,shrink-only,shrink,1000,0.0,0.4,0.0,false,false,false,ok,285.542,518.351,518.351,1.0418267457624053,false,1524708452
4a,7340119371770,s1000-p100-a16,shrink-only,shrink,1000,100.0,1.6,0.0,false,false,false,ok,5.811,731.681,731.681,0.9662733196913181,false,-1509295857
26c,213988175899592,s1000-p100-a04,shrink-only,shrink,1000,100.0,0.4,0.0,false,true,false,ok,206.675,1335.556,1335.556,3.8771836366776933,false,-321495561
1c,6949277347589,s1000-p25-a04,shrink-only,shrink,1000,25.0,0.4,0.0,false,false,false,ok,7.749,1.038,1.038,0.9606663581675151,false,686382736
6b,7610702311355,s1000-p100-a16,shrink-only,shrink,1000,100.0,1.6,0.0,false,false,false,ok,84.128,4.475,4.475,1.0723699976036423,false,1482096114
29a,214379017923501,s1000-p0-a04,shrink-only,shrink,1000,0.0,0.4,0.0,false,false,false,ok,699.726,61.479,61.479,2.403870967741935,false,1698827784
6f,7627882180519,s1000-p25-a04,shrink-only,shrink,1000,25.0,0.4,0.0,false,false,false,ok,125.598,2559.185,2559.185,1.451371373074442,false,1250717231
21b,213318161001300,s1000-p100-a0,shrink-only,shrink,1000,100.0,0.0,0.0,false,false,false,ok,29.488,12.864,12.864,0.9909486577051959,false,405046416
11b,209190697408277,s1000-p100-a0,shrink-only,shrink,1000,100.0,0.0,0.0,false,false,false,ok,12.997,1.893,1.893,0.9621346886912325,false,898037380
21b,213318161001300,s4000-p100-a04,shrink-only,shrink,4000,100.0,0.4,0.0,false,false,false,ok,57.271,12.338,12.338,0.9504294573046257,false,405046416
31c,217449919540370,s250-p100-a04,shrink-only,shrink,250,100.0,0.4,0.0,false,false,false,ok,68.801,216.291,216.291,0.9546932208664102,false,1982821986
4a,7340119371770,s1000-p0-a04,shrink-only,shrink,1000,0.0,0.4,0.0,false,false,false,ok,7.812,764.075,764.075,1.0090535175071431,false,-1202259619
9b,8010134269470,s1000-p100-a16,shrink-only,shrink,1000,100.0,1.6,0.0,false,false,false,ok,14.692,700.144,700.144,1.4072100663162095,false,140277402
29c,214387607858091,s1000-p25-a04,shrink-only,shrink,1000,25.0,0.4,0.0,false,false,false,ok,811.861,58.346,58.346,0.8938080210790772,false,1216159973
19d,210264439232107,s1000-p0-a04,shrink-only,shrink,1000,0.0,0.4,0.0,false,false,false,ok,133.386,5912.152,5912.152,1.0180778213694757,false,-1211980585
27a,214112729951211,s1000-p100-a04,shrink-only,shrink,1000,100.0,0.4,0.0,false,true,false,ok,75.16,18.205,18.205,1.0347865628374922,false,-1953543145
6f,7627882180519,s4000-p100-a04,shrink-only,shrink,4000,100.0,0.4,0.0,false,false,false,ok,526.733,1774.16,1774.16,1.0061660392874108,false,1250717231
31c,217449919540370,s1000-p100-a16,shrink-only,shrink,1000,100.0,1.6,0.0,false,false,false,ok,76.29,327.636,327.636,1.446162198666552,false,1982821986
16c,209860712306569,s1000-p400-a04,shrink-only,shrink,1000,400.0,0.4,0.0,false,false,false,ok,157.003,358.792,358.792,0.8899825124955041,false,719404660
9c,8014429236765,s1000-p0-a04,shrink-only,shrink,1000,0.0,0.4,0.0,false,false,false,ok,233.642,710.967,710.967,1.0688958665186281,false,-294239528
15c,209727568320488,s4000-p100-a04,shrink-only,shrink,4000,100.0,0.4,0.0,false,false,false,ok,204.175,616.528,616.528,1.0873548054843227,false,592161665
13c,209461280348118,s1000-p0-a04,shrink-only,shrink,1000,0.0,0.4,0.0,false,false,false,ok,24.667,463.371,463.371,0.9849370028110934,false,876197618
9c,8014429236765,s1000-p100-a0,shrink-only,shrink,1000,100.0,0.0,0.0,false,false,false,ok,13.817,739.351,739.351,1.1115694931078577,false,906638406
29a,214379017923501,s1000-p100-a0,shrink-only,shrink,1000,100.0,0.0,0.0,false,false,false,ok,642.673,25.343,25.343,0.9909286412512218,false,-858518681
9b,8010134269470,s1000-p100-a04,shrink-only,shrink,1000,100.0,0.4,0.0,false,true,false,ok,16.155,456.055,456.055,0.9166188481138722,false,140277402
5a,7473263357851,s1000-p100-a16,shrink-only,shrink,1000,100.0,1.6,0.0,false,false,false,ok,12.34,158.866,158.866,1.0386215869010222,false,414652499
11b,209190697408277,s1000-p100-a04,shrink-only,shrink,1000,100.0,0.4,0.0,false,true,false,ok,10.685,2.038,2.038,1.0358322744599744,false,898037380
23b,213584448973590,s4000-p100-a04,shrink-only,shrink,4000,100.0,0.4,0.0,false,false,false,ok,87.006,77.762,77.762,1.5673714550621813,false,-439854755
11d,209199287342867,s1000-p400-a04,shrink-only,shrink,1000,400.0,0.4,0.0,false,false,false,ok,20.117,210.945,210.945,0.9460435203788748,false,2003817464
9d,8018724204060,s250-p100-a04,shrink-only,shrink,250,100.0,0.4,0.0,false,false,false,ok,57.349,1431.451,1431.451,1.2090310063933452,false,969253244
2b,7078126366503,s1000-p100-a16,shrink-only,shrink,1000,100.0,1.6,0.0,false,false,false,ok,9.173,122.553,122.553,0.906353191756862,false,321836810
30b,217312480586994,s250-p100-a04,shrink-only,shrink,250,100.0,0.4,0.0,false,false,false,ok,103.289,38.003,38.003,1.0772436079142806,false,-119349660
13c,209461280348118,s1000-p100-a04,shrink-only,shrink,1000,100.0,0.4,0.0,false,true,false,ok,14.155,602.468,602.468,1.2806002667616097,false,876197618
21a,213313866034005,s1000-p0-a04,shrink-only,shrink,1000,0.0,0.4,0.0,false,false,false,ok,45.843,17.81,17.81,0.5950551286334781,false,-597700708
29b,214383312890796,s4000-p100-a04,shrink-only,shrink,4000,100.0,0.4,0.0,false,false,false,ok,1397.519,2.845,2.845,1.0607755406413126,false,-665152500
6b,7610702311355,s1000-p100-a0,shrink-only,shrink,1000,100.0,0.0,0.0,false,false,false,ok,12.387,4.163,4.163,0.9976036424634556,false,1482096114
5b,7477558325146,s1000-p100-a16,shrink-only,shrink,1000,100.0,1.6,0.0,false,false,false,ok,10.52,232.834,232.834,0.8864075470692482,false,-1512145598
28c,214254463871882,s1000-p100-a16,shrink-only,shrink,1000,100.0,1.6,0.0,false,false,false,ok,120.694,478.609,478.609,0.9533825420333997,false,-676166940
24b,213717592959799,s1000-p100-a04,shrink-only,shrink,1000,100.0,0.4,0.0,false,true,false,ok,58.192,1.688,1.688,0.9491144222659544,false,-870534348
2b,7078126366503,s4000-p100-a04,shrink-only,shrink,4000,100.0,0.4,0.0,false,false,false,ok,62.056,146.059,146.059,1.0801942085042024,false,321836810
11b,209190697408277,s1000-p0-a04,shrink-only,shrink,1000,0.0,0.4,0.0,false,false,false,ok,10.335,1.837,1.837,0.9336721728081321,false,-861283655
16d,209865007273864,s250-p100-a04,shrink-only,shrink,250,100.0,0.4,0.0,false,false,false,ok,38.442,323.039,323.039,1.0768164083008187,false,719404660
13d,209465575315413,s1000-p0-a04,shrink-only,shrink,1000,0.0,0.4,0.0,false,false,false,ok,16.914,2798.205,2798.205,0.9085380573418247,false,-2119720580
9c,8014429236765,s1000-p400-a04,shrink-only,shrink,1000,400.0,0.4,0.0,false,false,false,ok,19.123,754.089,754.089,1.1337271843660335,false,659609918
11d,209199287342867,s4000-p100-a04,shrink-only,shrink,4000,100.0,0.4,0.0,false,false,false,ok,60.917,204.046,204.046,0.9151029707233065,false,2003817464
2d,7086716301093,s1000-p400-a04,shrink-only,shrink,1000,400.0,0.4,0.0,false,false,false,ok,9.058,135.095,135.095,0.9342475605623672,false,321836810
28b,214250168904587,s1000-p100-a04,shrink-only,shrink,1000,100.0,0.4,0.0,false,true,false,ok,160.082,116.525,116.525,1.0703918722786647,false,-2038163606
29a,214379017923501,s1000-p400-a04,shrink-only,shrink,1000,400.0,0.4,0.0,false,false,false,ok,640.982,26.741,26.741,1.0455913978494622,false,-858518681
6b,7610702311355,s1000-p25-a04,shrink-only,shrink,1000,25.0,0.4,0.0,false,false,false,ok,10.191,3.935,3.935,0.9429666906302421,false,1482096114
11c,209194992375572,s1000-p100-a0,shrink-only,shrink,1000,100.0,0.0,0.0,false,false,false,ok,15.278,356.232,356.232,0.7078889139491468,false,212006990
16d,209865007273864,s4000-p100-a04,shrink-only,shrink,4000,100.0,0.4,0.0,false,false,false,ok,549.176,277.926,277.926,0.9264369846780524,false,719404660
15d,209731863287703,s1000-p400-a04,shrink-only,shrink,1000,400.0,0.4,0.0,false,false,false,ok,106.564,571.866,571.866,1.1343576682297494,false,-704972777
21b,213318161001300,s1000-p100-a04,shrink-only,shrink,1000,100.0,0.4,0.0,false,true,false,ok,24.23,12.456,12.456,0.9595193159496206,false,405046416
23b,213584448973590,s1000-p0-a04,shrink-only,shrink,1000,0.0,0.4,0.0,false,false,false,ok,28.396,43.758,43.758,0.8819865760990063,false,-439854755
32b,217578768559284,s1000-p100-a0,shrink-only,shrink,1000,100.0,0.0,0.0,false,false,false,ok,15.317,140.602,140.602,0.9897855025941023,false,1520237401
26c,213988175899592,s250-p100-a04,shrink-only,shrink,250,100.0,0.4,0.0,false,false,false,ok,52.111,309.851,309.851,0.8995124330303034,false,-321495561
33a,217707617578838,s1000-p25-a04,shrink-only,shrink,1000,25.0,0.4,0.0,false,false,false,ok,125.586,7.334,7.334,1.5922709509335649,false,-2124008857
31b,217445624573075,s1000-p0-a04,shrink-only,shrink,1000,0.0,0.4,0.0,false,false,false,ok,60.167,10.238,10.238,1.2599840009845547,false,446546678
30a,217308185619699,s1000-p100-a0,shrink-only,shrink,1000,100.0,0.0,0.0,false,false,false,ok,166.444,830.556,830.556,1.0563832791080427,false,1041678136
4c,7348709306360,s250-p100-a04,shrink-only,shrink,250,100.0,0.4,0.0,false,false,false,ok,4.427,1408.821,1408.821,0.9683160946815921,false,-430037632
10a,209053258454901,s4000-p100-a04,shrink-only,shrink,4000,100.0,0.4,0.0,false,false,false,ok,661.18,457.349,457.349,1.448909474244457,false,1718403736
15a,209718978385898,s1000-p100-a04,shrink-only,shrink,1000,100.0,0.4,0.0,false,true,false,ok,18.075,421.192,421.192,0.9405963699704663,false,-874818637
8b,7876990283389,s1000-p100-a0,shrink-only,shrink,1000,100.0,0.0,0.0,false,false,false,ok,13.666,156.983,156.983,0.7721893200062963,false,-1987159524
6f,7627882180519,s250-p100-a04,shrink-only,shrink,250,100.0,0.4,0.0,false,false,false,ok,30.252,1966.144,1966.144,1.1150444836704168,false,1250717231
13c,209461280348118,s4000-p100-a04,shrink-only,shrink,4000,100.0,0.4,0.0,false,false,false,ok,99.356,491.41,491.41,1.0445364352784259,false,876197618
19a,210251554330222,s1000-p0-a04,shrink-only,shrink,1000,0.0,0.4,0.0,false,false,false,ok,82.79,461.319,461.319,0.8135556454962213,false,-637633703
6a,7606407344060,s1000-p100-a04,shrink-only,shrink,1000,100.0,0.4,0.0,false,true,false,ok,81.31,4.007,4.007,1.0205017190882464,false,-224470636
22a,213447010020214,s1000-p100-a16,shrink-only,shrink,1000,100.0,1.6,0.0,false,false,false,ok,37.939,459.124,459.124,0.9741206373993124,false,316133052
19c,210260144264812,s1000-p400-a04,shrink-only,shrink,1000,400.0,0.4,0.0,false,false,false,ok,27.109,693.73,693.73,0.9165895938482679,false,1055693188
18b,210122705311308,s1000-p25-a04,shrink-only,shrink,1000,25.0,0.4,0.0,false,false,false,ok,76.253,662.358,662.358,1.0177088575017381,false,-633376097
30b,217312480586994,s1000-p400-a04,shrink-only,shrink,1000,400.0,0.4,0.0,false,false,false,ok,76.068,35.837,35.837,1.0158455694767277,false,-119349660
33b,217711912546133,s250-p100-a04,shrink-only,shrink,250,100.0,0.4,0.0,false,false,false,ok,72.708,3.842,3.842,0.9627866182182684,false,-1989803960
18a,210118410344013,s1000-p25-a04,shrink-only,shrink,1000,25.0,0.4,0.0,false,false,false,ok,94.661,1547.281,1547.281,1.5798044338802935,false,-1701613315
11a,209186402440982,s250-p100-a04,shrink-only,shrink,250,100.0,0.4,0.0,false,false,false,ok,7.079,14.433,14.433,0.9681054432035416,false,-1055439248
32b,217578768559284,s1000-p400-a04,shrink-only,shrink,1000,400.0,0.4,0.0,false,false,false,ok,12.769,60.131,60.131,0.4232997543170507,false,-888812919
15b,209723273353193,s1000-p100-a0,shrink-only,shrink,1000,100.0,0.0,0.0,false,false,false,ok,37.78,22.751,22.751,2.622442510518126,false,-347771581
19d,210264439232107,s1000-p100-a0,shrink-only,shrink,1000,100.0,0.0,0.0,false,false,false,ok,30.92,5629.373,5629.373,0.9693830266062424,false,-1211980585
32a,217574473591989,s1000-p25-a04,shrink-only,shrink,1000,25.0,0.4,0.0,false,false,false,ok,23.572,0.243,0.243,1.230379746835443,false,1765267761
30c,217316775554289,s1000-p100-a16,shrink-only,shrink,1000,100.0,1.6,0.0,false,false,false,ok,156.336,857.57,857.57,1.0735661394207598,false,-804478301
28a,214245873937292,s4000-p100-a04,shrink-only,shrink,4000,100.0,0.4,0.0,false,false,false,ok,235.729,991.108,991.108,1.8603116386320784,false,96586315
13b,209456985380823,s4000-p100-a04,shrink-only,shrink,4000,100.0,0.4,0.0,false,false,false,ok,89.952,332.572,332.572,0.9877163595756562,false,-2119720580
9a,8005839302175,s1000-p0-a04,shrink-only,shrink,1000,0.0,0.4,0.0,false,false,false,ok,168.683,470.079,470.079,0.9578114223248697,false,403009818
31a,217441329605780,s1000-p25-a04,shrink-only,shrink,1000,25.0,0.4,0.0,false,false,false,ok,177.217,201.45,201.45,0.9908757777723124,false,2133672151
27b,214117024918506,s1000-p100-a16,shrink-only,shrink,1000,100.0,1.6,0.0,false,false,false,ok,77.655,5.952,5.952,1.0201388293769817,false,-1505844372
15c,209727568320488,s1000-p100-a04,shrink-only,shrink,1000,100.0,0.4,0.0,false,true,false,ok,36.164,545.436,545.436,0.9619716471663039,false,592161665
32a,217574473591989,s1000-p400-a04,shrink-only,shrink,1000,400.0,0.4,0.0,false,false,false,ok,8.094,0.235,0.235,1.1898734177215189,false,1765267761
31a,217441329605780,s1000-p0-a04,shrink-only,shrink,1000,0.0,0.4,0.0,false,false,false,ok,57.174,200.312,200.312,0.9852782764811491,false,2133672151
13c,209461280348118,s1000-p100-a16,shrink-only,shrink,1000,100.0,1.6,0.0,false,false,false,ok,13.735,463.255,463.255,0.9846904343112821,false,876197618
33a,217707617578838,s1000-p100-a04,shrink-only,shrink,1000,100.0,0.4,0.0,false,true,false,ok,83.244,4.18,4.18,0.9075119409465914,false,1253926702
30b,217312480586994,s1000-p100-a04,shrink-only,shrink,1000,100.0,0.4,0.0,false,true,false,ok,77.067,35.429,35.429,1.0042802879981858,false,-1031970200
7c,7748141264475,s1000-p25-a04,shrink-only,shrink,1000,25.0,0.4,0.0,false,false,false,ok,50.84,4533.507,4533.507,3.0374889951075965,false,1552020490
31b,217445624573075,s4000-p100-a04,shrink-only,shrink,4000,100.0,0.4,0.0,false,false,false,ok,319.418,7.846,7.846,0.9656021167928127,false,-744571733
23a,213580154006295,s1000-p100-a04,shrink-only,shrink,1000,100.0,0.4,0.0,false,true,false,ok,24.952,370.108,370.108,0.9785948570015879,false,1835492322
25c,213855031913431,s4000-p100-a04,shrink-only,shrink,4000,100.0,0.4,0.0,false,false,false,ok,388.281,1016.177,1016.177,1.1443209170990438,false,35421457
8b,7876990283389,s1000-p100-a04,shrink-only,shrink,1000,100.0,0.4,0.0,false,true,false,ok,10.767,145.1,145.1,0.7137376042814418,false,798450042
33a,217707617578838,s1000-p0-a04,shrink-only,shrink,1000,0.0,0.4,0.0,false,false,false,ok,91.528,7.768,7.768,1.686495874945723,false,-2124008857
13b,209456985380823,s1000-p100-a04,shrink-only,shrink,1000,100.0,0.4,0.0,false,true,false,ok,24.335,340.891,340.891,1.012423227247348,false,-2119720580
3b,7211270352856,s1000-p100-a04,shrink-only,shrink,1000,100.0,0.4,0.0,false,true,false,ok,15.884,7.561,7.561,1.042321477805349,false,129508754
22d,213459894922099,s1000-p400-a04,shrink-only,shrink,1000,400.0,0.4,0.0,false,false,false,ok,48.809,634.777,634.777,1.0508343824675803,false,-438265046
28c,214254463871882,s250-p100-a04,shrink-only,shrink,250,100.0,0.4,0.0,false,false,false,ok,92.859,371.046,371.046,0.7391185261692212,false,-676166940
18b,210122705311308,s1000-p100-a0,shrink-only,shrink,1000,100.0,0.0,0.0,false,false,false,ok,24.27,441.985,441.985,0.6791071435430776,false,-633376097
32a,217574473591989,s1000-p100-a0,shrink-only,shrink,1000,100.0,0.0,0.0,false,false,false,ok,8.167,0.248,0.248,1.2556962025316456,false,1765267761
8b,7876990283389,s1000-p100-a16,shrink-only,shrink,1000,100.0,1.6,0.0,false,false,false,ok,8.055,164.007,164.007,0.8067399260192036,false,-1718178947
16d,209865007273864,s1000-p100-a16,shrink-only,shrink,1000,100.0,1.6,0.0,false,false,false,ok,132.497,421.178,421.178,1.4039524057941062,false,719404660
28b,214250168904587,s250-p100-a04,shrink-only,shrink,250,100.0,0.4,0.0,false,false,false,ok,89.658,273.613,273.613,2.5133931031948706,false,513417771
9c,8014429236765,s1000-p100-a16,shrink-only,shrink,1000,100.0,1.6,0.0,false,false,false,ok,21.568,660.946,660.946,0.9936923196041746,false,659609918
1c,6949277347589,s250-p100-a04,shrink-only,shrink,250,100.0,0.4,0.0,false,false,false,ok,4.234,1.021,1.021,0.9449329014345209,false,686382736
11b,209190697408277,s1000-p400-a04,shrink-only,shrink,1000,400.0,0.4,0.0,false,false,false,ok,11.576,1.967,1.967,0.999745870393901,false,898037380
28c,214254463871882,s1000-p100-a04,shrink-only,shrink,1000,100.0,0.4,0.0,false,true,false,ok,129.569,516.455,516.455,1.0287712532481827,false,-1613403286
1c,6949277347589,s1000-p100-a0,shrink-only,shrink,1000,100.0,0.0,0.0,false,false,false,ok,7.645,1.099,1.099,1.017121702915317,false,686382736
31b,217445624573075,s1000-p100-a04,shrink-only,shrink,1000,100.0,0.4,0.0,false,true,false,ok,64.386,8.571,8.571,1.054827395237216,false,-536655723
21a,213313866034005,s4000-p100-a04,shrink-only,shrink,4000,100.0,0.4,0.0,false,false,false,ok,125.788,39.323,39.323,1.3138322753090546,false,405046416
5b,7477558325146,s1000-p0-a04,shrink-only,shrink,1000,0.0,0.4,0.0,false,false,false,ok,7.354,217.779,217.779,0.8290926118745278,false,-1512145598
14b,209590129366984,s1000-p25-a04,shrink-only,shrink,1000,25.0,0.4,0.0,false,false,false,ok,21.339,38.557,38.557,1.0433359039926398,false,1297441228
16c,209860712306569,s1000-p25-a04,shrink-only,shrink,1000,25.0,0.4,0.0,false,false,false,ok,27.718,392.2,392.2,0.9728509593322502,false,719404660
4a,7340119371770,s4000-p100-a04,shrink-only,shrink,4000,100.0,0.4,0.0,false,false,false,ok,79.548,713.294,713.294,0.9419910607162125,false,1427000343
31b,217445624573075,s1000-p100-a16,shrink-only,shrink,1000,100.0,1.6,0.0,false,false,false,ok,55.205,7.594,7.594,0.9345886406990339,false,-536655723
21b,213318161001300,s1000-p100-a16,shrink-only,shrink,1000,100.0,1.6,0.0,false,false,false,ok,25.381,12.945,12.945,0.9971883064360821,false,405046416
6a,7606407344060,s250-p100-a04,shrink-only,shrink,250,100.0,0.4,0.0,false,false,false,ok,19.071,4.358,4.358,1.1098943079078059,false,-224470636
32a,217574473591989,s1000-p0-a04,shrink-only,shrink,1000,0.0,0.4,0.0,false,false,false,ok,7.763,0.145,0.145,0.7341772151898733,false,957982218
3b,7211270352856,s1000-p400-a04,shrink-only,shrink,1000,400.0,0.4,0.0,false,false,false,ok,7.364,6.155,6.155,0.8484973807554453,false,129508754
29c,214387607858091,s1000-p0-a04,shrink-only,shrink,1000,0.0,0.4,0.0,false,false,false,ok,1046.003,112.789,112.789,1.7278256074021878,false,254816621
19b,210255849297517,s1000-p100-a16,shrink-only,shrink,1000,100.0,1.6,0.0,false,false,false,ok,46.145,159.345,159.345,1.0308554719214882,false,-1402516586
11c,209194992375572,s1000-p100-a04,shrink-only,shrink,1000,100.0,0.4,0.0,false,true,false,ok,13.866,570.185,570.185,1.13304711648615,false,1916526955
30b,217312480586994,s1000-p0-a04,shrink-only,shrink,1000,0.0,0.4,0.0,false,false,false,ok,76.523,35.176,35.176,0.9971086796303644,false,1910947129
17a,209985266358188,s1000-p100-a16,shrink-only,shrink,1000,100.0,1.6,0.0,false,false,false,ok,96.353,3124.714,3124.714,1.6242317005754985,false,-1125412742
24b,213717592959799,s1000-p0-a04,shrink-only,shrink,1000,0.0,0.4,0.0,false,false,false,ok,62.627,3.282,3.282,1.8453753162777622,false,1314643678
3b,7211270352856,s250-p100-a04,shrink-only,shrink,250,100.0,0.4,0.0,false,false,false,ok,4.038,6.59,6.59,0.9084642955610698,false,129508754
8b,7876990283389,s1000-p400-a04,shrink-only,shrink,1000,400.0,0.4,0.0,false,false,false,ok,9.639,149.291,149.291,0.734352864788289,false,-1718178947
26c,213988175899592,s1000-p400-a04,shrink-only,shrink,1000,400.0,0.4,0.0,false,false,false,ok,169.361,292.011,292.011,0.8477220505391687,false,-321495561
22b,213451304987509,s1000-p100-a04,shrink-only,shrink,1000,100.0,0.4,0.0,false,true,false,ok,39.58,549.472,549.472,1.1546428147402552,false,815426615
8c,7881285250684,s1000-p0-a04,shrink-only,shrink,1000,0.0,0.4,0.0,false,false,false,ok,95.381,4626.018,4626.018,1.0037149894464963,false,-388506810
4b,7344414339065,s1000-p100-a16,shrink-only,shrink,1000,100.0,1.6,0.0,false,false,false,ok,16.43,24.28,24.28,1.1136337575966058,false,261415237
33a,217707617578838,s1000-p400-a04,shrink-only,shrink,1000,400.0,0.4,0.0,false,false,false,ok,84.474,4.589,4.589,0.9963091619626575,false,1514619789
18a,210118410344013,s1000-p0-a04,shrink-only,shrink,1000,0.0,0.4,0.0,false,false,false,ok,28.143,1077.903,1077.903,1.1005602335276334,false,-574815707
4c,7348709306360,s4000-p100-a04,shrink-only,shrink,4000,100.0,0.4,0.0,false,false,false,ok,44.024,1433.668,1433.668,0.9853940272255799,false,-430037632
8c,7881285250684,s1000-p100-a16,shrink-only,shrink,1000,100.0,1.6,0.0,false,false,false,ok,14.288,4465.472,4465.472,0.9688810509067679,false,1733352584
18b,210122705311308,s1000-p100-a04,shrink-only,shrink,1000,100.0,0.4,0.0,false,true,false,ok,35.26,772.23,772.23,1.1865264872298174,false,-2103027714
6f,7627882180519,s1000-p100-a16,shrink-only,shrink,1000,100.0,1.6,0.0,false,false,false,ok,128.394,2517.186,2517.186,1.4275527955594312,false,1250717231
18a,210118410344013,s1000-p100-a04,shrink-only,shrink,1000,100.0,0.4,0.0,false,true,false,ok,58.21,1124.4,1124.4,1.1480345880644836,false,-1701613315
3b,7211270352856,s4000-p100-a04,shrink-only,shrink,4000,100.0,0.4,0.0,false,false,false,ok,91.953,7.81,7.81,1.0766473669699477,false,113844438
28a,214245873937292,s250-p100-a04,shrink-only,shrink,250,100.0,0.4,0.0,false,false,false,ok,129.819,554.409,554.409,1.0406267684877653,false,-351635764
4a,7340119371770,s250-p100-a04,shrink-only,shrink,250,100.0,0.4,0.0,false,false,false,ok,5.637,787.073,787.073,1.0394251600757773,false,-1509295857
13d,209465575315413,s1000-p25-a04,shrink-only,shrink,1000,25.0,0.4,0.0,false,false,false,ok,69.731,5754.097,5754.097,1.8682748798377606,false,-2119720580
5a,7473263357851,s1000-p25-a04,shrink-only,shrink,1000,25.0,0.4,0.0,false,false,false,ok,17.051,155.363,155.363,1.0157199501825658,false,414652499
28b,214250168904587,s1000-p0-a04,shrink-only,shrink,1000,0.0,0.4,0.0,false,false,false,ok,129.736,95.017,95.017,0.8728206352997373,false,1300118193
6b,7610702311355,s1000-p0-a04,shrink-only,shrink,1000,0.0,0.4,0.0,false,false,false,ok,68.944,4.374,4.374,1.0481667864845434,false,1482096114
24b,213717592959799,s1000-p100-a0,shrink-only,shrink,1000,100.0,0.0,0.0,false,false,false,ok,60.743,2.124,2.124,1.194264829912848,false,644596804
19c,210260144264812,s250-p100-a04,shrink-only,shrink,250,100.0,0.4,0.0,false,false,false,ok,44.595,1023.914,1023.914,1.3528446476230742,false,1055693188
8b,7876990283389,s4000-p100-a04,shrink-only,shrink,4000,100.0,0.4,0.0,false,false,false,ok,369.545,151.807,151.807,0.7467289076027074,false,-1987159524
16c,209860712306569,s4000-p100-a04,shrink-only,shrink,4000,100.0,0.4,0.0,false,false,false,ok,765.07,397.486,397.486,0.9859628669585385,false,719404660
29c,214387607858091,s1000-p400-a04,shrink-only,shrink,1000,400.0,0.4,0.0,false,false,false,ok,1265.78,77.594,77.594,1.1886699960170348,false,2081534655
14b,209590129366984,s1000-p100-a16,shrink-only,shrink,1000,100.0,1.6,0.0,false,false,false,ok,27.826,37.968,37.968,1.027397816292568,false,1297441228
23a,213580154006295,s1000-p100-a16,shrink-only,shrink,1000,100.0,1.6,0.0,false,false,false,ok,75.09,497.098,497.098,1.3143664720183712,false,1835492322
22b,213451304987509,s250-p100-a04,shrink-only,shrink,250,100.0,0.4,0.0,false,false,false,ok,24.846,423.982,423.982,0.8909421587982698,false,316133052
5b,7477558325146,s4000-p100-a04,shrink-only,shrink,4000,100.0,0.4,0.0,false,false,false,ok,38.078,295.266,295.266,1.1240884526871018,false,1589551454
27b,214117024918506,s1000-p100-a0,shrink-only,shrink,1000,100.0,0.0,0.0,false,false,false,ok,81.776,5.926,5.926,1.0156825777701601,false,1728540501
33b,217711912546133,s1000-p400-a04,shrink-only,shrink,1000,400.0,0.4,0.0,false,false,false,ok,164.078,3.85,3.85,0.9647913795263752,false,-1989803960
19a,210251554330222,s4000-p100-a04,shrink-only,shrink,4000,100.0,0.4,0.0,false,false,false,ok,396.449,582.629,582.629,1.02749098168473,false,187704695
21b,213318161001300,s1000-p400-a04,shrink-only,shrink,1000,400.0,0.4,0.0,false,false,false,ok,26.683,13.206,13.206,1.0172938412356045,false,405046416
22a,213447010020214,s4000-p100-a04,shrink-only,shrink,4000,100.0,0.4,0.0,false,false,false,ok,128.731,415.37,415.37,0.8812880379952962,false,-2145268623
6f,7627882180519,s1000-p0-a04,shrink-only,shrink,1000,0.0,0.4,0.0,false,false,false,ok,11.786,1774.402,1774.402,1.006303282930322,false,1250717231
29a,214379017923501,s1000-p100-a04,shrink-only,shrink,1000,100.0,0.4,0.0,false,true,false,ok,690.217,25.53,25.53,0.9982404692082111,false,-858518681
17a,209985266358188,s1000-p100-a0,shrink-only,shrink,1000,100.0,0.0,0.0,false,false,false,ok,36.2,2033.254,2033.254,1.0568889191528998,false,-1125412742
24a,213713297992456,s1000-p25-a04,shrink-only,shrink,1000,25.0,0.4,0.0,false,false,false,ok,281.566,168.57,168.57,1.1971663441222946,false,2055842777
21c,213322455968595,s1000-p100-a0,shrink-only,shrink,1000,100.0,0.0,0.0,false,false,false,ok,67.402,42.814,42.814,1.0244176726045915,false,405046416
18a,210118410344013,s250-p100-a04,shrink-only,shrink,250,100.0,0.4,0.0,false,false,false,ok,31.634,1019.39,1019.39,1.0408173058760706,false,-574815707
13a,209452690413352,s1000-p400-a04,shrink-only,shrink,1000,400.0,0.4,0.0,false,false,false,ok,61.658,904.504,904.504,1.1857651133583813,false,-1062568155
22b,213451304987509,s1000-p100-a16,shrink-only,shrink,1000,100.0,1.6,0.0,false,false,false,ok,36.492,494.722,494.722,1.0395929230132355,false,316133052
5b,7477558325146,s1000-p100-a0,shrink-only,shrink,1000,100.0,0.0,0.0,false,false,false,ok,8.826,217.664,217.664,0.8286548026717783,false,-1512145598
2b,7078126366503,s1000-p0-a04,shrink-only,shrink,1000,0.0,0.4,0.0,false,false,false,ok,42.574,124.224,124.224,0.9187112424241303,false,321836810
13b,209456985380823,s1000-p25-a04,shrink-only,shrink,1000,25.0,0.4,0.0,false,false,false,ok,52.754,328.167,328.167,0.9746338073345451,false,-2119720580
4c,7348709306360,s1000-p25-a04,shrink-only,shrink,1000,25.0,0.4,0.0,false,false,false,ok,9.77,1494.384,1494.384,1.0271255743878438,false,-430037632
5b,7477558325146,s1000-p100-a04,shrink-only,shrink,1000,100.0,0.4,0.0,false,true,false,ok,7.531,245.871,245.871,0.9360398825148523,false,-1512145598
4c,7348709306360,s1000-p100-a16,shrink-only,shrink,1000,100.0,1.6,0.0,false,false,false,ok,7.911,1486.704,1486.704,1.0218469281956344,false,1192923874
9a,8005839302175,s250-p100-a04,shrink-only,shrink,250,100.0,0.4,0.0,false,false,false,ok,65.603,505.148,505.148,1.0292664091877393,false,1576652456
11d,209199287342867,s1000-p100-a0,shrink-only,shrink,1000,100.0,0.0,0.0,false,false,false,ok,18.121,1265.865,1265.865,5.677135655855339,false,198126114
15c,209727568320488,s250-p100-a04,shrink-only,shrink,250,100.0,0.4,0.0,false,false,false,ok,40.28,643.278,643.278,1.1345331024095322,false,-1622553236
22d,213459894922099,s1000-p25-a04,shrink-only,shrink,1000,25.0,0.4,0.0,false,false,false,ok,44.75,5234.58,5234.58,8.665526069434062,false,1311334790
21a,213313866034005,s1000-p400-a04,shrink-only,shrink,1000,400.0,0.4,0.0,false,false,false,ok,38.306,28.962,28.962,0.9676578683595055,false,405046416
17e,210002446227368,s1000-p100-a16,shrink-only,shrink,1000,100.0,1.6,0.0,false,false,false,ok,125.695,4210.075,4210.075,1.0225753161274136,false,-1125412742
19a,210251554330222,s1000-p100-a04,shrink-only,shrink,1000,100.0,0.4,0.0,false,true,false,ok,97.537,499.108,499.108,0.8801981516311446,false,-477815540
13a,209452690413352,s1000-p0-a04,shrink-only,shrink,1000,0.0,0.4,0.0,false,false,false,ok,22.193,775.515,775.515,1.016666185982732,false,1188104532
9d,8018724204060,s1000-p100-a16,shrink-only,shrink,1000,100.0,1.6,0.0,false,false,false,ok,339.849,2079.408,2079.408,1.756307932959195,false,969253244
2b,7078126366503,s1000-p25-a04,shrink-only,shrink,1000,25.0,0.4,0.0,false,false,false,ok,16.902,222.713,222.713,1.6470966716093935,false,321836810
21c,213322455968595,s4000-p100-a04,shrink-only,shrink,4000,100.0,0.4,0.0,false,false,false,ok,219.462,45.965,45.965,1.0998121717491955,false,405046416
29b,214383312890796,s1000-p400-a04,shrink-only,shrink,1000,400.0,0.4,0.0,false,false,false,ok,946.318,6.147,6.147,2.291946308724832,false,-665152500
9d,8018724204060,s1000-p100-a04,shrink-only,shrink,1000,100.0,0.4,0.0,false,true,false,ok,19.671,1186.019,1186.019,1.001734425538582,false,-1708131848
22a,213447010020214,s250-p100-a04,shrink-only,shrink,250,100.0,0.4,0.0,false,false,false,ok,22.141,471.41,471.41,1.000187769919259,false,316133052
6b,7610702311355,s250-p100-a04,shrink-only,shrink,250,100.0,0.4,0.0,false,false,false,ok,20.902,13.292,13.292,3.185238437574886,false,1482096114
21a,213313866034005,s250-p100-a04,shrink-only,shrink,250,100.0,0.4,0.0,false,false,false,ok,18.93,28.785,28.785,0.9617440694954895,false,405046416
7c,7748141264475,s250-p100-a04,shrink-only,shrink,250,100.0,0.4,0.0,false,false,false,ok,95.177,2391.606,2391.606,1.60239675501401,false,-1004347469
22d,213459894922099,s1000-p100-a16,shrink-only,shrink,1000,100.0,1.6,0.0,false,false,false,ok,48.474,746.8,746.8,1.2362815868041672,false,-438265046
25c,213855031913431,s1000-p0-a04,shrink-only,shrink,1000,0.0,0.4,0.0,false,false,false,ok,200.782,1595.6,1595.6,1.7968114367115513,false,35421457
15b,209723273353193,s1000-p100-a04,shrink-only,shrink,1000,100.0,0.4,0.0,false,true,false,ok,101.408,27.06,27.06,3.119128580485275,false,-347771581
24a,213713297992456,s1000-p400-a04,shrink-only,shrink,1000,400.0,0.4,0.0,false,false,false,ok,107.204,140.785,140.785,0.9998402073753173,false,941138625
9a,8005839302175,s1000-p25-a04,shrink-only,shrink,1000,25.0,0.4,0.0,false,false,false,ok,197.373,611.156,611.156,1.2452634506590978,false,2029736178
28b,214250168904587,s1000-p100-a16,shrink-only,shrink,1000,100.0,1.6,0.0,false,false,false,ok,129.458,321.922,321.922,2.95715676728335,false,1439246871
11b,209190697408277,s250-p100-a04,shrink-only,shrink,250,100.0,0.4,0.0,false,false,false,ok,6.846,2.087,2.087,1.0607369758576874,false,-1446711126
3c,7215565320135,s1000-p100-a04,shrink-only,shrink,1000,100.0,0.4,0.0,false,true,false,ok,26.104,1313.761,1313.761,1.0014406904337392,false,-1572305105
31a,217441329605780,s250-p100-a04,shrink-only,shrink,250,100.0,0.4,0.0,false,false,false,ok,81.723,246.917,246.917,1.2145151373552052,false,1715547282
31b,217445624573075,s250-p100-a04,shrink-only,shrink,250,100.0,0.4,0.0,false,false,false,ok,51.564,8.065,8.065,0.9925543043505014,false,447087389
17e,210002446227368,s1000-p0-a04,shrink-only,shrink,1000,0.0,0.4,0.0,false,false,false,ok,26.324,4179.154,4179.154,1.0150649864183288,false,-1125412742
25c,213855031913431,s1000-p100-a16,shrink-only,shrink,1000,100.0,1.6,0.0,false,false,false,ok,41.965,989.574,989.574,1.1143631741491582,false,35421457
12b,209323841394486,s1000-p25-a04,shrink-only,shrink,1000,25.0,0.4,0.0,false,false,false,ok,33.796,1.623,1.623,1.2084884586746092,false,466548996
9b,8010134269470,s1000-p400-a04,shrink-only,shrink,1000,400.0,0.4,0.0,false,false,false,ok,196.032,552.752,552.752,1.1109688558016884,false,140277402
3c,7215565320135,s250-p100-a04,shrink-only,shrink,250,100.0,0.4,0.0,false,false,false,ok,5.966,1274.823,1274.823,0.9717594184184268,false,-1572305105
19d,210264439232107,s1000-p400-a04,shrink-only,shrink,1000,400.0,0.4,0.0,false,false,false,ok,157.157,3273.96,3273.96,0.5637788176032701,false,-1246359705
22b,213451304987509,s1000-p100-a0,shrink-only,shrink,1000,100.0,0.0,0.0,false,false,false,ok,35.625,426.507,426.507,0.896248112708968,false,541848229
13d,209465575315413,s250-p100-a04,shrink-only,shrink,250,100.0,0.4,0.0,false,false,false,ok,21.019,2953.446,2953.446,0.9589426404798729,false,-2119720580
23c,213588743940885,s4000-p100-a04,shrink-only,shrink,4000,100.0,0.4,0.0,false,false,false,ok,112.121,1504.173,1504.173,1.6226981157722358,false,-1576721678
13c,209461280348118,s1000-p25-a04,shrink-only,shrink,1000,25.0,0.4,0.0,false,false,false,ok,70.194,967.465,967.465,2.0564344281895814,false,876197618
13d,209465575315413,s1000-p100-a16,shrink-only,shrink,1000,100.0,1.6,0.0,false,false,false,ok,35.88,3321.912,3321.912,1.0785784012038058,false,-2119720580
2d,7086716301093,s1000-p25-a04,shrink-only,shrink,1000,25.0,0.4,0.0,false,false,false,ok,40.059,146.403,146.403,1.0124478745254246,false,321836810
8a,7872695316094,s4000-p100-a04,shrink-only,shrink,4000,100.0,0.4,0.0,false,false,false,ok,560.304,73.381,73.381,0.7705012705012705,false,-1762716238
16d,209865007273864,s1000-p400-a04,shrink-only,shrink,1000,400.0,0.4,0.0,false,false,false,ok,259.363,311.127,311.127,1.0371090136652505,false,719404660
31c,217449919540370,s1000-p25-a04,shrink-only,shrink,1000,25.0,0.4,0.0,false,false,false,ok,307.533,243.32,243.32,1.0739973207448064,false,1346825370
13a,209452690413352,s1000-p100-a16,shrink-only,shrink,1000,100.0,1.6,0.0,false,false,false,ok,72.21,1030.362,1030.362,1.3507594369180993,false,-1062568155
33b,217711912546133,s1000-p100-a04,shrink-only,shrink,1000,100.0,0.4,0.0,false,true,false,ok,142.754,4.171,4.171,1.0452324270141586,false,-1992524807
23c,213588743940885,s250-p100-a04,shrink-only,shrink,250,100.0,0.4,0.0,false,false,false,ok,20.865,886.409,886.409,0.9562558389916264,false,1835492322
2d,7086716301093,s250-p100-a04,shrink-only,shrink,250,100.0,0.4,0.0,false,false,false,ok,7.557,143.422,143.422,0.9918328112141518,false,321836810
17a,209985266358188,s250-p100-a04,shrink-only,shrink,250,100.0,0.4,0.0,false,false,false,ok,37.583,1938.38,1938.38,1.0075732511076325,false,-1125412742
4c,7348709306360,s1000-p100-a04,shrink-only,shrink,1000,100.0,0.4,0.0,false,true,false,ok,15.868,1595.687,1595.687,1.0967535294932327,false,1192923874
16d,209865007273864,s1000-p25-a04,shrink-only,shrink,1000,25.0,0.4,0.0,false,false,false,ok,22.726,281.612,281.612,0.9387238766044045,false,719404660
11c,209194992375572,s1000-p0-a04,shrink-only,shrink,1000,0.0,0.4,0.0,false,false,false,ok,22.121,341.863,341.863,0.6793354549546282,false,212006990
15c,209727568320488,s1000-p400-a04,shrink-only,shrink,1000,400.0,0.4,0.0,false,false,false,ok,179.937,1020.213,1020.213,1.7993238071386493,false,-1622553236
23a,213580154006295,s250-p100-a04,shrink-only,shrink,250,100.0,0.4,0.0,false,false,false,ok,15.186,371.622,371.622,0.9825979928794949,false,1835492322
15c,209727568320488,s1000-p100-a0,shrink-only,shrink,1000,100.0,0.0,0.0,false,false,false,ok,18.475,566.646,566.646,0.9993791865227036,false,592161665
33b,217711912546133,s1000-p25-a04,shrink-only,shrink,1000,25.0,0.4,0.0,false,false,false,ok,81.455,3.979,3.979,0.9971181556195966,false,-397240962
28b,214250168904587,s1000-p400-a04,shrink-only,shrink,1000,400.0,0.4,0.0,false,false,false,ok,180.09,307.284,307.284,2.822692950708236,false,1439246871
30c,217316775554289,s1000-p100-a0,shrink-only,shrink,1000,100.0,0.0,0.0,false,false,false,ok,278.588,1233.458,1233.458,1.544129042757619,false,-1451103391
31a,217441329605780,s4000-p100-a04,shrink-only,shrink,4000,100.0,0.4,0.0,false,false,false,ok,733.063,187.578,187.578,0.9226433191510293,false,499229554
8d,7885580217979,s1000-p100-a0,shrink-only,shrink,1000,100.0,0.0,0.0,false,false,false,ok,148.935,643.279,643.279,1.0619975549980973,false,-1012298996
30c,217316775554289,s4000-p100-a04,shrink-only,shrink,4000,100.0,0.4,0.0,false,false,false,ok,388.038,1036.449,1036.449,1.2974993897133844,false,-1451103391
8c,7881285250684,s1000-p400-a04,shrink-only,shrink,1000,400.0,0.4,0.0,false,false,false,ok,135.206,4635.342,4635.342,1.0057380335768042,false,1733352584
13b,209456985380823,s1000-p0-a04,shrink-only,shrink,1000,0.0,0.4,0.0,false,false,false,ok,36.419,371.477,371.477,1.1032615797664445,false,-1005059989
8c,7881285250684,s1000-p100-a04,shrink-only,shrink,1000,100.0,0.4,0.0,false,true,false,ok,13.844,4708.331,4708.331,1.021574580984253,false,-388506810
3b,7211270352856,s1000-p100-a0,shrink-only,shrink,1000,100.0,0.0,0.0,false,false,false,ok,22.486,8.809,8.809,1.214364488558037,false,129508754
12b,209323841394486,s1000-p0-a04,shrink-only,shrink,1000,0.0,0.4,0.0,false,false,false,ok,20.1,2.098,2.098,1.562174236783321,false,-1300552445
19c,210260144264812,s1000-p100-a04,shrink-only,shrink,1000,100.0,0.4,0.0,false,true,false,ok,134.599,1258.067,1258.067,1.6622189044208968,false,1055693188
30c,217316775554289,s250-p100-a04,shrink-only,shrink,250,100.0,0.4,0.0,false,false,false,ok,95.616,849.312,849.312,1.063228197119447,false,-804478301
27b,214117024918506,s1000-p100-a04,shrink-only,shrink,1000,100.0,0.4,0.0,false,true,false,ok,86.852,6.125,6.125,1.0497900419916015,false,1728540501
26c,213988175899592,s1000-p25-a04,shrink-only,shrink,1000,25.0,0.4,0.0,false,false,false,ok,277.829,1594.972,1594.972,4.630280826381742,false,628672308
23a,213580154006295,s1000-p400-a04,shrink-only,shrink,1000,400.0,0.4,0.0,false,false,false,ok,70.956,431.184,431.184,1.140084636974539,false,1835492322
6f,7627882180519,s1000-p400-a04,shrink-only,shrink,1000,400.0,0.4,0.0,false,false,false,ok,198.638,3400.734,3400.734,1.9286327385636206,false,1250717231
29c,214387607858091,s4000-p100-a04,shrink-only,shrink,4000,100.0,0.4,0.0,false,false,false,ok,3327.607,145.025,145.025,2.2216520113974085,false,485902434
11b,209190697408277,s1000-p100-a16,shrink-only,shrink,1000,100.0,1.6,0.0,false,false,false,ok,26.599,6.451,6.451,3.278780177890724,false,898037380
18b,210122705311308,s1000-p400-a04,shrink-only,shrink,1000,400.0,0.4,0.0,false,false,false,ok,188.35,898.019,898.019,1.3798004863002387,false,-1852800932
26c,213988175899592,s1000-p100-a16,shrink-only,shrink,1000,100.0,1.6,0.0,false,false,false,ok,36.005,310.163,310.163,0.9004181841142291,false,-321495561
17e,210002446227368,s250-p100-a04,shrink-only,shrink,250,100.0,0.4,0.0,false,false,false,ok,40.035,4805.495,4805.495,1.167195493850752,false,-1125412742
29b,214383312890796,s1000-p100-a16,shrink-only,shrink,1000,100.0,1.6,0.0,false,false,false,ok,1045.514,2.671,2.671,0.9958985831469053,false,-665152500
11b,209190697408277,s4000-p100-a04,shrink-only,shrink,4000,100.0,0.4,0.0,false,false,false,ok,53.392,2.771,2.771,1.4083862770012705,false,-1446711126
4c,7348709306360,s1000-p100-a0,shrink-only,shrink,1000,100.0,0.0,0.0,false,false,false,ok,24.364,1655.173,1655.173,1.1376396684762755,false,-430037632
29b,214383312890796,s1000-p100-a0,shrink-only,shrink,1000,100.0,0.0,0.0,false,false,false,ok,735.143,2.736,2.736,1.0201342281879195,false,-665152500
24b,213717592959799,s1000-p400-a04,shrink-only,shrink,1000,400.0,0.4,0.0,false,false,false,ok,297.091,1.924,1.924,1.081810514478493,false,-870534348
26c,213988175899592,s1000-p100-a0,shrink-only,shrink,1000,100.0,0.0,0.0,false,false,false,ok,36.706,309.571,309.571,0.8986995794934471,false,628672308
15d,209731863287703,s250-p100-a04,shrink-only,shrink,250,100.0,0.4,0.0,false,false,false,ok,82.47,746.298,746.298,1.4803622860679349,false,-704972777
8d,7885580217979,s4000-p100-a04,shrink-only,shrink,4000,100.0,0.4,0.0,false,false,false,ok,708.535,918.339,918.339,1.5160976382866498,false,1460871818
16c,209860712306569,s1000-p100-a16,shrink-only,shrink,1000,100.0,1.6,0.0,false,false,false,ok,204.445,375.931,375.931,0.9324957521487306,false,719404660
28c,214254463871882,s1000-p25-a04,shrink-only,shrink,1000,25.0,0.4,0.0,false,false,false,ok,337.973,1782.001,1782.001,3.549721470524082,false,-1040088321
8a,7872695316094,s1000-p25-a04,shrink-only,shrink,1000,25.0,0.4,0.0,false,false,false,ok,173.703,83.584,83.584,0.8776328776328777,false,-1762716238
17a,209985266358179,s1000-p25-a04,shrink-only,shrink,1000,25.0,0.4,0.0,false,false,false,ok,173.026,1791.538,1791.538,0.9312445274625542,false,-1125412742
24a,213713297992455,s1000-p100-a16,shrink-only,shrink,1000,100.0,1.6,0.0,false,false,false,ok,359.682,411.215,411.215,2.920405518171972,false,672276191
2d,7086716301098,s250-p100-a04,shrink-only,shrink,250,100.0,0.4,0.0,false,false,false,ok,16.029,301.863,301.863,2.0875293043712784,false,321836810
9a,8005839302160,s250-p100-a04,shrink-only,shrink,250,100.0,0.4,0.0,false,false,false,ok,56.603,790.663,790.663,1.6110186853904311,false,1576652456
9c,8014429236754,s1000-p100-a0,shrink-only,shrink,1000,100.0,0.0,0.0,false,false,false,ok,252.168,741.27,741.27,1.114454593496271,false,841077701
8c,7881285250675,s1000-p100-a0,shrink-only,shrink,1000,100.0,0.0,0.0,false,false,false,ok,161.78,5165.642,5165.642,1.1207981260588218,false,-388506810
30b,217312480587005,s1000-p0-a04,shrink-only,shrink,1000,0.0,0.4,0.0,false,false,false,ok,317.507,41.911,41.911,1.1880208628607063,false,1910947129
21b,213318161001307,s1000-p400-a04,shrink-only,shrink,1000,400.0,0.4,0.0,false,false,false,ok,116.914,27.094,27.094,2.0871239841312637,false,1230868213
23b,213584448973593,s1000-p0-a04,shrink-only,shrink,1000,0.0,0.4,0.0,false,false,false,ok,164.636,475.678,475.678,9.587769334650192,false,-439854755
6a,7606407344051,s1000-p100-a04,shrink-only,shrink,1000,100.0,0.4,0.0,false,true,false,ok,154.503,5.129,5.129,1.3062523876225645,false,-224470636
3b,7211270352855,s250-p100-a04,shrink-only,shrink,250,100.0,0.4,0.0,false,false,false,ok,12.004,20.622,20.622,2.8428453267162945,false,113844438
19d,210264439232100,s1000-p100-a16,shrink-only,shrink,1000,100.0,1.6,0.0,false,false,false,ok,398.076,5291.299,5291.299,0.9111663837693086,false,-1246359705
19d,210264439232100,s1000-p100-a0,shrink-only,shrink,1000,100.0,0.0,0.0,false,false,false,ok,33.001,5301.556,5301.556,0.9129326482722826,false,-1211980585
9a,8005839302160,s1000-p25-a04,shrink-only,shrink,1000,25.0,0.4,0.0,false,false,false,ok,200.262,484.457,484.457,0.9871073760479396,false,2029736178
31c,217449919540381,s1000-p400-a04,shrink-only,shrink,1000,400.0,0.4,0.0,false,false,false,ok,418.743,478.915,478.915,2.1138970362670517,false,1982821986
31a,217441329605787,s1000-p100-a04,shrink-only,shrink,1000,100.0,0.4,0.0,false,true,false,ok,330.06,200.724,200.724,0.9873047883721502,false,499229554
4c,7348709306359,s1000-p25-a04,shrink-only,shrink,1000,25.0,0.4,0.0,false,false,false,ok,113.849,1864.247,1864.247,1.281341188527055,false,1192923874
29c,214387607858084,s1000-p100-a16,shrink-only,shrink,1000,100.0,1.6,0.0,false,false,false,ok,1417.055,143.439,143.439,2.1973559238947273,false,2081534655
29c,214387607858084,s1000-p25-a04,shrink-only,shrink,1000,25.0,0.4,0.0,false,false,false,ok,888.41,57.778,57.778,0.8851067741045989,false,1216159973
31c,217449919540381,s1000-p0-a04,shrink-only,shrink,1000,0.0,0.4,0.0,false,false,false,ok,75.686,279.111,279.111,1.2319762707151227,false,-105956113
33b,217711912546138,s1000-p100-a04,shrink-only,shrink,1000,100.0,0.4,0.0,false,true,false,ok,167.506,3.86,3.86,0.9672973311615086,false,-1992524807
29b,214383312890787,s1000-p400-a04,shrink-only,shrink,1000,400.0,0.4,0.0,false,false,false,ok,1045.781,2.665,2.665,0.993661446681581,false,-665152500
28c,214254463871877,s1000-p100-a0,shrink-only,shrink,1000,100.0,0.0,0.0,false,false,false,ok,277.315,1244.608,1244.608,2.479242009396199,false,-1040088321
8a,7872695316081,s250-p100-a04,shrink-only,shrink,250,100.0,0.4,0.0,false,false,false,ok,36.702,79.914,79.914,0.8390978390978391,false,-1762716238
25c,213855031913432,s1000-p100-a04,shrink-only,shrink,1000,100.0,0.4,0.0,false,true,false,ok,249.189,954.405,954.405,1.0747592249026625,false,35421457
16c,209860712306566,s1000-p25-a04,shrink-only,shrink,1000,25.0,0.4,0.0,false,false,false,ok,181.577,572.683,572.683,1.4205385159185902,false,719404660
4c,7348709306359,s4000-p100-a04,shrink-only,shrink,4000,100.0,0.4,0.0,false,false,false,ok,66.604,1546.512,1546.512,1.062954385417465,false,-430037632
21a,213313866034010,s1000-p400-a04,shrink-only,shrink,1000,400.0,0.4,0.0,false,false,false,ok,106.33,46.42,46.42,1.5509522218509857,false,405046416
9b,8010134269457,s250-p100-a04,shrink-only,shrink,250,100.0,0.4,0.0,false,false,false,ok,52.652,552.873,552.873,1.1112120520842024,false,-1921967388
31a,217441329605787,s1000-p100-a16,shrink-only,shrink,1000,100.0,1.6,0.0,false,false,false,ok,64.202,181.855,181.855,0.8944934949952041,false,619611693
22d,213459894922108,s1000-p100-a04,shrink-only,shrink,1000,100.0,0.4,0.0,false,true,false,ok,128.376,1023.19,1023.19,1.6938282763821049,false,-438265046
3c,7215565320136,s1000-p400-a04,shrink-only,shrink,1000,400.0,0.4,0.0,false,false,false,ok,37.382,1247.985,1247.985,0.9513016142593287,false,-1572305105
33b,217711912546138,s4000-p100-a04,shrink-only,shrink,4000,100.0,0.4,0.0,false,false,false,ok,238.947,4.17,4.17,1.0449818318506452,false,1896864069
27a,214112729951204,s1000-p100-a04,shrink-only,shrink,1000,100.0,0.4,0.0,false,true,false,ok,174.397,17.181,17.181,0.976581594952538,false,-1953543145
12b,209323841394489,s4000-p100-a04,shrink-only,shrink,4000,100.0,0.4,0.0,false,false,false,ok,249.437,2.2,2.2,1.6381236038719287,false,-1300552445
3b,7211270352855,s1000-p400-a04,shrink-only,shrink,1000,400.0,0.4,0.0,false,false,false,ok,22.591,6.674,6.674,0.9200441135925008,false,129508754
19b,210255849297506,s1000-p400-a04,shrink-only,shrink,1000,400.0,0.4,0.0,false,false,false,ok,78.998,189.076,189.076,1.22319513765118,false,-1834056489
17e,210002446227367,s4000-p100-a04,shrink-only,shrink,4000,100.0,0.4,0.0,false,false,false,ok,562.225,4911.267,4911.267,1.1928862087043897,false,-1125412742
13a,209452690413351,s1000-p100-a16,shrink-only,shrink,1000,100.0,1.6,0.0,false,false,false,ok,69.607,1881.887,1881.887,2.467071402539584,false,-1062568155
29b,214383312890787,s1000-p100-a16,shrink-only,shrink,1000,100.0,1.6,0.0,false,false,false,ok,722.645,2.486,2.486,0.9269202087994035,false,-665152500
23c,213588743940890,s1000-p0-a04,shrink-only,shrink,1000,0.0,0.4,0.0,false,false,false,ok,72.526,2109.908,2109.908,2.2761635370750346,false,-1576721678
22a,213447010020217,s1000-p0-a04,shrink-only,shrink,1000,0.0,0.4,0.0,false,false,false,ok,53.729,409.735,409.735,0.8693322922888093,false,-2145268623
16d,209865007273863,s250-p100-a04,shrink-only,shrink,250,100.0,0.4,0.0,false,false,false,ok,41.05,273.089,273.089,0.9103133557448553,false,719404660
25c,213855031913432,s1000-p0-a04,shrink-only,shrink,1000,0.0,0.4,0.0,false,false,false,ok,45.623,889.646,889.646,1.0018338602561323,false,35421457
2d,7086716301098,s1000-p0-a04,shrink-only,shrink,1000,0.0,0.4,0.0,false,false,false,ok,39.017,130.822,130.822,0.9046976895361784,false,321836810
13c,209461280348121,s1000-p100-a0,shrink-only,shrink,1000,100.0,0.0,0.0,false,false,false,ok,49.76,768.923,768.923,1.6344154360383245,false,876197618
24b,213717592959800,s1000-p100-a0,shrink-only,shrink,1000,100.0,0.0,0.0,false,false,false,ok,240.221,2.042,2.042,1.1481585605847624,false,644596804
32a,217574473591994,s1000-p400-a04,shrink-only,shrink,1000,400.0,0.4,0.0,false,false,false,ok,64.51,0.183,0.183,0.9265822784810126,false,1765267761
16c,209860712306566,s1000-p400-a04,shrink-only,shrink,1000,400.0,0.4,0.0,false,false,false,ok,18.012,346.596,346.596,0.8597303699661413,false,719404660
2b,7078126366504,s4000-p100-a04,shrink-only,shrink,4000,100.0,0.4,0.0,false,false,false,ok,49.946,119.957,119.957,0.8871542093916746,false,321836810
28b,214250168904580,s1000-p25-a04,shrink-only,shrink,1000,25.0,0.4,0.0,false,false,false,ok,123.335,117.588,117.588,1.080156528448862,false,1300118193
30c,217316775554302,s1000-p100-a04,shrink-only,shrink,1000,100.0,0.4,0.0,false,true,false,ok,226.443,531.782,531.782,0.6657219221211685,false,-804478301
8b,7876990283378,s1000-p25-a04,shrink-only,shrink,1000,25.0,0.4,0.0,false,false,false,ok,93.311,155.923,155.923,0.7669752479143712,false,-1987159524
23b,213584448973593,s1000-p100-a04,shrink-only,shrink,1000,100.0,0.4,0.0,false,true,false,ok,26.399,44.413,44.413,0.895188761010219,false,2055054090
30b,217312480587005,s1000-p100-a04,shrink-only,shrink,1000,100.0,0.4,0.0,false,true,false,ok,74.512,35.127,35.127,0.9957197120018141,false,1910947129
18a,210118410344002,s1000-p100-a04,shrink-only,shrink,1000,100.0,0.4,0.0,false,true,false,ok,129.815,1515.973,1515.973,1.547838348071753,false,-1701613315
5b,7477558325141,s1000-p100-a16,shrink-only,shrink,1000,100.0,1.6,0.0,false,false,false,ok,15.112,243.492,243.492,0.9269829425727573,false,-1512145598
2d,7086716301098,s1000-p100-a0,shrink-only,shrink,1000,100.0,0.0,0.0,false,false,false,ok,8.639,134.247,134.247,0.9283832285637228,false,321836810
12b,209323841394489,s1000-p100-a04,shrink-only,shrink,1000,100.0,0.4,0.0,false,true,false,ok,30.521,1.283,1.283,0.9553239017125837,false,466548996
5b,7477558325141,s1000-p400-a04,shrink-only,shrink,1000,400.0,0.4,0.0,false,false,false,ok,5.554,241.162,241.162,0.918112547421399,false,-1512145598
6b,7610702311348,s1000-p100-a16,shrink-only,shrink,1000,100.0,1.6,0.0,false,false,false,ok,74.228,4.698,4.698,1.1258087706685838,false,1482096114
9d,8018724204051,s250-p100-a04,shrink-only,shrink,250,100.0,0.4,0.0,false,false,false,ok,56.234,1310.002,1310.002,1.106452848499386,false,969253244
4c,7348709306359,s1000-p400-a04,shrink-only,shrink,1000,400.0,0.4,0.0,false,false,false,ok,8.825,1550.946,1550.946,1.0660019788049984,false,1192923874
16c,209860712306566,s1000-p0-a04,shrink-only,shrink,1000,0.0,0.4,0.0,false,false,false,ok,19.962,426.215,426.215,1.057225067903608,false,719404660
6f,7627882180520,s1000-p100-a16,shrink-only,shrink,1000,100.0,1.6,0.0,false,false,false,ok,126.735,2872.254,2872.254,1.6289198443248762,false,1250717231
4b,7344414339062,s1000-p100-a04,shrink-only,shrink,1000,100.0,0.4,0.0,false,true,false,ok,8.98,22.506,22.506,1.032266941864465,false,261415237
9d,8018724204051,s1000-p0-a04,shrink-only,shrink,1000,0.0,0.4,0.0,false,false,false,ok,200.709,1266.233,1266.233,1.0694847104919865,false,-1708131848
8b,7876990283378,s1000-p0-a04,shrink-only,shrink,1000,0.0,0.4,0.0,false,false,false,ok,11.479,152.97,152.97,0.7524496300960176,false,1478161348
28c,214254463871877,s1000-p100-a16,shrink-only,shrink,1000,100.0,1.6,0.0,false,false,false,ok,122.794,603.918,603.918,1.202996345701244,false,-676166940
13a,209452690413351,s1000-p0-a04,shrink-only,shrink,1000,0.0,0.4,0.0,false,false,false,ok,18.339,703.81,703.81,0.9226640727213614,false,1188104532
29a,214379017923490,s1000-p25-a04,shrink-only,shrink,1000,25.0,0.4,0.0,false,false,false,ok,1005.289,27.65,27.65,1.0811339198435972,false,-858518681
13a,209452690413351,s4000-p100-a04,shrink-only,shrink,4000,100.0,0.4,0.0,false,false,false,ok,177.001,770.792,770.792,1.0104745399199269,false,1188104532
2b,7078126366504,s1000-p400-a04,shrink-only,shrink,1000,400.0,0.4,0.0,false,false,false,ok,13.295,127.351,127.351,0.9418372893640151,false,321836810
3c,7215565320136,s1000-p100-a0,shrink-only,shrink,1000,100.0,0.0,0.0,false,false,false,ok,18.182,1374.946,1374.946,1.0480801847132835,false,-1572305105
11d,209199287342876,s4000-p100-a04,shrink-only,shrink,4000,100.0,0.4,0.0,false,false,false,ok,62.766,206.58,206.58,0.9264674225028703,false,2003817464
22d,213459894922108,s1000-p25-a04,shrink-only,shrink,1000,25.0,0.4,0.0,false,false,false,ok,43.189,5828.148,5828.148,9.648141480409125,false,1311334790
21b,213318161001307,s1000-p100-a04,shrink-only,shrink,1000,100.0,0.4,0.0,false,true,false,ok,30.552,13.473,13.473,1.0378615722374147,false,405046416
31a,217441329605787,s1000-p100-a0,shrink-only,shrink,1000,100.0,0.0,0.0,false,false,false,ok,75.806,230.082,230.082,1.131708516760532,false,499229554
8a,7872695316081,s1000-p100-a04,shrink-only,shrink,1000,100.0,0.4,0.0,false,true,false,ok,103.742,78.648,78.648,0.8258048258048257,false,-1762716238
8a,7872695316081,s4000-p100-a04,shrink-only,shrink,4000,100.0,0.4,0.0,false,false,false,ok,394.976,70.811,70.811,0.7435162435162436,false,-1762716238
31b,217445624573084,s1000-p0-a04,shrink-only,shrink,1000,0.0,0.4,0.0,false,false,false,ok,124.875,8.192,8.192,1.0081841117469694,false,-744571733
13a,209452690413351,s1000-p25-a04,shrink-only,shrink,1000,25.0,0.4,0.0,false,false,false,ok,17.607,730.032,730.032,0.9570399658102627,false,1188104532
17a,209985266358179,s1000-p100-a16,shrink-only,shrink,1000,100.0,1.6,0.0,false,false,false,ok,113.673,1822.74,1822.74,0.9474633806188292,false,-1125412742
13b,209456985380824,s1000-p100-a0,shrink-only,shrink,1000,100.0,0.0,0.0,false,false,false,ok,38.308,330.282,330.282,0.980915214369721,false,-2119720580
5b,7477558325141,s1000-p25-a04,shrink-only,shrink,1000,25.0,0.4,0.0,false,false,false,ok,7.043,215.626,215.626,0.820896062191749,false,-1512145598
15b,209723273353190,s250-p100-a04,shrink-only,shrink,250,100.0,0.4,0.0,false,false,false,ok,67.652,31.22,31.22,3.5986398478473864,false,-1293176700
11a,209186402440985,s1000-p100-a04,shrink-only,shrink,1000,100.0,0.4,0.0,false,true,false,ok,20.864,14.339,14.339,0.9618003152563974,false,-1055439248
33a,217707617578841,s1000-p0-a04,shrink-only,shrink,1000,0.0,0.4,0.0,false,false,false,ok,91.506,7.29,7.29,1.5827181936604429,false,-2124008857
10a,209053258454906,s1000-p0-a04,shrink-only,shrink,1000,0.0,0.4,0.0,false,false,false,ok,199.833,427.753,427.753,1.3551475445152152,false,1718403736
8d,7885580217972,s1000-p100-a0,shrink-only,shrink,1000,100.0,0.0,0.0,false,false,false,ok,127.73,561.933,561.933,0.9277023998494367,false,-1012298996
13d,209465575315418,s1000-p100-a04,shrink-only,shrink,1000,100.0,0.4,0.0,false,true,false,ok,39.979,3999.626,3999.626,1.2986226656495334,false,-2119720580
7c,7748141264468,s1000-p0-a04,shrink-only,shrink,1000,0.0,0.4,0.0,false,false,false,ok,502.848,5939.818,5939.818,3.9797295577004768,false,52935710
8c,7881285250675,s1000-p0-a04,shrink-only,shrink,1000,0.0,0.4,0.0,false,false,false,ok,108.984,4975.948,4975.948,1.0796398964090315,false,-388506810
19c,210260144264803,s1000-p100-a16,shrink-only,shrink,1000,100.0,1.6,0.0,false,false,false,ok,140.389,1003.182,1003.182,1.3254525275480273,false,1055693188
4c,7348709306359,s1000-p0-a04,shrink-only,shrink,1000,0.0,0.4,0.0,false,false,false,ok,23.681,2387.994,2387.994,1.6413249264477703,false,-1125545911
31a,217441329605787,s1000-p0-a04,shrink-only,shrink,1000,0.0,0.4,0.0,false,false,false,ok,73.521,291.853,291.853,1.4355426575834338,false,2133672151
28b,214250168904580,s1000-p100-a04,shrink-only,shrink,1000,100.0,0.4,0.0,false,true,false,ok,128.475,172.434,172.434,1.5839686943102276,false,-461396360
11b,209190697408282,s1000-p25-a04,shrink-only,shrink,1000,25.0,0.4,0.0,false,false,false,ok,12.619,2.02,2.02,1.0266836086404065,false,-1446711126
4b,7344414339062,s1000-p100-a16,shrink-only,shrink,1000,100.0,1.6,0.0,false,false,false,ok,9.152,21.673,21.673,0.994060314184153,false,261415237
29b,214383312890787,s1000-p100-a0,shrink-only,shrink,1000,100.0,0.0,0.0,false,false,false,ok,930.263,3.858,3.858,1.4384787472035794,false,-665152500
19c,210260144264803,s1000-p100-a04,shrink-only,shrink,1000,100.0,0.4,0.0,false,true,false,ok,24.306,742.006,742.006,0.9803741775229236,false,1055693188
21a,213313866034010,s4000-p100-a04,shrink-only,shrink,4000,100.0,0.4,0.0,false,false,false,ok,274.358,45.647,45.647,1.5251252923488139,false,405046416
27a,214112729951204,s1000-p100-a0,shrink-only,shrink,1000,100.0,0.0,0.0,false,false,false,ok,96.447,17.176,17.176,0.9762973910077871,false,-1953543145
14b,209590129366983,s1000-p100-a04,shrink-only,shrink,1000,100.0,0.4,0.0,false,true,false,ok,56.41,36.865,36.865,0.9975511087659483,false,-725338943
6f,7627882180520,s1000-p100-a04,shrink-only,shrink,1000,100.0,0.4,0.0,false,true,false,ok,183.258,3855.606,3855.606,2.186600880457668,false,1250717231
28c,214254463871877,s1000-p100-a04,shrink-only,shrink,1000,100.0,0.4,0.0,false,true,false,ok,373.66,776.412,776.412,1.5466020200732455,false,-1613403286
23a,213580154006296,s1000-p100-a16,shrink-only,shrink,1000,100.0,1.6,0.0,false,false,false,ok,98.139,998.245,998.245,2.639438820634923,false,1835492322
11c,209194992375579,s1000-p100-a0,shrink-only,shrink,1000,100.0,0.0,0.0,false,false,false,ok,26.241,374.852,374.852,0.744889777368865,false,212006990
30c,217316775554302,s1000-p400-a04,shrink-only,shrink,1000,400.0,0.4,0.0,false,false,false,ok,377.69,944.172,944.172,1.181980583496598,false,-804478301
18b,210122705311299,s4000-p100-a04,shrink-only,shrink,4000,100.0,0.4,0.0,false,false,false,ok,696.091,452.829,452.829,0.6957688806259675,false,-633376097
16d,209865007273863,s1000-p0-a04,shrink-only,shrink,1000,0.0,0.4,0.0,false,false,false,ok,199.285,626.73,626.73,2.089138300868849,false,719404660
3b,7211270352855,s1000-p100-a04,shrink-only,shrink,1000,100.0,0.4,0.0,false,true,false,ok,18.838,7.802,7.802,1.0755445271574304,false,129508754
30c,217316775554302,s1000-p100-a16,shrink-only,shrink,1000,100.0,1.6,0.0,false,false,false,ok,82.826,551.569,551.569,0.6904926734309373,false,-804478301
16c,209860712306566,s1000-p100-a0,shrink-only,shrink,1000,100.0,0.0,0.0,false,false,false,ok,188.564,561.129,561.129,1.3918788525220456,false,719404660
23c,213588743940890,s1000-p100-a0,shrink-only,shrink,1000,100.0,0.0,0.0,false,false,false,ok,78.656,1387.69,1387.69,1.4970365431875017,false,-1576721678
18a,210118410344002,s1000-p400-a04,shrink-only,shrink,1000,400.0,0.4,0.0,false,false,false,ok,147.128,1705.06,1705.06,1.7408999063724904,false,-574815707
31b,217445624573084,s1000-p400-a04,shrink-only,shrink,1000,400.0,0.4,0.0,false,false,false,ok,96.165,10.376,10.376,1.276967571226386,false,933065134
32b,217578768559291,s1000-p100-a16,shrink-only,shrink,1000,100.0,1.6,0.0,false,false,false,ok,66.78,51.73,51.73,0.3641598558284584,false,-888812919
21a,213313866034010,s250-p100-a04,shrink-only,shrink,250,100.0,0.4,0.0,false,false,false,ok,19.757,30.632,30.632,1.023454727697962,false,405046416
11a,209186402440985,s1000-p25-a04,shrink-only,shrink,1000,25.0,0.4,0.0,false,false,false,ok,18.631,15.149,15.149,1.0161317369285978,false,-1055439248
32b,217578768559291,s1000-p100-a04,shrink-only,shrink,1000,100.0,0.4,0.0,false,true,false,ok,4.356,145.574,145.574,1.0247865233398803,false,1520237401
4a,7340119371765,s250-p100-a04,shrink-only,shrink,250,100.0,0.4,0.0,false,false,false,ok,4.184,769.17,769.17,1.0157820816817318,false,1427000343
19a,210251554330209,s1000-p25-a04,shrink-only,shrink,1000,25.0,0.4,0.0,false,false,false,ok,122.396,654.467,654.467,1.1541803451428956,false,187704695
31c,217449919540381,s1000-p25-a04,shrink-only,shrink,1000,25.0,0.4,0.0,false,false,false,ok,260.537,335.338,335.338,1.4801582835111045,false,1346825370
19c,210260144264803,s1000-p400-a04,shrink-only,shrink,1000,400.0,0.4,0.0,false,false,false,ok,25.495,695.966,695.966,0.9195439050815211,false,1055693188
15b,209723273353190,s1000-p100-a04,shrink-only,shrink,1000,100.0,0.4,0.0,false,true,false,ok,130.538,14.672,14.672,1.6911993545040633,false,-347771581
15b,209723273353190,s1000-p100-a0,shrink-only,shrink,1000,100.0,0.0,0.0,false,false,false,ok,14.525,5.821,5.821,0.670969972912224,false,-347771581
29a,214379017923490,s1000-p400-a04,shrink-only,shrink,1000,400.0,0.4,0.0,false,false,false,ok,896.784,25.883,25.883,1.012043010752688,false,304812620
8a,7872695316081,s1000-p100-a0,shrink-only,shrink,1000,100.0,0.0,0.0,false,false,false,ok,33.413,69.512,69.512,0.7298767298767299,false,-1762716238
27b,214117024918501,s1000-p0-a04,shrink-only,shrink,1000,0.0,0.4,0.0,false,false,false,ok,77.802,5.845,5.845,1.0017996400719855,false,1728540501
12b,209323841394489,s1000-p100-a0,shrink-only,shrink,1000,100.0,0.0,0.0,false,false,false,ok,30.84,1.359,1.359,1.0119136262099777,false,-1300552445
16c,209860712306566,s1000-p100-a04,shrink-only,shrink,1000,100.0,0.4,0.0,false,true,false,ok,18.224,345.649,345.649,0.8573813392203798,false,719404660
21b,213318161001307,s4000-p100-a04,shrink-only,shrink,4000,100.0,0.4,0.0,false,false,false,ok,116.308,14.016,14.016,1.079690328544467,false,405046416
24b,213717592959800,s1000-p25-a04,shrink-only,shrink,1000,25.0,0.4,0.0,false,false,false,ok,302.899,2.82,2.82,1.5856058476244026,false,644596804
19c,210260144264803,s1000-p100-a0,shrink-only,shrink,1000,100.0,0.0,0.0,false,false,false,ok,23.12,697.246,697.246,0.9212351029252437,false,-649799299
32a,217574473591994,s1000-p100-a0,shrink-only,shrink,1000,100.0,0.0,0.0,false,false,false,ok,48.892,0.176,0.176,0.891139240506329,false,957982218
21b,213318161001307,s1000-p0-a04,shrink-only,shrink,1000,0.0,0.4,0.0,false,false,false,ok,42.321,11.094,11.094,0.8546007780302738,false,-597700708
30a,217308185619708,s1000-p100-a16,shrink-only,shrink,1000,100.0,1.6,0.0,false,false,false,ok,198.384,712.725,712.725,0.9065141575068747,false,-824386529
15b,209723273353190,s1000-p100-a16,shrink-only,shrink,1000,100.0,1.6,0.0,false,false,false,ok,16.322,6.027,6.027,0.6947150020171748,false,-1293176700
23c,213588743940890,s1000-p100-a16,shrink-only,shrink,1000,100.0,1.6,0.0,false,false,false,ok,22.547,862.443,862.443,0.9304013774086852,false,1835492322
22b,213451304987514,s1000-p25-a04,shrink-only,shrink,1000,25.0,0.4,0.0,false,false,false,ok,47.562,121.123,121.123,0.2545239823863344,false,-2145268623
29a,214379017923490,s250-p100-a04,shrink-only,shrink,250,100.0,0.4,0.0,false,false,false,ok,665.735,31.735,31.735,1.2408602150537633,false,239079407
13b,209456985380824,s1000-p100-a16,shrink-only,shrink,1000,100.0,1.6,0.0,false,false,false,ok,28.111,324.925,324.925,0.9650052864796799,false,-2119720580
8a,7872695316081,s1000-p400-a04,shrink-only,shrink,1000,400.0,0.4,0.0,false,false,false,ok,11.623,71.269,71.269,0.7483252483252484,false,-1762716238
33b,217711912546138,s1000-p100-a16,shrink-only,shrink,1000,100.0,1.6,0.0,false,false,false,ok,106.441,3.747,3.747,0.9389800776845006,false,-1989803960
22a,213447010020217,s1000-p100-a16,shrink-only,shrink,1000,100.0,1.6,0.0,false,false,false,ok,41.388,475.117,475.117,1.008052889588105,false,316133052
23a,213580154006296,s1000-p100-a0,shrink-only,shrink,1000,100.0,0.0,0.0,false,false,false,ok,22.21,350.012,350.012,0.9254594418084445,false,-1576721678
6b,7610702311348,s250-p100-a04,shrink-only,shrink,250,100.0,0.4,0.0,false,false,false,ok,23.26,4.311,4.311,1.0330697340043133,false,1482096114
32b,217578768559291,s250-p100-a04,shrink-only,shrink,250,100.0,0.4,0.0,false,false,false,ok,13.229,49.954,49.954,0.35165747995466484,false,-888812919
8c,7881285250675,s1000-p400-a04,shrink-only,shrink,1000,400.0,0.4,0.0,false,false,false,ok,22.001,4494.728,4494.728,0.9752287749604243,false,1733352584
2d,7086716301098,s1000-p25-a04,shrink-only,shrink,1000,25.0,0.4,0.0,false,false,false,ok,31.578,201.149,201.149,1.391043062730372,false,321836810
33a,217707617578841,s1000-p400-a04,shrink-only,shrink,1000,400.0,0.4,0.0,false,false,false,ok,102.247,4.421,4.421,0.9598349978289189,false,1514619789
30b,217312480587005,s1000-p100-a16,shrink-only,shrink,1000,100.0,1.6,0.0,false,false,false,ok,115.346,36.199,36.199,1.02610692216112,false,-1031970200
19d,210264439232100,s1000-p0-a04,shrink-only,shrink,1000,0.0,0.4,0.0,false,false,false,ok,135.237,5906.662,5906.662,1.0171324384971616,false,-1211980585
22d,213459894922108,s1000-p100-a16,shrink-only,shrink,1000,100.0,1.6,0.0,false,false,false,ok,50.812,550.698,550.698,0.9116467558782556,false,-438265046
32a,217574473591994,s1000-p100-a04,shrink-only,shrink,1000,100.0,0.4,0.0,false,true,false,ok,8.663,0.197,0.197,0.9974683544303797,false,-1917286155
14b,209590129366983,s1000-p400-a04,shrink-only,shrink,1000,400.0,0.4,0.0,false,false,false,ok,19.808,39.267,39.267,1.0625481998619963,false,1297441228
22d,213459894922108,s4000-p100-a04,shrink-only,shrink,4000,100.0,0.4,0.0,false,false,false,ok,81.992,468.958,468.958,0.7763312003006276,false,-438265046
11c,209194992375579,s4000-p100-a04,shrink-only,shrink,4000,100.0,0.4,0.0,false,false,false,ok,59.797,513.458,513.458,1.020321661104283,false,1916526955
32b,217578768559291,s1000-p400-a04,shrink-only,shrink,1000,400.0,0.4,0.0,false,false,false,ok,7.752,51.508,51.508,0.3625970588442342,false,-888812919
16d,209865007273863,s1000-p100-a0,shrink-only,shrink,1000,100.0,0.0,0.0,false,false,false,ok,20.922,442.618,442.618,1.4754203827070163,false,719404660
19c,210260144264803,s4000-p100-a04,shrink-only,shrink,4000,100.0,0.4,0.0,false,false,false,ok,490.552,695.864,695.864,0.9194091377533494,false,-649799299
7c,7748141264468,s1000-p25-a04,shrink-only,shrink,1000,25.0,0.4,0.0,false,false,false,ok,439.526,4591.495,4591.495,3.0763414578584647,false,52935710
31a,217441329605787,s1000-p400-a04,shrink-only,shrink,1000,400.0,0.4,0.0,false,false,false,ok,72.079,266.889,266.889,1.3127517768869432,false,619611693
18a,210118410344002,s1000-p100-a0,shrink-only,shrink,1000,100.0,0.0,0.0,false,false,false,ok,19.487,1040.573,1040.573,1.0624455668854713,false,-1701613315
15c,209727568320487,s1000-p400-a04,shrink-only,shrink,1000,400.0,0.4,0.0,false,false,false,ok,118.055,1565.302,1565.302,2.760683459200914,false,-1622553236
22b,213451304987514,s1000-p0-a04,shrink-only,shrink,1000,0.0,0.4,0.0,false,false,false,ok,36.292,122.946,122.946,0.2583547760414642,false,-2145268623
5b,7477558325141,s1000-p100-a04,shrink-only,shrink,1000,100.0,0.4,0.0,false,true,false,ok,8.484,223.541,223.541,0.8510287564505477,false,-1512145598
13b,209456985380824,s1000-p100-a04,shrink-only,shrink,1000,100.0,0.4,0.0,false,true,false,ok,44.193,330.882,330.882,0.9826971738123241,false,-2119720580
4c,7348709306359,s1000-p100-a0,shrink-only,shrink,1000,100.0,0.0,0.0,false,false,false,ok,9.575,1407.333,1407.333,0.9672933569818516,false,-430037632
28b,214250168904580,s250-p100-a04,shrink-only,shrink,250,100.0,0.4,0.0,false,false,false,ok,152.369,223.898,223.898,2.056714004886921,false,513417771
18a,210118410344002,s1000-p0-a04,shrink-only,shrink,1000,0.0,0.4,0.0,false,false,false,ok,16.428,897.167,897.167,0.9160252110192534,false,-574815707
24a,213713297992455,s1000-p0-a04,shrink-only,shrink,1000,0.0,0.4,0.0,false,false,false,ok,355.113,251.22,251.22,1.7841379187898372,false,-520825330
15c,209727568320487,s4000-p100-a04,shrink-only,shrink,4000,100.0,0.4,0.0,false,false,false,ok,161.499,575.621,575.621,1.0152081665191057,false,592161665
4c,7348709306359,s1000-p100-a04,shrink-only,shrink,1000,100.0,0.4,0.0,false,true,false,ok,7.969,1442.724,1442.724,0.9916184308605602,false,1192923874
9c,8014429236754,s1000-p0-a04,shrink-only,shrink,1000,0.0,0.4,0.0,false,false,false,ok,283.848,725.57,725.57,1.0908505934451542,false,-305338705
10a,209053258454906,s1000-p100-a0,shrink-only,shrink,1000,100.0,0.0,0.0,false,false,false,ok,200.733,743.465,743.465,2.355342380259179,false,1718403736
33a,217707617578841,s1000-p100-a0,shrink-only,shrink,1000,100.0,0.0,0.0,false,false,false,ok,82.647,4.421,4.421,0.9598349978289189,false,321636491
18b,210122705311299,s1000-p25-a04,shrink-only,shrink,1000,25.0,0.4,0.0,false,false,false,ok,90.364,687.548,687.548,1.0564131324111812,false,-633376097
11a,209186402440985,s1000-p400-a04,shrink-only,shrink,1000,400.0,0.4,0.0,false,false,false,ok,13.822,14.969,14.969,1.0040580876681087,false,-1055439248
18b,210122705311299,s1000-p100-a0,shrink-only,shrink,1000,100.0,0.0,0.0,false,false,false,ok,16.217,427.675,427.675,0.6571199194877331,false,-633376097
24a,213713297992455,s4000-p100-a04,shrink-only,shrink,4000,100.0,0.4,0.0,false,false,false,ok,967.83,110.218,110.218,0.7827566003231362,false,2055842777
9c,8014429236754,s1000-p100-a04,shrink-only,shrink,1000,100.0,0.4,0.0,false,true,false,ok,13.715,677.237,677.237,1.018184852396069,false,906638406
16d,209865007273863,s1000-p100-a16,shrink-only,shrink,1000,100.0,1.6,0.0,false,false,false,ok,19.719,280.394,280.394,0.9346638021697065,false,719404660
15c,209727568320487,s1000-p25-a04,shrink-only,shrink,1000,25.0,0.4,0.0,false,false,false,ok,19.587,565.018,565.018,0.9965079241902087,false,592161665
19a,210251554330209,s4000-p100-a04,shrink-only,shrink,4000,100.0,0.4,0.0,false,false,false,ok,320.407,467.931,467.931,0.8252161882616851,false,187704695
13c,209461280348121,s4000-p100-a04,shrink-only,shrink,4000,100.0,0.4,0.0,false,false,false,ok,100.781,648.244,648.244,1.3779012982044074,false,876197618
22d,213459894922108,s1000-p100-a0,shrink-only,shrink,1000,100.0,0.0,0.0,false,false,false,ok,42.094,5577.731,5577.731,9.233591498991423,false,1311334790
24a,213713297992455,s1000-p400-a04,shrink-only,shrink,1000,400.0,0.4,0.0,false,false,false,ok,61.186,113.455,113.455,0.8057454325941444,false,941138625
11d,209199287342876,s1000-p25-a04,shrink-only,shrink,1000,25.0,0.4,0.0,false,false,false,ok,16.861,205.228,205.228,0.9204039896670494,false,2003817464
19c,210260144264803,s250-p100-a04,shrink-only,shrink,250,100.0,0.4,0.0,false,false,false,ok,27.382,692.968,692.968,0.9155828026319266,false,1055693188
17e,210002446227367,s1000-p100-a04,shrink-only,shrink,1000,100.0,0.4,0.0,false,true,false,ok,125.711,6245.502,6245.502,1.5169554418922213,false,-1125412742
8d,7885580217972,s4000-p100-a04,shrink-only,shrink,4000,100.0,0.4,0.0,false,false,false,ok,480.699,738.029,738.029,1.2184215457331744,false,1460871818
19d,210264439232100,s1000-p400-a04,shrink-only,shrink,1000,400.0,0.4,0.0,false,false,false,ok,26.712,3142.132,3142.132,0.541077919007379,false,-1246359705
25c,213855031913432,s250-p100-a04,shrink-only,shrink,250,100.0,0.4,0.0,false,false,false,ok,39.499,1006.346,1006.346,1.133250189326224,false,35421457
6a,7606407344051,s1000-p0-a04,shrink-only,shrink,1000,0.0,0.4,0.0,false,false,false,ok,96.706,4.702,4.702,1.1975041385457788,false,-224470636
28c,214254463871877,s1000-p0-a04,shrink-only,shrink,1000,0.0,0.4,0.0,false,false,false,ok,135.554,1324.094,1324.094,2.6375770276178936,false,-1040088321
6f,7627882180520,s1000-p25-a04,shrink-only,shrink,1000,25.0,0.4,0.0,false,false,false,ok,15.885,1974.468,1974.468,1.1197652112885732,false,1250717231
1c,6949277347594,s250-p100-a04,shrink-only,shrink,250,100.0,0.4,0.0,false,false,false,ok,2.972,1.074,1.074,0.9939842665432671,false,686382736
33a,217707617578841,s1000-p100-a16,shrink-only,shrink,1000,100.0,1.6,0.0,false,false,false,ok,84.123,4.493,4.493,0.975466782457664,false,1514619789
3b,7211270352855,s1000-p100-a0,shrink-only,shrink,1000,100.0,0.0,0.0,false,false,false,ok,8.55,6.351,6.351,0.8755169561621176,false,129508754
29c,214387607858084,s1000-p100-a0,shrink-only,shrink,1000,100.0,0.0,0.0,false,false,false,ok,1222.26,92.492,92.492,1.41689389993566,false,1216159973
9a,8005839302160,s1000-p400-a04,shrink-only,shrink,1000,400.0,0.4,0.0,false,false,false,ok,197.637,500.056,500.056,1.0188911834012688,false,1576652456
28b,214250168904580,s1000-p100-a16,shrink-only,shrink,1000,100.0,1.6,0.0,false,false,false,ok,104.948,324.709,324.709,2.9827579871764254,false,1439246871
19b,210255849297506,s250-p100-a04,shrink-only,shrink,250,100.0,0.4,0.0,false,false,false,ok,19.849,172.347,172.347,1.114969707359834,false,825922194
31b,217445624573084,s1000-p25-a04,shrink-only,shrink,1000,25.0,0.4,0.0,false,false,false,ok,71.853,8.273,8.273,1.0181527290628267,false,-744571733
13d,209465575315418,s1000-p0-a04,shrink-only,shrink,1000,0.0,0.4,0.0,false,false,false,ok,31.746,4634.387,4634.387,1.504720691282521,false,-2119720580
16d,209865007273863,s1000-p100-a04,shrink-only,shrink,1000,100.0,0.4,0.0,false,true,false,ok,20.872,303.718,303.718,1.0124118942180607,false,719404660
25c,213855031913432,s1000-p400-a04,shrink-only,shrink,1000,400.0,0.4,0.0,false,false,false,ok,107.356,1054.929,1054.929,1.1879596967402108,false,35421457
15a,209718978385893,s250-p100-a04,shrink-only,shrink,250,100.0,0.4,0.0,false,false,false,ok,16.711,453.49,453.49,1.012723527080065,false,196157638
7c,7748141264468,s1000-p400-a04,shrink-only,shrink,1000,400.0,0.4,0.0,false,false,false,ok,32.75,2403.795,2403.795,1.6105634906915696,false,-1004347469
18a,210118410344002,s4000-p100-a04,shrink-only,shrink,4000,100.0,0.4,0.0,false,false,false,ok,324.459,916.722,916.722,0.9359912519029255,false,-1701613315
17a,209985266358179,s1000-p400-a04,shrink-only,shrink,1000,400.0,0.4,0.0,false,false,false,ok,94.669,1895.217,1895.217,0.9851370496210515,false,-1125412742
7c,7748141264468,s4000-p100-a04,shrink-only,shrink,4000,100.0,0.4,0.0,false,false,false,ok,722.113,1485.611,1485.611,0.9953722501169165,false,-399731567
7c,7748141264468,s1000-p100-a04,shrink-only,shrink,1000,100.0,0.4,0.0,false,true,false,ok,35.788,1258.919,1258.919,0.8434866447171827,false,-399731567
19a,210251554330209,s1000-p0-a04,shrink-only,shrink,1000,0.0,0.4,0.0,false,false,false,ok,95.369,562.388,562.388,0.9917951186908167,false,-637633703
32b,217578768559291,s1000-p25-a04,shrink-only,shrink,1000,25.0,0.4,0.0,false,false,false,ok,65.017,147.743,147.743,1.040055472253314,false,1520237401
8d,7885580217972,s1000-p100-a04,shrink-only,shrink,1000,100.0,0.4,0.0,false,true,false,ok,89.621,626.133,626.133,1.0336910035981646,false,-1012298996
17e,210002446227367,s1000-p400-a04,shrink-only,shrink,1000,400.0,0.4,0.0,false,false,false,ok,16.002,4174.756,4174.756,1.0139967664364213,false,-1125412742
2b,7078126366504,s250-p100-a04,shrink-only,shrink,250,100.0,0.4,0.0,false,false,false,ok,13.056,130.765,130.765,0.9670858740307137,false,321836810
22d,213459894922108,s1000-p400-a04,shrink-only,shrink,1000,400.0,0.4,0.0,false,false,false,ok,68.208,816.027,816.027,1.3508826385043442,false,-438265046
23b,213584448973593,s1000-p400-a04,shrink-only,shrink,1000,400.0,0.4,0.0,false,false,false,ok,40.627,80.201,80.201,1.616531957349888,false,2055054090
27c,214121319885798,s1000-p0-a04,shrink-only,shrink,1000,0.0,0.4,0.0,false,false,false,ok,163.203,40.694,40.694,1.5532950359753421,false,-1273730499
21c,213322455968604,s1000-p25-a04,shrink-only,shrink,1000,25.0,0.4,0.0,false,false,false,ok,77.277,56.908,56.908,1.3616471460873103,false,405046416
27b,214117024918501,s1000-p100-a04,shrink-only,shrink,1000,100.0,0.4,0.0,false,true,false,ok,94.467,6.124,6.124,1.0496186476990315,false,1728540501
9c,8014429236754,s4000-p100-a04,shrink-only,shrink,4000,100.0,0.4,0.0,false,false,false,ok,870.527,761.925,761.925,1.14550813623868,false,906638406
27b,214117024918501,s250-p100-a04,shrink-only,shrink,250,100.0,0.4,0.0,false,false,false,ok,56.422,7.21,7.21,1.235752849430114,false,1728540501
3b,7211270352855,s1000-p100-a16,shrink-only,shrink,1000,100.0,1.6,0.0,false,false,false,ok,11.514,7.113,7.113,0.9805624483043839,false,129508754
19d,210264439232100,s250-p100-a04,shrink-only,shrink,250,100.0,0.4,0.0,false,false,false,ok,35.655,3369.409,3369.409,0.5802152201132014,false,-1246359705
24b,213717592959800,s1000-p100-a04,shrink-only,shrink,1000,100.0,0.4,0.0,false,true,false,ok,293.918,2.651,2.651,1.4905819510823728,false,644596804
22b,213451304987514,s250-p100-a04,shrink-only,shrink,250,100.0,0.4,0.0,false,false,false,ok,39.393,434.358,434.358,0.9127459519774398,false,-1072711187
19b,210255849297506,s1000-p100-a0,shrink-only,shrink,1000,100.0,0.0,0.0,false,false,false,ok,57.245,240.697,240.697,1.5571484484928078,false,-1834056489
33a,217707617578841,s1000-p25-a04,shrink-only,shrink,1000,25.0,0.4,0.0,false,false,false,ok,120.225,7.223,7.223,1.568171949630916,false,321636491
30b,217312480587005,s4000-p100-a04,shrink-only,shrink,4000,100.0,0.4,0.0,false,false,false,ok,960.827,50.11,50.11,1.4204319972787571,false,1910947129
5a,7473263357844,s1000-p100-a16,shrink-only,shrink,1000,100.0,1.6,0.0,false,false,false,ok,25.194,198.68,198.68,1.2989144114253213,false,414652499
29a,214379017923490,s1000-p100-a16,shrink-only,shrink,1000,100.0,1.6,0.0,false,false,false,ok,1131.089,34.573,34.573,1.351827956989247,false,-858518681
13b,209456985380824,s250-p100-a04,shrink-only,shrink,250,100.0,0.4,0.0,false,false,false,ok,25.875,952.57,952.57,2.829068510400704,false,876197618
18b,210122705311299,s1000-p100-a16,shrink-only,shrink,1000,100.0,1.6,0.0,false,false,false,ok,150.085,1396.042,1396.042,2.1450096607037907,false,-1852800932
11d,209199287342876,s1000-p100-a04,shrink-only,shrink,1000,100.0,0.4,0.0,false,true,false,ok,29.088,266.845,266.845,1.1967431472445467,false,2003817464
9b,8010134269457,s4000-p100-a04,shrink-only,shrink,4000,100.0,0.4,0.0,false,false,false,ok,810.347,588.266,588.266,1.182347969662771,false,1556140202
13d,209465575315418,s1000-p100-a0,shrink-only,shrink,1000,100.0,0.0,0.0,false,false,false,ok,40.511,3437.652,3437.652,1.11615756168588,false,-2119720580
19a,210251554330209,s250-p100-a04,shrink-only,shrink,250,100.0,0.4,0.0,false,false,false,ok,28.011,718.006,718.006,1.2662340697004888,false,-1819667816
30a,217308185619708,s1000-p25-a04,shrink-only,shrink,1000,25.0,0.4,0.0,false,false,false,ok,167.142,792.153,792.153,1.00753854489676,false,1041678136
9a,8005839302160,s1000-p0-a04,shrink-only,shrink,1000,0.0,0.4,0.0,false,false,false,ok,156.473,458.603,458.603,0.9344284507762572,false,403009818
22a,213447010020217,s1000-p400-a04,shrink-only,shrink,1000,400.0,0.4,0.0,false,false,false,ok,54.691,454.227,454.227,0.9637307018669845,false,316133052
22a,213447010020217,s1000-p100-a0,shrink-only,shrink,1000,100.0,0.0,0.0,false,false,false,ok,30.16,447.703,447.703,0.9498887701918965,false,-2145268623
27b,214117024918501,s1000-p100-a0,shrink-only,shrink,1000,100.0,0.0,0.0,false,false,false,ok,66.945,5.743,5.743,0.9843174222298398,false,1728540501
15d,209731863287704,s1000-p400-a04,shrink-only,shrink,1000,400.0,0.4,0.0,false,false,false,ok,160.385,545.801,545.801,1.0826549395793168,false,-704972777
5b,7477558325141,s1000-p100-a0,shrink-only,shrink,1000,100.0,0.0,0.0,false,false,false,ok,15.642,241.863,241.863,0.9207812800398978,false,-1512145598
16d,209865007273863,s4000-p100-a04,shrink-only,shrink,4000,100.0,0.4,0.0,false,false,false,ok,685.261,400.648,400.648,1.3355178178266602,false,719404660
29a,214379017923490,s1000-p100-a0,shrink-only,shrink,1000,100.0,0.0,0.0,false,false,false,ok,743.107,26.804,26.804,1.0480547409579666,false,-858518681
13d,209465575315418,s1000-p400-a04,shrink-only,shrink,1000,400.0,0.4,0.0,false,false,false,ok,19.563,3186.289,3186.289,1.034543508495491,false,-2119720580
4c,7348709306359,s1000-p100-a16,shrink-only,shrink,1000,100.0,1.6,0.0,false,false,false,ok,23.951,1829.88,1829.88,1.2577199341406409,false,1192923874
9d,8018724204051,s1000-p400-a04,shrink-only,shrink,1000,400.0,0.4,0.0,false,false,false,ok,284.418,1653.239,1653.239,1.3963574107522558,false,969253244
4a,7340119371765,s4000-p100-a04,shrink-only,shrink,4000,100.0,0.4,0.0,false,false,false,ok,36.639,824.536,824.536,1.0888995859192745,false,1427000343
2b,7078126366504,s1000-p25-a04,shrink-only,shrink,1000,25.0,0.4,0.0,false,false,false,ok,41.854,158.752,158.752,1.1740665826033256,false,321836810
17a,209985266358179,s4000-p100-a04,shrink-only,shrink,4000,100.0,0.4,0.0,false,false,false,ok,679.579,9922.09,9922.09,5.157519412644852,false,-1125412742
28a,214245873937283,s250-p100-a04,shrink-only,shrink,250,100.0,0.4,0.0,false,false,false,ok,103.614,505.012,505.012,0.9479085036634386,false,-351635764
24a,213713297992455,s1000-p25-a04,shrink-only,shrink,1000,25.0,0.4,0.0,false,false,false,ok,233.997,202.362,202.362,1.43715356071232,false,2055842777
17a,209985266358179,s1000-p0-a04,shrink-only,shrink,1000,0.0,0.4,0.0,false,false,false,ok,104.999,2067.138,2067.138,1.0745018805126596,false,-1125412742
27c,214121319885798,s1000-p400-a04,shrink-only,shrink,1000,400.0,0.4,0.0,false,false,false,ok,162.803,34.4,34.4,1.3130522739851516,false,-1093302568
4b,7344414339062,s1000-p100-a0,shrink-only,shrink,1000,100.0,0.0,0.0,false,false,false,ok,13.967,25.217,25.217,1.1566104804494897,false,261415237
22b,213451304987514,s1000-p400-a04,shrink-only,shrink,1000,400.0,0.4,0.0,false,false,false,ok,65.738,530.933,530.933,1.1156855555123608,false,316133052
14b,209590129366983,s250-p100-a04,shrink-only,shrink,250,100.0,0.4,0.0,false,false,false,ok,13.619,40.353,40.353,1.0919348946706173,false,1297441228
3b,7211270352855,s1000-p25-a04,shrink-only,shrink,1000,25.0,0.4,0.0,false,false,false,ok,11.553,7.085,7.085,0.9767025089605735,false,129508754
21c,213322455968604,s250-p100-a04,shrink-only,shrink,250,100.0,0.4,0.0,false,false,false,ok,29.366,55.839,55.839,1.3360690059459006,false,405046416
21c,213322455968604,s1000-p0-a04,shrink-only,shrink,1000,0.0,0.4,0.0,false,false,false,ok,105.522,26.159,26.159,0.625910727744745,false,-597700708
27b,214117024918501,s1000-p25-a04,shrink-only,shrink,1000,25.0,0.4,0.0,false,false,false,ok,77.908,6.081,6.081,1.042248693118519,false,1728540501
17e,210002446227367,s250-p100-a04,shrink-only,shrink,250,100.0,0.4,0.0,false,false,false,ok,65.232,4615.588,4615.588,1.1210694247047608,false,-1125412742
27c,214121319885798,s1000-p100-a16,shrink-only,shrink,1000,100.0,1.6,0.0,false,false,false,ok,87.26,26.28,26.28,1.003110865125866,false,-1093302568
4b,7344414339062,s1000-p400-a04,shrink-only,shrink,1000,400.0,0.4,0.0,false,false,false,ok,7.673,21.831,21.831,1.0013071895424837,false,261415237
3c,7215565320136,s1000-p25-a04,shrink-only,shrink,1000,25.0,0.4,0.0,false,false,false,ok,34.681,1383.593,1383.593,1.0546715340151585,false,-1572305105
9b,8010134269457,s1000-p100-a0,shrink-only,shrink,1000,100.0,0.0,0.0,false,false,false,ok,172.617,498.263,498.263,1.0014521430918688,false,1556140202
11b,209190697408282,s1000-p100-a04,shrink-only,shrink,1000,100.0,0.4,0.0,false,true,false,ok,15.092,2.028,2.028,1.0307496823379925,false,-1446711126
27a,214112729951204,s1000-p400-a04,shrink-only,shrink,1000,400.0,0.4,0.0,false,false,false,ok,125.01,19.223,19.223,1.0926504859887454,false,704699266
3b,7211270352855,s1000-p0-a04,shrink-only,shrink,1000,0.0,0.4,0.0,false,false,false,ok,10.04,7.014,7.014,0.9669148056244832,false,129508754
23b,213584448973593,s1000-p100-a16,shrink-only,shrink,1000,100.0,1.6,0.0,false,false,false,ok,95.391,141.48,141.48,2.8516719408219617,false,2055054090
1c,6949277347594,s1000-p25-a04,shrink-only,shrink,1000,25.0,0.4,0.0,false,false,false,ok,10.109,1.115,1.115,1.0319296621934289,false,686382736
11c,209194992375579,s250-p100-a04,shrink-only,shrink,250,100.0,0.4,0.0,false,false,false,ok,7.798,629.359,629.359,1.2506351450574935,false,1916526955
26c,213988175899591,s1000-p100-a16,shrink-only,shrink,1000,100.0,1.6,0.0,false,false,false,ok,224.427,582.288,582.288,1.6904102152465195,false,-321495561
15d,209731863287704,s1000-p25-a04,shrink-only,shrink,1000,25.0,0.4,0.0,false,false,false,ok,27.208,525.471,525.471,1.0423281997572065,false,-704972777
7c,7748141264468,s1000-p100-a16,shrink-only,shrink,1000,100.0,1.6,0.0,false,false,false,ok,480.597,3380.144,3380.144,2.264725785551665,false,-1004347469
28a,214245873937283,s1000-p100-a04,shrink-only,shrink,1000,100.0,0.4,0.0,false,true,false,ok,190.992,609.342,609.342,1.143736116051276,false,-937872645
6b,7610702311348,s1000-p0-a04,shrink-only,shrink,1000,0.0,0.4,0.0,false,false,false,ok,108.543,4.919,4.919,1.178768272226216,false,1482096114
13c,209461280348121,s1000-p0-a04,shrink-only,shrink,1000,0.0,0.4,0.0,false,false,false,ok,63.35,663.94,663.94,1.4112645669375026,false,876197618
32b,217578768559291,s1000-p100-a0,shrink-only,shrink,1000,100.0,0.0,0.0,false,false,false,ok,54.539,81.18,81.18,0.571476843150092,false,1013953437
31a,217441329605787,s4000-p100-a04,shrink-only,shrink,4000,100.0,0.4,0.0,false,false,false,ok,1024.747,328.217,328.217,1.6144069255552003,false,499229554
3c,7215565320136,s1000-p100-a04,shrink-only,shrink,1000,100.0,0.4,0.0,false,true,false,ok,15.869,1513.365,1513.365,1.1535928456380238,false,-1572305105
6a,7606407344051,s250-p100-a04,shrink-only,shrink,250,100.0,0.4,0.0,false,false,false,ok,32.267,4.945,4.945,1.2593913154208585,false,-224470636
28b,214250168904580,s1000-p400-a04,shrink-only,shrink,1000,400.0,0.4,0.0,false,false,false,ok,142.933,424.828,424.828,3.902445297716375,false,1439246871
11b,209190697408282,s1000-p100-a0,shrink-only,shrink,1000,100.0,0.0,0.0,false,false,false,ok,12.817,2.133,2.133,1.0841168996188055,false,-1446711126
29c,214387607858084,s1000-p400-a04,shrink-only,shrink,1000,400.0,0.4,0.0,false,false,false,ok,1186.93,165.28,165.28,2.531940316798922,false,2081534655
11a,209186402440985,s4000-p100-a04,shrink-only,shrink,4000,100.0,0.4,0.0,false,false,false,ok,83.499,14.659,14.659,0.9832645806083778,false,-1055439248
32b,217578768559291,s4000-p100-a04,shrink-only,shrink,4000,100.0,0.4,0.0,false,false,false,ok,133.693,140.274,140.274,0.9874765052480412,false,1520237401
2d,7086716301098,s1000-p400-a04,shrink-only,shrink,1000,400.0,0.4,0.0,false,false,false,ok,28.836,155.297,155.297,1.073954205652718,false,321836810
22b,213451304987514,s4000-p100-a04,shrink-only,shrink,4000,100.0,0.4,0.0,false,false,false,ok,160.145,120.587,120.587,0.2533976491997466,false,-2145268623
11a,209186402440985,s250-p100-a04,shrink-only,shrink,250,100.0,0.4,0.0,false,false,false,ok,15.137,14.778,14.778,0.9912466042861455,false,-1055439248
33b,217711912546138,s250-p100-a04,shrink-only,shrink,250,100.0,0.4,0.0,false,false,false,ok,83.537,3.764,3.764,0.9432401954642275,false,-1215026023
23a,213580154006296,s1000-p400-a04,shrink-only,shrink,1000,400.0,0.4,0.0,false,false,false,ok,112.528,877.737,877.737,2.320806126860275,false,1835492322
31a,217441329605787,s1000-p25-a04,shrink-only,shrink,1000,25.0,0.4,0.0,false,false,false,ok,222.021,196.451,196.451,0.9662871055802857,false,499229554
15b,209723273353190,s1000-p0-a04,shrink-only,shrink,1000,0.0,0.4,0.0,false,false,false,ok,88.184,31.732,31.732,3.657656619215031,false,-1478206114
22a,213447010020217,s1000-p25-a04,shrink-only,shrink,1000,25.0,0.4,0.0,false,false,false,ok,58.835,490.522,490.522,1.040737585703177,false,-2145268623
13a,209452690413351,s1000-p100-a04,shrink-only,shrink,1000,100.0,0.4,0.0,false,true,false,ok,84.429,1511.385,1511.385,1.981359514002323,false,-1062568155
2d,7086716301098,s4000-p100-a04,shrink-only,shrink,4000,100.0,0.4,0.0,false,false,false,ok,64.925,141.914,141.914,0.9814042585561847,false,321836810
15c,209727568320487,s1000-p100-a16,shrink-only,shrink,1000,100.0,1.6,0.0,false,false,false,ok,78.663,1153.294,1153.294,2.0340353934229043,false,-1622553236
19d,210264439232100,s4000-p100-a04,shrink-only,shrink,4000,100.0,0.4,0.0,false,false,false,ok,566.343,6190.161,6190.161,1.0659512178993868,false,-1211980585
30a,217308185619708,s1000-p100-a04,shrink-only,shrink,1000,100.0,0.4,0.0,false,true,false,ok,246.45,1307.722,1307.722,1.663290199001305,false,216250776
11a,209186402440985,s1000-p0-a04,shrink-only,shrink,1000,0.0,0.4,0.0,false,false,false,ok,22.904,15.287,15.287,1.0253882013616393,false,-1055439248
27c,214121319885798,s1000-p100-a0,shrink-only,shrink,1000,100.0,0.0,0.0,false,false,false,ok,93.413,26.157,26.157,0.9984159398438841,false,-1273730499
1c,6949277347594,s1000-p400-a04,shrink-only,shrink,1000,400.0,0.4,0.0,false,false,false,ok,10.197,1.076,1.076,0.995835261453031,false,686382736
13b,209456985380824,s1000-p0-a04,shrink-only,shrink,1000,0.0,0.4,0.0,false,false,false,ok,40.615,473.857,473.857,1.407323259322618,false,-1005059989
11d,209199287342876,s1000-p0-a04,shrink-only,shrink,1000,0.0,0.4,0.0,false,false,false,ok,21.078,1461.462,1461.462,6.554346656142365,false,198126114
19a,210251554330209,s1000-p400-a04,shrink-only,shrink,1000,400.0,0.4,0.0,false,false,false,ok,154.437,551.196,551.196,0.9720575514447382,false,-477815540
8c,7881285250675,s1000-p100-a16,shrink-only,shrink,1000,100.0,1.6,0.0,false,false,false,ok,189.329,5013.037,5013.037,1.0876871597883744,false,1733352584
24a,213713297992455,s250-p100-a04,shrink-only,shrink,250,100.0,0.4,0.0,false,false,false,ok,168.049,397.314,397.314,2.821682083695826,false,672276191
2b,7078126366504,s1000-p100-a04,shrink-only,shrink,1000,100.0,0.4,0.0,false,true,false,ok,35.287,159.968,159.968,1.183059634435401,false,321836810
12b,209323841394489,s1000-p100-a16,shrink-only,shrink,1000,100.0,1.6,0.0,false,false,false,ok,38.257,1.9,1.9,1.4147431124348473,false,466548996
6f,7627882180520,s1000-p0-a04,shrink-only,shrink,1000,0.0,0.4,0.0,false,false,false,ok,189.252,5115.856,5115.856,2.901317000205582,false,1250717231
27b,214117024918501,s1000-p100-a16,shrink-only,shrink,1000,100.0,1.6,0.0,false,false,false,ok,118.235,6.607,6.607,1.1324020910103694,false,-1505844372
8c,7881285250675,s1000-p100-a04,shrink-only,shrink,1000,100.0,0.4,0.0,false,true,false,ok,18.803,4669.436,4669.436,1.0131354667148051,false,-388506810
15b,209723273353190,s1000-p400-a04,shrink-only,shrink,1000,400.0,0.4,0.0,false,false,false,ok,62.708,28.044,28.044,3.2325514379574667,false,-1293176700
10a,209053258454906,s1000-p100-a16,shrink-only,shrink,1000,100.0,1.6,0.0,false,false,false,ok,330.405,1111.402,1111.402,3.520989195328377,false,1718403736
12b,209323841394489,s1000-p25-a04,shrink-only,shrink,1000,25.0,0.4,0.0,false,false,false,ok,15.946,1.422,1.422,1.0588235294117647,false,-1300552445
9a,8005839302160,s1000-p100-a0,shrink-only,shrink,1000,100.0,0.0,0.0,false,false,false,ok,283.997,504.033,504.033,1.026994536298518,false,2029736178
9c,8014429236754,s1000-p100-a16,shrink-only,shrink,1000,100.0,1.6,0.0,false,false,false,ok,297.154,2120.505,2120.505,3.188050963591958,false,906638406
8b,7876990283378,s1000-p100-a04,shrink-only,shrink,1000,100.0,0.4,0.0,false,true,false,ok,118.436,213.196,213.196,1.0486974657642059,false,-1987159524
11d,209199287342876,s1000-p400-a04,shrink-only,shrink,1000,400.0,0.4,0.0,false,false,false,ok,26.32,223.588,223.588,1.0027446900114811,false,2003817464
8a,7872695316081,s1000-p100-a16,shrink-only,shrink,1000,100.0,1.6,0.0,false,false,false,ok,156.169,70.057,70.057,0.7355992355992357,false,-1762716238
29c,214387607858084,s4000-p100-a04,shrink-only,shrink,4000,100.0,0.4,0.0,false,false,false,ok,3177.415,222.6,222.6,3.4100309445755084,false,485902434
30b,217312480587005,s1000-p100-a0,shrink-only,shrink,1000,100.0,0.0,0.0,false,false,false,ok,294.893,57.464,57.464,1.6288905266738474,false,1910947129
8b,7876990283378,s1000-p100-a16,shrink-only,shrink,1000,100.0,1.6,0.0,false,false,false,ok,8.566,185.812,185.812,0.913997324098851,false,-1718178947
9b,8010134269457,s1000-p25-a04,shrink-only,shrink,1000,25.0,0.4,0.0,false,false,false,ok,192.284,486.221,486.221,0.9772490882651764,false,1556140202
8b,7876990283378,s4000-p100-a04,shrink-only,shrink,4000,100.0,0.4,0.0,false,false,false,ok,382.491,180.99,180.99,0.8902782150165277,false,-1987159524
21b,213318161001307,s250-p100-a04,shrink-only,shrink,250,100.0,0.4,0.0,false,false,false,ok,40.025,23.116,23.116,1.780687902014405,false,405046416
24b,213717592959800,s1000-p0-a04,shrink-only,shrink,1000,0.0,0.4,0.0,false,false,false,ok,373.538,8.863,8.863,4.983412988473432,false,576851097
2d,7086716301098,s1000-p100-a16,shrink-only,shrink,1000,100.0,1.6,0.0,false,false,false,ok,160.088,210.437,210.437,1.455274095281564,false,321836810
6b,7610702311348,s1000-p100-a04,shrink-only,shrink,1000,100.0,0.4,0.0,false,true,false,ok,106.765,7.449,7.449,1.7850467289719625,false,1482096114
21c,213322455968604,s1000-p100-a0,shrink-only,shrink,1000,100.0,0.0,0.0,false,false,false,ok,154.678,63.079,63.079,1.509301685668824,false,405046416
5a,7473263357844,s1000-p100-a04,shrink-only,shrink,1000,100.0,0.4,0.0,false,true,false,ok,57.919,637.633,637.633,4.168666664487426,false,414652499
23a,213580154006296,s1000-p100-a04,shrink-only,shrink,1000,100.0,0.4,0.0,false,true,false,ok,117.149,1843.025,1843.025,4.873104029973282,false,1835492322
3b,7211270352855,s4000-p100-a04,shrink-only,shrink,4000,100.0,0.4,0.0,false,false,false,ok,130.892,5.024,5.024,0.6925834022608217,false,129508754
19d,210264439232100,s1000-p100-a04,shrink-only,shrink,1000,100.0,0.4,0.0,false,true,false,ok,219.321,7060.172,7060.172,1.2157678842245216,false,723032794
19b,210255849297506,s1000-p0-a04,shrink-only,shrink,1000,0.0,0.4,0.0,false,false,false,ok,113.249,222.157,222.157,1.437207060627331,false,-1906746532
5b,7477558325141,s4000-p100-a04,shrink-only,shrink,4000,100.0,0.4,0.0,false,false,false,ok,140.262,445.045,445.045,1.6943025794576116,false,1589551454
23a,213580154006296,s1000-p0-a04,shrink-only,shrink,1000,0.0,0.4,0.0,false,false,false,ok,48.559,390.139,390.139,1.0315584070480577,false,-1748251853
15a,209718978385893,s1000-p0-a04,shrink-only,shrink,1000,0.0,0.4,0.0,false,false,false,ok,122.502,1558.876,1558.876,3.481246336193661,false,-662433972
25c,213855031913432,s1000-p25-a04,shrink-only,shrink,1000,25.0,0.4,0.0,false,false,false,ok,433.316,1872.905,1872.905,2.1090856880635798,false,35421457
26c,213988175899591,s4000-p100-a04,shrink-only,shrink,4000,100.0,0.4,0.0,false,false,false,ok,1031.055,1355.967,1355.967,3.9364377564661774,false,628672308
12b,209323841394489,s250-p100-a04,shrink-only,shrink,250,100.0,0.4,0.0,false,false,false,ok,25.716,1.532,1.532,1.1407297096053612,false,466548996
4b,7344414339062,s4000-p100-a04,shrink-only,shrink,4000,100.0,0.4,0.0,false,false,false,ok,41.232,45.438,45.438,2.084072927416581,false,261415237
32a,217574473591994,s1000-p0-a04,shrink-only,shrink,1000,0.0,0.4,0.0,false,false,false,ok,73.486,0.239,0.239,1.2101265822784808,false,957982218
26c,213988175899591,s1000-p100-a04,shrink-only,shrink,1000,100.0,0.4,0.0,false,true,false,ok,221.428,565.839,565.839,1.6426579730045534,false,628672308
13d,209465575315418,s250-p100-a04,shrink-only,shrink,250,100.0,0.4,0.0,false,false,false,ok,25.368,6193.118,6193.118,2.0108188630242196,false,-2119720580
15d,209731863287704,s4000-p100-a04,shrink-only,shrink,4000,100.0,0.4,0.0,false,false,false,ok,439.045,623.237,623.237,1.23625756746249,false,-704972777
9b,8010134269457,s1000-p100-a16,shrink-only,shrink,1000,100.0,1.6,0.0,false,false,false,ok,26.123,529.245,529.245,1.0637224507351664,false,140277402
1c,6949277347594,s1000-p0-a04,shrink-only,shrink,1000,0.0,0.4,0.0,false,false,false,ok,9.601,1.078,1.078,0.9976862563627951,false,686382736
7c,7748141264468,s1000-p100-a0,shrink-only,shrink,1000,100.0,0.0,0.0,false,false,false,ok,552.809,6540.595,6540.595,4.382255356384312,false,52935710
17e,210002446227367,s1000-p100-a16,shrink-only,shrink,1000,100.0,1.6,0.0,false,false,false,ok,225.219,16694.584,16694.584,4.054908644481549,false,-1125412742
8d,7885580217972,s1000-p100-a16,shrink-only,shrink,1000,100.0,1.6,0.0,false,false,false,ok,207.695,824.069,824.069,1.3604660857104414,false,1142152349
27a,214112729951204,s250-p100-a04,shrink-only,shrink,250,100.0,0.4,0.0,false,false,false,ok,121.924,26.026,26.026,1.4793383732166203,false,704699266
23c,213588743940890,s1000-p25-a04,shrink-only,shrink,1000,25.0,0.4,0.0,false,false,false,ok,147.785,1498.093,1498.093,1.6161390267951732,false,-1576721678
28b,214250168904580,s1000-p0-a04,shrink-only,shrink,1000,0.0,0.4,0.0,false,false,false,ok,308.034,409.442,409.442,3.7611103966489687,false,1300118193
8d,7885580217972,s1000-p0-a04,shrink-only,shrink,1000,0.0,0.4,0.0,false,false,false,ok,9.481,542.428,542.428,0.895501345081229,false,-1012298996
29c,214387607858084,s1000-p100-a04,shrink-only,shrink,1000,100.0,0.4,0.0,false,true,false,ok,1627.732,151.119,151.119,2.3150065872116183,false,2081534655
15d,209731863287704,s1000-p100-a16,shrink-only,shrink,1000,100.0,1.6,0.0,false,false,false,ok,125.268,588.952,588.952,1.1682495854260393,false,-704972777
22a,213447010020217,s1000-p100-a04,shrink-only,shrink,1000,100.0,0.4,0.0,false,true,false,ok,185.483,443.067,443.067,0.9400525967943325,false,457903786
16c,209860712306566,s4000-p100-a04,shrink-only,shrink,4000,100.0,0.4,0.0,false,false,false,ok,1079.846,484.144,484.144,1.2009177839238985,false,719404660
28c,214254463871877,s1000-p400-a04,shrink-only,shrink,1000,400.0,0.4,0.0,false,false,false,ok,251.819,777.965,777.965,1.5496955747029701,false,-676166940
27b,214117024918501,s1000-p400-a04,shrink-only,shrink,1000,400.0,0.4,0.0,false,false,false,ok,146.507,5.923,5.923,1.0151683948924501,false,-1505844372
13d,209465575315418,s1000-p100-a16,shrink-only,shrink,1000,100.0,1.6,0.0,false,false,false,ok,136.533,6078.645,6078.645,1.9736510797352576,false,-2119720580
21c,213322455968604,s1000-p100-a16,shrink-only,shrink,1000,100.0,1.6,0.0,false,false,false,ok,121.957,70.973,70.973,1.6981827317645088,false,405046416
9c,8014429236754,s250-p100-a04,shrink-only,shrink,250,100.0,0.4,0.0,false,false,false,ok,87.976,2111.605,2111.605,3.1746703520980124,false,906638406
11b,209190697408282,s1000-p100-a16,shrink-only,shrink,1000,100.0,1.6,0.0,false,false,false,ok,24.576,1.875,1.875,0.9529860228716646,false,-1446711126
24b,213717592959800,s250-p100-a04,shrink-only,shrink,250,100.0,0.4,0.0,false,false,false,ok,113.815,3.006,3.006,1.6901883609783523,false,-870534348
33a,217707617578841,s250-p100-a04,shrink-only,shrink,250,100.0,0.4,0.0,false,false,false,ok,112.249,5.39,5.39,1.1702127659574468,false,14380942
30c,217316775554302,s1000-p25-a04,shrink-only,shrink,1000,25.0,0.4,0.0,false,false,false,ok,473.084,1975.018,1975.018,2.4724657457076504,false,-1451103391
32a,217574473591994,s250-p100-a04,shrink-only,shrink,250,100.0,0.4,0.0,false,false,false,ok,19.419,0.31,0.31,1.5696202531645569,false,1765267761
15d,209731863287704,s1000-p100-a04,shrink-only,shrink,1000,100.0,0.4,0.0,false,true,false,ok,28.734,528.765,528.765,1.048862202756421,false,-704972777
8d,7885580217972,s1000-p25-a04,shrink-only,shrink,1000,25.0,0.4,0.0,false,false,false,ok,15.898,630.654,630.654,1.0411547805070118,false,-1012298996
4a,7340119371765,s1000-p0-a04,shrink-only,shrink,1000,0.0,0.4,0.0,false,false,false,ok,18.611,842.612,842.612,1.112771131752418,false,-1202259619
27a,214112729951204,s1000-p100-a16,shrink-only,shrink,1000,100.0,1.6,0.0,false,false,false,ok,139.177,17.827,17.827,1.0133007446143354,false,704699266
19a,210251554330209,s1000-p100-a0,shrink-only,shrink,1000,100.0,0.0,0.0,false,false,false,ok,162.709,543.19,543.19,0.9579386304858297,false,187704695
8c,7881285250675,s4000-p100-a04,shrink-only,shrink,4000,100.0,0.4,0.0,false,false,false,ok,729.907,4699.475,4699.475,1.0196530796095202,false,1733352584
33a,217707617578841,s4000-p100-a04,shrink-only,shrink,4000,100.0,0.4,0.0,false,false,false,ok,417.383,8.17,8.17,1.7737733391228832,false,-2124008857
8a,7872695316081,s1000-p25-a04,shrink-only,shrink,1000,25.0,0.4,0.0,false,false,false,ok,164.796,79.162,79.162,0.8312018312018312,false,-1762716238
3c,7215565320136,s1000-p0-a04,shrink-only,shrink,1000,0.0,0.4,0.0,false,false,false,ok,36.529,1378.396,1378.396,1.0507100164574108,false,-1572305105
17e,210002446227367,s1000-p100-a0,shrink-only,shrink,1000,100.0,0.0,0.0,false,false,false,ok,183.7,4955.815,4955.815,1.203706368721217,false,-1125412742
18b,210122705311299,s1000-p400-a04,shrink-only,shrink,1000,400.0,0.4,0.0,false,false,false,ok,212.287,830.783,830.783,1.2764927996066577,false,-1852800932
15d,209731863287704,s1000-p100-a0,shrink-only,shrink,1000,100.0,0.0,0.0,false,false,false,ok,28.823,636.124,636.124,1.2618203169011293,false,-704972777
19b,210255849297506,s1000-p25-a04,shrink-only,shrink,1000,25.0,0.4,0.0,false,false,false,ok,80.327,206.955,206.955,1.3388602980420572,false,825922194
4b,7344414339062,s250-p100-a04,shrink-only,shrink,250,100.0,0.4,0.0,false,false,false,ok,4.388,23.567,23.567,1.0809310858846461,false,261415237
16c,209860712306566,s1000-p100-a16,shrink-only,shrink,1000,100.0,1.6,0.0,false,false,false,ok,200.189,371.264,371.264,0.9209192722221534,false,719404660
22b,213451304987514,s1000-p100-a16,shrink-only,shrink,1000,100.0,1.6,0.0,false,false,false,ok,81.819,445.153,445.153,0.9354302183006028,false,316133052
10a,209053258454906,s1000-p400-a04,shrink-only,shrink,1000,400.0,0.4,0.0,false,false,false,ok,322.652,807.57,807.57,2.5584309228086126,false,1718403736
31c,217449919540381,s250-p100-a04,shrink-only,shrink,250,100.0,0.4,0.0,false,false,false,ok,115.06,397.438,397.438,1.7542633041351898,false,1982821986
29a,214379017923490,s4000-p100-a04,shrink-only,shrink,4000,100.0,0.4,0.0,false,false,false,ok,2062.023,26.294,26.294,1.0281133919843597,false,77915294
25c,213855031913432,s1000-p100-a0,shrink-only,shrink,1000,100.0,0.0,0.0,false,false,false,ok,224.23,996.842,996.842,1.1225476975397446,false,35421457
12b,209323841394489,s1000-p0-a04,shrink-only,shrink,1000,0.0,0.4,0.0,false,false,false,ok,45.708,1.665,1.665,1.2397617274758006,false,-1300552445
12b,209323841394489,s1000-p400-a04,shrink-only,shrink,1000,400.0,0.4,0.0,false,false,false,ok,12.479,1.605,1.605,1.1950856291883842,false,466548996
17a,209985266358179,s1000-p100-a0,shrink-only,shrink,1000,100.0,0.0,0.0,false,false,false,ok,137.522,1864.568,1864.568,0.9692056468139663,false,-1125412742
4a,7340119371765,s1000-p100-a0,shrink-only,shrink,1000,100.0,0.0,0.0,false,false,false,ok,9.318,833.652,833.652,1.1009383672765956,false,1427000343
9a,8005839302160,s1000-p100-a04,shrink-only,shrink,1000,100.0,0.4,0.0,false,true,false,ok,293.958,462.935,462.935,0.9432551354005679,false,1576652456
32a,217574473591994,s1000-p100-a16,shrink-only,shrink,1000,100.0,1.6,0.0,false,false,false,ok,51.722,0.2,0.2,1.0126582278481013,false,1765267761
29b,214383312890787,s1000-p0-a04,shrink-only,shrink,1000,0.0,0.4,0.0,false,false,false,ok,1003.661,3.349,3.349,1.248695003728561,false,-1637348541
1c,6949277347594,s1000-p100-a04,shrink-only,shrink,1000,100.0,0.4,0.0,false,true,false,ok,15.912,1.068,1.068,0.9884312818139751,false,686382736
26c,213988175899591,s1000-p0-a04,shrink-only,shrink,1000,0.0,0.4,0.0,false,false,false,ok,223.066,1296.934,1296.934,3.7650621034617395,false,628672308
31b,217445624573084,s1000-p100-a0,shrink-only,shrink,1000,100.0,0.0,0.0,false,false,false,ok,170.104,8.916,8.916,1.0972863208417942,false,-744571733
30a,217308185619708,s1000-p100-a0,shrink-only,shrink,1000,100.0,0.0,0.0,false,false,false,ok,247.12,762.512,762.512,0.9698381890194422,false,1041678136
11c,209194992375579,s1000-p0-a04,shrink-only,shrink,1000,0.0,0.4,0.0,false,false,false,ok,23.056,362.753,362.753,0.7208471647740652,false,212006990
13a,209452690413351,s1000-p400-a04,shrink-only,shrink,1000,400.0,0.4,0.0,false,false,false,ok,60.704,1169.285,1169.285,1.5328814030377478,false,-1062568155
23b,213584448973593,s1000-p100-a0,shrink-only,shrink,1000,100.0,0.0,0.0,false,false,false,ok,69.888,116.602,116.602,2.3502307862858527,false,-439854755
22b,213451304987514,s1000-p100-a0,shrink-only,shrink,1000,100.0,0.0,0.0,false,false,false,ok,32.483,116.986,116.986,0.2458306234443311,false,-2145268623
30a,217308185619708,s1000-p0-a04,shrink-only,shrink,1000,0.0,0.4,0.0,false,false,false,ok,84.058,768.672,768.672,0.9776730863644805,false,1041678136
30c,217316775554302,s1000-p0-a04,shrink-only,shrink,1000,0.0,0.4,0.0,false,false,false,ok,99.487,1025.539,1025.539,1.2838414882230331,false,-1451103391
19a,210251554330209,s1000-p100-a16,shrink-only,shrink,1000,100.0,1.6,0.0,false,false,false,ok,23.52,471.653,471.653,0.8317800933090318,false,-477815540
11c,209194992375579,s1000-p400-a04,shrink-only,shrink,1000,400.0,0.4,0.0,false,false,false,ok,12.98,569.444,569.444,1.1315746331459775,false,1916526955
21b,213318161001307,s1000-p100-a0,shrink-only,shrink,1000,100.0,0.0,0.0,false,false,false,ok,37.404,13.026,13.026,1.0034279551669683,false,405046416
18b,210122705311299,s1000-p100-a04,shrink-only,shrink,1000,100.0,0.4,0.0,false,true,false,ok,22.33,546.283,546.283,0.8393603576957205,false,-2103027714
13c,209461280348121,s250-p100-a04,shrink-only,shrink,250,100.0,0.4,0.0,false,false,false,ok,16.7,700.75,700.75,1.4895075538172948,false,876197618
29b,214383312890787,s4000-p100-a04,shrink-only,shrink,4000,100.0,0.4,0.0,false,false,false,ok,1579.917,2.796,2.796,1.0425055928411633,false,-665152500
31b,217445624573084,s250-p100-a04,shrink-only,shrink,250,100.0,0.4,0.0,false,false,false,ok,56.544,8.067,8.067,0.9928004430496584,false,933065134
16d,209865007273863,s1000-p400-a04,shrink-only,shrink,1000,400.0,0.4,0.0,false,false,false,ok,142.521,294.004,294.004,0.9800313005738439,false,719404660
25c,213855031913432,s4000-p100-a04,shrink-only,shrink,4000,100.0,0.4,0.0,false,false,false,ok,598.637,758.983,758.983,0.8546937419589141,false,35421457
19a,210251554330209,s1000-p100-a04,shrink-only,shrink,1000,100.0,0.4,0.0,false,true,false,ok,24.986,491.931,491.931,0.8675412073740765,false,-477815540
28c,214254463871877,s250-p100-a04,shrink-only,shrink,250,100.0,0.4,0.0,false,false,false,ok,100.127,534.346,534.346,1.0644098790565555,false,-676166940
30a,217308185619708,s250-p100-a04,shrink-only,shrink,250,100.0,0.4,0.0,false,false,false,ok,88.001,536.521,536.521,0.682400480269032,false,-824386529
10a,209053258454906,s1000-p100-a04,shrink-only,shrink,1000,100.0,0.4,0.0,false,true,false,ok,11.054,316.648,316.648,1.0031601407252642,false,1718403736
4a,7340119371765,s1000-p100-a04,shrink-only,shrink,1000,100.0,0.4,0.0,false,true,false,ok,9.132,789.214,789.214,1.0422526097122435,false,-1509295857
5a,7473263357844,s1000-p400-a04,shrink-only,shrink,1000,400.0,0.4,0.0,false,false,false,ok,17.37,154.564,154.564,1.0104963110909166,false,414652499
27b,214117024918501,s4000-p100-a04,shrink-only,shrink,4000,100.0,0.4,0.0,false,false,false,ok,160.082,5.948,5.948,1.0194532522067015,false,1728540501
30b,217312480587005,s1000-p400-a04,shrink-only,shrink,1000,400.0,0.4,0.0,false,false,false,ok,139.553,36.859,36.859,1.0448154657293496,false,-119349660
3c,7215565320136,s1000-p100-a16,shrink-only,shrink,1000,100.0,1.6,0.0,false,false,false,ok,13.14,1318.704,1318.704,1.0052085913935134,false,-1572305105
27a,214112729951204,s1000-p0-a04,shrink-only,shrink,1000,0.0,0.4,0.0,false,false,false,ok,71.794,13.811,13.811,0.7850281361905304,false,1430642209
31c,217449919540381,s1000-p100-a16,shrink-only,shrink,1000,100.0,1.6,0.0,false,false,false,ok,211.597,255.458,255.458,1.1275735967566447,false,1982821986
11c,209194992375579,s1000-p100-a04,shrink-only,shrink,1000,100.0,0.4,0.0,false,true,false,ok,13.144,527.462,527.462,1.0481498077922389,false,1916526955
15a,209718978385893,s1000-p100-a0,shrink-only,shrink,1000,100.0,0.0,0.0,false,false,false,ok,72.393,1032.819,1032.819,2.306467839456891,false,-93948010
15d,209731863287704,s250-p100-a04,shrink-only,shrink,250,100.0,0.4,0.0,false,false,false,ok,24.109,526.181,526.181,1.0437365610594052,false,-704972777
30b,217312480587005,s1000-p25-a04,shrink-only,shrink,1000,25.0,0.4,0.0,false,false,false,ok,76.749,38.291,38.291,1.0854073360167806,false,1910947129
15b,209723273353190,s4000-p100-a04,shrink-only,shrink,4000,100.0,0.4,0.0,false,false,false,ok,135.937,26.299,26.299,3.03141029335485,false,-347771581
9a,8005839302160,s1000-p100-a16,shrink-only,shrink,1000,100.0,1.6,0.0,false,false,false,ok,24.834,475.843,475.843,0.9695558845073551,false,1576652456
19b,210255849297506,s4000-p100-a04,shrink-only,shrink,4000,100.0,0.4,0.0,false,false,false,ok,194.344,155.067,155.067,1.0031796759512341,false,910037442
27c,214121319885798,s1000-p100-a04,shrink-only,shrink,1000,100.0,0.4,0.0,false,true,false,ok,121.681,27.866,27.866,1.0636486821764604,false,-1273730499
27c,214121319885798,s250-p100-a04,shrink-only,shrink,250,100.0,0.4,0.0,false,false,false,ok,95.642,26.432,26.432,1.0089127240109166,false,-1273730499
16c,209860712306566,s250-p100-a04,shrink-only,shrink,250,100.0,0.4,0.0,false,false,false,ok,34.263,393.088,393.088,0.9750536407496063,false,719404660
31a,217441329605787,s250-p100-a04,shrink-only,shrink,250,100.0,0.4,0.0,false,false,false,ok,59.954,219.451,219.451,1.0794176237672461,false,619611693
28c,214254463871877,s4000-p100-a04,shrink-only,shrink,4000,100.0,0.4,0.0,false,false,false,ok,238.202,1272.337,1272.337,2.5344777958273865,false,-1040088321
33b,217711912546138,s1000-p100-a0,shrink-only,shrink,1000,100.0,0.0,0.0,false,false,false,ok,98.638,3.937,3.937,0.986593158752036,false,-397240962
23c,213588743940890,s1000-p400-a04,shrink-only,shrink,1000,400.0,0.4,0.0,false,false,false,ok,27.683,1207.853,1207.853,1.3030288319427634,false,1835492322
5a,7473263357844,s1000-p100-a0,shrink-only,shrink,1000,100.0,0.0,0.0,false,false,false,ok,10.616,153.565,153.565,1.0039651277961015,false,414652499
6a,7606407344051,s1000-p25-a04,shrink-only,shrink,1000,25.0,0.4,0.0,false,false,false,ok,91.808,6.344,6.344,1.6156882719979626,false,-224470636
11d,209199287342876,s1000-p100-a0,shrink-only,shrink,1000,100.0,0.0,0.0,false,false,false,ok,19.835,1264.437,1264.437,5.670731379161882,false,198126114
6f,7627882180520,s250-p100-a04,shrink-only,shrink,250,100.0,0.4,0.0,false,false,false,ok,30.993,3031.727,3031.727,1.7193605693909813,false,1250717231
11c,209194992375579,s1000-p25-a04,shrink-only,shrink,1000,25.0,0.4,0.0,false,false,false,ok,14.673,379.099,379.099,0.7533292331660478,false,212006990
6f,7627882180520,s1000-p100-a0,shrink-only,shrink,1000,100.0,0.0,0.0,false,false,false,ok,172.008,1905.024,1905.024,1.0803819569979372,false,1250717231
5b,7477558325141,s250-p100-a04,shrink-only,shrink,250,100.0,0.4,0.0,false,false,false,ok,5.415,231.005,231.005,0.8794444772272592,false,-1512145598
23a,213580154006296,s250-p100-a04,shrink-only,shrink,250,100.0,0.4,0.0,false,false,false,ok,12.752,351.731,351.731,0.9300046139181685,false,1835492322
3c,7215565320136,s250-p100-a04,shrink-only,shrink,250,100.0,0.4,0.0,false,false,false,ok,6.597,1322.402,1322.402,1.0080274661151896,false,-1572305105
33b,217711912546138,s1000-p0-a04,shrink-only,shrink,1000,0.0,0.4,0.0,false,false,false,ok,75.989,4.121,4.121,1.0327026688384915,false,1896864069
22d,213459894922108,s1000-p0-a04,shrink-only,shrink,1000,0.0,0.4,0.0,false,false,false,ok,48.011,6663.275,6663.275,11.03064299720479,true,1311334790
2b,7078126366504,s1000-p0-a04,shrink-only,shrink,1000,0.0,0.4,0.0,false,false,false,ok,42.849,219.967,219.967,1.6267883489688681,false,321836810
1c,6949277347594,s1000-p100-a16,shrink-only,shrink,1000,100.0,1.6,0.0,false,false,false,ok,27.683,1.404,1.404,1.2993984266543266,false,686382736
15a,209718978385893,s1000-p100-a04,shrink-only,shrink,1000,100.0,0.4,0.0,false,true,false,ok,42.347,535.031,535.031,1.1948190289028957,false,-874818637
9d,8018724204051,s1000-p25-a04,shrink-only,shrink,1000,25.0,0.4,0.0,false,false,false,ok,337.495,2034.236,2034.236,1.718154794206419,false,-1708131848
2b,7078126366504,s1000-p100-a0,shrink-only,shrink,1000,100.0,0.0,0.0,false,false,false,ok,31.755,132.305,132.305,0.97847510085752,false,321836810
4a,7340119371765,s1000-p25-a04,shrink-only,shrink,1000,25.0,0.4,0.0,false,false,false,ok,33.924,975.731,975.731,1.2885708833436014,false,1427000343
27c,214121319885798,s1000-p25-a04,shrink-only,shrink,1000,25.0,0.4,0.0,false,false,false,ok,100.832,30.929,30.929,1.1805637727350802,false,-1273730499
21a,213313866034010,s1000-p100-a0,shrink-only,shrink,1000,100.0,0.0,0.0,false,false,false,ok,56.614,43.936,43.936,1.4679585699966589,false,405046416
5a,7473263357844,s1000-p25-a04,shrink-only,shrink,1000,25.0,0.4,0.0,false,false,false,ok,14.58,168.977,168.977,1.1047244840920902,false,414652499
28c,214254463871877,s1000-p25-a04,shrink-only,shrink,1000,25.0,0.4,0.0,false,false,false,ok,134.172,1157.177,1157.177,2.305080660502797,false,-1040088321
8d,7885580217972,s1000-p400-a04,shrink-only,shrink,1000,400.0,0.4,0.0,false,false,false,ok,48.365,690.392,690.392,1.13977701120392,false,1142152349
13b,209456985380824,s4000-p100-a04,shrink-only,shrink,4000,100.0,0.4,0.0,false,false,false,ok,125.437,357.443,357.443,1.0615815484039584,false,-2119720580
18a,210118410344002,s250-p100-a04,shrink-only,shrink,250,100.0,0.4,0.0,false,false,false,ok,37.978,1576.937,1576.937,1.6100837950895075,false,-574815707
31c,217449919540381,s1000-p100-a0,shrink-only,shrink,1000,100.0,0.0,0.0,false,false,false,ok,100.572,294.135,294.135,1.298291147202341,false,-105956113
23c,213588743940890,s4000-p100-a04,shrink-only,shrink,4000,100.0,0.4,0.0,false,false,false,ok,112.335,895.265,895.265,0.9658096699095321,false,-1576721678
15a,209718978385893,s4000-p100-a04,shrink-only,shrink,4000,100.0,0.4,0.0,false,false,false,ok,139.107,444.631,444.631,0.9929398102915971,false,-93948010
8c,7881285250675,s250-p100-a04,shrink-only,shrink,250,100.0,0.4,0.0,false,false,false,ok,32.793,4596.543,4596.543,0.9973197485905516,false,1733352584
15a,209718978385893,s1000-p100-a16,shrink-only,shrink,1000,100.0,1.6,0.0,false,false,false,ok,22.461,448.752,448.752,1.002142733520548,false,196157638
28a,214245873937283,s4000-p100-a04,shrink-only,shrink,4000,100.0,0.4,0.0,false,false,false,ok,273.542,974.934,974.934,1.8299530092564351,false,96586315
30b,217312480587005,s250-p100-a04,shrink-only,shrink,250,100.0,0.4,0.0,false,false,false,ok,76.49,36.425,36.425,1.032513181019332,false,-119349660
22a,213447010020217,s250-p100-a04,shrink-only,shrink,250,100.0,0.4,0.0,false,false,false,ok,19.925,467.296,467.296,0.9914591207912221,false,316133052
4c,7348709306359,s250-p100-a04,shrink-only,shrink,250,100.0,0.4,0.0,false,false,false,ok,3.946,1468.109,1468.109,1.009066143567492,false,1192923874
18b,210122705311299,s1000-p0-a04,shrink-only,shrink,1000,0.0,0.4,0.0,false,false,false,ok,126.327,686.639,686.639,1.0550164596881686,false,-633376097
6b,7610702311348,s1000-p400-a04,shrink-only,shrink,1000,400.0,0.4,0.0,false,false,false,ok,93.236,4.498,4.498,1.0778816199376948,false,1482096114
14b,209590129366983,s1000-p25-a04,shrink-only,shrink,1000,25.0,0.4,0.0,false,false,false,ok,23.838,39.688,39.688,1.0739402795253752,false,-725338943
6f,7627882180520,s4000-p100-a04,shrink-only,shrink,4000,100.0,0.4,0.0,false,false,false,ok,514.578,1695.545,1695.545,0.9615817046284285,false,1250717231
30c,217316775554302,s1000-p100-a0,shrink-only,shrink,1000,100.0,0.0,0.0,false,false,false,ok,109.507,1122.067,1122.067,1.4046819937281312,false,-1451103391
9d,8018724204051,s1000-p100-a16,shrink-only,shrink,1000,100.0,1.6,0.0,false,false,false,ok,24.909,1572.321,1572.321,1.3280125138781491,false,969253244
19d,210264439232100,s1000-p25-a04,shrink-only,shrink,1000,25.0,0.4,0.0,false,false,false,ok,181.629,6470.781,6470.781,1.1142742309465314,false,-1211980585
32b,217578768559291,s1000-p0-a04,shrink-only,shrink,1000,0.0,0.4,0.0,false,false,false,ok,60.078,145.985,145.985,1.0276798096485116,false,1520237401
11b,209190697408282,s250-p100-a04,shrink-only,shrink,250,100.0,0.4,0.0,false,false,false,ok,7.077,2.478,2.478,1.259466327827192,false,-1446711126
5a,7473263357844,s1000-p0-a04,shrink-only,shrink,1000,0.0,0.4,0.0,false,false,false,ok,22.142,177.663,177.663,1.1615111288355993,false,414652499
27c,214121319885798,s4000-p100-a04,shrink-only,shrink,4000,100.0,0.4,0.0,false,false,false,ok,434.361,27.848,27.848,1.0629616199400727,false,-1273730499
11c,209194992375579,s1000-p100-a16,shrink-only,shrink,1000,100.0,1.6,0.0,false,false,false,ok,17.807,536.811,536.811,1.066727738625265,false,1916526955
14b,209590129366983,s1000-p0-a04,shrink-only,shrink,1000,0.0,0.4,0.0,false,false,false,ok,65.307,56.871,56.871,1.5389048991354468,false,-725338943
6a,7606407344051,s1000-p100-a0,shrink-only,shrink,1000,100.0,0.0,0.0,false,false,false,ok,103.984,4.738,4.738,1.2066726091939388,false,-224470636
17e,210002446227367,s1000-p25-a04,shrink-only,shrink,1000,25.0,0.4,0.0,false,false,false,ok,155.97,4860.717,4860.717,1.1806082368796025,false,-1125412742
6b,7610702311348,s4000-p100-a04,shrink-only,shrink,4000,100.0,0.4,0.0,false,false,false,ok,279.322,3.842,3.842,0.9206805655403786,false,1482096114
15b,209723273353190,s1000-p25-a04,shrink-only,shrink,1000,25.0,0.4,0.0,false,false,false,ok,68.574,28.433,28.433,3.277390352141087,false,-347771581
15c,209727568320487,s1000-p100-a04,shrink-only,shrink,1000,100.0,0.4,0.0,false,true,false,ok,72.494,751.074,751.074,1.3246501751328927,false,592161665
23b,213584448973593,s250-p100-a04,shrink-only,shrink,250,100.0,0.4,0.0,false,false,false,ok,23.903,164.365,164.365,3.3129421724144885,false,2055054090
26c,213988175899591,s250-p100-a04,shrink-only,shrink,250,100.0,0.4,0.0,false,false,false,ok,82.381,340.725,340.725,0.9891411476621026,false,-321495561
24b,213717592959800,s4000-p100-a04,shrink-only,shrink,4000,100.0,0.4,0.0,false,false,false,ok,895.763,2.921,2.921,1.6423952769187518,false,644596804
1c,6949277347594,s1000-p100-a0,shrink-only,shrink,1000,100.0,0.0,0.0,false,false,false,ok,21.792,1.107,1.107,1.024525682554373,false,686382736
13c,209461280348121,s1000-p400-a04,shrink-only,shrink,1000,400.0,0.4,0.0,false,false,false,ok,52.158,806.986,806.986,1.7153217878341827,false,876197618
29b,214383312890787,s1000-p25-a04,shrink-only,shrink,1000,25.0,0.4,0.0,false,false,false,ok,1182.405,3.036,3.036,1.1319910514541387,false,-665152500
15d,209731863287704,s1000-p0-a04,shrink-only,shrink,1000,0.0,0.4,0.0,false,false,false,ok,120.807,633.424,633.424,1.2564645767378386,false,-704972777
13a,209452690413351,s1000-p100-a0,shrink-only,shrink,1000,100.0,0.0,0.0,false,false,false,ok,59.498,1428.139,1428.139,1.8722276554073007,false,1188104532
10a,209053258454906,s1000-p25-a04,shrink-only,shrink,1000,25.0,0.4,0.0,false,false,false,ok,208.233,439.643,439.643,1.3928157883481886,false,1718403736
8d,7885580217972,s250-p100-a04,shrink-only,shrink,250,100.0,0.4,0.0,false,false,false,ok,39.864,627.737,627.737,1.0363390677790516,false,1142152349
30c,217316775554302,s250-p100-a04,shrink-only,shrink,250,100.0,0.4,0.0,false,false,false,ok,90.999,869.875,869.875,1.0889703995343043,false,1235453522
11d,209199287342876,s1000-p100-a16,shrink-only,shrink,1000,100.0,1.6,0.0,false,false,false,ok,19.841,252.654,252.654,1.1330995264064294,false,2003817464
15a,209718978385893,s1000-p400-a04,shrink-only,shrink,1000,400.0,0.4,0.0,false,false,false,ok,17.983,424.993,424.993,0.9490846764963683,false,196157638
30c,217316775554302,s4000-p100-a04,shrink-only,shrink,4000,100.0,0.4,0.0,false,false,false,ok,368.706,1096.537,1096.537,1.372721753118721,false,-1451103391
9b,8010134269457,s1000-p100-a04,shrink-only,shrink,1000,100.0,0.4,0.0,false,true,false,ok,178.9,505.59,505.59,1.016178582447057,false,140277402
19b,210255849297506,s1000-p100-a16,shrink-only,shrink,1000,100.0,1.6,0.0,false,false,false,ok,61.332,179.166,179.166,1.15908407218479,false,-1834056489
29b,214383312890787,s1000-p100-a04,shrink-only,shrink,1000,100.0,0.4,0.0,false,true,false,ok,714.237,2.757,2.757,1.0279642058165548,false,-665152500
23a,213580154006296,s1000-p25-a04,shrink-only,shrink,1000,25.0,0.4,0.0,false,false,false,ok,30.598,382.076,382.076,1.0102391966229822,false,-1576721678
9b,8010134269457,s1000-p400-a04,shrink-only,shrink,1000,400.0,0.4,0.0,false,false,false,ok,13.925,521.039,521.039,1.0472293210301473,false,140277402
26c,213988175899591,s1000-p25-a04,shrink-only,shrink,1000,25.0,0.4,0.0,false,false,false,ok,186.415,323.729,323.729,0.9398009379749205,false,628672308
18a,210118410344002,s1000-p25-a04,shrink-only,shrink,1000,25.0,0.4,0.0,false,false,false,ok,112.702,965.117,965.117,0.985403501893481,false,-1701613315
27a,214112729951204,s1000-p25-a04,shrink-only,shrink,1000,25.0,0.4,0.0,false,false,false,ok,88.582,17.302,17.302,0.9834593304155061,false,-1953543145
21c,213322455968604,s4000-p100-a04,shrink-only,shrink,4000,100.0,0.4,0.0,false,false,false,ok,147.967,46.931,46.931,1.1229258138227236,false,405046416
26c,213988175899591,s1000-p400-a04,shrink-only,shrink,1000,400.0,0.4,0.0,false,false,false,ok,33.414,299.08,299.08,0.8682436992964462,false,-321495561
22d,213459894922108,s250-p100-a04,shrink-only,shrink,250,100.0,0.4,0.0,false,false,false,ok,24.579,574.422,574.422,0.9509203825056554,false,-438265046
21c,213322455968604,s1000-p400-a04,shrink-only,shrink,1000,400.0,0.4,0.0,false,false,false,ok,65.338,44.818,44.818,1.0723677126825941,false,405046416
6a,7606407344051,s1000-p100-a16,shrink-only,shrink,1000,100.0,1.6,0.0,false,false,false,ok,11.941,4.43,4.43,1.1282312492041258,false,-224470636
8c,7881285250675,s1000-p25-a04,shrink-only,shrink,1000,25.0,0.4,0.0,false,false,false,ok,148.078,5280.838,5280.838,1.145792398005943,false,-388506810
26c,213988175899591,s1000-p100-a0,shrink-only,shrink,1000,100.0,0.0,0.0,false,false,false,ok,67.434,383.575,383.575,1.1135367692845872,false,628672308
9a,8005839302160,s4000-p100-a04,shrink-only,shrink,4000,100.0,0.4,0.0,false,false,false,ok,696.021,620.679,620.679,1.2646670789317918,false,2029736178
6a,7606407344051,s4000-p100-a04,shrink-only,shrink,4000,100.0,0.4,0.0,false,false,false,ok,290.515,5.304,5.304,1.350821342162231,false,-224470636
5a,7473263357844,s4000-p100-a04,shrink-only,shrink,4000,100.0,0.4,0.0,false,false,false,ok,62.669,164.135,164.135,1.073068838933436,false,414652499
33a,217707617578841,s1000-p100-a04,shrink-only,shrink,1000,100.0,0.4,0.0,false,true,false,ok,138.901,4.751,4.751,1.031480677377334,false,1253926702
28a,214245873937283,s1000-p400-a04,shrink-only,shrink,1000,400.0,0.4,0.0,false,false,false,ok,136.09,532.432,532.432,0.9993758968549894,false,-351635764
19c,210260144264803,s1000-p0-a04,shrink-only,shrink,1000,0.0,0.4,0.0,false,false,false,ok,98.097,989.864,989.864,1.3078561424834183,false,1347037819
19c,210260144264803,s1000-p25-a04,shrink-only,shrink,1000,25.0,0.4,0.0,false,false,false,ok,20.558,709.346,709.346,0.9372222075416854,false,-649799299
18b,210122705311299,s250-p100-a04,shrink-only,shrink,250,100.0,0.4,0.0,false,false,false,ok,26.378,729.742,729.742,1.1212439452547314,false,-1852800932
28a,214245873937283,s1000-p0-a04,shrink-only,shrink,1000,0.0,0.4,0.0,false,false,false,ok,133.958,833.63,833.63,1.5647251271434188,false,96586315
14b,209590129366983,s4000-p100-a04,shrink-only,shrink,4000,100.0,0.4,0.0,false,false,false,ok,123.639,37.622,37.622,1.0180352045027128,false,1297441228
15c,209727568320487,s1000-p0-a04,shrink-only,shrink,1000,0.0,0.4,0.0,false,false,false,ok,21.686,541.526,541.526,0.9550756792792918,false,-888802497
6f,7627882180520,s1000-p400-a04,shrink-only,shrink,1000,400.0,0.4,0.0,false,false,false,ok,106.7,1824.103,1824.103,1.0344898378738578,false,1250717231
29a,214379017923490,s1000-p0-a04,shrink-only,shrink,1000,0.0,0.4,0.0,false,false,false,ok,908.026,62.015,62.015,2.4248289345063534,false,-529581098
29c,214387607858084,s1000-p0-a04,shrink-only,shrink,1000,0.0,0.4,0.0,false,false,false,ok,1158.011,113.428,113.428,1.737614510248476,false,254816621
31b,217445624573084,s4000-p100-a04,shrink-only,shrink,4000,100.0,0.4,0.0,false,false,false,ok,376.82,8.687,8.687,1.0691034397883206,false,-744571733
29a,214379017923490,s1000-p100-a04,shrink-only,shrink,1000,100.0,0.4,0.0,false,true,false,ok,669.073,25.723,25.723,1.005786901270772,false,-858518681
32a,217574473591994,s1000-p25-a04,shrink-only,shrink,1000,25.0,0.4,0.0,false,false,false,ok,22.251,0.178,0.178,0.90126582278481,false,-1917286155
11d,209199287342876,s250-p100-a04,shrink-only,shrink,250,100.0,0.4,0.0,false,false,false,ok,6.008,224.355,224.355,1.0061845221010333,false,2003817464
11b,209190697408282,s1000-p400-a04,shrink-only,shrink,1000,400.0,0.4,0.0,false,false,false,ok,13.391,1.975,1.975,1.0038119440914868,false,-1446711126
6b,7610702311348,s1000-p25-a04,shrink-only,shrink,1000,25.0,0.4,0.0,false,false,false,ok,12.66,4.57,4.57,1.0951353942008148,false,1482096114
5a,7473263357844,s250-p100-a04,shrink-only,shrink,250,100.0,0.4,0.0,false,false,false,ok,4.366,159.849,159.849,1.0450481666595839,false,414652499
13c,209461280348121,s1000-p100-a04,shrink-only,shrink,1000,100.0,0.4,0.0,false,true,false,ok,16.541,525.693,525.693,1.117408054925259,false,876197618
28a,214245873937283,s1000-p100-a16,shrink-only,shrink,1000,100.0,1.6,0.0,false,false,false,ok,117.094,514.063,514.063,0.9648972482213061,false,-351635764
15c,209727568320487,s250-p100-a04,shrink-only,shrink,250,100.0,0.4,0.0,false,false,false,ok,20.557,538.034,538.034,0.9489169273965692,false,-1622553236
15c,209727568320487,s1000-p100-a0,shrink-only,shrink,1000,100.0,0.0,0.0,false,false,false,ok,16.832,537.548,537.548,0.9480597815159841,false,-484181717
6b,7610702311348,s1000-p100-a0,shrink-only,shrink,1000,100.0,0.0,0.0,false,false,false,ok,6.79,3.886,3.886,0.9312245387011743,false,1482096114
23b,213584448973593,s1000-p25-a04,shrink-only,shrink,1000,25.0,0.4,0.0,false,false,false,ok,30.935,45.666,45.666,0.9204442384052566,false,-439854755
10a,209053258454906,s4000-p100-a04,shrink-only,shrink,4000,100.0,0.4,0.0,false,false,false,ok,566.587,336.938,336.938,1.0674400959288832,false,1718403736
6a,7606407344051,s1000-p400-a04,shrink-only,shrink,1000,400.0,0.4,0.0,false,false,false,ok,9.977,3.852,3.852,0.9810263593531134,false,-224470636
23c,213588743940890,s250-p100-a04,shrink-only,shrink,250,100.0,0.4,0.0,false,false,false,ok,11.494,892.921,892.921,0.9632809685012699,false,1835492322
4a,7340119371765,s1000-p400-a04,shrink-only,shrink,1000,400.0,0.4,0.0,false,false,false,ok,13.038,777.992,777.992,1.0274326004546899,false,-1509295857
24a,213713297992455,s1000-p100-a0,shrink-only,shrink,1000,100.0,0.0,0.0,false,false,false,ok,171.296,189.462,189.462,1.345539122560943,false,2055842777
21a,213313866034010,s1000-p100-a04,shrink-only,shrink,1000,100.0,0.4,0.0,false,true,false,ok,36.654,29.342,29.342,0.9803541597059806,false,405046416
10a,209053258454906,s250-p100-a04,shrink-only,shrink,250,100.0,0.4,0.0,false,false,false,ok,31.179,292.626,292.626,0.9270569823269722,false,1718403736
13b,209456985380824,s1000-p25-a04,shrink-only,shrink,1000,25.0,0.4,0.0,false,false,false,ok,29.187,410.895,410.895,1.2203303752806587,false,-2119720580
30a,217308185619708,s4000-p100-a04,shrink-only,shrink,4000,100.0,0.4,0.0,false,false,false,ok,439.006,766.633,766.633,0.9750796844673161,false,1824803898
8b,7876990283378,s1000-p100-a0,shrink-only,shrink,1000,100.0,0.0,0.0,false,false,false,ok,70.21,156.052,156.052,0.7676097906500866,false,-1987159524
21b,213318161001307,s1000-p25-a04,shrink-only,shrink,1000,25.0,0.4,0.0,false,false,false,ok,25.914,12.604,12.604,0.9709201556060547,false,405046416
17e,210002446227367,s1000-p0-a04,shrink-only,shrink,1000,0.0,0.4,0.0,false,false,false,ok,15.238,4188.156,4188.156,1.0172514612425962,false,-1125412742
3c,7215565320136,s4000-p100-a04,shrink-only,shrink,4000,100.0,0.4,0.0,false,false,false,ok,58.279,1572.038,1572.038,1.198317517499815,false,-1572305105
29b,214383312890787,s250-p100-a04,shrink-only,shrink,250,100.0,0.4,0.0,false,false,false,ok,797.56,3.567,3.567,1.3299776286353469,false,-665152500
9b,8010134269457,s1000-p0-a04,shrink-only,shrink,1000,0.0,0.4,0.0,false,false,false,ok,19.134,492.697,492.697,0.9902651140962394,false,1524708452
13a,209452690413351,s250-p100-a04,shrink-only,shrink,250,100.0,0.4,0.0,false,false,false,ok,28.383,776.481,776.481,1.0179325696576569,false,-1062568155
22a,213447010020217,s4000-p100-a04,shrink-only,shrink,4000,100.0,0.4,0.0,false,false,false,ok,121.471,412.195,412.195,0.8745516595360067,false,-2145268623
11b,209190697408282,s4000-p100-a04,shrink-only,shrink,4000,100.0,0.4,0.0,false,false,false,ok,34.817,2.353,2.353,1.1959339263024142,false,-1446711126
5b,7477558325141,s1000-p0-a04,shrink-only,shrink,1000,0.0,0.4,0.0,false,false,false,ok,8.328,225.448,225.448,0.8582887751430971,false,-1512145598
13d,209465575315418,s1000-p25-a04,shrink-only,shrink,1000,25.0,0.4,0.0,false,false,false,ok,29.709,4398.431,4398.431,1.428109075672461,false,-2119720580
23c,213588743940890,s1000-p100-a04,shrink-only,shrink,1000,100.0,0.4,0.0,false,true,false,ok,33.233,1024.746,1024.746,1.105493452777796,false,1835492322
8b,7876990283378,s1000-p400-a04,shrink-only,shrink,1000,400.0,0.4,0.0,false,false,false,ok,12.343,152.222,152.222,0.7487702660160555,false,-1718178947
9c,8014429236754,s1000-p25-a04,shrink-only,shrink,1000,25.0,0.4,0.0,false,false,false,ok,141.25,738.062,738.062,1.109631559600476,false,841077701
13c,209461280348121,s1000-p25-a04,shrink-only,shrink,1000,25.0,0.4,0.0,false,false,false,ok,14.712,496.359,496.359,1.055055982740205,false,876197618
21b,213318161001307,s1000-p100-a16,shrink-only,shrink,1000,100.0,1.6,0.0,false,false,false,ok,27.787,13.078,13.078,1.0074336555867964,false,1230868213
4b,7344414339062,s1000-p25-a04,shrink-only,shrink,1000,25.0,0.4,0.0,false,false,false,ok,8.311,23.766,23.766,1.0900584795321635,false,261415237
4b,7344414339062,s1000-p0-a04,shrink-only,shrink,1000,0.0,0.4,0.0,false,false,false,ok,6.071,31.661,31.661,1.4521729159500056,false,611794456
15a,209718978385893,s1000-p25-a04,shrink-only,shrink,1000,25.0,0.4,0.0,false,false,false,ok,19.171,448.248,448.248,1.0010172122132461,false,-93948010
8b,7876990283378,s250-p100-a04,shrink-only,shrink,250,100.0,0.4,0.0,false,false,false,ok,46.652,165.991,165.991,0.8164990949157879,false,-1987159524
24a,213713297992455,s1000-p100-a04,shrink-only,shrink,1000,100.0,0.4,0.0,false,true,false,ok,75.573,143.546,143.546,1.019448537897484,false,672276191
31c,217449919540381,s4000-p100-a04,shrink-only,shrink,4000,100.0,0.4,0.0,false,false,false,ok,725.034,309.896,309.896,1.3678590897153238,false,1346825370
24b,213717592959800,s1000-p100-a16,shrink-only,shrink,1000,100.0,1.6,0.0,false,false,false,ok,173.49,1.943,1.943,1.0924936744447569,false,644596804
9d,8018724204051,s1000-p100-a04,shrink-only,shrink,1000,100.0,0.4,0.0,false,true,false,ok,65.188,1136.938,1136.938,0.9602796703113394,false,-1708131848
7c,7748141264468,s250-p100-a04,shrink-only,shrink,250,100.0,0.4,0.0,false,false,false,ok,150.533,3140.301,3140.301,2.104028896133916,false,-399731567
33b,217711912546138,s1000-p400-a04,shrink-only,shrink,1000,400.0,0.4,0.0,false,false,false,ok,247.184,4.079,4.079,1.022177671970931,false,-1989803960
17a,209985266358179,s1000-p100-a04,shrink-only,shrink,1000,100.0,0.4,0.0,false,true,false,ok,148.364,4840.798,4840.798,2.5162551093259964,false,-1125412742
21c,213322455968604,s1000-p100-a04,shrink-only,shrink,1000,100.0,0.4,0.0,false,true,false,ok,139.334,54.249,54.249,1.2980248124708387,false,405046416
32a,217574473591994,s4000-p100-a04,shrink-only,shrink,4000,100.0,0.4,0.0,false,false,false,ok,134.572,0.405,0.405,2.050632911392405,false,-1917286155
11a,209186402440985,s1000-p100-a16,shrink-only,shrink,1000,100.0,1.6,0.0,false,false,false,ok,43.963,16.465,16.465,1.1044035281886173,false,-1055439248
9c,8014429236754,s1000-p400-a04,shrink-only,shrink,1000,400.0,0.4,0.0,false,false,false,ok,29.601,903.024,903.024,1.3576419453604986,false,906638406
1c,6949277347594,s4000-p100-a04,shrink-only,shrink,4000,100.0,0.4,0.0,false,false,false,ok,44.036,1.202,1.202,1.112447940768163,false,686382736
14b,209590129366983,s1000-p100-a0,shrink-only,shrink,1000,100.0,0.0,0.0,false,false,false,ok,29.082,41.667,41.667,1.1274911718147502,false,-725338943
28a,214245873937283,s1000-p100-a0,shrink-only,shrink,1000,100.0,0.0,0.0,false,false,false,ok,146.672,968.797,968.797,1.8184338483513822,false,96586315
8a,7872695316081,s1000-p0-a04,shrink-only,shrink,1000,0.0,0.4,0.0,false,false,false,ok,111.144,71.329,71.329,0.7489552489552489,false,115582433
30a,217308185619708,s1000-p400-a04,shrink-only,shrink,1000,400.0,0.4,0.0,false,false,false,ok,180.631,816.117,816.117,1.03801833060723,false,-824386529
21a,213313866034010,s1000-p100-a16,shrink-only,shrink,1000,100.0,1.6,0.0,false,false,false,ok,43.165,28.623,28.623,0.9563314400267291,false,405046416
11a,209186402440985,s1000-p100-a0,shrink-only,shrink,1000,100.0,0.0,0.0,false,false,false,ok,13.075,14.058,14.058,0.9429520072441896,false,-1055439248
11b,209190697408282,s1000-p0-a04,shrink-only,shrink,1000,0.0,0.4,0.0,false,false,false,ok,12.021,1.735,1.735,0.8818297331639137,false,-1446711126
2d,7086716301098,s1000-p100-a04,shrink-only,shrink,1000,100.0,0.4,0.0,false,true,false,ok,28.292,188.51,188.51,1.3036382371043476,false,321836810
23b,213584448973593,s4000-p100-a04,shrink-only,shrink,4000,100.0,0.4,0.0,false,false,false,ok,100.77,49.231,49.231,0.9923004051357508,false,-439854755
22b,213451304987514,s1000-p100-a04,shrink-only,shrink,1000,100.0,0.4,0.0,false,true,false,ok,41.944,502.431,502.431,1.055792368041977,false,815426615
28b,214250168904580,s1000-p100-a0,shrink-only,shrink,1000,100.0,0.0,0.0,false,false,false,ok,114.82,99.95,99.95,0.9181348863698996,false,1300118193
24b,213717592959800,s1000-p400-a04,shrink-only,shrink,1000,400.0,0.4,0.0,false,false,false,ok,60.663,2.094,2.094,1.1773966825976947,false,644596804
14b,209590129366983,s1000-p100-a16,shrink-only,shrink,1000,100.0,1.6,0.0,false,false,false,ok,21.138,37.453,37.453,1.013462136894373,false,-725338943
9d,8018724204051,s4000-p100-a04,shrink-only,shrink,4000,100.0,0.4,0.0,false,false,false,ok,713.583,1189.847,1189.847,1.0049676278573996,false,-1708131848
27a,214112729951204,s4000-p100-a04,shrink-only,shrink,4000,100.0,0.4,0.0,false,false,false,ok,205.833,18.977,18.977,1.0786676519070084,false,-1953543145
25c,213855031913432,s1000-p100-a16,shrink-only,shrink,1000,100.0,1.6,0.0,false,false,false,ok,122.723,1023.452,1023.452,1.1525133232171665,false,35421457
9d,8018724204051,s1000-p100-a0,shrink-only,shrink,1000,100.0,0.0,0.0,false,false,false,ok,25.454,1423.617,1423.617,1.2024142595371232,false,-1708131848
13c,209461280348121,s1000-p100-a16,shrink-only,shrink,1000,100.0,1.6,0.0,false,false,false,ok,20.673,631.721,631.721,1.3427801661148988,false,876197618
4a,7340119371765,s1000-p100-a16,shrink-only,shrink,1000,100.0,1.6,0.0,false,false,false,ok,10.723,801.12,801.12,1.0579759237579065,false,-1509295857
17a,209985266358179,s250-p100-a04,shrink-only,shrink,250,100.0,0.4,0.0,false,false,false,ok,38.08,1937.39,1937.39,1.0070586474083596,false,-1125412742
28a,214245873937283,s1000-p25-a04,shrink-only,shrink,1000,25.0,0.4,0.0,false,false,false,ok,124.712,879.728,879.728,1.6512511625680764,false,96586315
2b,7078126366504,s1000-p100-a16,shrink-only,shrink,1000,100.0,1.6,0.0,false,false,false,ok,24.898,182.406,182.406,1.3490021484223331,false,321836810
29c,214387607858084,s250-p100-a04,shrink-only,shrink,250,100.0,0.4,0.0,false,false,false,ok,903.931,119.973,119.973,1.8378779987131961,false,1025211200
16d,209865007273863,s1000-p25-a04,shrink-only,shrink,1000,25.0,0.4,0.0,false,false,false,ok,211.883,337.606,337.606,1.1253739651893617,false,719404660
31b,217445624573084,s1000-p100-a16,shrink-only,shrink,1000,100.0,1.6,0.0,false,false,false,ok,172.797,9.064,9.064,1.1155005845794104,false,-536655723
19b,210255849297506,s1000-p100-a04,shrink-only,shrink,1000,100.0,0.4,0.0,false,true,false,ok,70.817,175.51,175.51,1.1354321997988037,false,-1834056489
18a,210118410344002,s1000-p100-a16,shrink-only,shrink,1000,100.0,1.6,0.0,false,false,false,ok,107.98,1660.082,1660.082,1.6949764808104446,false,-574815707
23a,213580154006296,s4000-p100-a04,shrink-only,shrink,4000,100.0,0.4,0.0,false,false,false,ok,246.777,552.459,552.459,1.4607453394799361,false,-1576721678
31b,217445624573084,s1000-p100-a04,shrink-only,shrink,1000,100.0,0.4,0.0,false,true,false,ok,76.186,8.329,8.329,1.0250446126392223,false,-744571733
28b,214250168904580,s4000-p100-a04,shrink-only,shrink,4000,100.0,0.4,0.0,false,false,false,ok,266.183,105.415,105.415,0.9683360584960777,false,1300118193
33b,217711912546138,s1000-p25-a04,shrink-only,shrink,1000,25.0,0.4,0.0,false,false,false,ok,108.224,4.241,4.241,1.0627740884600927,false,-397240962
21a,213313866034010,s1000-p0-a04,shrink-only,shrink,1000,0.0,0.4,0.0,false,false,false,ok,36.039,18.553,18.553,0.6198797193451386,false,-597700708
21a,213313866034010,s1000-p25-a04,shrink-only,shrink,1000,25.0,0.4,0.0,false,false,false,ok,28.147,29.333,29.333,0.9800534580688273,false,405046416
13d,209465575315418,s4000-p100-a04,shrink-only,shrink,4000,100.0,0.4,0.0,false,false,false,ok,146.842,4712.251,4712.251,1.5300020438985245,false,-2119720580
31c,217449919540381,s1000-p100-a04,shrink-only,shrink,1000,100.0,0.4,0.0,false,true,false,ok,306.161,258.722,258.722,1.141980662574954,false,1346825370
13b,209456985380824,s1000-p400-a04,shrink-only,shrink,1000,400.0,0.4,0.0,false,false,false,ok,36.368,552.754,552.754,1.6416420162277108,false,-2119720580
15b,209723273353191,s1000-p100-a04,shrink-only,shrink,1000,100.0,0.4,0.0,false,true,false,ok,127.143,47.793,47.793,5.508962019480146,false,814061452
30a,217308185619709,s1000-p25-a04,shrink-only,shrink,1000,25.0,0.4,0.0,false,false,false,ok,245.058,918.762,918.762,1.1685723952146074,false,1041678136
6b,7610702311349,s1000-p0-a04,shrink-only,shrink,1000,0.0,0.4,0.0,false,false,false,ok,100.359,5.444,5.444,1.3045770428947998,false,1482096114
31b,217445624573085,s1000-p25-a04,shrink-only,shrink,1000,25.0,0.4,0.0,false,false,false,ok,135.832,9.999,9.999,1.2305704264352963,false,-744571733
25c,213855031913433,s1000-p25-a04,shrink-only,shrink,1000,25.0,0.4,0.0,false,false,false,ok,137.59,964.653,964.653,1.0862995380158613,false,35421457
3c,7215565320137,s1000-p25-a04,shrink-only,shrink,1000,25.0,0.4,0.0,false,false,false,ok,20.817,1364.407,1364.407,1.0400466204375276,false,-1572305105
28b,214250168904581,s1000-p400-a04,shrink-only,shrink,1000,400.0,0.4,0.0,false,false,false,ok,127.451,393.347,393.347,3.613262662820819,false,1439246871
32a,217574473591995,s1000-p100-a04,shrink-only,shrink,1000,100.0,0.4,0.0,false,true,false,ok,47.437,0.211,0.211,1.0683544303797468,false,-1917286155
4a,7340119371764,s1000-p100-a0,shrink-only,shrink,1000,100.0,0.0,0.0,false,false,false,ok,9.782,748.837,748.837,0.9889298941720335,false,1427000343
11c,209194992375578,s250-p100-a04,shrink-only,shrink,250,100.0,0.4,0.0,false,false,false,ok,8.113,677.525,677.525,1.346348549325708,false,1916526955
8b,7876990283379,s1000-p400-a04,shrink-only,shrink,1000,400.0,0.4,0.0,false,false,false,ok,114.405,158.827,158.827,0.7812598378718716,false,-1718178947
15c,209727568320486,s1000-p25-a04,shrink-only,shrink,1000,25.0,0.4,0.0,false,false,false,ok,100.78,1322.845,1322.845,2.3330681942440714,false,592161665
21c,213322455968605,s1000-p100-a04,shrink-only,shrink,1000,100.0,0.4,0.0,false,true,false,ok,63.488,51.343,51.343,1.2284924689245935,false,405046416
4a,7340119371764,s1000-p100-a04,shrink-only,shrink,1000,100.0,0.4,0.0,false,true,false,ok,8.892,782.31,782.31,1.0331350420848908,false,-1509295857
5a,7473263357845,s1000-p400-a04,shrink-only,shrink,1000,400.0,0.4,0.0,false,false,false,ok,17.939,226.766,226.766,1.482532843875953,false,414652499
24a,213713297992454,s1000-p100-a0,shrink-only,shrink,1000,100.0,0.0,0.0,false,false,false,ok,271.355,181.372,181.372,1.2880847966194984,false,2055842777
30a,217308185619709,s4000-p100-a04,shrink-only,shrink,4000,100.0,0.4,0.0,false,false,false,ok,695.231,741.651,741.651,0.9433051056566432,false,1041678136
23a,213580154006297,s1000-p100-a04,shrink-only,shrink,1000,100.0,0.4,0.0,false,true,false,ok,29.908,380.287,380.287,1.0055089389706864,false,1835492322
11c,209194992375578,s1000-p100-a16,shrink-only,shrink,1000,100.0,1.6,0.0,false,false,false,ok,66.586,569.091,569.091,1.1308731667234664,false,1916526955
9a,8005839302161,s1000-p100-a0,shrink-only,shrink,1000,100.0,0.0,0.0,false,false,false,ok,179.799,736.819,736.819,1.5013086191597331,false,2029736178
11a,209186402440984,s1000-p100-a16,shrink-only,shrink,1000,100.0,1.6,0.0,false,false,false,ok,18.039,14.424,14.424,0.9675017607405171,false,-1055439248
31a,217441329605786,s250-p100-a04,shrink-only,shrink,250,100.0,0.4,0.0,false,false,false,ok,60.107,214.682,214.682,1.055960256757089,false,619611693
18b,210122705311298,s4000-p100-a04,shrink-only,shrink,4000,100.0,0.4,0.0,false,false,false,ok,378.793,643.198,643.198,0.9882696392697046,false,-633376097
9b,8010134269456,s1000-p100-a0,shrink-only,shrink,1000,100.0,0.0,0.0,false,false,false,ok,169.607,611.173,611.173,1.2283884427498866,false,-1597619169
31b,217445624573085,s1000-p400-a04,shrink-only,shrink,1000,400.0,0.4,0.0,false,false,false,ok,57.06,7.812,7.812,0.9614177589071441,false,933065134
12b,209323841394488,s1000-p25-a04,shrink-only,shrink,1000,25.0,0.4,0.0,false,false,false,ok,27.048,1.332,1.332,0.9918093819806404,false,-1300552445
29a,214379017923491,s1000-p400-a04,shrink-only,shrink,1000,400.0,0.4,0.0,false,false,false,ok,883.976,24.905,24.905,0.973802541544477,false,-858518681
4a,7340119371764,s1000-p0-a04,shrink-only,shrink,1000,0.0,0.4,0.0,false,false,false,ok,7.903,748.092,748.092,0.9879460315007736,false,-1202259619
32b,217578768559290,s1000-p0-a04,shrink-only,shrink,1000,0.0,0.4,0.0,false,false,false,ok,62.164,225.28,225.28,1.5858869576848078,false,1520237401
21a,213313866034011,s1000-p0-a04,shrink-only,shrink,1000,0.0,0.4,0.0,false,false,false,ok,38.083,18.285,18.285,0.610925492816572,false,-597700708
23b,213584448973592,s1000-p25-a04,shrink-only,shrink,1000,25.0,0.4,0.0,false,false,false,ok,29.277,45.156,45.156,0.9101646745812589,false,-439854755
21b,213318161001306,s1000-p100-a0,shrink-only,shrink,1000,100.0,0.0,0.0,false,false,false,ok,28.051,12.797,12.797,0.985787466779648,false,405046416
3b,7211270352854,s1000-p100-a0,shrink-only,shrink,1000,100.0,0.0,0.0,false,false,false,ok,9.212,7.318,7.318,1.008822718500138,false,129508754
1c,6949277347595,s1000-p400-a04,shrink-only,shrink,1000,400.0,0.4,0.0,false,false,false,ok,8.339,1.034,1.034,0.956964368347987,false,686382736
1c,6949277347595,s4000-p100-a04,shrink-only,shrink,4000,100.0,0.4,0.0,false,false,false,ok,21.33,1.047,1.047,0.9689958352614529,false,686382736
15a,209718978385892,s1000-p400-a04,shrink-only,shrink,1000,400.0,0.4,0.0,false,false,false,ok,66.119,424.361,424.361,0.9476733085078468,false,196157638
19d,210264439232101,s1000-p100-a0,shrink-only,shrink,1000,100.0,0.0,0.0,false,false,false,ok,117.79,5873.704,5873.704,1.0114570416473012,false,-1211980585
28a,214245873937282,s1000-p100-a04,shrink-only,shrink,1000,100.0,0.4,0.0,false,true,false,ok,174.742,1162.503,1162.503,2.182020386118069,false,-1129740832
32b,217578768559290,s4000-p100-a04,shrink-only,shrink,4000,100.0,0.4,0.0,false,false,false,ok,161.466,158.525,158.525,1.1159567203790135,false,1520237401
12b,209323841394488,s1000-p100-a04,shrink-only,shrink,1000,100.0,0.4,0.0,false,true,false,ok,19.428,1.472,1.472,1.0960536113179449,false,466548996
23b,213584448973592,s1000-p400-a04,shrink-only,shrink,1000,400.0,0.4,0.0,false,false,false,ok,29.712,49.519,49.519,0.9981053352951847,false,2055054090
11b,209190697408283,s1000-p100-a0,shrink-only,shrink,1000,100.0,0.0,0.0,false,false,false,ok,17.978,2.336,2.336,1.1872935196950445,false,-1446711126
15d,209731863287705,s1000-p100-a0,shrink-only,shrink,1000,100.0,0.0,0.0,false,false,false,ok,128.932,791.688,791.688,1.5703982290352527,false,-704972777
14b,209590129366982,s1000-p25-a04,shrink-only,shrink,1000,25.0,0.4,0.0,false,false,false,ok,43.559,56.437,56.437,1.527161045040657,false,1297441228
30c,217316775554303,s1000-p100-a0,shrink-only,shrink,1000,100.0,0.0,0.0,false,false,false,ok,272.79,1388.375,1388.375,1.7380649845707024,false,-1451103391
16c,209860712306567,s1000-p100-a0,shrink-only,shrink,1000,100.0,0.0,0.0,false,false,false,ok,181.758,545.202,545.202,1.352371975343859,false,719404660
31a,217441329605786,s1000-p25-a04,shrink-only,shrink,1000,25.0,0.4,0.0,false,false,false,ok,172.514,324.92,324.92,1.5981899117090086,false,499229554
22a,213447010020216,s250-p100-a04,shrink-only,shrink,250,100.0,0.4,0.0,false,false,false,ok,27.878,489.335,489.335,1.038219134921704,false,316133052
28c,214254463871876,s1000-p400-a04,shrink-only,shrink,1000,400.0,0.4,0.0,false,false,false,ok,169.558,510.31,510.31,1.0165304978073213,false,-676166940
7c,7748141264469,s250-p100-a04,shrink-only,shrink,250,100.0,0.4,0.0,false,false,false,ok,162.512,5176.935,5176.935,3.468591333571857,false,-399731567
9c,8014429236755,s250-p100-a04,shrink-only,shrink,250,100.0,0.4,0.0,false,false,false,ok,80.215,1046.002,1046.002,1.5726007172909824,false,659609918
33a,217707617578840,s1000-p100-a04,shrink-only,shrink,1000,100.0,0.4,0.0,false,true,false,ok,253.603,7.999,7.999,1.7366478506296135,false,1253926702
22d,213459894922109,s4000-p100-a04,shrink-only,shrink,4000,100.0,0.4,0.0,false,false,false,ok,384.005,8765.193,8765.193,14.510239301934625,true,1311334790
10a,209053258454907,s1000-p100-a0,shrink-only,shrink,1000,100.0,0.0,0.0,false,false,false,ok,358.538,1303.632,1303.632,4.129985537802094,false,1718403736
6a,7606407344050,s1000-p25-a04,shrink-only,shrink,1000,25.0,0.4,0.0,false,false,false,ok,172.01,7.07,7.07,1.8005857634025215,false,-224470636
28b,214250168904581,s1000-p100-a04,shrink-only,shrink,1000,100.0,0.4,0.0,false,true,false,ok,291.443,229.609,229.609,2.109174918704415,false,-461396360
32a,217574473591995,s1000-p0-a04,shrink-only,shrink,1000,0.0,0.4,0.0,false,false,false,ok,50.828,0.193,0.193,0.9772151898734177,false,957982218
32b,217578768559290,s1000-p100-a16,shrink-only,shrink,1000,100.0,1.6,0.0,false,false,false,ok,55.159,160.806,160.806,1.1320141074106145,false,-888812919
2d,7086716301099,s1000-p100-a16,shrink-only,shrink,1000,100.0,1.6,0.0,false,false,false,ok,74.516,285.273,285.273,1.9728013941619469,false,321836810
11b,209190697408283,s1000-p400-a04,shrink-only,shrink,1000,400.0,0.4,0.0,false,false,false,ok,29.888,3.635,3.635,1.8475222363405335,false,898037380
27c,214121319885799,s1000-p100-a16,shrink-only,shrink,1000,100.0,1.6,0.0,false,false,false,ok,186.748,50.591,50.591,1.9310647556157794,false,-1093302568
15b,209723273353191,s4000-p100-a04,shrink-only,shrink,4000,100.0,0.4,0.0,false,false,false,ok,355.131,62.641,62.641,7.220448389141836,false,-347771581
4c,7348709306358,s1000-p400-a04,shrink-only,shrink,1000,400.0,0.4,0.0,false,false,false,ok,29.48,1867.143,1867.143,1.2833316780287005,false,-430037632
14b,209590129366982,s250-p100-a04,shrink-only,shrink,250,100.0,0.4,0.0,false,false,false,ok,13.628,41.076,41.076,1.1114989649713845,false,1297441228
9d,8018724204050,s250-p100-a04,shrink-only,shrink,250,100.0,0.4,0.0,false,false,false,ok,109.354,2269.941,2269.941,1.9172357640488678,false,969253244
13c,209461280348120,s1000-p100-a0,shrink-only,shrink,1000,100.0,0.0,0.0,false,false,false,ok,82.799,701.786,701.786,1.4917096655914721,false,876197618
19c,210260144264802,s1000-p100-a04,shrink-only,shrink,1000,100.0,0.4,0.0,false,true,false,ok,237.206,1072.946,1072.946,1.4176280950241786,false,1055693188
24b,213717592959801,s1000-p400-a04,shrink-only,shrink,1000,400.0,0.4,0.0,false,false,false,ok,425.087,3.883,3.883,2.1833005341579983,false,-870534348
2b,7078126366505,s4000-p100-a04,shrink-only,shrink,4000,100.0,0.4,0.0,false,false,false,ok,98.622,198.61,198.61,1.4688404805662072,false,321836810
27a,214112729951205,s1000-p100-a04,shrink-only,shrink,1000,100.0,0.4,0.0,false,true,false,ok,134.226,17.717,17.717,1.0070482578298185,false,-1953543145
1c,6949277347595,s250-p100-a04,shrink-only,shrink,250,100.0,0.4,0.0,false,false,false,ok,6.643,1.13,1.13,1.045812124016659,false,686382736
25c,213855031913433,s1000-p0-a04,shrink-only,shrink,1000,0.0,0.4,0.0,false,false,false,ok,308.878,1342.897,1342.897,1.5122415943379495,false,35421457
9b,8010134269456,s4000-p100-a04,shrink-only,shrink,4000,100.0,0.4,0.0,false,false,false,ok,875.854,802.573,802.573,1.6130807441806245,false,1556140202
2d,7086716301099,s1000-p25-a04,shrink-only,shrink,1000,25.0,0.4,0.0,false,false,false,ok,9.021,134.019,134.019,0.9268064977905023,false,321836810
30c,217316775554303,s1000-p100-a16,shrink-only,shrink,1000,100.0,1.6,0.0,false,false,false,ok,173.291,538.225,538.225,0.6737877204073585,false,-804478301
29c,214387607858085,s4000-p100-a04,shrink-only,shrink,4000,100.0,0.4,0.0,false,false,false,ok,2431.968,191.4,191.4,2.9320751248506394,false,485902434
25c,213855031913433,s1000-p100-a16,shrink-only,shrink,1000,100.0,1.6,0.0,false,false,false,ok,32.478,693.192,693.192,0.7806062380527411,false,35421457
23b,213584448973592,s1000-p0-a04,shrink-only,shrink,1000,0.0,0.4,0.0,false,false,false,ok,47.466,133.179,133.179,2.684356922580775,false,-439854755
18a,210118410344003,s1000-p400-a04,shrink-only,shrink,1000,400.0,0.4,0.0,false,false,false,ok,185.326,1872.718,1872.718,1.912082032809448,false,-574815707
11a,209186402440984,s1000-p100-a04,shrink-only,shrink,1000,100.0,0.4,0.0,false,true,false,ok,22.389,14.502,14.502,0.9727336754200624,false,-1055439248
13b,209456985380825,s1000-p100-a16,shrink-only,shrink,1000,100.0,1.6,0.0,false,false,false,ok,51.223,406.34,406.34,1.2068023331788968,false,-2119720580
22b,213451304987515,s1000-p100-a04,shrink-only,shrink,1000,100.0,0.4,0.0,false,true,false,ok,47.212,476.668,476.668,1.0016548272097723,false,815426615
4b,7344414339063,s1000-p100-a04,shrink-only,shrink,1000,100.0,0.4,0.0,false,true,false,ok,9.836,22.255,22.255,1.0207545006306615,false,261415237
6a,7606407344050,s4000-p100-a04,shrink-only,shrink,4000,100.0,0.4,0.0,false,false,false,ok,464.871,4.357,4.357,1.1096396281675793,false,-224470636
15b,209723273353191,s1000-p0-a04,shrink-only,shrink,1000,0.0,0.4,0.0,false,false,false,ok,57.635,6.197,6.197,0.714310414385338,false,1563801558
5a,7473263357845,s250-p100-a04,shrink-only,shrink,250,100.0,0.4,0.0,false,false,false,ok,4.617,165.713,165.713,1.0833853626964176,false,414652499
16d,209865007273862,s1000-p400-a04,shrink-only,shrink,1000,400.0,0.4,0.0,false,false,false,ok,202.998,1141.707,1141.707,3.805759772262492,false,719404660
17e,210002446227366,s1000-p100-a0,shrink-only,shrink,1000,100.0,0.0,0.0,false,false,false,ok,162.249,7725.251,7725.251,1.8763682317983925,false,-1125412742
15c,209727568320486,s1000-p100-a16,shrink-only,shrink,1000,100.0,1.6,0.0,false,false,false,ok,64.685,1384.228,1384.228,2.441327835371553,false,-1622553236
30a,217308185619709,s1000-p100-a0,shrink-only,shrink,1000,100.0,0.0,0.0,false,false,false,ok,196.051,778.284,778.284,0.9898985787801472,false,1041678136
25c,213855031913433,s250-p100-a04,shrink-only,shrink,250,100.0,0.4,0.0,false,false,false,ok,40.839,836.133,836.133,0.9415726604486963,false,35421457
12b,209323841394488,s1000-p0-a04,shrink-only,shrink,1000,0.0,0.4,0.0,false,false,false,ok,33.011,1.48,1.48,1.1020104244229338,false,1435336516
13d,209465575315419,s1000-p100-a0,shrink-only,shrink,1000,100.0,0.0,0.0,false,false,false,ok,48.253,5549.009,5549.009,1.8016856724336856,false,-2119720580
15d,209731863287705,s1000-p400-a04,shrink-only,shrink,1000,400.0,0.4,0.0,false,false,false,ok,178.062,585.337,585.337,1.1610788444296336,false,-704972777
8a,7872695316080,s1000-p100-a16,shrink-only,shrink,1000,100.0,1.6,0.0,false,false,false,ok,139.157,81.987,81.987,0.8608643608643608,false,-1762716238
8d,7885580217973,s1000-p25-a04,shrink-only,shrink,1000,25.0,0.4,0.0,false,false,false,ok,158.852,756.329,756.329,1.2486332505400548,false,-1012298996
4c,7348709306358,s1000-p100-a16,shrink-only,shrink,1000,100.0,1.6,0.0,false,false,false,ok,15.605,1846.451,1846.451,1.2691095755535449,false,-430037632
23b,213584448973592,s250-p100-a04,shrink-only,shrink,250,100.0,0.4,0.0,false,false,false,ok,23.723,48.641,48.641,0.9804083607119102,false,2055054090
6b,7610702311349,s1000-p25-a04,shrink-only,shrink,1000,25.0,0.4,0.0,false,false,false,ok,105.7,12.833,12.833,3.075245626647496,false,1482096114
6b,7610702311349,s1000-p100-a16,shrink-only,shrink,1000,100.0,1.6,0.0,false,false,false,ok,7.409,4.479,4.479,1.0733285406182602,false,1482096114
13c,209461280348120,s1000-p400-a04,shrink-only,shrink,1000,400.0,0.4,0.0,false,false,false,ok,26.549,611.177,611.177,1.299112034562102,false,876197618
9b,8010134269456,s1000-p25-a04,shrink-only,shrink,1000,25.0,0.4,0.0,false,false,false,ok,210.291,474.04,474.04,0.9527666591965881,false,1556140202
27c,214121319885799,s1000-p100-a0,shrink-only,shrink,1000,100.0,0.0,0.0,false,false,false,ok,109.69,29.752,29.752,1.1356375365001812,false,-1273730499
4c,7348709306358,s1000-p25-a04,shrink-only,shrink,1000,25.0,0.4,0.0,false,false,false,ok,9.891,1507.602,1507.602,1.0362106193577167,false,-430037632
15b,209723273353191,s1000-p100-a16,shrink-only,shrink,1000,100.0,1.6,0.0,false,false,false,ok,23.374,9.593,9.593,1.1057575932222927,false,-1293176700
22d,213459894922109,s1000-p100-a0,shrink-only,shrink,1000,100.0,0.0,0.0,false,false,false,ok,69.625,6709.58,6709.58,11.107298084078073,true,1311334790
27c,214121319885799,s4000-p100-a04,shrink-only,shrink,4000,100.0,0.4,0.0,false,false,false,ok,355.963,29.067,29.067,1.1094910013932093,false,-1273730499
6a,7606407344050,s1000-p0-a04,shrink-only,shrink,1000,0.0,0.4,0.0,false,false,false,ok,144.451,9.106,9.106,2.3191137145040113,false,-224470636
8d,7885580217973,s1000-p100-a0,shrink-only,shrink,1000,100.0,0.0,0.0,false,false,false,ok,19.424,583.696,583.696,0.9636312157899907,false,-1012298996
4c,7348709306358,s1000-p0-a04,shrink-only,shrink,1000,0.0,0.4,0.0,false,false,false,ok,10.122,2290.519,2290.519,1.5743280465538103,false,-1125545911
24a,213713297992454,s1000-p100-a16,shrink-only,shrink,1000,100.0,1.6,0.0,false,false,false,ok,278.259,283.679,283.679,2.01465831010422,false,672276191
4b,7344414339063,s1000-p400-a04,shrink-only,shrink,1000,400.0,0.4,0.0,false,false,false,ok,9.606,28.43,28.43,1.3039789015021213,false,261415237
24b,213717592959801,s1000-p25-a04,shrink-only,shrink,1000,25.0,0.4,0.0,false,false,false,ok,102.886,2.035,2.035,1.1442226595445602,false,644596804
6f,7627882180521,s250-p100-a04,shrink-only,shrink,250,100.0,0.4,0.0,false,false,false,ok,32.533,4518.533,4518.533,2.5625616922935146,false,1250717231
16c,209860712306567,s1000-p25-a04,shrink-only,shrink,1000,25.0,0.4,0.0,false,false,false,ok,184.053,608.688,608.688,1.5098488137022659,false,719404660
12b,209323841394488,s1000-p100-a16,shrink-only,shrink,1000,100.0,1.6,0.0,false,false,false,ok,19.095,1.343,1.343,1.0,false,466548996
24b,213717592959801,s1000-p100-a04,shrink-only,shrink,1000,100.0,0.4,0.0,false,true,false,ok,49.992,1.671,1.671,0.9395558054540344,false,-870534348
18b,210122705311298,s1000-p100-a04,shrink-only,shrink,1000,100.0,0.4,0.0,false,true,false,ok,135.834,771.463,771.463,1.185347996604349,false,-633376097
11b,209190697408283,s250-p100-a04,shrink-only,shrink,250,100.0,0.4,0.0,false,false,false,ok,9.129,4.052,4.052,2.0594663278271916,false,-1446711126
16c,209860712306567,s1000-p400-a04,shrink-only,shrink,1000,400.0,0.4,0.0,false,false,false,ok,14.488,348.207,348.207,0.8637264507807365,false,719404660
17a,209985266358178,s1000-p100-a04,shrink-only,shrink,1000,100.0,0.4,0.0,false,true,false,ok,143.571,2908.718,2908.718,1.5119566090319185,false,-1125412742
9c,8014429236755,s1000-p100-a16,shrink-only,shrink,1000,100.0,1.6,0.0,false,false,false,ok,254.426,1202.646,1202.646,1.8081054933423941,false,906638406
2b,7078126366505,s1000-p100-a16,shrink-only,shrink,1000,100.0,1.6,0.0,false,false,false,ok,38.258,220.291,220.291,1.6291845239635985,false,321836810
15c,209727568320486,s1000-p400-a04,shrink-only,shrink,1000,400.0,0.4,0.0,false,false,false,ok,56.858,641.769,641.769,1.131871717360555,false,-1622553236
4a,7340119371764,s250-p100-a04,shrink-only,shrink,250,100.0,0.4,0.0,false,false,false,ok,4.683,807.266,807.266,1.0660924606405409,false,-1509295857
6f,7627882180521,s1000-p100-a16,shrink-only,shrink,1000,100.0,1.6,0.0,false,false,false,ok,133.51,1742.965,1742.965,0.9884746531691514,false,1250717231
4b,7344414339063,s4000-p100-a04,shrink-only,shrink,4000,100.0,0.4,0.0,false,false,false,ok,48.042,23.175,23.175,1.0629514963880289,false,261415237
11a,209186402440984,s4000-p100-a04,shrink-only,shrink,4000,100.0,0.4,0.0,false,false,false,ok,86.647,15.265,15.265,1.0239125331186907,false,-1055439248
11a,209186402440984,s1000-p25-a04,shrink-only,shrink,1000,25.0,0.4,0.0,false,false,false,ok,22.684,14.988,14.988,1.0053325284233825,false,-1055439248
17e,210002446227366,s1000-p0-a04,shrink-only,shrink,1000,0.0,0.4,0.0,false,false,false,ok,50.968,4494.829,4494.829,1.0917385523093213,false,-1125412742
7c,7748141264469,s1000-p400-a04,shrink-only,shrink,1000,400.0,0.4,0.0,false,false,false,ok,626.813,2654.266,2654.266,1.7783812322531454,false,-1004347469
7c,7748141264469,s4000-p100-a04,shrink-only,shrink,4000,100.0,0.4,0.0,false,false,false,ok,1244.442,1470.403,1470.403,0.985182758264892,false,-399731567
11d,209199287342877,s4000-p100-a04,shrink-only,shrink,4000,100.0,0.4,0.0,false,false,false,ok,114.584,366.626,366.626,1.64423973880597,false,2003817464
7c,7748141264469,s1000-p0-a04,shrink-only,shrink,1000,0.0,0.4,0.0,false,false,false,ok,25.485,1439.788,1439.788,0.9646704428355303,false,1723747105
26c,213988175899590,s1000-p100-a04,shrink-only,shrink,1000,100.0,0.4,0.0,false,true,false,ok,242.113,1364.87,1364.87,3.9622835958898635,false,-321495561
21c,213322455968605,s1000-p0-a04,shrink-only,shrink,1000,0.0,0.4,0.0,false,false,false,ok,101.564,34.475,34.475,0.8248890377690311,false,-597700708
28b,214250168904581,s1000-p25-a04,shrink-only,shrink,1000,25.0,0.4,0.0,false,false,false,ok,154.384,183.815,183.815,1.6885138983299959,false,1300118193
1c,6949277347595,s1000-p25-a04,shrink-only,shrink,1000,25.0,0.4,0.0,false,false,false,ok,13.299,1.222,1.222,1.1309578898658028,false,686382736
5b,7477558325140,s1000-p100-a0,shrink-only,shrink,1000,100.0,0.0,0.0,false,false,false,ok,19.991,480.725,480.725,1.8301376434063081,false,1589551454
16c,209860712306567,s1000-p100-a16,shrink-only,shrink,1000,100.0,1.6,0.0,false,false,false,ok,22.154,366.878,366.878,0.9100398119783205,false,719404660
13c,209461280348120,s1000-p100-a16,shrink-only,shrink,1000,100.0,1.6,0.0,false,false,false,ok,30.83,648.747,648.747,1.3789704702337617,false,876197618
31a,217441329605786,s1000-p400-a04,shrink-only,shrink,1000,400.0,0.4,0.0,false,false,false,ok,244.63,319.841,319.841,1.5732077420624184,false,619611693
11c,209194992375578,s4000-p100-a04,shrink-only,shrink,4000,100.0,0.4,0.0,false,false,false,ok,81.212,824.074,824.074,1.6375644211461324,false,1916526955
11b,209190697408283,s1000-p100-a16,shrink-only,shrink,1000,100.0,1.6,0.0,false,false,false,ok,16.874,2.085,2.085,1.059720457433291,false,-1446711126
27b,214117024918500,s1000-p100-a04,shrink-only,shrink,1000,100.0,0.4,0.0,false,true,false,ok,110.18,6.052,6.052,1.0372782586339875,false,1728540501
22b,213451304987515,s1000-p400-a04,shrink-only,shrink,1000,400.0,0.4,0.0,false,false,false,ok,76.93,462.126,462.126,0.9710967354199216,false,316133052
13c,209461280348120,s1000-p100-a04,shrink-only,shrink,1000,100.0,0.4,0.0,false,true,false,ok,11.81,498.054,498.054,1.0586588586641725,false,876197618
30b,217312480587004,s1000-p100-a0,shrink-only,shrink,1000,100.0,0.0,0.0,false,false,false,ok,233.276,42.744,42.744,1.2116333125460625,false,1910947129
15a,209718978385892,s1000-p0-a04,shrink-only,shrink,1000,0.0,0.4,0.0,false,false,false,ok,84.154,437.826,437.826,0.977743039465824,false,697904049
24b,213717592959801,s1000-p100-a0,shrink-only,shrink,1000,100.0,0.0,0.0,false,false,false,ok,64.376,2.039,2.039,1.1464717458532472,false,-870534348
21c,213322455968605,s1000-p25-a04,shrink-only,shrink,1000,25.0,0.4,0.0,false,false,false,ok,37.649,64.306,64.306,1.5386603179920322,false,405046416
9b,8010134269456,s1000-p0-a04,shrink-only,shrink,1000,0.0,0.4,0.0,false,false,false,ok,31.838,515.081,515.081,1.0352544164746387,false,1524708452
21c,213322455968605,s1000-p100-a16,shrink-only,shrink,1000,100.0,1.6,0.0,false,false,false,ok,29.333,41.296,41.296,0.9880962350604758,false,405046416
11d,209199287342877,s1000-p400-a04,shrink-only,shrink,1000,400.0,0.4,0.0,false,false,false,ok,20.365,213.53,213.53,0.957636696326062,false,2003817464
23a,213580154006297,s1000-p0-a04,shrink-only,shrink,1000,0.0,0.4,0.0,false,false,false,ok,49.696,1231.696,1231.696,3.256701749190581,false,1062427072
29c,214387607858085,s250-p100-a04,shrink-only,shrink,250,100.0,0.4,0.0,false,false,false,ok,1044.764,166.84,166.84,2.5558381077851653,false,1982492668
3c,7215565320137,s1000-p100-a0,shrink-only,shrink,1000,100.0,0.0,0.0,false,false,false,ok,31.184,1290.421,1290.421,0.9836493069821651,false,-1572305105
4b,7344414339063,s1000-p0-a04,shrink-only,shrink,1000,0.0,0.4,0.0,false,false,false,ok,8.381,32.821,32.821,1.5053778236440774,false,611794456
6b,7610702311349,s4000-p100-a04,shrink-only,shrink,4000,100.0,0.4,0.0,false,false,false,ok,302.456,3.587,3.587,0.8595734483584951,false,1482096114
5a,7473263357845,s1000-p100-a04,shrink-only,shrink,1000,100.0,0.4,0.0,false,true,false,ok,22.163,154.923,154.923,1.0128433529356,false,414652499
19b,210255849297507,s1000-p100-a0,shrink-only,shrink,1000,100.0,0.0,0.0,false,false,false,ok,83.246,205.567,205.567,1.3298808672784497,false,825922194
5a,7473263357845,s1000-p0-a04,shrink-only,shrink,1000,0.0,0.4,0.0,false,false,false,ok,7.496,174.038,174.038,1.1378118901532115,false,414652499
27b,214117024918500,s1000-p0-a04,shrink-only,shrink,1000,0.0,0.4,0.0,false,false,false,ok,65.976,5.771,5.771,0.9891164624218013,false,1728540501
29b,214383312890786,s4000-p100-a04,shrink-only,shrink,4000,100.0,0.4,0.0,false,false,false,ok,1514.193,2.807,2.807,1.0466070096942581,false,-665152500
19b,210255849297507,s4000-p100-a04,shrink-only,shrink,4000,100.0,0.4,0.0,false,false,false,ok,271.974,151.447,151.447,0.979760699464016,false,910037442
11d,209199287342877,s1000-p25-a04,shrink-only,shrink,1000,25.0,0.4,0.0,false,false,false,ok,14.103,233.138,233.138,1.045574411595867,false,2003817464
18b,210122705311298,s1000-p100-a16,shrink-only,shrink,1000,100.0,1.6,0.0,false,false,false,ok,25.22,709.211,709.211,1.0896981942358441,false,-633376097
19a,210251554330208,s250-p100-a04,shrink-only,shrink,250,100.0,0.4,0.0,false,false,false,ok,32.93,506.773,506.773,0.8937157046101647,false,-477815540
16d,209865007273862,s4000-p100-a04,shrink-only,shrink,4000,100.0,0.4,0.0,false,false,false,ok,598.52,328.126,328.126,1.093773385845407,false,719404660
22b,213451304987515,s1000-p100-a0,shrink-only,shrink,1000,100.0,0.0,0.0,false,false,false,ok,31.277,123.421,123.421,0.2593529257870411,false,-2145268623
19d,210264439232101,s4000-p100-a04,shrink-only,shrink,4000,100.0,0.4,0.0,false,false,false,ok,571.023,7342.141,7342.141,1.2643231962688888,false,-1211980585
15d,209731863287705,s4000-p100-a04,shrink-only,shrink,4000,100.0,0.4,0.0,false,false,false,ok,587.791,520.738,520.738,1.032939785611705,false,-704972777
13d,209465575315419,s250-p100-a04,shrink-only,shrink,250,100.0,0.4,0.0,false,false,false,ok,15.97,6195.048,6195.048,2.011445507051612,false,-2119720580
11d,209199287342877,s1000-p0-a04,shrink-only,shrink,1000,0.0,0.4,0.0,false,false,false,ok,18.364,1424.248,1424.248,6.3874497703788755,false,198126114
16c,209860712306567,s1000-p100-a04,shrink-only,shrink,1000,100.0,0.4,0.0,false,true,false,ok,67.835,664.701,664.701,1.648788897295018,false,719404660
19c,210260144264802,s250-p100-a04,shrink-only,shrink,250,100.0,0.4,0.0,false,false,false,ok,36.858,914.179,914.179,1.2078574637317336,false,1055693188
17e,210002446227366,s1000-p100-a16,shrink-only,shrink,1000,100.0,1.6,0.0,false,false,false,ok,171.973,12659.204,12659.204,3.0747645902321024,false,-1125412742
4c,7348709306358,s1000-p100-a0,shrink-only,shrink,1000,100.0,0.0,0.0,false,false,false,ok,55.083,1611.713,1611.713,1.1077685794771321,false,-430037632
13a,209452690413350,s1000-p0-a04,shrink-only,shrink,1000,0.0,0.4,0.0,false,false,false,ok,132.574,1355.936,1355.936,1.7775726859656895,false,1188104532
30c,217316775554303,s1000-p400-a04,shrink-only,shrink,1000,400.0,0.4,0.0,false,false,false,ok,395.197,913.83,913.83,1.1439963445396562,false,-804478301
23c,213588743940891,s1000-p100-a04,shrink-only,shrink,1000,100.0,0.4,0.0,false,true,false,ok,107.044,1448.977,1448.977,1.5631528073548102,false,1835492322
5a,7473263357845,s4000-p100-a04,shrink-only,shrink,4000,100.0,0.4,0.0,false,false,false,ok,194.164,238.556,238.556,1.5596125746526017,false,414652499
11c,209194992375578,s1000-p100-a04,shrink-only,shrink,1000,100.0,0.4,0.0,false,true,false,ok,25.477,637.98,637.98,1.2677664255914027,false,1916526955
8d,7885580217973,s1000-p400-a04,shrink-only,shrink,1000,400.0,0.4,0.0,false,false,false,ok,186.524,634.285,634.285,1.0471492449962896,false,1142152349
8a,7872695316080,s1000-p0-a04,shrink-only,shrink,1000,0.0,0.4,0.0,false,false,false,ok,144.277,107.12,107.12,1.1247611247611249,false,115582433
27a,214112729951205,s1000-p100-a16,shrink-only,shrink,1000,100.0,1.6,0.0,false,false,false,ok,125.064,20.821,20.821,1.1834820667310864,false,704699266
8b,7876990283379,s1000-p25-a04,shrink-only,shrink,1000,25.0,0.4,0.0,false,false,false,ok,110.367,218.067,218.067,1.0726576027073824,false,-1987159524
19b,210255849297507,s1000-p0-a04,shrink-only,shrink,1000,0.0,0.4,0.0,false,false,false,ok,34.099,169.873,169.873,1.0989645836500608,false,-1906746532
4c,7348709306358,s4000-p100-a04,shrink-only,shrink,4000,100.0,0.4,0.0,false,false,false,ok,45.715,1508.577,1508.577,1.0368807599875869,false,-430037632
13c,209461280348120,s4000-p100-a04,shrink-only,shrink,4000,100.0,0.4,0.0,false,false,false,ok,147.865,651.823,651.823,1.385508786659794,false,876197618
32a,217574473591995,s4000-p100-a04,shrink-only,shrink,4000,100.0,0.4,0.0,false,false,false,ok,171.406,0.255,0.255,1.2911392405063291,false,1765267761
31c,217449919540380,s1000-p100-a04,shrink-only,shrink,1000,100.0,0.4,0.0,false,true,false,ok,334.897,362.338,362.338,1.59933437943462,false,1346825370
5a,7473263357845,s1000-p25-a04,shrink-only,shrink,1000,25.0,0.4,0.0,false,false,false,ok,19.581,157.458,157.458,1.0294164757107318,false,414652499
30a,217308185619709,s1000-p400-a04,shrink-only,shrink,1000,400.0,0.4,0.0,false,false,false,ok,277.008,743.965,743.965,0.9462482797567112,false,-824386529
2b,7078126366505,s1000-p25-a04,shrink-only,shrink,1000,25.0,0.4,0.0,false,false,false,ok,31.145,123.397,123.397,0.9125950797060987,false,321836810
19a,210251554330208,s1000-p100-a04,shrink-only,shrink,1000,100.0,0.4,0.0,false,true,false,ok,116.18,733.606,733.606,1.2937453321235433,false,-1819667816
22d,213459894922109,s1000-p100-a04,shrink-only,shrink,1000,100.0,0.4,0.0,false,true,false,ok,87.991,661.83,661.83,1.0956189643741323,false,-438265046
3c,7215565320137,s1000-p100-a16,shrink-only,shrink,1000,100.0,1.6,0.0,false,false,false,ok,21.653,1293.341,1293.341,0.9858751355887887,false,-1572305105
16c,209860712306567,s4000-p100-a04,shrink-only,shrink,4000,100.0,0.4,0.0,false,false,false,ok,749.431,359.33,359.33,0.8913170199307942,false,719404660
22d,213459894922109,s1000-p25-a04,shrink-only,shrink,1000,25.0,0.4,0.0,false,false,false,ok,45.332,6364.054,6364.054,10.535300987717472,true,1311334790
4c,7348709306358,s250-p100-a04,shrink-only,shrink,250,100.0,0.4,0.0,false,false,false,ok,5.7,1424.81,1424.81,0.9793057136877427,false,-430037632
23c,213588743940891,s4000-p100-a04,shrink-only,shrink,4000,100.0,0.4,0.0,false,false,false,ok,223.026,936.25,936.25,1.010024186640603,false,-1576721678
3c,7215565320137,s250-p100-a04,shrink-only,shrink,250,100.0,0.4,0.0,false,false,false,ok,6.96,1257.424,1257.424,0.9584966814572469,false,-1572305105
30b,217312480587004,s1000-p0-a04,shrink-only,shrink,1000,0.0,0.4,0.0,false,false,false,ok,206.563,35.396,35.396,1.0033448608197741,false,1910947129
26c,213988175899590,s1000-p25-a04,shrink-only,shrink,1000,25.0,0.4,0.0,false,false,false,ok,267.812,1481.83,1481.83,4.301824130428155,false,628672308
33b,217711912546139,s1000-p25-a04,shrink-only,shrink,1000,25.0,0.4,0.0,false,false,false,ok,230.616,8.631,8.631,2.1628868562836736,false,-397240962
1c,6949277347595,s1000-p0-a04,shrink-only,shrink,1000,0.0,0.4,0.0,false,false,false,ok,16.574,1.722,1.722,1.5937066173068024,false,686382736
7c,7748141264469,s1000-p100-a0,shrink-only,shrink,1000,100.0,0.0,0.0,false,false,false,ok,449.13,3116.866,3116.866,2.0883272429545237,false,-1004347469
3b,7211270352854,s4000-p100-a04,shrink-only,shrink,4000,100.0,0.4,0.0,false,false,false,ok,57.69,5.666,5.666,0.7810862972153295,false,113844438
8d,7885580217973,s1000-p100-a16,shrink-only,shrink,1000,100.0,1.6,0.0,false,false,false,ok,18.15,763.404,763.404,1.2603134588192175,false,1142152349
33a,217707617578840,s1000-p100-a16,shrink-only,shrink,1000,100.0,1.6,0.0,false,false,false,ok,124.785,4.399,4.399,0.9550586191923578,false,1514619789
9d,8018724204050,s1000-p100-a0,shrink-only,shrink,1000,100.0,0.0,0.0,false,false,false,ok,341.659,1226.033,1226.033,1.0355310184291686,false,-1708131848
29c,214387607858085,s1000-p400-a04,shrink-only,shrink,1000,400.0,0.4,0.0,false,false,false,ok,1545.3,101.223,101.223,1.550644933974693,false,2081534655
18a,210118410344003,s1000-p100-a04,shrink-only,shrink,1000,100.0,0.4,0.0,false,true,false,ok,166.34,1669.14,1669.14,1.7042248775542086,false,-1701613315
23b,213584448973592,s1000-p100-a04,shrink-only,shrink,1000,100.0,0.4,0.0,false,true,false,ok,61.179,116.599,116.599,2.3501703182633586,false,2055054090
29a,214379017923491,s250-p100-a04,shrink-only,shrink,250,100.0,0.4,0.0,false,false,false,ok,722.051,25.092,25.092,0.9811143695014661,false,304812620
33b,217711912546139,s1000-p400-a04,shrink-only,shrink,1000,400.0,0.4,0.0,false,false,false,ok,76.386,3.781,3.781,0.9475003132439545,false,-1989803960
13d,209465575315419,s1000-p400-a04,shrink-only,shrink,1000,400.0,0.4,0.0,false,false,false,ok,49.314,4174.453,4174.453,1.3553865492645294,false,-2119720580
21b,213318161001306,s250-p100-a04,shrink-only,shrink,250,100.0,0.4,0.0,false,false,false,ok,16.408,20.466,20.466,1.5765512460039286,false,405046416
23c,213588743940891,s1000-p100-a16,shrink-only,shrink,1000,100.0,1.6,0.0,false,false,false,ok,23.879,870.524,870.524,0.9391191402415212,false,1835492322
16c,209860712306567,s1000-p0-a04,shrink-only,shrink,1000,0.0,0.4,0.0,false,false,false,ok,145.708,424.269,424.269,1.052398020563321,false,719404660
16d,209865007273862,s1000-p100-a16,shrink-only,shrink,1000,100.0,1.6,0.0,false,false,false,ok,186.746,274.7,274.7,0.9156834541966602,false,719404660
27a,214112729951205,s1000-p25-a04,shrink-only,shrink,1000,25.0,0.4,0.0,false,false,false,ok,145.872,17.657,17.657,1.0036378104928096,false,-1953543145
22b,213451304987515,s1000-p25-a04,shrink-only,shrink,1000,25.0,0.4,0.0,false,false,false,ok,43.557,129.13,129.13,0.2713496350449325,false,-2145268623
24a,213713297992454,s1000-p100-a04,shrink-only,shrink,1000,100.0,0.4,0.0,false,true,false,ok,313.25,188.838,188.838,1.3411075404364112,false,672276191
3c,7215565320137,s1000-p100-a04,shrink-only,shrink,1000,100.0,0.4,0.0,false,true,false,ok,13.533,1407.244,1407.244,1.0726999834587394,false,-1572305105
32b,217578768559290,s1000-p100-a0,shrink-only,shrink,1000,100.0,0.0,0.0,false,false,false,ok,36.75,154.933,154.933,1.0906703835892237,false,1520237401
22a,213447010020216,s1000-p400-a04,shrink-only,shrink,1000,400.0,0.4,0.0,false,false,false,ok,50.058,618.978,618.978,1.3132819105430156,false,316133052
15b,209723273353191,s1000-p25-a04,shrink-only,shrink,1000,25.0,0.4,0.0,false,false,false,ok,132.928,30.333,30.333,3.4963979021382054,false,-347771581
31c,217449919540380,s1000-p25-a04,shrink-only,shrink,1000,25.0,0.4,0.0,false,false,false,ok,77.535,238.808,238.808,1.0540816709371434,false,1346825370
29b,214383312890786,s1000-p100-a16,shrink-only,shrink,1000,100.0,1.6,0.0,false,false,false,ok,967.539,2.807,2.807,1.0466070096942581,false,-665152500
18a,210118410344003,s1000-p100-a16,shrink-only,shrink,1000,100.0,1.6,0.0,false,false,false,ok,16.206,921.524,921.524,0.9408941886619843,false,-574815707
6a,7606407344050,s1000-p400-a04,shrink-only,shrink,1000,400.0,0.4,0.0,false,false,false,ok,109.641,5.479,5.479,1.3953902967018974,false,-224470636
11d,209199287342877,s250-p100-a04,shrink-only,shrink,250,100.0,0.4,0.0,false,false,false,ok,7.348,229.405,229.405,1.0288326994833525,false,2003817464
28c,214254463871876,s1000-p100-a16,shrink-only,shrink,1000,100.0,1.6,0.0,false,false,false,ok,122.695,510.266,510.266,1.0164428504127894,false,-676166940
6a,7606407344050,s1000-p100-a16,shrink-only,shrink,1000,100.0,1.6,0.0,false,false,false,ok,6.91,3.918,3.918,0.9978352222080734,false,-224470636
13d,209465575315419,s4000-p100-a04,shrink-only,shrink,4000,100.0,0.4,0.0,false,false,false,ok,128.472,2900.415,2900.415,0.9417242159116607,false,-2119720580
10a,209053258454907,s250-p100-a04,shrink-only,shrink,250,100.0,0.4,0.0,false,false,false,ok,74.035,796.387,796.387,2.5230024980160017,false,1718403736
23a,213580154006297,s1000-p100-a16,shrink-only,shrink,1000,100.0,1.6,0.0,false,false,false,ok,41.536,375.72,375.72,0.9934334293574757,false,1835492322
17a,209985266358178,s1000-p25-a04,shrink-only,shrink,1000,25.0,0.4,0.0,false,false,false,ok,161.845,7275.682,7275.682,3.781911991851588,false,-1125412742
23b,213584448973592,s1000-p100-a16,shrink-only,shrink,1000,100.0,1.6,0.0,false,false,false,ok,56.543,72.769,72.769,1.4667325096244936,false,2055054090
31a,217441329605786,s4000-p100-a04,shrink-only,shrink,4000,100.0,0.4,0.0,false,false,false,ok,904.485,251.268,251.268,1.235916480165269,false,499229554
5b,7477558325140,s1000-p100-a04,shrink-only,shrink,1000,100.0,0.4,0.0,false,true,false,ok,19.364,637.228,637.228,2.42595028390975,false,1589551454
27b,214117024918500,s250-p100-a04,shrink-only,shrink,250,100.0,0.4,0.0,false,false,false,ok,58.247,6.065,6.065,1.0395063844373982,false,-1505844372
19a,210251554330208,s1000-p100-a16,shrink-only,shrink,1000,100.0,1.6,0.0,false,false,false,ok,101.767,697.142,697.142,1.2294395197521166,false,-1819667816
14b,209590129366982,s1000-p400-a04,shrink-only,shrink,1000,400.0,0.4,0.0,false,false,false,ok,27.135,39.235,39.235,1.0616822935692927,false,1297441228
13a,209452690413350,s1000-p25-a04,shrink-only,shrink,1000,25.0,0.4,0.0,false,false,false,ok,68.538,976.04,976.04,1.2795456750244492,false,1188104532
31c,217449919540380,s1000-p100-a16,shrink-only,shrink,1000,100.0,1.6,0.0,false,false,false,ok,76.805,232.195,232.195,1.0248923552948395,false,1982821986
26c,213988175899590,s1000-p100-a16,shrink-only,shrink,1000,100.0,1.6,0.0,false,false,false,ok,105.387,329.429,329.429,0.9563483135466395,false,-321495561
10a,209053258454907,s1000-p100-a16,shrink-only,shrink,1000,100.0,1.6,0.0,false,false,false,ok,199.736,294.593,294.593,0.9332885580729319,false,1718403736
21b,213318161001306,s1000-p25-a04,shrink-only,shrink,1000,25.0,0.4,0.0,false,false,false,ok,33.249,12.759,12.759,0.9828602241651581,false,405046416
13a,209452690413350,s1000-p100-a16,shrink-only,shrink,1000,100.0,1.6,0.0,false,false,false,ok,12.992,715.76,715.76,0.9383299991347689,false,-1062568155
28c,214254463871876,s1000-p100-a04,shrink-only,shrink,1000,100.0,0.4,0.0,false,true,false,ok,121.177,470.481,470.481,0.9371916778798893,false,-676166940
30a,217308185619709,s250-p100-a04,shrink-only,shrink,250,100.0,0.4,0.0,false,false,false,ok,124.557,972.531,972.531,1.2369611282252175,false,-824386529
28b,214250168904581,s1000-p0-a04,shrink-only,shrink,1000,0.0,0.4,0.0,false,false,false,ok,107.649,118.977,118.977,1.092915801657144,false,1300118193
13c,209461280348120,s1000-p0-a04,shrink-only,shrink,1000,0.0,0.4,0.0,false,false,false,ok,29.888,569.747,569.747,1.2110488195001674,false,876197618
23a,213580154006297,s1000-p25-a04,shrink-only,shrink,1000,25.0,0.4,0.0,false,false,false,ok,23.947,374.143,374.143,0.9892637164912541,false,-1576721678
3b,7211270352854,s1000-p25-a04,shrink-only,shrink,1000,25.0,0.4,0.0,false,false,false,ok,12.363,6.488,6.488,0.8944030879514752,false,129508754
8a,7872695316080,s1000-p100-a0,shrink-only,shrink,1000,100.0,0.0,0.0,false,false,false,ok,123.653,70.514,70.514,0.7403977403977403,false,-1762716238
4b,7344414339063,s1000-p100-a16,shrink-only,shrink,1000,100.0,1.6,0.0,false,false,false,ok,8.625,22.139,22.139,1.0154340098612544,false,261415237
23a,213580154006297,s250-p100-a04,shrink-only,shrink,250,100.0,0.4,0.0,false,false,false,ok,16.839,350.006,350.006,0.9254435773333668,false,1835492322
14b,209590129366982,s1000-p0-a04,shrink-only,shrink,1000,0.0,0.4,0.0,false,false,false,ok,19.336,36.009,36.009,0.9743881154361327,false,1297441228
30b,217312480587004,s1000-p400-a04,shrink-only,shrink,1000,400.0,0.4,0.0,false,false,false,ok,92.748,35.131,35.131,0.9958330971143488,false,-119349660
11c,209194992375578,s1000-p0-a04,shrink-only,shrink,1000,0.0,0.4,0.0,false,false,false,ok,18.379,432.525,432.525,0.8594950832767821,false,212006990
6a,7606407344050,s1000-p100-a0,shrink-only,shrink,1000,100.0,0.0,0.0,false,false,false,ok,11.242,3.949,3.949,1.0057302941550998,false,-224470636
29a,214379017923491,s1000-p100-a04,shrink-only,shrink,1000,100.0,0.4,0.0,false,true,false,ok,822.106,24.806,24.806,0.9699315738025415,false,-858518681
16d,209865007273862,s1000-p100-a04,shrink-only,shrink,1000,100.0,0.4,0.0,false,true,false,ok,20.797,301.11,301.11,1.0037184015040275,false,719404660
9b,8010134269456,s250-p100-a04,shrink-only,shrink,250,100.0,0.4,0.0,false,false,false,ok,55.179,751.141,751.141,1.509708254905882,false,140277402
33a,217707617578840,s1000-p400-a04,shrink-only,shrink,1000,400.0,0.4,0.0,false,false,false,ok,84.489,4.481,4.481,0.9728614850195397,false,1514619789
17a,209985266358178,s250-p100-a04,shrink-only,shrink,250,100.0,0.4,0.0,false,false,false,ok,39.016,2020.254,2020.254,1.0501314968392157,false,-1125412742
16d,209865007273862,s250-p100-a04,shrink-only,shrink,250,100.0,0.4,0.0,false,false,false,ok,43.415,279.952,279.952,0.9331904418247667,false,719404660
33b,217711912546139,s1000-p100-a16,shrink-only,shrink,1000,100.0,1.6,0.0,false,false,false,ok,77.663,3.831,3.831,0.9600300714196216,false,-1989803960
13a,209452690413350,s250-p100-a04,shrink-only,shrink,250,100.0,0.4,0.0,false,false,false,ok,19.02,795.282,795.282,1.042579856896023,false,-1062568155
24a,213713297992454,s1000-p0-a04,shrink-only,shrink,1000,0.0,0.4,0.0,false,false,false,ok,62.783,115.387,115.387,0.81946629263356,false,-520825330
4a,7340119371764,s1000-p25-a04,shrink-only,shrink,1000,25.0,0.4,0.0,false,false,false,ok,9.287,740.272,740.272,0.977618775005134,false,-1509295857
19d,210264439232101,s1000-p100-a16,shrink-only,shrink,1000,100.0,1.6,0.0,false,false,false,ok,184.564,3625.743,3625.743,0.6243561624067898,false,-1246359705
30c,217316775554303,s250-p100-a04,shrink-only,shrink,250,100.0,0.4,0.0,false,false,false,ok,99.311,861.725,861.725,1.0787676591909163,false,-804478301
11d,209199287342877,s1000-p100-a0,shrink-only,shrink,1000,100.0,0.0,0.0,false,false,false,ok,24.765,1257.964,1257.964,5.64170134902411,false,198126114
8a,7872695316080,s1000-p25-a04,shrink-only,shrink,1000,25.0,0.4,0.0,false,false,false,ok,13.459,83.008,83.008,0.8715848715848715,false,115582433
1c,6949277347595,s1000-p100-a04,shrink-only,shrink,1000,100.0,0.4,0.0,false,true,false,ok,8.488,1.092,1.092,1.010643220731143,false,686382736
29b,214383312890786,s1000-p100-a04,shrink-only,shrink,1000,100.0,0.4,0.0,false,true,false,ok,905.526,3.282,3.282,1.2237136465324385,false,-665152500
24b,213717592959801,s250-p100-a04,shrink-only,shrink,250,100.0,0.4,0.0,false,false,false,ok,96.134,2.021,2.021,1.1363508574641552,false,-870534348
23a,213580154006297,s1000-p100-a0,shrink-only,shrink,1000,100.0,0.0,0.0,false,false,false,ok,24.854,392.367,392.367,1.0374494154601954,false,-1576721678
23b,213584448973592,s1000-p100-a0,shrink-only,shrink,1000,100.0,0.0,0.0,false,false,false,ok,26.111,44.529,44.529,0.8975268578799912,false,-439854755
17a,209985266358178,s1000-p400-a04,shrink-only,shrink,1000,400.0,0.4,0.0,false,false,false,ok,23.595,1821.994,1821.994,0.9470756085383669,false,-1125412742
9a,8005839302161,s1000-p100-a16,shrink-only,shrink,1000,100.0,1.6,0.0,false,false,false,ok,231.883,589.441,589.441,1.201017962058704,false,1576652456
15d,209731863287705,s1000-p0-a04,shrink-only,shrink,1000,0.0,0.4,0.0,false,false,false,ok,159.218,1122.988,1122.988,2.2275673831456846,false,502765013
15d,209731863287705,s250-p100-a04,shrink-only,shrink,250,100.0,0.4,0.0,false,false,false,ok,25.635,548.617,548.617,1.0882407782088819,false,-704972777
29a,214379017923491,s1000-p0-a04,shrink-only,shrink,1000,0.0,0.4,0.0,false,false,false,ok,643.394,18.03,18.03,0.7049853372434017,false,-1339255407
8b,7876990283379,s1000-p0-a04,shrink-only,shrink,1000,0.0,0.4,0.0,false,false,false,ok,106.259,198.599,198.599,0.976895757909649,false,1478161348
13b,209456985380825,s250-p100-a04,shrink-only,shrink,250,100.0,0.4,0.0,false,false,false,ok,11.295,682.113,682.113,2.025829502120532,false,876197618
21c,213322455968605,s4000-p100-a04,shrink-only,shrink,4000,100.0,0.4,0.0,false,false,false,ok,220.159,54.502,54.502,1.304078385394858,false,405046416
32a,217574473591995,s250-p100-a04,shrink-only,shrink,250,100.0,0.4,0.0,false,false,false,ok,19.398,0.172,0.172,0.870886075949367,false,1765267761
18b,210122705311298,s1000-p400-a04,shrink-only,shrink,1000,400.0,0.4,0.0,false,false,false,ok,149.437,760.599,760.599,1.1686555296485657,false,-2103027714
13a,209452690413350,s1000-p400-a04,shrink-only,shrink,1000,400.0,0.4,0.0,false,false,false,ok,18.046,696.767,696.767,0.9134310083088404,false,-1062568155
27c,214121319885799,s1000-p100-a04,shrink-only,shrink,1000,100.0,0.4,0.0,false,true,false,ok,104.763,26.155,26.155,0.9983395995953966,false,-1273730499
31b,217445624573085,s1000-p100-a16,shrink-only,shrink,1000,100.0,1.6,0.0,false,false,false,ok,133.023,8.847,8.847,1.0887945357208786,false,-536655723
28b,214250168904581,s4000-p100-a04,shrink-only,shrink,4000,100.0,0.4,0.0,false,false,false,ok,258.441,102.777,102.777,0.9441035439363599,false,1300118193
14b,209590129366982,s4000-p100-a04,shrink-only,shrink,4000,100.0,0.4,0.0,false,false,false,ok,71.988,36.768,36.768,0.994926330316191,false,1297441228
31c,217449919540380,s1000-p100-a0,shrink-only,shrink,1000,100.0,0.0,0.0,false,false,false,ok,73.074,261.538,261.538,1.154410287986829,false,1346825370
21a,213313866034011,s1000-p25-a04,shrink-only,shrink,1000,25.0,0.4,0.0,false,false,false,ok,48.209,28.779,28.779,0.9615436017373873,false,405046416
16d,209865007273862,s1000-p25-a04,shrink-only,shrink,1000,25.0,0.4,0.0,false,false,false,ok,19.122,299.826,299.826,0.9994383230359224,false,719404660
27c,214121319885799,s1000-p25-a04,shrink-only,shrink,1000,25.0,0.4,0.0,false,false,false,ok,113.697,29.131,29.131,1.1119338893448096,false,-1273730499
8d,7885580217973,s1000-p100-a04,shrink-only,shrink,1000,100.0,0.4,0.0,false,true,false,ok,28.775,543.619,543.619,0.8974675822629228,false,-1012298996
28a,214245873937282,s1000-p100-a0,shrink-only,shrink,1000,100.0,0.0,0.0,false,false,false,ok,185.788,860.336,860.336,1.6148523409498945,false,96586315
31b,217445624573085,s1000-p100-a04,shrink-only,shrink,1000,100.0,0.4,0.0,false,true,false,ok,55.719,7.788,7.788,0.9584640945172604,false,-744571733
30a,217308185619709,s1000-p100-a04,shrink-only,shrink,1000,100.0,0.4,0.0,false,true,false,ok,173.531,747.733,747.733,0.9510407948859487,false,216250776
26c,213988175899590,s250-p100-a04,shrink-only,shrink,250,100.0,0.4,0.0,false,false,false,ok,72.283,368.535,368.535,1.0698749221620163,false,-321495561
18a,210118410344003,s1000-p25-a04,shrink-only,shrink,1000,25.0,0.4,0.0,false,false,false,ok,105.168,1706.12,1706.12,1.7419821872897336,false,-1701613315
5b,7477558325140,s1000-p25-a04,shrink-only,shrink,1000,25.0,0.4,0.0,false,false,false,ok,7.985,364.407,364.407,1.3873107664897029,false,1589551454
23c,213588743940891,s1000-p100-a0,shrink-only,shrink,1000,100.0,0.0,0.0,false,false,false,ok,39.279,1536.838,1536.838,1.6579370370610103,false,-1576721678
21b,213318161001306,s1000-p100-a16,shrink-only,shrink,1000,100.0,1.6,0.0,false,false,false,ok,30.098,13.144,13.144,1.012517813811963,false,1230868213
27b,214117024918500,s4000-p100-a04,shrink-only,shrink,4000,100.0,0.4,0.0,false,false,false,ok,163.765,5.949,5.949,1.0196246464992715,false,1728540501
13d,209465575315419,s1000-p100-a04,shrink-only,shrink,1000,100.0,0.4,0.0,false,true,false,ok,33.931,4333.716,4333.716,1.4070970195933405,false,-2119720580
11c,209194992375578,s1000-p25-a04,shrink-only,shrink,1000,25.0,0.4,0.0,false,false,false,ok,15.292,355.435,355.435,0.7063051498167344,false,212006990
15a,209718978385892,s1000-p25-a04,shrink-only,shrink,1000,25.0,0.4,0.0,false,false,false,ok,134.31,1008.718,1008.718,2.252646035831328,false,-93948010
5b,7477558325140,s4000-p100-a04,shrink-only,shrink,4000,100.0,0.4,0.0,false,false,false,ok,28.147,314.271,314.271,1.196441182237129,false,1589551454
22a,213447010020216,s1000-p100-a0,shrink-only,shrink,1000,100.0,0.0,0.0,false,false,false,ok,38.724,373.657,373.657,0.7927858160512515,false,-2145268623
16c,209860712306567,s250-p100-a04,shrink-only,shrink,250,100.0,0.4,0.0,false,false,false,ok,53.684,447.691,447.691,1.1104962234431779,false,719404660
23c,213588743940891,s1000-p0-a04,shrink-only,shrink,1000,0.0,0.4,0.0,false,false,false,ok,24.574,861.976,861.976,0.9298975789625852,false,-1576721678
32b,217578768559290,s250-p100-a04,shrink-only,shrink,250,100.0,0.4,0.0,false,false,false,ok,23.784,117.814,117.814,0.8293665040513047,false,-239234728
18b,210122705311298,s250-p100-a04,shrink-only,shrink,250,100.0,0.4,0.0,false,false,false,ok,34.213,715.37,715.37,1.0991614585934169,false,-1852800932
23c,213588743940891,s250-p100-a04,shrink-only,shrink,250,100.0,0.4,0.0,false,false,false,ok,14.851,900.535,900.535,0.9714949328880057,false,1835492322
28b,214250168904581,s1000-p100-a0,shrink-only,shrink,1000,100.0,0.0,0.0,false,false,false,ok,102.171,123.786,123.786,1.1370909959398139,false,1300118193
22a,213447010020216,s1000-p25-a04,shrink-only,shrink,1000,25.0,0.4,0.0,false,false,false,ok,37.435,357.883,357.883,0.7593182148490998,false,-2145268623
33b,217711912546139,s1000-p100-a04,shrink-only,shrink,1000,100.0,0.4,0.0,false,true,false,ok,83.359,3.865,3.865,0.9685503069790754,false,-1992524807
22b,213451304987515,s1000-p0-a04,shrink-only,shrink,1000,0.0,0.4,0.0,false,false,false,ok,37.819,116.448,116.448,0.24470008752197242,false,-2145268623
6a,7606407344050,s1000-p100-a04,shrink-only,shrink,1000,100.0,0.4,0.0,false,true,false,ok,14.536,8.008,8.008,2.0394753597351327,false,-224470636
30a,217308185619709,s1000-p100-a16,shrink-only,shrink,1000,100.0,1.6,0.0,false,false,false,ok,86.554,544.508,544.508,0.6925591369402692,false,-824386529
18b,210122705311298,s1000-p100-a0,shrink-only,shrink,1000,100.0,0.0,0.0,false,false,false,ok,14.205,505.997,505.997,0.7774611747262161,false,-2103027714
12b,209323841394488,s250-p100-a04,shrink-only,shrink,250,100.0,0.4,0.0,false,false,false,ok,8.906,1.294,1.294,0.9635145197319435,false,466548996
23c,213588743940891,s1000-p400-a04,shrink-only,shrink,1000,400.0,0.4,0.0,false,false,false,ok,22.404,847.946,847.946,0.9147620496290015,false,1835492322
14b,209590129366982,s1000-p100-a16,shrink-only,shrink,1000,100.0,1.6,0.0,false,false,false,ok,20.024,36.399,36.399,0.9849413483784552,false,1297441228
30b,217312480587004,s1000-p100-a04,shrink-only,shrink,1000,100.0,0.4,0.0,false,true,false,ok,81.266,34.346,34.346,0.973581268779409,false,-1031970200
9d,8018724204050,s1000-p400-a04,shrink-only,shrink,1000,400.0,0.4,0.0,false,false,false,ok,252.622,1681.501,1681.501,1.4202280387393045,false,969253244
21a,213313866034011,s1000-p100-a0,shrink-only,shrink,1000,100.0,0.0,0.0,false,false,false,ok,33.914,28.343,28.343,0.9469762779819579,false,405046416
8c,7881285250674,s1000-p100-a16,shrink-only,shrink,1000,100.0,1.6,0.0,false,false,false,ok,167.56,5065.773,5065.773,1.0991293793567916,false,1733352584
28c,214254463871876,s4000-p100-a04,shrink-only,shrink,4000,100.0,0.4,0.0,false,false,false,ok,256.395,1311.227,1311.227,2.6119461406760607,false,-1040088321
24a,213713297992454,s250-p100-a04,shrink-only,shrink,250,100.0,0.4,0.0,false,false,false,ok,117.954,417.941,417.941,2.968172860110434,false,941138625
33b,217711912546139,s1000-p0-a04,shrink-only,shrink,1000,0.0,0.4,0.0,false,false,false,ok,82.257,4.367,4.367,1.0943490790627741,false,1896864069
22d,213459894922109,s1000-p0-a04,shrink-only,shrink,1000,0.0,0.4,0.0,false,false,false,ok,51.213,6925.596,6925.596,11.464899320359658,true,1311334790
32b,217578768559290,s1000-p25-a04,shrink-only,shrink,1000,25.0,0.4,0.0,false,false,false,ok,71.906,155.455,155.455,1.0943450683899671,false,1520237401
23c,213588743940891,s1000-p25-a04,shrink-only,shrink,1000,25.0,0.4,0.0,false,false,false,ok,55.604,2005.231,2005.231,2.1632382481191166,false,-1576721678
22d,213459894922109,s250-p100-a04,shrink-only,shrink,250,100.0,0.4,0.0,false,false,false,ok,32.672,618.719,618.719,1.0242513485617135,false,-438265046
5a,7473263357845,s1000-p100-a16,shrink-only,shrink,1000,100.0,1.6,0.0,false,false,false,ok,22.006,158.804,158.804,1.0382162481980406,false,414652499
28c,214254463871876,s1000-p0-a04,shrink-only,shrink,1000,0.0,0.4,0.0,false,false,false,ok,149.807,1118.101,1118.101,2.2272418062136032,false,-1040088321
5b,7477558325140,s1000-p0-a04,shrink-only,shrink,1000,0.0,0.4,0.0,false,false,false,ok,13.615,422.235,422.235,1.6074640758513963,false,1589551454
23b,213584448973592,s4000-p100-a04,shrink-only,shrink,4000,100.0,0.4,0.0,false,false,false,ok,198.568,161.11,161.11,3.247334368008385,false,-439854755
25c,213855031913433,s1000-p100-a0,shrink-only,shrink,1000,100.0,0.0,0.0,false,false,false,ok,348.114,1695.318,1695.318,1.9091042687784872,false,35421457
21a,213313866034011,s1000-p100-a16,shrink-only,shrink,1000,100.0,1.6,0.0,false,false,false,ok,39.078,31.964,31.964,1.067958569996659,false,405046416
22a,213447010020216,s1000-p0-a04,shrink-only,shrink,1000,0.0,0.4,0.0,false,false,false,ok,42.539,374.539,374.539,0.7946571501618321,false,-2145268623
6b,7610702311349,s1000-p400-a04,shrink-only,shrink,1000,400.0,0.4,0.0,false,false,false,ok,169.604,18.265,18.265,4.376947040498442,false,1482096114
15b,209723273353191,s250-p100-a04,shrink-only,shrink,250,100.0,0.4,0.0,false,false,false,ok,44.268,59.815,59.815,6.894703475304017,false,-1293176700
31a,217441329605786,s1000-p0-a04,shrink-only,shrink,1000,0.0,0.4,0.0,false,false,false,ok,347.717,1949.216,1949.216,9.587644179926711,false,499229554
27c,214121319885799,s250-p100-a04,shrink-only,shrink,250,100.0,0.4,0.0,false,false,false,ok,82.802,27.446,27.446,1.0476172299940836,false,-1093302568
31c,217449919540380,s1000-p0-a04,shrink-only,shrink,1000,0.0,0.4,0.0,false,false,false,ok,224.567,193.659,193.659,0.8547971689056324,false,-105956113
9d,8018724204050,s4000-p100-a04,shrink-only,shrink,4000,100.0,0.4,0.0,false,false,false,ok,1330.673,2493.733,2493.733,2.1062547852956865,false,-1708131848
4a,7340119371764,s1000-p100-a16,shrink-only,shrink,1000,100.0,1.6,0.0,false,false,false,ok,21.618,758.46,758.46,1.0016382303942253,false,-1509295857
1c,6949277347595,s1000-p100-a0,shrink-only,shrink,1000,100.0,0.0,0.0,false,false,false,ok,8.389,1.017,1.017,0.941230911614993,false,686382736
32a,217574473591995,s1000-p400-a04,shrink-only,shrink,1000,400.0,0.4,0.0,false,false,false,ok,63.486,0.18,0.18,0.9113924050632911,false,1765267761
33a,217707617578840,s4000-p100-a04,shrink-only,shrink,4000,100.0,0.4,0.0,false,false,false,ok,251.997,7.35,7.35,1.5957446808510638,false,-2124008857
9b,8010134269456,s1000-p100-a04,shrink-only,shrink,1000,100.0,0.4,0.0,false,true,false,ok,236.166,657.634,657.634,1.3217697855752446,false,1750536935
7c,7748141264469,s1000-p25-a04,shrink-only,shrink,1000,25.0,0.4,0.0,false,false,false,ok,717.958,8842.361,8842.361,5.924458532493411,false,-1004347469
3c,7215565320137,s1000-p0-a04,shrink-only,shrink,1000,0.0,0.4,0.0,false,false,false,ok,24.789,1345.891,1345.891,1.0259324278073072,false,-1572305105
19b,210255849297507,s1000-p400-a04,shrink-only,shrink,1000,400.0,0.4,0.0,false,false,false,ok,78.787,180.461,180.461,1.1674618552099136,false,825922194
10a,209053258454907,s1000-p100-a04,shrink-only,shrink,1000,100.0,0.4,0.0,false,true,false,ok,224.724,1235.464,1235.464,3.9140251639075494,false,1718403736
10a,209053258454907,s1000-p0-a04,shrink-only,shrink,1000,0.0,0.4,0.0,false,false,false,ok,8.572,290.976,290.976,0.9218296818791669,false,1718403736
24a,213713297992454,s1000-p25-a04,shrink-only,shrink,1000,25.0,0.4,0.0,false,false,false,ok,332.122,139.563,139.563,0.9911616923814426,false,2055842777
8a,7872695316080,s1000-p100-a04,shrink-only,shrink,1000,100.0,0.4,0.0,false,true,false,ok,125.104,154.727,154.727,1.6246351246351247,false,-1762716238
14b,209590129366982,s1000-p100-a0,shrink-only,shrink,1000,100.0,0.0,0.0,false,false,false,ok,26.402,37.735,37.735,1.0210929360988215,false,1297441228
8a,7872695316080,s4000-p100-a04,shrink-only,shrink,4000,100.0,0.4,0.0,false,false,false,ok,563.791,96.175,96.175,1.0098385098385099,false,-1762716238
21a,213313866034011,s1000-p400-a04,shrink-only,shrink,1000,400.0,0.4,0.0,false,false,false,ok,33.956,30.291,30.291,1.0120614767791514,false,405046416
2d,7086716301099,s1000-p400-a04,shrink-only,shrink,1000,400.0,0.4,0.0,false,false,false,ok,26.454,178.939,178.939,1.2374501220583252,false,321836810
32a,217574473591995,s1000-p25-a04,shrink-only,shrink,1000,25.0,0.4,0.0,false,false,false,ok,8.475,0.221,0.221,1.1189873417721519,false,-1917286155
9b,8010134269456,s1000-p100-a16,shrink-only,shrink,1000,100.0,1.6,0.0,false,false,false,ok,18.819,782.136,782.136,1.5720046910753998,false,-4751552
30b,217312480587004,s4000-p100-a04,shrink-only,shrink,4000,100.0,0.4,0.0,false,false,false,ok,816.89,37.159,37.159,1.053319349169454,false,1910947129
17e,210002446227366,s4000-p100-a04,shrink-only,shrink,4000,100.0,0.4,0.0,false,false,false,ok,758.701,9167.897,9167.897,2.226769160406541,false,-1125412742
9c,8014429236755,s1000-p0-a04,shrink-only,shrink,1000,0.0,0.4,0.0,false,false,false,ok,191.196,651.135,651.135,0.978942074731467,false,-294239528
29b,214383312890786,s250-p100-a04,shrink-only,shrink,250,100.0,0.4,0.0,false,false,false,ok,742.798,3.181,3.181,1.186055182699478,false,256639789
1c,6949277347595,s1000-p100-a16,shrink-only,shrink,1000,100.0,1.6,0.0,false,false,false,ok,10.141,1.074,1.074,0.9939842665432671,false,686382736
5b,7477558325140,s1000-p400-a04,shrink-only,shrink,1000,400.0,0.4,0.0,false,false,false,ok,7.569,375.097,375.097,1.4280079871626727,false,1589551454
27a,214112729951205,s1000-p0-a04,shrink-only,shrink,1000,0.0,0.4,0.0,false,false,false,ok,123.009,19.085,19.085,1.084806457113625,false,-1953543145
33b,217711912546139,s250-p100-a04,shrink-only,shrink,250,100.0,0.4,0.0,false,false,false,ok,67.87,3.831,3.831,0.9600300714196216,false,-1989803960
13b,209456985380825,s1000-p0-a04,shrink-only,shrink,1000,0.0,0.4,0.0,false,false,false,ok,53.221,355.183,355.183,1.0548695011701534,false,-1005059989
2b,7078126366505,s1000-p100-a0,shrink-only,shrink,1000,100.0,0.0,0.0,false,false,false,ok,25.061,135.272,135.272,1.0004178515037105,false,321836810
11c,209194992375578,s1000-p100-a0,shrink-only,shrink,1000,100.0,0.0,0.0,false,false,false,ok,21.403,427.847,427.847,0.8501991628107541,false,212006990
6f,7627882180521,s1000-p0-a04,shrink-only,shrink,1000,0.0,0.4,0.0,false,false,false,ok,143.768,2588.896,2588.896,1.4682211494155095,false,1250717231
15b,209723273353191,s1000-p100-a0,shrink-only,shrink,1000,100.0,0.0,0.0,false,false,false,ok,142.243,10.291,10.291,1.1862140510633394,false,-347771581
13b,209456985380825,s1000-p25-a04,shrink-only,shrink,1000,25.0,0.4,0.0,false,false,false,ok,18.02,420.716,420.716,1.249498081423667,false,-2119720580
9a,8005839302161,s1000-p100-a04,shrink-only,shrink,1000,100.0,0.4,0.0,false,true,false,ok,186.227,709.554,709.554,1.4457547049672514,false,1576652456
11a,209186402440984,s1000-p0-a04,shrink-only,shrink,1000,0.0,0.4,0.0,false,false,false,ok,31.538,15.937,15.937,1.0689874903578496,false,-1055439248
21c,213322455968605,s250-p100-a04,shrink-only,shrink,250,100.0,0.4,0.0,false,false,false,ok,41.616,50.775,50.775,1.2149018388026847,false,405046416
17a,209985266358178,s1000-p100-a16,shrink-only,shrink,1000,100.0,1.6,0.0,false,false,false,ok,146.266,1724.11,1724.11,0.8961953373266233,false,-1125412742
28b,214250168904581,s250-p100-a04,shrink-only,shrink,250,100.0,0.4,0.0,false,false,false,ok,100.174,307.905,307.905,2.8283974205875326,false,1439246871
28a,214245873937282,s1000-p0-a04,shrink-only,shrink,1000,0.0,0.4,0.0,false,false,false,ok,292.515,877.172,877.172,1.6464535456097393,false,96586315
25c,213855031913433,s1000-p400-a04,shrink-only,shrink,1000,400.0,0.4,0.0,false,false,false,ok,59.761,910.552,910.552,1.0253761890953728,false,35421457
9a,8005839302161,s4000-p100-a04,shrink-only,shrink,4000,100.0,0.4,0.0,false,false,false,ok,767.239,495.633,495.633,1.0098790813483312,false,2029736178
19a,210251554330208,s1000-p0-a04,shrink-only,shrink,1000,0.0,0.4,0.0,false,false,false,ok,137.61,502.369,502.369,0.8859490636030408,false,-392804058
29c,214387607858085,s1000-p0-a04,shrink-only,shrink,1000,0.0,0.4,0.0,false,false,false,ok,1142.979,170.509,170.509,2.6120438738931955,false,-482989254
12b,209323841394488,s1000-p100-a0,shrink-only,shrink,1000,100.0,0.0,0.0,false,false,false,ok,48.801,2.703,2.703,2.0126582278481013,false,466548996
21b,213318161001306,s1000-p400-a04,shrink-only,shrink,1000,400.0,0.4,0.0,false,false,false,ok,43.139,14.169,14.169,1.0914763317028078,false,1230868213
29b,214383312890786,s1000-p0-a04,shrink-only,shrink,1000,0.0,0.4,0.0,false,false,false,ok,824.669,15.426,15.426,5.751677852348993,false,-290208566
24a,213713297992454,s4000-p100-a04,shrink-only,shrink,4000,100.0,0.4,0.0,false,false,false,ok,769.376,120.471,120.471,0.855572323917405,false,2055842777
9d,8018724204050,s1000-p25-a04,shrink-only,shrink,1000,25.0,0.4,0.0,false,false,false,ok,156.326,1158.293,1158.293,0.9783165134457041,false,-1708131848
19d,210264439232101,s1000-p400-a04,shrink-only,shrink,1000,400.0,0.4,0.0,false,false,false,ok,139.686,4524.611,4524.611,0.7791420297421928,false,-1246359705
8b,7876990283379,s1000-p100-a04,shrink-only,shrink,1000,100.0,0.4,0.0,false,true,false,ok,86.763,225.246,225.246,1.1079706437903354,false,-1987159524
24b,213717592959801,s4000-p100-a04,shrink-only,shrink,4000,100.0,0.4,0.0,false,false,false,ok,610.399,2.274,2.274,1.278605566488614,false,644596804
15c,209727568320486,s250-p100-a04,shrink-only,shrink,250,100.0,0.4,0.0,false,false,false,ok,34.484,1595.828,1595.828,2.814521391609847,false,-1622553236
6b,7610702311349,s1000-p100-a0,shrink-only,shrink,1000,100.0,0.0,0.0,false,false,false,ok,19.588,4.533,4.533,1.0862688713156003,false,1482096114
10a,209053258454907,s1000-p25-a04,shrink-only,shrink,1000,25.0,0.4,0.0,false,false,false,ok,13.026,314.352,314.352,0.9958862729506208,false,1718403736
8a,7872695316080,s1000-p400-a04,shrink-only,shrink,1000,400.0,0.4,0.0,false,false,false,ok,13.393,71.283,71.283,0.7484722484722485,false,-1762716238
28a,214245873937282,s4000-p100-a04,shrink-only,shrink,4000,100.0,0.4,0.0,false,false,false,ok,300.745,911.195,911.195,1.710314782610328,false,96586315
15a,209718978385892,s250-p100-a04,shrink-only,shrink,250,100.0,0.4,0.0,false,false,false,ok,36.154,418.791,418.791,0.9352345115204028,false,196157638
29a,214379017923491,s1000-p100-a0,shrink-only,shrink,1000,100.0,0.0,0.0,false,false,false,ok,884.084,28.397,28.397,1.110342130987292,false,898180284
3b,7211270352854,s1000-p400-a04,shrink-only,shrink,1000,400.0,0.4,0.0,false,false,false,ok,19.774,8.631,8.631,1.1898263027295286,false,129508754
31c,217449919540380,s4000-p100-a04,shrink-only,shrink,4000,100.0,0.4,0.0,false,false,false,ok,739.062,262.452,262.452,1.1584446195303137,false,-105956113
2b,7078126366505,s1000-p400-a04,shrink-only,shrink,1000,400.0,0.4,0.0,false,false,false,ok,10.366,133.917,133.917,0.9903968110164884,false,321836810
6a,7606407344050,s250-p100-a04,shrink-only,shrink,250,100.0,0.4,0.0,false,false,false,ok,24.662,4.266,4.266,1.0864637718069527,false,-224470636
28c,214254463871876,s1000-p25-a04,shrink-only,shrink,1000,25.0,0.4,0.0,false,false,false,ok,150.562,1379.515,1379.515,2.747974896989412,false,-1040088321
25c,213855031913433,s4000-p100-a04,shrink-only,shrink,4000,100.0,0.4,0.0,false,false,false,ok,451.939,940.168,940.168,1.0587268831976848,false,35421457
19c,210260144264802,s1000-p100-a16,shrink-only,shrink,1000,100.0,1.6,0.0,false,false,false,ok,85.398,829.424,829.424,1.095875062759295,false,1055693188
22a,213447010020216,s1000-p100-a16,shrink-only,shrink,1000,100.0,1.6,0.0,false,false,false,ok,36.112,497.008,497.008,1.0544988930061538,false,316133052
7c,7748141264469,s1000-p100-a16,shrink-only,shrink,1000,100.0,1.6,0.0,false,false,false,ok,35.412,1386.112,1386.112,0.9287070574693237,false,-1004347469
21b,213318161001306,s1000-p0-a04,shrink-only,shrink,1000,0.0,0.4,0.0,false,false,false,ok,29.21,15.037,15.037,1.1583407156337866,false,405046416
18a,210118410344003,s250-p100-a04,shrink-only,shrink,250,100.0,0.4,0.0,false,false,false,ok,32.323,1566.011,1566.011,1.5989281334840357,false,-574815707
17a,209985266358178,s4000-p100-a04,shrink-only,shrink,4000,100.0,0.4,0.0,false,false,false,ok,328.432,1722.199,1722.199,0.8952019962465119,false,-1125412742
10a,209053258454907,s4000-p100-a04,shrink-only,shrink,4000,100.0,0.4,0.0,false,false,false,ok,532.003,298.625,298.625,0.9460621795308418,false,1718403736
13d,209465575315419,s1000-p25-a04,shrink-only,shrink,1000,25.0,0.4,0.0,false,false,false,ok,43.1,6194.468,6194.468,2.01125718915737,false,-2119720580
8b,7876990283379,s250-p100-a04,shrink-only,shrink,250,100.0,0.4,0.0,false,false,false,ok,49.531,255.477,255.477,1.2566749960648513,false,-1718178947
33b,217711912546139,s4000-p100-a04,shrink-only,shrink,4000,100.0,0.4,0.0,false,false,false,ok,369.615,7.838,7.838,1.9641648916175918,false,1896864069
28a,214245873937282,s1000-p25-a04,shrink-only,shrink,1000,25.0,0.4,0.0,false,false,false,ok,138.528,868.991,868.991,1.6310977927395687,false,96586315
9b,8010134269456,s1000-p400-a04,shrink-only,shrink,1000,400.0,0.4,0.0,false,false,false,ok,131.012,695.446,695.446,1.397767618917455,false,-4751552
6f,7627882180521,s1000-p100-a04,shrink-only,shrink,1000,100.0,0.4,0.0,false,true,false,ok,29.057,1680.781,1680.781,0.953208708165855,false,1250717231
24b,213717592959801,s1000-p100-a16,shrink-only,shrink,1000,100.0,1.6,0.0,false,false,false,ok,166.928,1.732,1.732,0.9738543716615126,false,-870534348
21c,213322455968605,s1000-p400-a04,shrink-only,shrink,1000,400.0,0.4,0.0,false,false,false,ok,83.639,44.532,44.532,1.0655245432902245,false,405046416
31b,217445624573085,s1000-p0-a04,shrink-only,shrink,1000,0.0,0.4,0.0,false,false,false,ok,116.54,19.508,19.508,2.4008368715771335,false,-744571733
22d,213459894922109,s1000-p400-a04,shrink-only,shrink,1000,400.0,0.4,0.0,false,false,false,ok,51.265,759.853,759.853,1.2578900275547762,false,-438265046
28b,214250168904581,s1000-p100-a16,shrink-only,shrink,1000,100.0,1.6,0.0,false,false,false,ok,138.175,320.772,320.772,2.946592934173541,false,1439246871
26c,213988175899590,s1000-p400-a04,shrink-only,shrink,1000,400.0,0.4,0.0,false,false,false,ok,171.357,559.743,559.743,1.624960990287852,false,-321495561
3b,7211270352854,s250-p100-a04,shrink-only,shrink,250,100.0,0.4,0.0,false,false,false,ok,6.297,6.821,6.821,0.9403087951475049,false,113844438
29a,214379017923491,s1000-p100-a16,shrink-only,shrink,1000,100.0,1.6,0.0,false,false,false,ok,690.981,26.464,26.464,1.0347605083088953,false,-858518681
15b,209723273353191,s1000-p400-a04,shrink-only,shrink,1000,400.0,0.4,0.0,false,false,false,ok,29.359,15.942,15.942,1.8375886116074003,false,-1293176700
27a,214112729951205,s250-p100-a04,shrink-only,shrink,250,100.0,0.4,0.0,false,false,false,ok,62.758,17.336,17.336,0.9853919172398112,false,-282884216
9c,8014429236755,s1000-p100-a0,shrink-only,shrink,1000,100.0,0.0,0.0,false,false,false,ok,150.84,699.823,699.823,1.052141536800816,false,841077701
15a,209718978385892,s1000-p100-a0,shrink-only,shrink,1000,100.0,0.0,0.0,false,false,false,ok,78.213,444.964,444.964,0.9936834582982073,false,-93948010
22a,213447010020216,s1000-p100-a04,shrink-only,shrink,1000,100.0,0.4,0.0,false,true,false,ok,36.671,547.277,547.277,1.1611543288392319,false,386685412
17e,210002446227366,s1000-p100-a04,shrink-only,shrink,1000,100.0,0.4,0.0,false,true,false,ok,101.051,4419.708,4419.708,1.0734925874933008,false,-1125412742
13a,209452690413350,s1000-p100-a04,shrink-only,shrink,1000,100.0,0.4,0.0,false,true,false,ok,74.16,1116.336,1116.336,1.463467583986408,false,-1062568155
19b,210255849297507,s1000-p100-a16,shrink-only,shrink,1000,100.0,1.6,0.0,false,false,false,ok,54.446,197.066,197.066,1.2748850885166148,false,825922194
17a,209985266358178,s1000-p100-a0,shrink-only,shrink,1000,100.0,0.0,0.0,false,false,false,ok,146.546,1798.392,1798.392,0.934807248427015,false,-1125412742
19a,210251554330208,s1000-p25-a04,shrink-only,shrink,1000,25.0,0.4,0.0,false,false,false,ok,116.507,823.267,823.267,1.4518663129000489,false,-477815540
22b,213451304987515,s1000-p100-a16,shrink-only,shrink,1000,100.0,1.6,0.0,false,false,false,ok,50.8,444.987,444.987,0.9350813912316223,false,316133052
4c,7348709306358,s1000-p100-a04,shrink-only,shrink,1000,100.0,0.4,0.0,false,true,false,ok,19.67,1624.918,1624.918,1.1168446892386068,false,-430037632
31c,217449919540380,s1000-p400-a04,shrink-only,shrink,1000,400.0,0.4,0.0,false,false,false,ok,261.254,326.596,326.596,1.4415717120087572,false,1982821986
31b,217445624573085,s1000-p100-a0,shrink-only,shrink,1000,100.0,0.0,0.0,false,false,false,ok,59.831,8.206,8.206,1.009907082641068,false,-744571733
12b,209323841394488,s1000-p400-a04,shrink-only,shrink,1000,400.0,0.4,0.0,false,false,false,ok,38.399,1.502,1.502,1.118391660461653,false,466548996
15c,209727568320486,s4000-p100-a04,shrink-only,shrink,4000,100.0,0.4,0.0,false,false,false,ok,268.664,644.803,644.803,1.137222706252932,false,592161665
29a,214379017923491,s4000-p100-a04,shrink-only,shrink,4000,100.0,0.4,0.0,false,false,false,ok,1489.809,25.746,25.746,1.0066862170087976,false,239079407
9d,8018724204050,s1000-p100-a04,shrink-only,shrink,1000,100.0,0.4,0.0,false,true,false,ok,237.89,1230.661,1230.661,1.0394399161124206,false,-1708131848
13b,209456985380825,s4000-p100-a04,shrink-only,shrink,4000,100.0,0.4,0.0,false,false,false,ok,178.775,331.41,331.41,0.984265298121815,false,-2119720580
23a,213580154006297,s1000-p400-a04,shrink-only,shrink,1000,400.0,0.4,0.0,false,false,false,ok,33.409,554.846,554.846,1.4670567564816297,false,1835492322
4b,7344414339063,s1000-p100-a0,shrink-only,shrink,1000,100.0,0.0,0.0,false,false,false,ok,9.642,21.636,21.636,0.9923632610939112,false,261415237
19a,210251554330208,s1000-p100-a0,shrink-only,shrink,1000,100.0,0.0,0.0,false,false,false,ok,23.059,716.432,716.432,1.2634582538637011,false,-1819667816
23a,213580154006297,s4000-p100-a04,shrink-only,shrink,4000,100.0,0.4,0.0,false,false,false,ok,76.807,350.992,350.992,0.9280506394044478,false,1835492322
11c,209194992375578,s1000-p400-a04,shrink-only,shrink,1000,400.0,0.4,0.0,false,false,false,ok,24.054,621.032,621.032,1.234088088682843,false,1916526955
4b,7344414339063,s250-p100-a04,shrink-only,shrink,250,100.0,0.4,0.0,false,false,false,ok,5.554,22.69,22.69,1.0407063410159385,false,261415237
4a,7340119371764,s1000-p400-a04,shrink-only,shrink,1000,400.0,0.4,0.0,false,false,false,ok,10.025,782.7,782.7,1.0336500842886378,false,-1509295857
8c,7881285250674,s1000-p0-a04,shrink-only,shrink,1000,0.0,0.4,0.0,false,false,false,ok,147.415,5277.827,5277.827,1.145139096217402,false,-388506810
27c,214121319885799,s1000-p0-a04,shrink-only,shrink,1000,0.0,0.4,0.0,false,false,false,ok,125.296,21.733,21.733,0.8295513101895146,false,2087529319
11a,209186402440984,s250-p100-a04,shrink-only,shrink,250,100.0,0.4,0.0,false,false,false,ok,11.887,14.394,14.394,0.965489485863769,false,-1055439248
27a,214112729951205,s1000-p400-a04,shrink-only,shrink,1000,400.0,0.4,0.0,false,false,false,ok,96.075,17.018,17.018,0.9673165463536634,false,704699266
21b,213318161001306,s4000-p100-a04,shrink-only,shrink,4000,100.0,0.4,0.0,false,false,false,ok,109.129,13.302,13.302,1.0246889804722104,false,405046416
2b,7078126366505,s1000-p0-a04,shrink-only,shrink,1000,0.0,0.4,0.0,false,false,false,ok,30.607,140.791,140.791,1.0412341780343228,false,321836810
15c,209727568320486,s1000-p0-a04,shrink-only,shrink,1000,0.0,0.4,0.0,false,false,false,ok,68.163,603.996,603.996,1.0652524347528562,false,-888802497
9c,8014429236755,s1000-p25-a04,shrink-only,shrink,1000,25.0,0.4,0.0,false,false,false,ok,30.615,676.138,676.138,1.016532572392491,false,906638406
2d,7086716301099,s1000-p100-a04,shrink-only,shrink,1000,100.0,0.4,0.0,false,true,false,ok,25.607,140.565,140.565,0.9720752681479636,false,321836810
30c,217316775554303,s1000-p25-a04,shrink-only,shrink,1000,25.0,0.4,0.0,false,false,false,ok,266.254,1329.723,1329.723,1.664640306457771,false,-1451103391
17a,209985266358178,s1000-p0-a04,shrink-only,shrink,1000,0.0,0.4,0.0,false,false,false,ok,14.787,1762.671,1762.671,0.9162394113141601,false,-1125412742
9a,8005839302161,s1000-p0-a04,shrink-only,shrink,1000,0.0,0.4,0.0,false,false,false,ok,219.361,554.652,554.652,1.1301334903608409,false,403009818
9a,8005839302161,s1000-p25-a04,shrink-only,shrink,1000,25.0,0.4,0.0,false,false,false,ok,15.991,469.964,469.964,0.957577103596385,false,2029736178
8b,7876990283379,s1000-p100-a16,shrink-only,shrink,1000,100.0,1.6,0.0,false,false,false,ok,101.472,162.436,162.436,0.7990122776640958,false,-1718178947
30c,217316775554303,s4000-p100-a04,shrink-only,shrink,4000,100.0,0.4,0.0,false,false,false,ok,916.465,1275.978,1275.978,1.5973585543405462,false,-1451103391
18b,210122705311298,s1000-p0-a04,shrink-only,shrink,1000,0.0,0.4,0.0,false,false,false,ok,134.749,489.839,489.839,0.7526345104155063,false,-633376097
19b,210255849297507,s1000-p100-a04,shrink-only,shrink,1000,100.0,0.4,0.0,false,true,false,ok,18.48,258.66,258.66,1.6733570326474765,false,825922194
29c,214387607858085,s1000-p100-a0,shrink-only,shrink,1000,100.0,0.0,0.0,false,false,false,ok,1305.696,120.693,120.693,1.8489077483991545,false,1216159973
19b,210255849297507,s250-p100-a04,shrink-only,shrink,250,100.0,0.4,0.0,false,false,false,ok,25.247,152.609,152.609,0.9872780615298026,false,825922194
32b,217578768559290,s1000-p400-a04,shrink-only,shrink,1000,400.0,0.4,0.0,false,false,false,ok,95.984,55.24,55.24,0.3888689432817329,false,-888812919
3c,7215565320137,s1000-p400-a04,shrink-only,shrink,1000,400.0,0.4,0.0,false,false,false,ok,26.487,1271.442,1271.442,0.969182183309182,false,-1572305105
16d,209865007273862,s1000-p0-a04,shrink-only,shrink,1000,0.0,0.4,0.0,false,false,false,ok,173.341,342.17,342.17,1.1405875774389198,false,719404660
18b,210122705311298,s1000-p25-a04,shrink-only,shrink,1000,25.0,0.4,0.0,false,false,false,ok,21.426,660.08,660.08,1.0142087249791614,false,-633376097
2d,7086716301099,s4000-p100-a04,shrink-only,shrink,4000,100.0,0.4,0.0,false,false,false,ok,83.237,131.719,131.719,0.9109008803413483,false,321836810
24b,213717592959801,s1000-p0-a04,shrink-only,shrink,1000,0.0,0.4,0.0,false,false,false,ok,73.492,3.735,3.735,2.1000843407365757,false,-11808397
25c,213855031913433,s1000-p100-a04,shrink-only,shrink,1000,100.0,0.4,0.0,false,true,false,ok,138.979,709.999,709.999,0.7995326668674886,false,35421457
11b,209190697408283,s1000-p100-a04,shrink-only,shrink,1000,100.0,0.4,0.0,false,true,false,ok,13.864,1.798,1.798,0.9138500635324015,false,-1446711126
27c,214121319885799,s1000-p400-a04,shrink-only,shrink,1000,400.0,0.4,0.0,false,false,false,ok,86.798,28.017,28.017,1.0694123709372674,false,-1093302568
13c,209461280348120,s250-p100-a04,shrink-only,shrink,250,100.0,0.4,0.0,false,false,false,ok,11.915,624.603,624.603,1.3276502128247503,false,876197618
11a,209186402440984,s1000-p400-a04,shrink-only,shrink,1000,400.0,0.4,0.0,false,false,false,ok,21.06,14.678,14.678,0.9845390213636517,false,-1055439248
30c,217316775554303,s1000-p100-a04,shrink-only,shrink,1000,100.0,0.4,0.0,false,true,false,ok,86.203,543.465,543.465,0.6803475191066656,false,-804478301
13b,209456985380825,s1000-p100-a04,shrink-only,shrink,1000,100.0,0.4,0.0,false,true,false,ok,27.332,363.262,363.262,1.078863585064804,false,-2119720580
19c,210260144264802,s1000-p0-a04,shrink-only,shrink,1000,0.0,0.4,0.0,false,false,false,ok,110.089,852.136,852.136,1.1258832544988504,false,-1065192089
31b,217445624573085,s250-p100-a04,shrink-only,shrink,250,100.0,0.4,0.0,false,false,false,ok,54.167,8.381,8.381,1.0314442188173034,false,447087389
2d,7086716301099,s250-p100-a04,shrink-only,shrink,250,100.0,0.4,0.0,false,false,false,ok,4.757,184.329,184.329,1.2747245907761249,false,321836810
13a,209452690413350,s4000-p100-a04,shrink-only,shrink,4000,100.0,0.4,0.0,false,false,false,ok,165.22,721.532,721.532,0.9458968382358726,false,1188104532
11b,209190697408283,s1000-p25-a04,shrink-only,shrink,1000,25.0,0.4,0.0,false,false,false,ok,10.745,1.835,1.835,0.9326556543837357,false,-1446711126
22b,213451304987515,s250-p100-a04,shrink-only,shrink,250,100.0,0.4,0.0,false,false,false,ok,20.511,429.71,429.71,0.9029787940459842,false,316133052
9a,8005839302161,s250-p100-a04,shrink-only,shrink,250,100.0,0.4,0.0,false,false,false,ok,55.971,461.919,461.919,0.9411849803732596,false,1576652456
15d,209731863287705,s1000-p100-a16,shrink-only,shrink,1000,100.0,1.6,0.0,false,false,false,ok,114.005,545.054,545.054,1.0811731848008062,false,-704972777
29b,214383312890786,s1000-p25-a04,shrink-only,shrink,1000,25.0,0.4,0.0,false,false,false,ok,924.81,2.943,2.943,1.0973154362416109,false,-665152500
3b,7211270352854,s1000-p100-a16,shrink-only,shrink,1000,100.0,1.6,0.0,false,false,false,ok,10.733,6.973,6.973,0.9612627515853323,false,129508754
6f,7627882180521,s1000-p100-a0,shrink-only,shrink,1000,100.0,0.0,0.0,false,false,false,ok,36.185,2168.934,2168.934,1.2300512536951576,false,1250717231
29c,214387607858085,s1000-p100-a04,shrink-only,shrink,1000,100.0,0.4,0.0,false,true,false,ok,901.888,58.127,58.127,0.8904531388829316,false,2081534655
8a,7872695316080,s250-p100-a04,shrink-only,shrink,250,100.0,0.4,0.0,false,false,false,ok,31.698,71.873,71.873,0.7546672546672547,false,-1762716238
15a,209718978385892,s1000-p100-a04,shrink-only,shrink,1000,100.0,0.4,0.0,false,true,false,ok,23.952,445.895,445.895,0.99576254626864,false,-874818637
8d,7885580217973,s250-p100-a04,shrink-only,shrink,250,100.0,0.4,0.0,false,false,false,ok,34.345,660.467,660.467,1.090373444736931,false,1142152349
15d,209731863287705,s1000-p25-a04,shrink-only,shrink,1000,25.0,0.4,0.0,false,false,false,ok,23.908,578.651,578.651,1.1478164448993518,false,-704972777
28a,214245873937282,s1000-p100-a16,shrink-only,shrink,1000,100.0,1.6,0.0,false,false,false,ok,125.426,474.235,474.235,0.8901400149597055,false,-351635764
30b,217312480587004,s1000-p100-a16,shrink-only,shrink,1000,100.0,1.6,0.0,false,false,false,ok,141.249,38.406,38.406,1.088667158002154,false,-1031970200
13a,209452690413350,s1000-p100-a0,shrink-only,shrink,1000,100.0,0.0,0.0,false,false,false,ok,19.346,773.409,773.409,1.0139053122566537,false,1188104532
18a,210118410344003,s4000-p100-a04,shrink-only,shrink,4000,100.0,0.4,0.0,false,false,false,ok,415.153,1641.665,1641.665,1.676172360383209,false,-1701613315
28c,214254463871876,s250-p100-a04,shrink-only,shrink,250,100.0,0.4,0.0,false,false,false,ok,92.581,555.926,555.926,1.107396942101924,false,-676166940
6f,7627882180521,s1000-p400-a04,shrink-only,shrink,1000,400.0,0.4,0.0,false,false,false,ok,11.4,1653.544,1653.544,0.9377619928684348,false,1250717231
26c,213988175899590,s1000-p100-a0,shrink-only,shrink,1000,100.0,0.0,0.0,false,false,false,ok,47.77,307.888,307.888,0.893813749127271,false,628672308
9d,8018724204050,s1000-p0-a04,shrink-only,shrink,1000,0.0,0.4,0.0,false,false,false,ok,21.992,1236.116,1236.116,1.0440473138786561,false,-1708131848
31c,217449919540380,s250-p100-a04,shrink-only,shrink,250,100.0,0.4,0.0,false,false,false,ok,136.912,209.974,209.974,0.9268104283497862,false,1982821986
19d,210264439232101,s1000-p0-a04,shrink-only,shrink,1000,0.0,0.4,0.0,false,false,false,ok,128.843,7008.914,7008.914,1.2069412111336137,false,-1211980585
30b,217312480587004,s1000-p25-a04,shrink-only,shrink,1000,25.0,0.4,0.0,false,false,false,ok,88.522,39.886,39.886,1.130619649640002,false,1910947129
29c,214387607858085,s1000-p100-a16,shrink-only,shrink,1000,100.0,1.6,0.0,false,false,false,ok,916.22,63.878,63.878,0.9785532644995253,false,2081534655
19d,210264439232101,s1000-p100-a04,shrink-only,shrink,1000,100.0,0.4,0.0,false,true,false,ok,30.482,6167.95,6167.95,1.06212646398737,false,723032794
13b,209456985380825,s1000-p400-a04,shrink-only,shrink,1000,400.0,0.4,0.0,false,false,false,ok,103.478,723.64,723.64,2.149161885075496,false,-2119720580
8b,7876990283379,s1000-p100-a0,shrink-only,shrink,1000,100.0,0.0,0.0,false,false,false,ok,143.657,249.787,249.787,1.2286862505902725,false,-1987159524
9c,8014429236755,s1000-p100-a04,shrink-only,shrink,1000,100.0,0.4,0.0,false,true,false,ok,106.55,792.591,792.591,1.191612611752537,false,906638406
27a,214112729951205,s4000-p100-a04,shrink-only,shrink,4000,100.0,0.4,0.0,false,false,false,ok,677.125,29.665,29.665,1.6861820042062183,false,-1953543145
27b,214117024918500,s1000-p25-a04,shrink-only,shrink,1000,25.0,0.4,0.0,false,false,false,ok,130.161,5.806,5.806,0.9951152626617533,false,1728540501
4a,7340119371764,s4000-p100-a04,shrink-only,shrink,4000,100.0,0.4,0.0,false,false,false,ok,118.446,737.685,737.685,0.9742023283869473,false,1427000343
30b,217312480587004,s250-p100-a04,shrink-only,shrink,250,100.0,0.4,0.0,false,false,false,ok,113.995,36.481,36.481,1.0341005725948182,false,-119349660
29b,214383312890786,s1000-p100-a0,shrink-only,shrink,1000,100.0,0.0,0.0,false,false,false,ok,1008.121,2.691,2.691,1.0033557046979866,false,-665152500
13c,209461280348120,s1000-p25-a04,shrink-only,shrink,1000,25.0,0.4,0.0,false,false,false,ok,69.316,713.138,713.138,1.5158393691247352,false,876197618
22b,213451304987515,s4000-p100-a04,shrink-only,shrink,4000,100.0,0.4,0.0,false,false,false,ok,358.707,297.99,297.99,0.626186616177801,false,-2145268623
11d,209199287342877,s1000-p100-a16,shrink-only,shrink,1000,100.0,1.6,0.0,false,false,false,ok,33.473,456.368,456.368,2.0467135476463834,false,2003817464
8d,7885580217973,s1000-p0-a04,shrink-only,shrink,1000,0.0,0.4,0.0,false,false,false,ok,221.297,639.556,639.556,1.0558512065283698,false,-1012298996
28a,214245873937282,s250-p100-a04,shrink-only,shrink,250,100.0,0.4,0.0,false,false,false,ok,109.687,723.544,723.544,1.3580934915896234,false,-351635764
13d,209465575315419,s1000-p100-a16,shrink-only,shrink,1000,100.0,1.6,0.0,false,false,false,ok,65.055,6680.354,6680.354,2.1690175828846305,false,-2119720580
31a,217441329605786,s1000-p100-a16,shrink-only,shrink,1000,100.0,1.6,0.0,false,false,false,ok,363.846,1118.173,1118.173,5.499977865768181,false,619611693
21b,213318161001306,s1000-p100-a04,shrink-only,shrink,1000,100.0,0.4,0.0,false,true,false,ok,50.937,18.343,18.343,1.4130108230944036,false,405046416
3b,7211270352854,s1000-p0-a04,shrink-only,shrink,1000,0.0,0.4,0.0,false,false,false,ok,24.531,9.343,9.343,1.2879790460435623,false,129508754
2b,7078126366505,s1000-p100-a04,shrink-only,shrink,1000,100.0,0.4,0.0,false,true,false,ok,40.503,195.27,195.27,1.444139170435342,false,321836810
24a,213713297992454,s1000-p400-a04,shrink-only,shrink,1000,400.0,0.4,0.0,false,false,false,ok,404.653,328.771,328.771,2.3348969337570797,false,672276191
29b,214383312890786,s1000-p400-a04,shrink-only,shrink,1000,400.0,0.4,0.0,false,false,false,ok,839.398,5.381,5.381,2.006338553318419,false,-665152500
19d,210264439232101,s1000-p25-a04,shrink-only,shrink,1000,25.0,0.4,0.0,false,false,false,ok,33.823,5820.936,5820.936,1.002370345216285,false,-1211980585
28a,214245873937282,s1000-p400-a04,shrink-only,shrink,1000,400.0,0.4,0.0,false,false,false,ok,160.301,534.76,534.76,1.0037455573710334,false,-351635764
31a,217441329605786,s1000-p100-a04,shrink-only,shrink,1000,100.0,0.4,0.0,false,true,false,ok,74.183,186.507,186.507,0.9173753719780625,false,499229554
16d,209865007273862,s1000-p100-a0,shrink-only,shrink,1000,100.0,0.0,0.0,false,false,false,ok,264.328,1722.562,1722.562,5.741978602941053,false,719404660
8c,7881285250674,s1000-p100-a0,shrink-only,shrink,1000,100.0,0.0,0.0,false,false,false,ok,212.974,5233.79,5233.79,1.1355843134668258,false,-388506810
11d,209199287342877,s1000-p100-a04,shrink-only,shrink,1000,100.0,0.4,0.0,false,true,false,ok,20.968,273.742,273.742,1.227674727324914,false,2003817464
6f,7627882180521,s1000-p25-a04,shrink-only,shrink,1000,25.0,0.4,0.0,false,false,false,ok,231.353,7818.022,7818.022,4.43377611421847,false,1250717231
33a,217707617578840,s1000-p100-a0,shrink-only,shrink,1000,100.0,0.0,0.0,false,false,false,ok,299.475,15.956,15.956,3.4641771602257925,false,-2124008857
21c,213322455968605,s1000-p100-a0,shrink-only,shrink,1000,100.0,0.0,0.0,false,false,false,ok,105.311,60.255,60.255,1.441731369710601,false,405046416
15a,209718978385892,s1000-p100-a16,shrink-only,shrink,1000,100.0,1.6,0.0,false,false,false,ok,187.535,1246.615,1246.615,2.783912191472613,false,196157638
19c,210260144264802,s1000-p400-a04,shrink-only,shrink,1000,400.0,0.4,0.0,false,false,false,ok,185.232,861.202,861.202,1.137861691726343,false,1055693188
19b,210255849297507,s1000-p25-a04,shrink-only,shrink,1000,25.0,0.4,0.0,false,false,false,ok,89.816,291.146,291.146,1.8835197039634355,false,825922194
5b,7477558325140,s250-p100-a04,shrink-only,shrink,250,100.0,0.4,0.0,false,false,false,ok,6.226,328.607,328.607,1.251018858155529,false,-1512145598
18a,210118410344003,s1000-p100-a0,shrink-only,shrink,1000,100.0,0.0,0.0,false,false,false,ok,287.554,1808.734,1808.734,1.8467531061972833,false,-1701613315
19c,210260144264802,s1000-p100-a0,shrink-only,shrink,1000,100.0,0.0,0.0,false,false,false,ok,23.5,785.272,785.272,1.0375393071373835,false,-649799299
19d,210264439232101,s250-p100-a04,shrink-only,shrink,250,100.0,0.4,0.0,false,false,false,ok,65.708,3534.41,3534.41,0.608628538749763,false,-1246359705
8c,7881285250674,s1000-p400-a04,shrink-only,shrink,1000,400.0,0.4,0.0,false,false,false,ok,23.161,4432.242,4432.242,0.9616710813175215,false,1733352584
19a,210251554330208,s4000-p100-a04,shrink-only,shrink,4000,100.0,0.4,0.0,false,false,false,ok,860.915,817.9,817.9,1.44240138050104,false,-1917738233
8d,7885580217973,s4000-p100-a04,shrink-only,shrink,4000,100.0,0.4,0.0,false,false,false,ok,1152.554,784.459,784.459,1.2950734284754397,false,1460871818
8c,7881285250674,s1000-p100-a04,shrink-only,shrink,1000,100.0,0.4,0.0,false,true,false,ok,15.438,4583.756,4583.756,0.9945453314633265,false,1733352584
9d,8018724204050,s1000-p100-a16,shrink-only,shrink,1000,100.0,1.6,0.0,false,false,false,ok,511.561,2157.904,2157.904,1.8226071621174773,false,969253244
7c,7748141264469,s1000-p100-a04,shrink-only,shrink,1000,100.0,0.4,0.0,false,true,false,ok,572.22,4936.445,4936.445,3.3074609485446738,false,-1004347469
2d,7086716301099,s1000-p100-a0,shrink-only,shrink,1000,100.0,0.0,0.0,false,false,false,ok,117.292,408.814,408.814,2.827147431242782,false,321836810
26c,213988175899590,s1000-p0-a04,shrink-only,shrink,1000,0.0,0.4,0.0,false,false,false,ok,417.971,865.019,865.019,2.5111919771355913,false,628672308
30c,217316775554303,s1000-p0-a04,shrink-only,shrink,1000,0.0,0.4,0.0,false,false,false,ok,618.989,2023.511,2023.511,2.5331726766857994,false,-1451103391
18a,210118410344003,s1000-p0-a04,shrink-only,shrink,1000,0.0,0.4,0.0,false,false,false,ok,49.079,1551.218,1551.218,1.5838241885700926,false,-1701613315
6f,7627882180521,s4000-p100-a04,shrink-only,shrink,4000,100.0,0.4,0.0,false,false,false,ok,1167.048,5951.32,5951.32,3.3751274253347794,false,1250717231
13b,209456985380825,s1000-p100-a0,shrink-only,shrink,1000,100.0,0.0,0.0,false,false,false,ok,147.421,991.807,991.807,2.9455997481497325,false,-2119720580
27b,214117024918500,s1000-p100-a0,shrink-only,shrink,1000,100.0,0.0,0.0,false,false,false,ok,352.346,7.126,7.126,1.2213557288542292,false,1728540501
32b,217578768559290,s1000-p100-a04,shrink-only,shrink,1000,100.0,0.4,0.0,false,true,false,ok,80.039,173.815,173.815,1.2235926027609414,false,1520237401
11b,209190697408283,s1000-p0-a04,shrink-only,shrink,1000,0.0,0.4,0.0,false,false,false,ok,37.963,2.135,2.135,1.085133418043202,false,-861283655
10a,209053258454907,s1000-p400-a04,shrink-only,shrink,1000,400.0,0.4,0.0,false,false,false,ok,316.062,1089.344,1089.344,3.4511081084934125,false,1718403736
6b,7610702311349,s1000-p100-a04,shrink-only,shrink,1000,100.0,0.4,0.0,false,true,false,ok,182.758,12.809,12.809,3.069494368559789,false,1482096114
19a,210251554330208,s1000-p400-a04,shrink-only,shrink,1000,400.0,0.4,0.0,false,false,false,ok,299.402,1168.744,1168.744,2.0611296723955346,false,-1819667816
17e,210002446227366,s1000-p400-a04,shrink-only,shrink,1000,400.0,0.4,0.0,false,false,false,ok,190.9,6597.081,6597.081,1.6023496467623863,false,-1125412742
12b,209323841394488,s4000-p100-a04,shrink-only,shrink,4000,100.0,0.4,0.0,false,false,false,ok,606.702,4.412,4.412,3.2851824274013404,false,-1300552445
14b,209590129366982,s1000-p100-a04,shrink-only,shrink,1000,100.0,0.4,0.0,false,true,false,ok,200.57,118.819,118.819,3.215191243522615,false,1297441228
9c,8014429236755,s4000-p100-a04,shrink-only,shrink,4000,100.0,0.4,0.0,false,false,false,ok,1008.701,693.856,693.856,1.043170513341898,false,906638406
32a,217574473591995,s1000-p100-a0,shrink-only,shrink,1000,100.0,0.0,0.0,false,false,false,ok,57.363,0.198,0.198,1.0025316455696203,false,1765267761
15c,209727568320486,s1000-p100-a0,shrink-only,shrink,1000,100.0,0.0,0.0,false,false,false,ok,310.528,1885.634,1885.634,3.3256448876362876,false,592161665
9a,8005839302161,s1000-p400-a04,shrink-only,shrink,1000,400.0,0.4,0.0,false,false,false,ok,195.585,745.498,745.498,1.5189925517207656,false,1576652456
29c,214387607858085,s1000-p25-a04,shrink-only,shrink,1000,25.0,0.4,0.0,false,false,false,ok,1323.711,316.969,316.969,4.85567878917859,false,-1545538153
8c,7881285250674,s250-p100-a04,shrink-only,shrink,250,100.0,0.4,0.0,false,false,false,ok,38.503,4888.889,4888.889,1.0607505571833253,false,1733352584
3b,7211270352854,s1000-p100-a04,shrink-only,shrink,1000,100.0,0.4,0.0,false,true,false,ok,130.885,63.252,63.252,8.719602977667495,false,129508754
9c,8014429236755,s1000-p400-a04,shrink-only,shrink,1000,400.0,0.4,0.0,false,false,false,ok,252.219,676.864,676.864,1.0176240694649186,false,906638406
21a,213313866034011,s1000-p100-a04,shrink-only,shrink,1000,100.0,0.4,0.0,false,true,false,ok,169.537,54.309,54.309,1.8145339124624122,false,405046416
19c,210260144264802,s4000-p100-a04,shrink-only,shrink,4000,100.0,0.4,0.0,false,false,false,ok,872.034,1299.314,1299.314,1.716716433686547,false,-649799299
26c,213988175899590,s4000-p100-a04,shrink-only,shrink,4000,100.0,0.4,0.0,false,false,false,ok,917.825,1168.648,1168.648,3.392641643357607,false,628672308
4b,7344414339063,s1000-p25-a04,shrink-only,shrink,1000,25.0,0.4,0.0,false,false,false,ok,14.503,45.693,45.693,2.0957688338493288,false,261415237
8c,7881285250674,s1000-p25-a04,shrink-only,shrink,1000,25.0,0.4,0.0,false,false,false,ok,144.426,4889.855,4889.855,1.0609601518454743,false,-388506810
33a,217707617578840,s1000-p0-a04,shrink-only,shrink,1000,0.0,0.4,0.0,false,false,false,ok,187.666,80.271,80.271,17.42748588797221,true,-2124008857
32a,217574473591995,s1000-p100-a16,shrink-only,shrink,1000,100.0,1.6,0.0,false,false,false,ok,9.328,0.199,0.199,1.0075949367088608,false,1765267761
11a,209186402440984,s1000-p100-a0,shrink-only,shrink,1000,100.0,0.0,0.0,false,false,false,ok,48.103,15.525,15.525,1.0413522487171747,false,-1055439248
30a,217308185619709,s1000-p0-a04,shrink-only,shrink,1000,0.0,0.4,0.0,false,false,false,ok,404.965,903.152,903.152,1.1487180530788859,false,1041678136
22d,213459894922109,s1000-p100-a16,shrink-only,shrink,1000,100.0,1.6,0.0,false,false,false,ok,212.247,1202.649,1202.649,1.9909116417895618,false,-438265046
6b,7610702311349,s250-p100-a04,shrink-only,shrink,250,100.0,0.4,0.0,false,false,false,ok,34.383,5.564,5.564,1.3333333333333333,false,1482096114
2d,7086716301099,s1000-p0-a04,shrink-only,shrink,1000,0.0,0.4,0.0,false,false,false,ok,44.914,185.068,185.068,1.2798351348173966,false,321836810
33b,217711912546139,s1000-p100-a0,shrink-only,shrink,1000,100.0,0.0,0.0,false,false,false,ok,139.022,5.734,5.734,1.4369126675855157,false,-397240962
11b,209190697408283,s4000-p100-a04,shrink-only,shrink,4000,100.0,0.4,0.0,false,false,false,ok,52.172,2.245,2.245,1.1410419313850064,false,-1446711126
3c,7215565320137,s4000-p100-a04,shrink-only,shrink,4000,100.0,0.4,0.0,false,false,false,ok,166.648,1258.23,1258.23,0.9591110711342806,false,-1572305105
8c,7881285250674,s4000-p100-a04,shrink-only,shrink,4000,100.0,0.4,0.0,false,false,false,ok,667.536,5590.554,5590.554,1.2129920050268002,false,737600458
19c,210260144264802,s1000-p25-a04,shrink-only,shrink,1000,25.0,0.4,0.0,false,false,false,ok,212.515,949.4,949.4,1.254393150648733,false,-649799299
21a,213313866034011,s4000-p100-a04,shrink-only,shrink,4000,100.0,0.4,0.0,false,false,false,ok,336.366,30.891,30.891,1.0321082525893752,false,405046416
8b,7876990283379,s4000-p100-a04,shrink-only,shrink,4000,100.0,0.4,0.0,false,false,false,ok,443.176,189.307,189.307,0.9311890051943963,false,-1987159524
33a,217707617578840,s1000-p25-a04,shrink-only,shrink,1000,25.0,0.4,0.0,false,false,false,ok,83.014,7.423,7.423,1.6115935735996527,false,-2124008857
29a,214379017923491,s1000-p25-a04,shrink-only,shrink,1000,25.0,0.4,0.0,false,false,false,ok,980.891,146.787,146.787,5.739472140762463,false,186564313
31a,217441329605786,s1000-p100-a0,shrink-only,shrink,1000,100.0,0.0,0.0,false,false,false,ok,345.497,664.639,664.639,3.2691719337940532,false,499229554
31b,217445624573085,s4000-p100-a04,shrink-only,shrink,4000,100.0,0.4,0.0,false,false,false,ok,775.796,12.587,12.587,1.5490739031444218,false,-744571733
13d,209465575315419,s1000-p0-a04,shrink-only,shrink,1000,0.0,0.4,0.0,false,false,false,ok,92.161,7057.109,7057.109,2.291344666066106,false,-2119720580
15a,209718978385892,s4000-p100-a04,shrink-only,shrink,4000,100.0,0.4,0.0,false,false,false,ok,326.717,708.152,708.152,1.5814288984295182,false,-93948010
27b,214117024918500,s1000-p100-a16,shrink-only,shrink,1000,100.0,1.6,0.0,false,false,false,ok,79.964,5.906,5.906,1.012254691918759,false,-1505844372
33a,217707617578840,s250-p100-a04,shrink-only,shrink,250,100.0,0.4,0.0,false,false,false,ok,119.07,4.552,4.552,0.9882761615284411,false,14380942
21a,213313866034011,s250-p100-a04,shrink-only,shrink,250,100.0,0.4,0.0,false,false,false,ok,19.754,28.981,28.981,0.9682926829268294,false,405046416
15d,209731863287705,s1000-p100-a04,shrink-only,shrink,1000,100.0,0.4,0.0,false,true,false,ok,119.247,500.751,500.751,0.9932934231510795,false,-704972777
17e,210002446227366,s250-p100-a04,shrink-only,shrink,250,100.0,0.4,0.0,false,false,false,ok,45.891,7059.779,7059.779,1.7147332868689218,false,-1125412742
17e,210002446227366,s1000-p25-a04,shrink-only,shrink,1000,25.0,0.4,0.0,false,false,false,ok,148.574,4315.121,4315.121,1.0480896945311047,false,-1125412742
15c,209727568320486,s1000-p100-a04,shrink-only,shrink,1000,100.0,0.4,0.0,false,true,false,ok,71.772,632.692,632.692,1.115862842549709,false,592161665
22a,213447010020216,s4000-p100-a04,shrink-only,shrink,4000,100.0,0.4,0.0,false,false,false,ok,169.675,440.435,440.435,0.9344682981786318,false,-2145268623
27a,214112729951205,s1000-p100-a0,shrink-only,shrink,1000,100.0,0.0,0.0,false,false,false,ok,101.281,18.651,18.651,1.0601375547092593,false,-1953543145
27b,214117024918500,s1000-p400-a04,shrink-only,shrink,1000,400.0,0.4,0.0,false,false,false,ok,68.772,5.789,5.789,0.9922015596880623,false,-1505844372
5a,7473263357845,s1000-p100-a0,shrink-only,shrink,1000,100.0,0.0,0.0,false,false,false,ok,16.637,210.359,210.359,1.3752684551692125,false,414652499
5b,7477558325140,s1000-p100-a16,shrink-only,shrink,1000,100.0,1.6,0.0,false,false,false,ok,13.0,344.948,344.948,1.3132296423479517,false,1589551454
28c,214254463871876,s1000-p100-a0,shrink-only,shrink,1000,100.0,0.0,0.0,false,false,false,ok,148.553,1298.885,1298.885,2.587361046509891,false,-1040088321
2b,7078126366505,s250-p100-a04,shrink-only,shrink,250,100.0,0.4,0.0,false,false,false,ok,11.019,139.292,139.292,1.0301481708827758,false,321836810
11d,209199287342878,s1000-p100-a16,shrink-only,shrink,1000,100.0,1.6,0.0,false,false,false,ok,18.389,232.819,232.819,1.0441437643513203,false,2003817464
8b,7876990283376,s1000-p400-a04,shrink-only,shrink,1000,400.0,0.4,0.0,false,false,false,ok,122.51,180.154,180.154,0.8861659845742169,false,-1718178947
14b,209590129366981,s1000-p100-a16,shrink-only,shrink,1000,100.0,1.6,0.0,false,false,false,ok,32.466,38.601,38.601,1.0445265251451068,false,1297441228
32a,217574473591992,s1000-p25-a04,shrink-only,shrink,1000,25.0,0.4,0.0,false,false,false,ok,76.111,0.204,0.204,1.0329113924050632,false,-1917286155
19b,210255849297504,s1000-p100-a04,shrink-only,shrink,1000,100.0,0.4,0.0,false,true,false,ok,76.565,170.864,170.864,1.1053756901967,false,825922194
31a,217441329605785,s1000-p0-a04,shrink-only,shrink,1000,0.0,0.4,0.0,false,false,false,ok,257.411,204.748,204.748,1.0070977103366863,false,2133672151
13c,209461280348123,s1000-p100-a16,shrink-only,shrink,1000,100.0,1.6,0.0,false,false,false,ok,42.505,912.41,912.41,1.939410042352391,false,876197618
13a,209452690413349,s1000-p100-a04,shrink-only,shrink,1000,100.0,0.4,0.0,false,true,false,ok,64.636,1178.728,1178.728,1.5452607622948027,false,-1062568155
30a,217308185619710,s1000-p400-a04,shrink-only,shrink,1000,400.0,0.4,0.0,false,false,false,ok,264.733,921.022,921.022,1.1714468867730143,false,-824386529
23a,213580154006298,s1000-p100-a16,shrink-only,shrink,1000,100.0,1.6,0.0,false,false,false,ok,29.988,730.422,730.422,1.9312936025182212,false,1835492322
6b,7610702311350,s250-p100-a04,shrink-only,shrink,250,100.0,0.4,0.0,false,false,false,ok,29.54,5.791,5.791,1.3877306494128925,false,1482096114
21b,213318161001305,s4000-p100-a04,shrink-only,shrink,4000,100.0,0.4,0.0,false,false,false,ok,93.26,20.011,20.011,1.5415013673304316,false,405046416
11a,209186402440987,s1000-p0-a04,shrink-only,shrink,1000,0.0,0.4,0.0,false,false,false,ok,17.367,14.771,14.771,0.990777073481571,false,-1055439248
26c,213988175899589,s1000-p400-a04,shrink-only,shrink,1000,400.0,0.4,0.0,false,false,false,ok,451.536,1566.915,1566.915,4.548829998940387,false,-321495561
31b,217445624573086,s1000-p400-a04,shrink-only,shrink,1000,400.0,0.4,0.0,false,false,false,ok,166.857,7.858,7.858,0.9670789489877545,false,681841729
15a,209718978385895,s1000-p25-a04,shrink-only,shrink,1000,25.0,0.4,0.0,false,false,false,ok,48.421,444.962,444.962,0.9936789919438132,false,-93948010
13a,209452690413349,s1000-p100-a16,shrink-only,shrink,1000,100.0,1.6,0.0,false,false,false,ok,17.981,743.904,743.904,0.9752255500116674,false,-1062568155
31b,217445624573086,s4000-p100-a04,shrink-only,shrink,4000,100.0,0.4,0.0,false,false,false,ok,249.082,8.925,8.925,1.0983939449880007,false,-744571733
23c,213588743940888,s1000-p100-a16,shrink-only,shrink,1000,100.0,1.6,0.0,false,false,false,ok,32.712,1211.783,1211.783,1.3072685062322134,false,1835492322
3b,7211270352853,s1000-p25-a04,shrink-only,shrink,1000,25.0,0.4,0.0,false,false,false,ok,16.393,8.515,8.515,1.1738351254480288,false,129508754
8c,7881285250673,s1000-p0-a04,shrink-only,shrink,1000,0.0,0.4,0.0,false,false,false,ok,184.96,4587.976,4587.976,0.9954609520371037,false,-388506810
5b,7477558325143,s1000-p0-a04,shrink-only,shrink,1000,0.0,0.4,0.0,false,false,false,ok,11.39,238.365,238.365,0.9074642662032235,false,-1512145598
6f,7627882180522,s1000-p100-a0,shrink-only,shrink,1000,100.0,0.0,0.0,false,false,false,ok,220.717,4043.457,4043.457,2.2931354075838457,false,1250717231
4a,7340119371767,s1000-p400-a04,shrink-only,shrink,1000,400.0,0.4,0.0,false,false,false,ok,26.067,1052.075,1052.075,1.3893923756585773,false,-1509295857
13a,209452690413349,s1000-p25-a04,shrink-only,shrink,1000,25.0,0.4,0.0,false,false,false,ok,20.542,773.513,773.513,1.014041651699917,false,1188104532
12b,209323841394491,s1000-p400-a04,shrink-only,shrink,1000,400.0,0.4,0.0,false,false,false,ok,44.324,2.063,2.063,1.5361131794489948,false,466548996
19a,210251554330211,s1000-p100-a04,shrink-only,shrink,1000,100.0,0.4,0.0,false,true,false,ok,190.9,788.025,788.025,1.389715549418428,false,-477815540
23c,213588743940888,s1000-p400-a04,shrink-only,shrink,1000,400.0,0.4,0.0,false,false,false,ok,23.65,955.475,955.475,1.030764069137976,false,1835492322
28b,214250168904582,s1000-p400-a04,shrink-only,shrink,1000,400.0,0.4,0.0,false,false,false,ok,126.142,311.928,311.928,2.8653524645881943,false,1439246871
4b,7344414339060,s1000-p100-a16,shrink-only,shrink,1000,100.0,1.6,0.0,false,false,false,ok,9.569,24.923,24.923,1.1431257883270265,false,261415237
29c,214387607858086,s1000-p100-a16,shrink-only,shrink,1000,100.0,1.6,0.0,false,false,false,ok,1474.782,118.537,118.537,1.8158797757284233,false,2081534655
4c,7348709306357,s1000-p0-a04,shrink-only,shrink,1000,0.0,0.4,0.0,false,false,false,ok,10.407,2207.897,2207.897,1.5175399859167369,false,-1125545911
19c,210260144264801,s1000-p100-a04,shrink-only,shrink,1000,100.0,0.4,0.0,false,true,false,ok,149.55,2292.608,2292.608,3.0291044578918163,false,1055693188
9a,8005839302162,s1000-p100-a04,shrink-only,shrink,1000,100.0,0.4,0.0,false,true,false,ok,283.289,465.43,465.43,0.9483388330316056,false,1576652456
6b,7610702311350,s1000-p400-a04,shrink-only,shrink,1000,400.0,0.4,0.0,false,false,false,ok,104.128,4.166,4.166,0.9983225497244189,false,1482096114
9a,8005839302162,s1000-p0-a04,shrink-only,shrink,1000,0.0,0.4,0.0,false,false,false,ok,14.582,478.916,478.916,0.9758172884432985,false,403009818
3b,7211270352853,s4000-p100-a04,shrink-only,shrink,4000,100.0,0.4,0.0,false,false,false,ok,43.659,4.173,4.173,0.5752688172043011,false,113844438
29a,214379017923488,s1000-p0-a04,shrink-only,shrink,1000,0.0,0.4,0.0,false,false,false,ok,946.073,72.066,72.066,2.81782991202346,false,-2068277166
29b,214383312890785,s4000-p100-a04,shrink-only,shrink,4000,100.0,0.4,0.0,false,false,false,ok,1869.462,2.551,2.551,0.9511558538404177,false,-665152500
19c,210260144264801,s1000-p100-a16,shrink-only,shrink,1000,100.0,1.6,0.0,false,false,false,ok,25.675,719.632,719.632,0.950812567713976,false,1055693188
28a,214245873937281,s1000-p100-a04,shrink-only,shrink,1000,100.0,0.4,0.0,false,true,false,ok,132.634,515.742,515.742,0.968048734478367,false,-351635764
4a,7340119371767,s1000-p100-a04,shrink-only,shrink,1000,100.0,0.4,0.0,false,true,false,ok,7.897,735.159,735.159,0.9708664396519108,false,-1509295857
33a,217707617578843,s1000-p0-a04,shrink-only,shrink,1000,0.0,0.4,0.0,false,false,false,ok,122.961,7.323,7.323,1.5898827616152846,false,-2124008857
22d,213459894922110,s250-p100-a04,shrink-only,shrink,250,100.0,0.4,0.0,false,false,false,ok,23.571,550.834,550.834,0.911871895535199,false,-438265046
24b,213717592959802,s1000-p25-a04,shrink-only,shrink,1000,25.0,0.4,0.0,false,false,false,ok,279.468,3.502,3.502,1.9690750632555523,false,644596804
17e,210002446227365,s250-p100-a04,shrink-only,shrink,250,100.0,0.4,0.0,false,false,false,ok,40.994,6693.491,6693.491,1.6257664472297992,false,-1125412742
11c,209194992375577,s1000-p25-a04,shrink-only,shrink,1000,25.0,0.4,0.0,false,false,false,ok,19.927,388.938,388.938,0.7728808709311719,false,212006990
24b,213717592959802,s1000-p100-a16,shrink-only,shrink,1000,100.0,1.6,0.0,false,false,false,ok,59.349,2.07,2.07,1.163902164745572,false,644596804
4a,7340119371767,s1000-p0-a04,shrink-only,shrink,1000,0.0,0.4,0.0,false,false,false,ok,8.983,873.676,873.676,1.153794903591363,false,1427000343
12b,209323841394491,s1000-p100-a0,shrink-only,shrink,1000,100.0,0.0,0.0,false,false,false,ok,18.675,1.551,1.551,1.1548771407297096,false,-1300552445
29b,214383312890785,s1000-p100-a16,shrink-only,shrink,1000,100.0,1.6,0.0,false,false,false,ok,1136.851,3.091,3.091,1.1524981357196122,false,-665152500
9b,8010134269459,s1000-p0-a04,shrink-only,shrink,1000,0.0,0.4,0.0,false,false,false,ok,256.691,494.335,494.335,0.9935573084000197,false,1524708452
29a,214379017923488,s1000-p25-a04,shrink-only,shrink,1000,25.0,0.4,0.0,false,false,false,ok,670.644,25.199,25.199,0.9852981427174975,false,-858518681
18a,210118410344000,s1000-p25-a04,shrink-only,shrink,1000,25.0,0.4,0.0,false,false,false,ok,146.126,1726.778,1726.778,1.7630744129391789,false,-1701613315
18b,210122705311297,s1000-p0-a04,shrink-only,shrink,1000,0.0,0.4,0.0,false,false,false,ok,145.82,709.979,709.979,1.090878221354957,false,-633376097
32a,217574473591992,s4000-p100-a04,shrink-only,shrink,4000,100.0,0.4,0.0,false,false,false,ok,225.834,0.261,0.261,1.321518987341772,false,-1917286155
8d,7885580217974,s4000-p100-a04,shrink-only,shrink,4000,100.0,0.4,0.0,false,false,false,ok,634.08,840.835,840.835,1.388145290234603,false,1460871818
5b,7477558325143,s1000-p25-a04,shrink-only,shrink,1000,25.0,0.4,0.0,false,false,false,ok,7.603,216.434,216.434,0.8239721477206321,false,-1512145598
18b,210122705311297,s1000-p100-a0,shrink-only,shrink,1000,100.0,0.0,0.0,false,false,false,ok,16.22,429.354,429.354,0.6596996923171476,false,-633376097
9d,8018724204049,s1000-p25-a04,shrink-only,shrink,1000,25.0,0.4,0.0,false,false,false,ok,264.841,1519.692,1519.692,1.283561049709641,false,-1708131848
5b,7477558325143,s4000-p100-a04,shrink-only,shrink,4000,100.0,0.4,0.0,false,false,false,ok,42.151,320.235,320.235,1.2191463481953697,false,1589551454
16d,209865007273861,s1000-p25-a04,shrink-only,shrink,1000,25.0,0.4,0.0,false,false,false,ok,202.892,394.788,394.788,1.3159841263756502,false,719404660
9a,8005839302162,s4000-p100-a04,shrink-only,shrink,4000,100.0,0.4,0.0,false,false,false,ok,892.356,499.323,499.323,1.0173976562014488,false,2029736178
12b,209323841394491,s250-p100-a04,shrink-only,shrink,250,100.0,0.4,0.0,false,false,false,ok,14.491,1.329,1.329,0.9895755770662695,false,466548996
10a,209053258454904,s250-p100-a04,shrink-only,shrink,250,100.0,0.4,0.0,false,false,false,ok,70.15,620.874,620.874,1.9669666292307473,false,1718403736
9d,8018724204049,s1000-p0-a04,shrink-only,shrink,1000,0.0,0.4,0.0,false,false,false,ok,22.706,1567.84,1567.84,1.3242277752181122,false,-1708131848
8c,7881285250673,s1000-p100-a16,shrink-only,shrink,1000,100.0,1.6,0.0,false,false,false,ok,121.933,4598.282,4598.282,0.9976970623767599,false,1733352584
27c,214121319885796,s250-p100-a04,shrink-only,shrink,250,100.0,0.4,0.0,false,false,false,ok,131.233,36.651,36.651,1.398973223657843,false,-1093302568
8c,7881285250673,s1000-p400-a04,shrink-only,shrink,1000,400.0,0.4,0.0,false,false,false,ok,13.739,4953.004,4953.004,1.0746616977254422,false,1733352584
6a,7606407344049,s250-p100-a04,shrink-only,shrink,250,100.0,0.4,0.0,false,false,false,ok,40.759,12.268,12.268,3.1244110531007263,false,-224470636
29a,214379017923488,s250-p100-a04,shrink-only,shrink,250,100.0,0.4,0.0,false,false,false,ok,987.175,31.545,31.545,1.2334310850439882,false,304812620
31c,217449919540383,s1000-p100-a16,shrink-only,shrink,1000,100.0,1.6,0.0,false,false,false,ok,647.979,684.49,684.49,3.0212905888402624,false,1982821986
13d,209465575315416,s250-p100-a04,shrink-only,shrink,250,100.0,0.4,0.0,false,false,false,ok,50.021,8197.186,8197.186,2.6615117348834705,false,-2119720580
11d,209199287342878,s1000-p25-a04,shrink-only,shrink,1000,25.0,0.4,0.0,false,false,false,ok,90.544,668.396,668.396,2.9976140929965553,false,2003817464
8a,7872695316083,s1000-p100-a04,shrink-only,shrink,1000,100.0,0.4,0.0,false,true,false,ok,216.692,157.043,157.043,1.648953148953149,false,-1762716238
18a,210118410344000,s1000-p100-a16,shrink-only,shrink,1000,100.0,1.6,0.0,false,false,false,ok,229.382,2691.506,2691.506,2.748080738156426,false,-574815707
5b,7477558325143,s250-p100-a04,shrink-only,shrink,250,100.0,0.4,0.0,false,false,false,ok,23.002,306.467,306.467,1.1667310690348973,false,-1512145598
29a,214379017923488,s1000-p100-a16,shrink-only,shrink,1000,100.0,1.6,0.0,false,false,false,ok,1310.495,29.054,29.054,1.1360312805474093,false,-858518681
19a,210251554330211,s1000-p0-a04,shrink-only,shrink,1000,0.0,0.4,0.0,false,false,false,ok,195.972,660.959,660.959,1.1656292628127973,false,-637633703
21c,213322455968606,s1000-p400-a04,shrink-only,shrink,1000,400.0,0.4,0.0,false,false,false,ok,176.228,70.438,70.438,1.6853816981109502,false,405046416
29b,214383312890785,s1000-p100-a0,shrink-only,shrink,1000,100.0,0.0,0.0,false,false,false,ok,1196.992,3.136,3.136,1.1692766592095452,false,-665152500
31b,217445624573086,s250-p100-a04,shrink-only,shrink,250,100.0,0.4,0.0,false,false,false,ok,110.821,12.318,12.318,1.5159682481078085,false,933065134
30a,217308185619710,s250-p100-a04,shrink-only,shrink,250,100.0,0.4,0.0,false,false,false,ok,138.424,1404.995,1404.995,1.7870116226123276,false,-824386529
31a,217441329605785,s1000-p400-a04,shrink-only,shrink,1000,400.0,0.4,0.0,false,false,false,ok,403.059,313.035,313.035,1.5397309461154425,false,619611693
5b,7477558325143,s1000-p100-a16,shrink-only,shrink,1000,100.0,1.6,0.0,false,false,false,ok,22.476,215.049,215.049,0.8186994021049105,false,-1512145598
21c,213322455968606,s1000-p100-a16,shrink-only,shrink,1000,100.0,1.6,0.0,false,false,false,ok,29.759,42.012,42.012,1.0052280857071076,false,405046416
31a,217441329605785,s1000-p25-a04,shrink-only,shrink,1000,25.0,0.4,0.0,false,false,false,ok,57.353,181.147,181.147,0.8910110425223187,false,499229554
14b,209590129366981,s1000-p400-a04,shrink-only,shrink,1000,400.0,0.4,0.0,false,false,false,ok,64.908,39.201,39.201,1.0607622681332955,false,1297441228
21c,213322455968606,s1000-p0-a04,shrink-only,shrink,1000,0.0,0.4,0.0,false,false,false,ok,29.178,26.419,26.419,0.6321317908287174,false,-597700708
9a,8005839302162,s1000-p400-a04,shrink-only,shrink,1000,400.0,0.4,0.0,false,false,false,ok,290.416,674.962,674.962,1.3752716314390532,false,1576652456
27b,214117024918503,s4000-p100-a04,shrink-only,shrink,4000,100.0,0.4,0.0,false,false,false,ok,292.579,5.716,5.716,0.9796897763304482,false,1728540501
31c,217449919540383,s1000-p100-a04,shrink-only,shrink,1000,100.0,0.4,0.0,false,true,false,ok,75.871,226.348,226.348,0.9990841096331805,false,1346825370
2b,7078126366506,s1000-p25-a04,shrink-only,shrink,1000,25.0,0.4,0.0,false,false,false,ok,53.411,162.792,162.792,1.2039448140191027,false,321836810
28a,214245873937281,s1000-p0-a04,shrink-only,shrink,1000,0.0,0.4,0.0,false,false,false,ok,177.072,899.48,899.48,1.688325704884616,false,96586315
25c,213855031913434,s1000-p100-a16,shrink-only,shrink,1000,100.0,1.6,0.0,false,false,false,ok,290.398,1002.881,1002.881,1.1293482391957366,false,35421457
17a,209985266358177,s1000-p100-a04,shrink-only,shrink,1000,100.0,0.4,0.0,false,true,false,ok,202.386,12368.582,12368.582,6.429210153494848,false,-1125412742
16d,209865007273861,s1000-p100-a16,shrink-only,shrink,1000,100.0,1.6,0.0,false,false,false,ok,200.391,339.762,339.762,1.1325607636139996,false,719404660
11a,209186402440987,s1000-p100-a0,shrink-only,shrink,1000,100.0,0.0,0.0,false,false,false,ok,41.23,15.723,15.723,1.0546332629037127,false,-1055439248
21b,213318161001305,s1000-p100-a04,shrink-only,shrink,1000,100.0,0.4,0.0,false,true,false,ok,54.321,12.979,12.979,0.9998074182490466,false,405046416
1c,6949277347592,s1000-p25-a04,shrink-only,shrink,1000,25.0,0.4,0.0,false,false,false,ok,9.157,1.058,1.058,0.979176307265155,false,686382736
23a,213580154006298,s4000-p100-a04,shrink-only,shrink,4000,100.0,0.4,0.0,false,false,false,ok,325.255,625.244,625.244,1.6531946425667665,false,-1576721678
17e,210002446227365,s1000-p100-a04,shrink-only,shrink,1000,100.0,0.4,0.0,false,true,false,ok,156.791,4080.841,4080.841,0.9911859707109043,false,-1125412742
16c,209860712306564,s4000-p100-a04,shrink-only,shrink,4000,100.0,0.4,0.0,false,false,false,ok,767.122,353.929,353.929,0.8779198551389699,false,719404660
11b,209190697408280,s1000-p100-a0,shrink-only,shrink,1000,100.0,0.0,0.0,false,false,false,ok,12.897,1.866,1.866,0.9484116899618806,false,898037380
28c,214254463871879,s1000-p25-a04,shrink-only,shrink,1000,25.0,0.4,0.0,false,false,false,ok,155.356,1263.529,1263.529,2.516932381031112,false,-1040088321
19c,210260144264801,s4000-p100-a04,shrink-only,shrink,4000,100.0,0.4,0.0,false,false,false,ok,508.256,920.764,920.764,1.2165578838886981,false,-649799299
17e,210002446227365,s1000-p0-a04,shrink-only,shrink,1000,0.0,0.4,0.0,false,false,false,ok,13.616,4202.682,4202.682,1.0207796475675588,false,-1125412742
28c,214254463871879,s1000-p100-a0,shrink-only,shrink,1000,100.0,0.0,0.0,false,false,false,ok,123.947,1068.931,1068.931,2.129295842824318,false,-1040088321
4b,7344414339060,s1000-p400-a04,shrink-only,shrink,1000,400.0,0.4,0.0,false,false,false,ok,26.334,51.698,51.698,2.371195963765623,false,261415237
11b,209190697408280,s1000-p100-a04,shrink-only,shrink,1000,100.0,0.4,0.0,false,true,false,ok,14.995,2.655,2.655,1.349428208386277,false,898037380
3c,7215565320138,s1000-p100-a16,shrink-only,shrink,1000,100.0,1.6,0.0,false,false,false,ok,35.147,1379.631,1379.631,1.0516514199948013,false,-1572305105
11d,209199287342878,s1000-p100-a04,shrink-only,shrink,1000,100.0,0.4,0.0,false,true,false,ok,23.001,247.119,247.119,1.1082762270378874,false,2003817464
27c,214121319885796,s1000-p0-a04,shrink-only,shrink,1000,0.0,0.4,0.0,false,false,false,ok,134.905,33.404,33.404,1.2750348302383725,false,-496094261
19d,210264439232102,s1000-p400-a04,shrink-only,shrink,1000,400.0,0.4,0.0,false,false,false,ok,220.968,3578.589,3578.589,0.6162362017581365,false,-1246359705
15d,209731863287706,s250-p100-a04,shrink-only,shrink,250,100.0,0.4,0.0,false,false,false,ok,84.434,919.184,919.184,1.823300246760769,false,-704972777
23b,213584448973595,s1000-p100-a16,shrink-only,shrink,1000,100.0,1.6,0.0,false,false,false,ok,74.998,194.056,194.056,3.911394191038639,false,2055054090
30b,217312480587007,s1000-p0-a04,shrink-only,shrink,1000,0.0,0.4,0.0,false,false,false,ok,242.79,40.344,40.344,1.1436022450252281,false,1910947129
11b,209190697408280,s4000-p100-a04,shrink-only,shrink,4000,100.0,0.4,0.0,false,false,false,ok,46.946,4.203,4.203,2.1362134688691232,false,-1446711126
19a,210251554330211,s1000-p100-a0,shrink-only,shrink,1000,100.0,0.0,0.0,false,false,false,ok,49.83,625.296,625.296,1.1027360479542467,false,-477815540
31a,217441329605785,s4000-p100-a04,shrink-only,shrink,4000,100.0,0.4,0.0,false,false,false,ok,934.401,312.914,312.914,1.5391357812154152,false,499229554
9b,8010134269459,s250-p100-a04,shrink-only,shrink,250,100.0,0.4,0.0,false,false,false,ok,86.262,561.32,561.32,1.1281895644676163,false,140277402
8a,7872695316083,s4000-p100-a04,shrink-only,shrink,4000,100.0,0.4,0.0,false,false,false,ok,460.981,76.167,76.167,0.7997542997542998,false,-1762716238
30c,217316775554300,s1000-p25-a04,shrink-only,shrink,1000,25.0,0.4,0.0,false,false,false,ok,223.973,1082.451,1082.451,1.3550879125694004,false,-433732479
31c,217449919540383,s1000-p25-a04,shrink-only,shrink,1000,25.0,0.4,0.0,false,false,false,ok,101.324,192.59,192.59,0.8500786782929569,false,1346825370
32b,217578768559289,s1000-p400-a04,shrink-only,shrink,1000,400.0,0.4,0.0,false,false,false,ok,55.074,59.056,59.056,0.4157321563078569,false,-888812919
28b,214250168904582,s250-p100-a04,shrink-only,shrink,250,100.0,0.4,0.0,false,false,false,ok,116.848,463.823,463.823,4.260651099557237,false,1439246871
7c,7748141264470,s1000-p100-a0,shrink-only,shrink,1000,100.0,0.0,0.0,false,false,false,ok,475.067,3880.239,3880.239,2.599793771331401,false,-1004347469
15b,209723273353188,s1000-p25-a04,shrink-only,shrink,1000,25.0,0.4,0.0,false,false,false,ok,91.653,46.117,46.117,5.315774306956372,false,-347771581
33a,217707617578843,s1000-p25-a04,shrink-only,shrink,1000,25.0,0.4,0.0,false,false,false,ok,159.153,9.404,9.404,2.041684759009987,false,-2124008857
30c,217316775554300,s4000-p100-a04,shrink-only,shrink,4000,100.0,0.4,0.0,false,false,false,ok,1070.685,994.508,994.508,1.244994710849331,false,-433732479
14b,209590129366981,s250-p100-a04,shrink-only,shrink,250,100.0,0.4,0.0,false,false,false,ok,11.196,38.718,38.718,1.0476924950278037,false,1297441228
15b,209723273353188,s1000-p400-a04,shrink-only,shrink,1000,400.0,0.4,0.0,false,false,false,ok,15.55,6.575,6.575,0.7578813901216069,false,-1293176700
1c,6949277347592,s1000-p100-a16,shrink-only,shrink,1000,100.0,1.6,0.0,false,false,false,ok,8.785,1.079,1.079,0.998611753817677,false,686382736
22a,213447010020219,s1000-p100-a16,shrink-only,shrink,1000,100.0,1.6,0.0,false,false,false,ok,173.881,520.287,520.287,1.1038898077002641,false,316133052
11d,209199287342878,s4000-p100-a04,shrink-only,shrink,4000,100.0,0.4,0.0,false,false,false,ok,84.535,212.147,212.147,0.9514342350746269,false,2003817464
33b,217711912546136,s4000-p100-a04,shrink-only,shrink,4000,100.0,0.4,0.0,false,false,false,ok,268.051,3.824,3.824,0.9582759052750282,false,-397240962
3c,7215565320138,s250-p100-a04,shrink-only,shrink,250,100.0,0.4,0.0,false,false,false,ok,13.22,1392.078,1392.078,1.06113939556557,false,-1572305105
14b,209590129366981,s4000-p100-a04,shrink-only,shrink,4000,100.0,0.4,0.0,false,false,false,ok,89.709,37.278,37.278,1.0087267118561514,false,1297441228
16d,209865007273861,s1000-p100-a0,shrink-only,shrink,1000,100.0,0.0,0.0,false,false,false,ok,42.66,345.893,345.893,1.1529978049597573,false,719404660
27a,214112729951206,s1000-p0-a04,shrink-only,shrink,1000,0.0,0.4,0.0,false,false,false,ok,96.652,17.612,17.612,1.0010799749900527,false,-1953543145
19b,210255849297504,s250-p100-a04,shrink-only,shrink,250,100.0,0.4,0.0,false,false,false,ok,23.257,190.834,190.834,1.23456822070768,false,825922194
23a,213580154006298,s1000-p25-a04,shrink-only,shrink,1000,25.0,0.4,0.0,false,false,false,ok,48.322,691.903,691.903,1.829446316599397,false,-1576721678
26c,213988175899589,s250-p100-a04,shrink-only,shrink,250,100.0,0.4,0.0,false,false,false,ok,76.438,1639.07,1639.07,4.758299452339929,false,-321495561
9c,8014429236752,s1000-p25-a04,shrink-only,shrink,1000,25.0,0.4,0.0,false,false,false,ok,328.617,951.942,951.942,1.431187198513399,false,659609918
19c,210260144264801,s1000-p100-a0,shrink-only,shrink,1000,100.0,0.0,0.0,false,false,false,ok,214.022,812.817,812.817,1.0739330919853076,false,-649799299
27a,214112729951206,s4000-p100-a04,shrink-only,shrink,4000,100.0,0.4,0.0,false,false,false,ok,236.688,18.297,18.297,1.040015915420906,false,-1953543145
13d,209465575315416,s1000-p100-a04,shrink-only,shrink,1000,100.0,0.4,0.0,false,true,false,ok,47.08,5328.043,5328.043,1.7299411003317153,false,-2119720580
19b,210255849297504,s1000-p400-a04,shrink-only,shrink,1000,400.0,0.4,0.0,false,false,false,ok,92.844,221.395,221.395,1.4322774307700767,false,-1834056489
3c,7215565320138,s1000-p100-a04,shrink-only,shrink,1000,100.0,0.4,0.0,false,true,false,ok,13.843,1350.767,1350.767,1.0296492566723405,false,-1572305105
21a,213313866034008,s1000-p400-a04,shrink-only,shrink,1000,400.0,0.4,0.0,false,false,false,ok,41.113,49.619,49.619,1.6578349482124959,false,405046416
27b,214117024918503,s1000-p400-a04,shrink-only,shrink,1000,400.0,0.4,0.0,false,false,false,ok,85.345,7.632,7.632,1.308081240894678,false,-1505844372
17a,209985266358177,s1000-p25-a04,shrink-only,shrink,1000,25.0,0.4,0.0,false,false,false,ok,210.056,6490.886,6490.886,3.373973683998502,false,-1125412742
2b,7078126366506,s4000-p100-a04,shrink-only,shrink,4000,100.0,0.4,0.0,false,false,false,ok,151.619,146.114,146.114,1.0806009666051597,false,321836810
18b,210122705311297,s250-p100-a04,shrink-only,shrink,250,100.0,0.4,0.0,false,false,false,ok,64.972,881.918,881.918,1.3550614021272755,false,-2103027714
17a,209985266358177,s4000-p100-a04,shrink-only,shrink,4000,100.0,0.4,0.0,false,false,false,ok,569.673,1762.636,1762.636,0.9162212182540848,false,-1125412742
31c,217449919540383,s1000-p400-a04,shrink-only,shrink,1000,400.0,0.4,0.0,false,false,false,ok,143.04,294.332,294.332,1.299160691309635,false,1982821986
11b,209190697408280,s1000-p100-a16,shrink-only,shrink,1000,100.0,1.6,0.0,false,false,false,ok,14.862,2.591,2.591,1.316899618805591,false,898037380
2d,7086716301096,s1000-p100-a04,shrink-only,shrink,1000,100.0,0.4,0.0,false,true,false,ok,42.272,145.485,145.485,1.006099458517458,false,321836810
6a,7606407344049,s1000-p100-a16,shrink-only,shrink,1000,100.0,1.6,0.0,false,false,false,ok,109.581,4.741,4.741,1.2074366484146186,false,-224470636
11c,209194992375577,s1000-p100-a04,shrink-only,shrink,1000,100.0,0.4,0.0,false,true,false,ok,22.895,621.658,621.658,1.235332048967523,false,1916526955
16c,209860712306564,s1000-p0-a04,shrink-only,shrink,1000,0.0,0.4,0.0,false,false,false,ok,158.127,375.524,375.524,0.9314861898324425,false,719404660
33b,217711912546136,s1000-p100-a0,shrink-only,shrink,1000,100.0,0.0,0.0,false,false,false,ok,155.62,6.768,6.768,1.6960280666583134,false,1896864069
27c,214121319885796,s4000-p100-a04,shrink-only,shrink,4000,100.0,0.4,0.0,false,false,false,ok,342.528,29.794,29.794,1.1372406817184189,false,-1273730499
19b,210255849297504,s4000-p100-a04,shrink-only,shrink,4000,100.0,0.4,0.0,false,false,false,ok,260.87,184.07,184.07,1.1908096690613972,false,910037442
1c,6949277347592,s1000-p100-a0,shrink-only,shrink,1000,100.0,0.0,0.0,false,false,false,ok,11.162,1.05,1.05,0.9717723276260991,false,686382736
22b,213451304987512,s1000-p25-a04,shrink-only,shrink,1000,25.0,0.4,0.0,false,false,false,ok,51.872,133.032,133.032,0.27954917253386097,false,-2145268623
17e,210002446227365,s1000-p400-a04,shrink-only,shrink,1000,400.0,0.4,0.0,false,false,false,ok,133.995,4153.248,4153.248,1.0087727383848382,false,-1125412742
5b,7477558325143,s1000-p100-a04,shrink-only,shrink,1000,100.0,0.4,0.0,false,true,false,ok,14.966,239.937,239.937,0.9134489276529811,false,-1512145598
22d,213459894922110,s1000-p100-a0,shrink-only,shrink,1000,100.0,0.0,0.0,false,false,false,ok,72.343,6807.463,6807.463,11.269337385847157,true,1311334790
31a,217441329605785,s1000-p100-a0,shrink-only,shrink,1000,100.0,0.0,0.0,false,false,false,ok,314.765,270.711,270.711,1.331551117778707,false,499229554
1c,6949277347592,s250-p100-a04,shrink-only,shrink,250,100.0,0.4,0.0,false,false,false,ok,4.835,1.111,1.111,1.028227672373901,false,686382736
22a,213447010020219,s1000-p100-a0,shrink-only,shrink,1000,100.0,0.0,0.0,false,false,false,ok,63.171,396.914,396.914,0.8421300534772973,false,-2145268623
28c,214254463871879,s1000-p400-a04,shrink-only,shrink,1000,400.0,0.4,0.0,false,false,false,ok,145.261,590.388,590.388,1.176044771882716,false,-676166940
9a,8005839302162,s1000-p100-a0,shrink-only,shrink,1000,100.0,0.0,0.0,false,false,false,ok,392.799,525.52,525.52,1.070775462550264,false,2029736178
9b,8010134269459,s1000-p25-a04,shrink-only,shrink,1000,25.0,0.4,0.0,false,false,false,ok,343.193,463.524,463.524,0.9316306913708532,false,1556140202
2b,7078126366506,s1000-p100-a04,shrink-only,shrink,1000,100.0,0.4,0.0,false,true,false,ok,38.604,135.287,135.287,1.0005287855312444,false,321836810
8c,7881285250673,s1000-p100-a04,shrink-only,shrink,1000,100.0,0.4,0.0,false,true,false,ok,157.387,4816.996,4816.996,1.045151810759019,false,-388506810
21b,213318161001305,s1000-p25-a04,shrink-only,shrink,1000,25.0,0.4,0.0,false,false,false,ok,80.379,32.692,32.692,2.5183530408658474,false,405046416
22b,213451304987512,s1000-p100-a04,shrink-only,shrink,1000,100.0,0.4,0.0,false,true,false,ok,55.104,535.694,535.694,1.1256901680148692,false,815426615
22a,213447010020219,s1000-p0-a04,shrink-only,shrink,1000,0.0,0.4,0.0,false,false,false,ok,35.331,375.457,375.457,0.7966048652565181,false,-2145268623
2b,7078126366506,s1000-p400-a04,shrink-only,shrink,1000,400.0,0.4,0.0,false,false,false,ok,9.876,132.79,132.79,0.9820619677477802,false,321836810
27a,214112729951206,s1000-p100-a16,shrink-only,shrink,1000,100.0,1.6,0.0,false,false,false,ok,174.097,19.431,19.431,1.1044733700903768,false,704699266
2b,7078126366506,s1000-p100-a0,shrink-only,shrink,1000,100.0,0.0,0.0,false,false,false,ok,5.997,135.836,135.836,1.0045889709389826,false,321836810
26c,213988175899589,s1000-p25-a04,shrink-only,shrink,1000,25.0,0.4,0.0,false,false,false,ok,358.874,1762.657,1762.657,5.117078488266604,false,628672308
30b,217312480587007,s4000-p100-a04,shrink-only,shrink,4000,100.0,0.4,0.0,false,false,false,ok,1084.68,46.301,46.301,1.312461023867566,false,1910947129
4c,7348709306357,s250-p100-a04,shrink-only,shrink,250,100.0,0.4,0.0,false,false,false,ok,14.594,1946.704,1946.704,1.3380158407498426,false,-430037632
16c,209860712306564,s250-p100-a04,shrink-only,shrink,250,100.0,0.4,0.0,false,false,false,ok,65.492,666.38,666.38,1.6529536519118433,false,719404660
23c,213588743940888,s1000-p100-a04,shrink-only,shrink,1000,100.0,0.4,0.0,false,true,false,ok,183.744,2524.407,2524.407,2.7233240340986327,false,-1576721678
27a,214112729951206,s1000-p100-a0,shrink-only,shrink,1000,100.0,0.0,0.0,false,false,false,ok,110.58,17.755,17.755,1.0092082078099243,false,-1953543145
23b,213584448973595,s1000-p25-a04,shrink-only,shrink,1000,25.0,0.4,0.0,false,false,false,ok,116.239,114.965,114.965,2.3172354020115695,false,-439854755
8a,7872695316083,s1000-p25-a04,shrink-only,shrink,1000,25.0,0.4,0.0,false,false,false,ok,183.402,191.486,191.486,2.0106050106050106,false,-1762716238
8c,7881285250673,s1000-p25-a04,shrink-only,shrink,1000,25.0,0.4,0.0,false,false,false,ok,31.166,4796.188,4796.188,1.040637063626517,false,-388506810
23c,213588743940888,s1000-p0-a04,shrink-only,shrink,1000,0.0,0.4,0.0,false,false,false,ok,36.467,1029.924,1029.924,1.1110794663835901,false,1062427072
8a,7872695316083,s1000-p100-a0,shrink-only,shrink,1000,100.0,0.0,0.0,false,false,false,ok,12.495,73.495,73.495,0.7716982716982718,false,-1762716238
26c,213988175899589,s1000-p100-a04,shrink-only,shrink,1000,100.0,0.4,0.0,false,true,false,ok,58.911,350.54,350.54,1.0176345671772644,false,-321495561
19d,210264439232102,s1000-p100-a16,shrink-only,shrink,1000,100.0,1.6,0.0,false,false,false,ok,305.045,6912.552,6912.552,1.1903475892134052,false,-1246359705
9b,8010134269459,s1000-p100-a16,shrink-only,shrink,1000,100.0,1.6,0.0,false,false,false,ok,50.776,811.211,811.211,1.6304421449108164,false,140277402
21c,213322455968606,s4000-p100-a04,shrink-only,shrink,4000,100.0,0.4,0.0,false,false,false,ok,411.661,64.536,64.536,1.544163566104777,false,405046416
13d,209465575315416,s1000-p100-a16,shrink-only,shrink,1000,100.0,1.6,0.0,false,false,false,ok,106.453,5240.529,5240.529,1.7015265275787497,false,-2119720580
27c,214121319885796,s1000-p100-a16,shrink-only,shrink,1000,100.0,1.6,0.0,false,false,false,ok,140.902,28.946,28.946,1.1048724163597152,false,-1093302568
6a,7606407344049,s1000-p25-a04,shrink-only,shrink,1000,25.0,0.4,0.0,false,false,false,ok,172.372,65.713,65.713,16.735769769514835,true,-224470636
33a,217707617578843,s1000-p100-a0,shrink-only,shrink,1000,100.0,0.0,0.0,false,false,false,ok,185.474,9.014,9.014,1.957012592270951,false,-2124008857
22d,213459894922110,s1000-p100-a16,shrink-only,shrink,1000,100.0,1.6,0.0,false,false,false,ok,83.534,684.4,684.4,1.1329822147948205,false,-438265046
30c,217316775554300,s1000-p100-a0,shrink-only,shrink,1000,100.0,0.0,0.0,false,false,false,ok,426.589,1540.031,1540.031,1.9279185783764496,false,-1451103391
15c,209727568320485,s1000-p100-a0,shrink-only,shrink,1000,100.0,0.0,0.0,false,false,false,ok,169.987,1234.669,1234.669,2.1775544181813693,false,592161665
33a,217707617578843,s1000-p100-a16,shrink-only,shrink,1000,100.0,1.6,0.0,false,false,false,ok,77.814,4.547,4.547,0.9871906209292227,false,1514619789
11c,209194992375577,s1000-p100-a16,shrink-only,shrink,1000,100.0,1.6,0.0,false,false,false,ok,20.274,582.538,582.538,1.1575944669600373,false,1916526955
28a,214245873937281,s4000-p100-a04,shrink-only,shrink,4000,100.0,0.4,0.0,false,false,false,ok,304.145,819.449,819.449,1.5381073626339592,false,96586315
8a,7872695316083,s1000-p100-a16,shrink-only,shrink,1000,100.0,1.6,0.0,false,false,false,ok,14.054,73.374,73.374,0.7704277704277703,false,-1762716238
6b,7610702311350,s1000-p100-a16,shrink-only,shrink,1000,100.0,1.6,0.0,false,false,false,ok,168.102,19.107,19.107,4.578720345075485,false,1482096114
9b,8010134269459,s1000-p100-a04,shrink-only,shrink,1000,100.0,0.4,0.0,false,true,false,ok,19.156,494.915,494.915,0.9947230426467796,false,140277402
7c,7748141264470,s250-p100-a04,shrink-only,shrink,250,100.0,0.4,0.0,false,false,false,ok,219.01,7537.978,7537.978,5.05051061360734,false,-1004347469
22b,213451304987512,s1000-p400-a04,shrink-only,shrink,1000,400.0,0.4,0.0,false,false,false,ok,137.477,967.326,967.326,2.0327077911366405,false,316133052
24a,213713297992453,s1000-p100-a04,shrink-only,shrink,1000,100.0,0.4,0.0,false,true,false,ok,468.386,373.989,373.989,2.6560303961081617,false,941138625
28a,214245873937281,s250-p100-a04,shrink-only,shrink,250,100.0,0.4,0.0,false,false,false,ok,153.159,558.575,558.575,1.0484463585693116,false,-351635764
10a,209053258454904,s1000-p400-a04,shrink-only,shrink,1000,400.0,0.4,0.0,false,false,false,ok,272.982,1276.956,1276.956,4.045474345835029,false,1718403736
18b,210122705311297,s1000-p400-a04,shrink-only,shrink,1000,400.0,0.4,0.0,false,false,false,ok,224.534,1101.974,1101.974,1.693176047600573,false,-2103027714
8d,7885580217974,s1000-p25-a04,shrink-only,shrink,1000,25.0,0.4,0.0,false,false,false,ok,221.146,864.404,864.404,1.4270556547479014,false,-1012298996
18b,210122705311297,s1000-p100-a04,shrink-only,shrink,1000,100.0,0.4,0.0,false,true,false,ok,17.031,429.42,429.42,0.6598011008976965,false,-633376097
19c,210260144264801,s250-p100-a04,shrink-only,shrink,250,100.0,0.4,0.0,false,false,false,ok,46.052,840.969,840.969,1.1111288745606849,false,1055693188
9d,8018724204049,s1000-p100-a0,shrink-only,shrink,1000,100.0,0.0,0.0,false,false,false,ok,314.821,1379.09,1379.09,1.1648059001719222,false,-1708131848
30a,217308185619710,s1000-p100-a04,shrink-only,shrink,1000,100.0,0.4,0.0,false,true,false,ok,335.605,978.923,978.923,1.2450911061196144,false,216250776
21c,213322455968606,s250-p100-a04,shrink-only,shrink,250,100.0,0.4,0.0,false,false,false,ok,25.782,46.213,46.213,1.1057461088446767,false,405046416
6b,7610702311350,s1000-p25-a04,shrink-only,shrink,1000,25.0,0.4,0.0,false,false,false,ok,14.462,5.176,5.176,1.2403546609154086,false,1482096114
11c,209194992375577,s1000-p400-a04,shrink-only,shrink,1000,400.0,0.4,0.0,false,false,false,ok,17.329,562.485,562.485,1.1177460075531838,false,1916526955
16c,209860712306564,s1000-p100-a0,shrink-only,shrink,1000,100.0,0.0,0.0,false,false,false,ok,236.164,1206.047,1206.047,2.991596075853601,false,719404660
30b,217312480587007,s1000-p100-a0,shrink-only,shrink,1000,100.0,0.0,0.0,false,false,false,ok,282.546,104.343,104.343,2.957735699302681,false,1910947129
5b,7477558325143,s1000-p100-a0,shrink-only,shrink,1000,100.0,0.0,0.0,false,false,false,ok,18.901,250.03,250.03,0.9518733475081995,false,-1512145598
12b,209323841394491,s1000-p0-a04,shrink-only,shrink,1000,0.0,0.4,0.0,false,false,false,ok,35.839,1.54,1.54,1.14668652271035,false,-1300552445
22b,213451304987512,s1000-p0-a04,shrink-only,shrink,1000,0.0,0.4,0.0,false,false,false,ok,33.055,138.831,138.831,0.29173500490144055,false,-2145268623
27b,214117024918503,s1000-p0-a04,shrink-only,shrink,1000,0.0,0.4,0.0,false,false,false,ok,159.606,7.332,7.332,1.2566629531236608,false,1728540501
28b,214250168904582,s1000-p100-a0,shrink-only,shrink,1000,100.0,0.0,0.0,false,false,false,ok,123.799,135.351,135.351,1.2433264132571513,false,1300118193
31c,217449919540383,s1000-p100-a0,shrink-only,shrink,1000,100.0,0.0,0.0,false,false,false,ok,354.999,527.613,527.613,2.328846574018287,false,-105956113
15b,209723273353188,s1000-p100-a16,shrink-only,shrink,1000,100.0,1.6,0.0,false,false,false,ok,83.871,22.244,22.244,2.5640020748083683,false,-1293176700
29c,214387607858086,s1000-p100-a0,shrink-only,shrink,1000,100.0,0.0,0.0,false,false,false,ok,1247.328,121.823,121.823,1.866218327767395,false,1216159973
32b,217578768559289,s4000-p100-a04,shrink-only,shrink,4000,100.0,0.4,0.0,false,false,false,ok,205.441,176.281,176.281,1.240952320612729,false,1520237401
8b,7876990283376,s1000-p100-a04,shrink-only,shrink,1000,100.0,0.4,0.0,false,true,false,ok,115.022,255.812,255.812,1.258322839603337,false,-1987159524
27b,214117024918503,s1000-p100-a04,shrink-only,shrink,1000,100.0,0.4,0.0,false,true,false,ok,65.554,5.636,5.636,0.9659782329248436,false,-1505844372
21b,213318161001305,s1000-p0-a04,shrink-only,shrink,1000,0.0,0.4,0.0,false,false,false,ok,37.782,11.142,11.142,0.8582983476485767,false,-597700708
11c,209194992375577,s1000-p0-a04,shrink-only,shrink,1000,0.0,0.4,0.0,false,false,false,ok,13.502,392.993,392.993,0.7809387925835326,false,869093453
28b,214250168904582,s4000-p100-a04,shrink-only,shrink,4000,100.0,0.4,0.0,false,false,false,ok,292.968,88.852,88.852,0.8161893038893279,false,1300118193
16d,209865007273861,s1000-p0-a04,shrink-only,shrink,1000,0.0,0.4,0.0,false,false,false,ok,214.488,274.403,274.403,0.9146934360463276,false,719404660
32b,217578768559289,s250-p100-a04,shrink-only,shrink,250,100.0,0.4,0.0,false,false,false,ok,12.28,44.196,44.196,0.31112331312960656,false,-239234728
14b,209590129366981,s1000-p100-a04,shrink-only,shrink,1000,100.0,0.4,0.0,false,true,false,ok,24.721,37.033,37.033,1.0020971168026411,false,1297441228
4b,7344414339060,s1000-p100-a0,shrink-only,shrink,1000,100.0,0.0,0.0,false,false,false,ok,17.123,23.701,23.701,1.0870771700493063,false,261415237
5a,7473263357846,s1000-p100-a16,shrink-only,shrink,1000,100.0,1.6,0.0,false,false,false,ok,12.708,163.579,163.579,1.069433866048634,false,414652499
15b,209723273353188,s4000-p100-a04,shrink-only,shrink,4000,100.0,0.4,0.0,false,false,false,ok,145.369,5.956,5.956,0.6865310356751773,false,-347771581
2d,7086716301096,s1000-p100-a16,shrink-only,shrink,1000,100.0,1.6,0.0,false,false,false,ok,34.786,206.035,206.035,1.4248321265810528,false,321836810
27a,214112729951206,s1000-p25-a04,shrink-only,shrink,1000,25.0,0.4,0.0,false,false,false,ok,85.698,17.214,17.214,0.9784573409878928,false,-1953543145
29b,214383312890785,s250-p100-a04,shrink-only,shrink,250,100.0,0.4,0.0,false,false,false,ok,738.582,2.434,2.434,0.9075316927665922,false,-1248259250
10a,209053258454904,s1000-p100-a16,shrink-only,shrink,1000,100.0,1.6,0.0,false,false,false,ok,10.973,296.318,296.318,0.9387534630865465,false,1718403736
29a,214379017923488,s1000-p400-a04,shrink-only,shrink,1000,400.0,0.4,0.0,false,false,false,ok,864.736,24.515,24.515,0.9585532746823069,false,304812620
15b,209723273353188,s1000-p100-a0,shrink-only,shrink,1000,100.0,0.0,0.0,false,false,false,ok,25.586,6.002,6.002,0.6918333237277391,false,-347771581
27a,214112729951206,s1000-p100-a04,shrink-only,shrink,1000,100.0,0.4,0.0,false,true,false,ok,68.854,17.065,17.065,0.9699880634343205,false,-1953543145
11b,209190697408280,s1000-p25-a04,shrink-only,shrink,1000,25.0,0.4,0.0,false,false,false,ok,12.796,1.863,1.863,0.9468869123252859,false,898037380
3b,7211270352853,s1000-p100-a04,shrink-only,shrink,1000,100.0,0.4,0.0,false,true,false,ok,11.894,7.565,7.565,1.0428728977116075,false,129508754
24b,213717592959802,s1000-p100-a04,shrink-only,shrink,1000,100.0,0.4,0.0,false,true,false,ok,241.712,1.821,1.821,1.0238965420298003,false,644596804
15b,209723273353188,s1000-p100-a04,shrink-only,shrink,1000,100.0,0.4,0.0,false,true,false,ok,24.401,6.093,6.093,0.7023226327012853,false,-347771581
15d,209731863287706,s1000-p100-a0,shrink-only,shrink,1000,100.0,0.0,0.0,false,false,false,ok,110.431,511.499,511.499,1.014613236215912,false,-704972777
28b,214250168904582,s1000-p25-a04,shrink-only,shrink,1000,25.0,0.4,0.0,false,false,false,ok,129.718,115.547,115.547,1.06140802116441,false,1300118193
13b,209456985380826,s1000-p0-a04,shrink-only,shrink,1000,0.0,0.4,0.0,false,false,false,ok,39.399,355.342,355.342,1.0553417204224433,false,-1005059989
30c,217316775554300,s1000-p0-a04,shrink-only,shrink,1000,0.0,0.4,0.0,false,false,false,ok,90.197,1269.436,1269.436,1.5891688209262584,false,-1451103391
16c,209860712306564,s1000-p100-a04,shrink-only,shrink,1000,100.0,0.4,0.0,false,true,false,ok,19.393,344.233,344.233,0.8538689553386499,false,719404660
4c,7348709306357,s1000-p25-a04,shrink-only,shrink,1000,25.0,0.4,0.0,false,false,false,ok,11.941,1557.728,1557.728,1.070663408294004,false,-430037632
19b,210255849297504,s1000-p100-a16,shrink-only,shrink,1000,100.0,1.6,0.0,false,false,false,ok,69.838,176.385,176.385,1.1410928640049685,false,825922194
31b,217445624573086,s1000-p100-a16,shrink-only,shrink,1000,100.0,1.6,0.0,false,false,false,ok,168.308,7.778,7.778,0.9572334010214755,false,-536655723
22a,213447010020219,s250-p100-a04,shrink-only,shrink,250,100.0,0.4,0.0,false,false,false,ok,19.985,456.655,456.655,0.9688821749060884,false,316133052
2b,7078126366506,s1000-p100-a16,shrink-only,shrink,1000,100.0,1.6,0.0,false,false,false,ok,27.839,145.035,145.035,1.07262111222456,false,321836810
12b,209323841394491,s1000-p25-a04,shrink-only,shrink,1000,25.0,0.4,0.0,false,false,false,ok,13.443,1.29,1.29,0.9605361131794491,false,-1300552445
9c,8014429236752,s1000-p400-a04,shrink-only,shrink,1000,400.0,0.4,0.0,false,false,false,ok,201.66,648.726,648.726,0.9753202889911395,false,659609918
29b,214383312890785,s1000-p100-a04,shrink-only,shrink,1000,100.0,0.4,0.0,false,true,false,ok,877.493,2.472,2.472,0.9217002237136466,false,-665152500
13c,209461280348123,s4000-p100-a04,shrink-only,shrink,4000,100.0,0.4,0.0,false,false,false,ok,114.469,652.929,652.929,1.3878596897700644,false,876197618
25c,213855031913434,s1000-p0-a04,shrink-only,shrink,1000,0.0,0.4,0.0,false,false,false,ok,183.54,1002.256,1002.256,1.128644424237135,false,35421457
19a,210251554330211,s4000-p100-a04,shrink-only,shrink,4000,100.0,0.4,0.0,false,false,false,ok,395.985,504.81,504.81,0.8902538707552636,false,187704695
11d,209199287342878,s250-p100-a04,shrink-only,shrink,250,100.0,0.4,0.0,false,false,false,ok,7.48,213.923,213.923,0.9593992178530425,false,2003817464
6a,7606407344049,s4000-p100-a04,shrink-only,shrink,4000,100.0,0.4,0.0,false,false,false,ok,367.916,4.001,4.001,1.0189736406468866,false,-224470636
3b,7211270352853,s1000-p100-a16,shrink-only,shrink,1000,100.0,1.6,0.0,false,false,false,ok,8.135,6.572,6.572,0.9059829059829061,false,129508754
11a,209186402440987,s250-p100-a04,shrink-only,shrink,250,100.0,0.4,0.0,false,false,false,ok,7.933,14.989,14.989,1.0053996042526077,false,-1055439248
19a,210251554330211,s1000-p400-a04,shrink-only,shrink,1000,400.0,0.4,0.0,false,false,false,ok,93.637,657.345,657.345,1.1592558203514565,false,-1819667816
32a,217574473591992,s1000-p100-a16,shrink-only,shrink,1000,100.0,1.6,0.0,false,false,false,ok,30.146,0.17,0.17,0.8607594936708861,false,1765267761
9c,8014429236752,s1000-p0-a04,shrink-only,shrink,1000,0.0,0.4,0.0,false,false,false,ok,17.85,690.87,690.87,1.0386812430137047,false,-305338705
31c,217449919540383,s4000-p100-a04,shrink-only,shrink,4000,100.0,0.4,0.0,false,false,false,ok,915.827,203.291,203.291,0.8973121376439769,false,1346825370
27c,214121319885796,s1000-p100-a04,shrink-only,shrink,1000,100.0,0.4,0.0,false,true,false,ok,109.954,26.487,26.487,1.011012080844323,false,-1273730499
17e,210002446227365,s1000-p100-a0,shrink-only,shrink,1000,100.0,0.0,0.0,false,false,false,ok,146.694,7507.277,7507.277,1.8234250343594973,false,-1125412742
15a,209718978385895,s1000-p100-a04,shrink-only,shrink,1000,100.0,0.4,0.0,false,true,false,ok,46.597,709.028,709.028,1.5833851616541144,false,-874818637
15d,209731863287706,s1000-p0-a04,shrink-only,shrink,1000,0.0,0.4,0.0,false,false,false,ok,26.783,1045.717,1045.717,2.074292050494712,false,502765013
9c,8014429236752,s1000-p100-a16,shrink-only,shrink,1000,100.0,1.6,0.0,false,false,false,ok,29.706,966.818,966.818,1.4535523644217059,false,659609918
28c,214254463871879,s1000-p0-a04,shrink-only,shrink,1000,0.0,0.4,0.0,false,false,false,ok,286.973,1733.614,1733.614,3.453335232360215,false,-1040088321
18b,210122705311297,s1000-p100-a16,shrink-only,shrink,1000,100.0,1.6,0.0,false,false,false,ok,28.192,761.446,761.446,1.169956939765608,false,-633376097
2d,7086716301096,s1000-p100-a0,shrink-only,shrink,1000,100.0,0.0,0.0,false,false,false,ok,10.987,145.332,145.332,1.005041389182797,false,321836810
8a,7872695316083,s1000-p0-a04,shrink-only,shrink,1000,0.0,0.4,0.0,false,false,false,ok,33.373,73.779,73.779,0.7746802746802747,false,115582433
22a,213447010020219,s1000-p400-a04,shrink-only,shrink,1000,400.0,0.4,0.0,false,false,false,ok,47.396,486.347,486.347,1.0318795132409617,false,316133052
6b,7610702311350,s4000-p100-a04,shrink-only,shrink,4000,100.0,0.4,0.0,false,false,false,ok,190.45,3.707,3.707,0.8883297387970285,false,1482096114
32a,217574473591992,s1000-p100-a04,shrink-only,shrink,1000,100.0,0.4,0.0,false,true,false,ok,17.607,0.158,0.158,0.7999999999999999,false,1765267761
6f,7627882180522,s4000-p100-a04,shrink-only,shrink,4000,100.0,0.4,0.0,false,false,false,ok,473.465,3183.922,3183.922,1.8056737769649023,false,1250717231
4b,7344414339060,s1000-p0-a04,shrink-only,shrink,1000,0.0,0.4,0.0,false,false,false,ok,10.428,39.556,39.556,1.8142873523678473,false,611794456
23a,213580154006298,s1000-p100-a0,shrink-only,shrink,1000,100.0,0.0,0.0,false,false,false,ok,44.938,1247.349,1247.349,3.2980895205887837,false,-1576721678
4c,7348709306357,s4000-p100-a04,shrink-only,shrink,4000,100.0,0.4,0.0,false,false,false,ok,49.884,1595.238,1595.238,1.096444921141631,false,-430037632
8d,7885580217974,s1000-p100-a04,shrink-only,shrink,1000,100.0,0.4,0.0,false,true,false,ok,210.553,723.563,723.563,1.1945394407202603,false,-1012298996
24b,213717592959802,s1000-p0-a04,shrink-only,shrink,1000,0.0,0.4,0.0,false,false,false,ok,130.72,3.741,3.741,2.1034579701996066,false,-11808397
29a,214379017923488,s1000-p100-a0,shrink-only,shrink,1000,100.0,0.0,0.0,false,false,false,ok,855.448,26.764,26.764,1.0464907135874877,false,-858518681
21b,213318161001305,s1000-p400-a04,shrink-only,shrink,1000,400.0,0.4,0.0,false,false,false,ok,47.73,24.305,24.305,1.8722797827677848,false,405046416
8d,7885580217974,s1000-p100-a0,shrink-only,shrink,1000,100.0,0.0,0.0,false,false,false,ok,9.086,567.08,567.08,0.9361996481904757,false,-1012298996
11b,209190697408280,s1000-p0-a04,shrink-only,shrink,1000,0.0,0.4,0.0,false,false,false,ok,18.526,1.908,1.908,0.9697585768742057,false,898037380
15a,209718978385895,s1000-p100-a16,shrink-only,shrink,1000,100.0,1.6,0.0,false,false,false,ok,23.744,434.149,434.149,0.9695316469123534,false,196157638
15d,209731863287706,s1000-p25-a04,shrink-only,shrink,1000,25.0,0.4,0.0,false,false,false,ok,20.692,596.139,596.139,1.1825057722977317,false,-704972777
29c,214387607858086,s250-p100-a04,shrink-only,shrink,250,100.0,0.4,0.0,false,false,false,ok,973.749,100.039,100.039,1.5325071233800058,false,1025211200
4b,7344414339060,s250-p100-a04,shrink-only,shrink,250,100.0,0.4,0.0,false,false,false,ok,3.931,23.278,23.278,1.0676757252608644,false,261415237
23a,213580154006298,s1000-p100-a04,shrink-only,shrink,1000,100.0,0.4,0.0,false,true,false,ok,22.314,355.001,355.001,0.9386507528354444,false,1835492322
6f,7627882180522,s1000-p0-a04,shrink-only,shrink,1000,0.0,0.4,0.0,false,false,false,ok,115.105,1741.574,1741.574,0.9876857857836571,false,1250717231
9d,8018724204049,s1000-p400-a04,shrink-only,shrink,1000,400.0,0.4,0.0,false,false,false,ok,360.052,1774.092,1774.092,1.4984321755997114,false,969253244
30a,217308185619710,s1000-p0-a04,shrink-only,shrink,1000,0.0,0.4,0.0,false,false,false,ok,316.101,722.426,722.426,0.9188528489263902,false,1041678136
17e,210002446227365,s1000-p100-a16,shrink-only,shrink,1000,100.0,1.6,0.0,false,false,false,ok,43.641,5052.367,5052.367,1.2271576592380686,false,-1125412742
3c,7215565320138,s1000-p100-a0,shrink-only,shrink,1000,100.0,0.0,0.0,false,false,false,ok,43.283,1432.749,1432.749,1.0921416816135123,false,-1572305105
28b,214250168904582,s1000-p100-a16,shrink-only,shrink,1000,100.0,1.6,0.0,false,false,false,ok,172.127,310.077,310.077,2.8483492862523194,false,1439246871
22a,213447010020219,s1000-p25-a04,shrink-only,shrink,1000,25.0,0.4,0.0,false,false,false,ok,36.188,516.882,516.882,1.0966654396203015,false,-2145268623
8a,7872695316083,s250-p100-a04,shrink-only,shrink,250,100.0,0.4,0.0,false,false,false,ok,37.224,74.21,74.21,0.7792057792057792,false,-1762716238
32b,217578768559289,s1000-p0-a04,shrink-only,shrink,1000,0.0,0.4,0.0,false,false,false,ok,39.204,151.269,151.269,1.0648771937234696,false,1520237401
23a,213580154006298,s1000-p400-a04,shrink-only,shrink,1000,400.0,0.4,0.0,false,false,false,ok,24.213,459.167,459.167,1.214073904657149,false,1835492322
31b,217445624573086,s1000-p25-a04,shrink-only,shrink,1000,25.0,0.4,0.0,false,false,false,ok,196.807,9.225,9.225,1.1353147498615468,false,-744571733
2d,7086716301096,s4000-p100-a04,shrink-only,shrink,4000,100.0,0.4,0.0,false,false,false,ok,172.731,141.758,141.758,0.9803254427639814,false,321836810
9b,8010134269459,s1000-p400-a04,shrink-only,shrink,1000,400.0,0.4,0.0,false,false,false,ok,198.729,759.076,759.076,1.5256567053335357,false,140277402
7c,7748141264470,s1000-p25-a04,shrink-only,shrink,1000,25.0,0.4,0.0,false,false,false,ok,594.982,2801.562,2801.562,1.877070829296531,false,-1004347469
30b,217312480587007,s1000-p100-a16,shrink-only,shrink,1000,100.0,1.6,0.0,false,false,false,ok,243.424,205.085,205.085,5.813396451045977,false,-1031970200
2d,7086716301096,s1000-p25-a04,shrink-only,shrink,1000,25.0,0.4,0.0,false,false,false,ok,27.025,197.619,197.619,1.3666313976888445,false,321836810
19b,210255849297504,s1000-p100-a0,shrink-only,shrink,1000,100.0,0.0,0.0,false,false,false,ok,84.215,228.524,228.524,1.4783972880566454,false,825922194
28a,214245873937281,s1000-p100-a0,shrink-only,shrink,1000,100.0,0.0,0.0,false,false,false,ok,164.813,897.152,897.152,1.683956044368572,false,96586315
1c,6949277347592,s1000-p0-a04,shrink-only,shrink,1000,0.0,0.4,0.0,false,false,false,ok,11.293,1.05,1.05,0.9717723276260991,false,686382736
28c,214254463871879,s1000-p100-a16,shrink-only,shrink,1000,100.0,1.6,0.0,false,false,false,ok,125.156,557.321,557.321,1.11017576290583,false,-676166940
32a,217574473591992,s1000-p100-a0,shrink-only,shrink,1000,100.0,0.0,0.0,false,false,false,ok,8.932,0.179,0.179,0.9063291139240506,false,1765267761
22d,213459894922110,s1000-p0-a04,shrink-only,shrink,1000,0.0,0.4,0.0,false,false,false,ok,78.655,7882.707,7882.707,13.049337865924366,true,1311334790
4c,7348709306357,s1000-p400-a04,shrink-only,shrink,1000,400.0,0.4,0.0,false,false,false,ok,18.449,1508.61,1508.61,1.0369034416704441,false,-430037632
6f,7627882180522,s250-p100-a04,shrink-only,shrink,250,100.0,0.4,0.0,false,false,false,ok,52.57,3706.242,3706.242,2.101893196656813,false,1250717231
24a,213713297992453,s1000-p100-a16,shrink-only,shrink,1000,100.0,1.6,0.0,false,false,false,ok,407.368,257.864,257.864,1.8313229053850113,false,941138625
29b,214383312890785,s1000-p400-a04,shrink-only,shrink,1000,400.0,0.4,0.0,false,false,false,ok,1033.475,3.742,3.742,1.395227442207308,false,-665152500
13d,209465575315416,s4000-p100-a04,shrink-only,shrink,4000,100.0,0.4,0.0,false,false,false,ok,458.365,5708.431,5708.431,1.8534477678404009,false,-2119720580
19b,210255849297504,s1000-p0-a04,shrink-only,shrink,1000,0.0,0.4,0.0,false,false,false,ok,16.449,154.457,154.457,0.9992333843332222,false,-1906746532
19d,210264439232102,s1000-p0-a04,shrink-only,shrink,1000,0.0,0.4,0.0,false,false,false,ok,193.33,5959.384,5959.384,1.0262112136873531,false,-1211980585
21c,213322455968606,s1000-p100-a04,shrink-only,shrink,1000,100.0,0.4,0.0,false,true,false,ok,120.739,125.59,125.59,3.0050127412157392,false,405046416
30b,217312480587007,s1000-p400-a04,shrink-only,shrink,1000,400.0,0.4,0.0,false,false,false,ok,229.991,42.376,42.376,1.2012018821928678,false,-119349660
33b,217711912546136,s1000-p100-a16,shrink-only,shrink,1000,100.0,1.6,0.0,false,false,false,ok,227.451,5.086,5.086,1.2745270016288686,false,-1989803960
3b,7211270352853,s1000-p100-a0,shrink-only,shrink,1000,100.0,0.0,0.0,false,false,false,ok,28.248,9.249,9.249,1.2750206782464848,false,129508754
6a,7606407344049,s1000-p0-a04,shrink-only,shrink,1000,0.0,0.4,0.0,false,false,false,ok,147.914,4.764,4.764,1.213294282439832,false,-224470636
22d,213459894922110,s1000-p400-a04,shrink-only,shrink,1000,400.0,0.4,0.0,false,false,false,ok,69.971,798.593,798.593,1.322021721010579,false,-438265046
8c,7881285250673,s4000-p100-a04,shrink-only,shrink,4000,100.0,0.4,0.0,false,false,false,ok,1021.895,5894.519,5894.519,1.2789438078012607,false,737600458
15b,209723273353188,s250-p100-a04,shrink-only,shrink,250,100.0,0.4,0.0,false,false,false,ok,73.689,37.919,37.919,4.3708143622845945,false,814061452
21a,213313866034008,s1000-p100-a16,shrink-only,shrink,1000,100.0,1.6,0.0,false,false,false,ok,86.973,29.758,29.758,0.9942532576010692,false,405046416
8b,7876990283376,s1000-p100-a16,shrink-only,shrink,1000,100.0,1.6,0.0,false,false,false,ok,134.04,185.261,185.261,0.911286990398237,false,-1718178947
33a,217707617578843,s250-p100-a04,shrink-only,shrink,250,100.0,0.4,0.0,false,false,false,ok,103.459,4.496,4.496,0.9761181068171951,false,14380942
33a,217707617578843,s4000-p100-a04,shrink-only,shrink,4000,100.0,0.4,0.0,false,false,false,ok,282.933,4.542,4.542,0.9861050803300043,false,14380942
2d,7086716301096,s1000-p0-a04,shrink-only,shrink,1000,0.0,0.4,0.0,false,false,false,ok,33.232,227.965,227.965,1.5764887312158116,false,321836810
16d,209865007273861,s1000-p400-a04,shrink-only,shrink,1000,400.0,0.4,0.0,false,false,false,ok,296.027,1418.357,1418.357,4.7279433456280024,false,719404660
24b,213717592959802,s250-p100-a04,shrink-only,shrink,250,100.0,0.4,0.0,false,false,false,ok,137.295,8.139,8.139,4.576328366601068,false,-870534348
2b,7078126366506,s1000-p0-a04,shrink-only,shrink,1000,0.0,0.4,0.0,false,false,false,ok,44.331,187.177,187.177,1.3842865647799252,false,321836810
15c,209727568320485,s4000-p100-a04,shrink-only,shrink,4000,100.0,0.4,0.0,false,false,false,ok,419.946,1473.453,1473.453,2.598691706143584,false,592161665
19d,210264439232102,s1000-p100-a0,shrink-only,shrink,1000,100.0,0.0,0.0,false,false,false,ok,39.802,6247.272,6247.272,1.0757857827847672,false,-1211980585
7c,7748141264470,s4000-p100-a04,shrink-only,shrink,4000,100.0,0.4,0.0,false,false,false,ok,2071.128,11036.45,11036.45,7.394517185052375,false,-399731567
8b,7876990283376,s1000-p0-a04,shrink-only,shrink,1000,0.0,0.4,0.0,false,false,false,ok,22.463,201.778,201.778,0.9925330552494884,false,1478161348
27b,214117024918503,s1000-p25-a04,shrink-only,shrink,1000,25.0,0.4,0.0,false,false,false,ok,223.563,6.596,6.596,1.1305167537920986,false,1728540501
26c,213988175899589,s1000-p100-a0,shrink-only,shrink,1000,100.0,0.0,0.0,false,false,false,ok,473.428,2159.569,2159.569,6.269333213340668,false,628672308
15d,209731863287706,s1000-p400-a04,shrink-only,shrink,1000,400.0,0.4,0.0,false,false,false,ok,218.63,771.066,771.066,1.5294922758325202,false,-704972777
11c,209194992375577,s250-p100-a04,shrink-only,shrink,250,100.0,0.4,0.0,false,false,false,ok,22.603,579.457,579.457,1.1514720362298465,false,1916526955
23c,213588743940888,s250-p100-a04,shrink-only,shrink,250,100.0,0.4,0.0,false,false,false,ok,32.453,3342.685,3342.685,3.606080318633638,false,1835492322
16c,209860712306564,s1000-p25-a04,shrink-only,shrink,1000,25.0,0.4,0.0,false,false,false,ok,321.038,846.849,846.849,2.1006064815389007,false,719404660
13b,209456985380826,s1000-p400-a04,shrink-only,shrink,1000,400.0,0.4,0.0,false,false,false,ok,128.431,795.819,795.819,2.3635286360882426,false,-2119720580
17a,209985266358177,s1000-p100-a16,shrink-only,shrink,1000,100.0,1.6,0.0,false,false,false,ok,259.248,9497.752,9497.752,4.936947791895304,false,-1125412742
8b,7876990283376,s1000-p100-a0,shrink-only,shrink,1000,100.0,0.0,0.0,false,false,false,ok,18.688,166.992,166.992,0.821422949787502,false,-1987159524
16c,209860712306564,s1000-p400-a04,shrink-only,shrink,1000,400.0,0.4,0.0,false,false,false,ok,20.416,367.383,367.383,0.9112924630095871,false,719404660
15d,209731863287706,s1000-p100-a16,shrink-only,shrink,1000,100.0,1.6,0.0,false,false,false,ok,23.168,664.262,664.262,1.3176350638324883,false,-704972777
30a,217308185619710,s1000-p100-a0,shrink-only,shrink,1000,100.0,0.0,0.0,false,false,false,ok,639.081,1347.174,1347.174,1.7134691551792995,false,1041678136
31a,217441329605785,s1000-p100-a04,shrink-only,shrink,1000,100.0,0.4,0.0,false,true,false,ok,515.542,342.823,342.823,1.686249723322102,false,499229554
15a,209718978385895,s1000-p100-a0,shrink-only,shrink,1000,100.0,0.0,0.0,false,false,false,ok,175.556,1466.261,1466.261,3.2744206300909457,false,-93948010
29c,214387607858086,s1000-p100-a04,shrink-only,shrink,1000,100.0,0.4,0.0,false,true,false,ok,1621.333,175.02,175.02,2.681148319495083,false,2081534655
22a,213447010020219,s1000-p100-a04,shrink-only,shrink,1000,100.0,0.4,0.0,false,true,false,ok,201.192,703.188,703.188,1.4919497625293987,false,-557882130
5a,7473263357846,s250-p100-a04,shrink-only,shrink,250,100.0,0.4,0.0,false,false,false,ok,48.859,618.405,618.405,4.042959364795026,false,414652499
33b,217711912546136,s1000-p400-a04,shrink-only,shrink,1000,400.0,0.4,0.0,false,false,false,ok,197.252,4.733,4.733,1.186066908908658,false,-1989803960
29c,214387607858086,s1000-p400-a04,shrink-only,shrink,1000,400.0,0.4,0.0,false,false,false,ok,1264.011,80.925,80.925,1.2396979074113792,false,2081534655
13a,209452690413349,s250-p100-a04,shrink-only,shrink,250,100.0,0.4,0.0,false,false,false,ok,52.458,2262.219,2262.219,2.9656699903775814,false,-1062568155
15b,209723273353188,s1000-p0-a04,shrink-only,shrink,1000,0.0,0.4,0.0,false,false,false,ok,122.621,56.009,56.009,6.455996772520316,false,1563801558
4a,7340119371767,s1000-p25-a04,shrink-only,shrink,1000,25.0,0.4,0.0,false,false,false,ok,26.183,848.507,848.507,1.120556192755205,false,1427000343
5a,7473263357846,s1000-p0-a04,shrink-only,shrink,1000,0.0,0.4,0.0,false,false,false,ok,51.5,154.365,154.365,1.0091953046087665,false,414652499
30a,217308185619710,s1000-p100-a16,shrink-only,shrink,1000,100.0,1.6,0.0,false,false,false,ok,103.115,1070.53,1070.53,1.3616059504519056,false,-824386529
25c,213855031913434,s1000-p100-a04,shrink-only,shrink,1000,100.0,0.4,0.0,false,true,false,ok,419.438,740.341,740.341,0.8337009124257124,false,35421457
28b,214250168904582,s1000-p0-a04,shrink-only,shrink,1000,0.0,0.4,0.0,false,false,false,ok,191.815,235.481,235.481,2.1631147691572816,false,1300118193
8d,7885580217974,s1000-p100-a16,shrink-only,shrink,1000,100.0,1.6,0.0,false,false,false,ok,268.721,610.557,610.557,1.0079763853428658,false,1142152349
17a,209985266358177,s250-p100-a04,shrink-only,shrink,250,100.0,0.4,0.0,false,false,false,ok,53.889,2501.651,2501.651,1.3003624837269574,false,-1125412742
27c,214121319885796,s1000-p400-a04,shrink-only,shrink,1000,400.0,0.4,0.0,false,false,false,ok,219.27,35.389,35.389,1.3508025268622248,false,-1093302568
15c,209727568320485,s1000-p100-a16,shrink-only,shrink,1000,100.0,1.6,0.0,false,false,false,ok,110.968,746.77,746.77,1.3170593194332254,false,-1622553236
30a,217308185619710,s1000-p25-a04,shrink-only,shrink,1000,25.0,0.4,0.0,false,false,false,ok,83.367,775.248,775.248,0.9860370936600927,false,1824803898
10a,209053258454904,s4000-p100-a04,shrink-only,shrink,4000,100.0,0.4,0.0,false,false,false,ok,1115.445,751.955,751.955,2.382239217108796,false,1718403736
24a,213713297992453,s1000-p0-a04,shrink-only,shrink,1000,0.0,0.4,0.0,false,false,false,ok,411.147,283.595,283.595,2.014061750972072,false,-520825330
18b,210122705311297,s1000-p25-a04,shrink-only,shrink,1000,25.0,0.4,0.0,false,false,false,ok,218.24,464.833,464.833,0.7142129503366842,false,-633376097
15c,209727568320485,s250-p100-a04,shrink-only,shrink,250,100.0,0.4,0.0,false,false,false,ok,27.445,545.134,545.134,0.9614390174215781,false,1618416054
23b,213584448973595,s1000-p100-a0,shrink-only,shrink,1000,100.0,0.0,0.0,false,false,false,ok,73.931,209.556,209.556,4.223812307258179,false,-439854755
26c,213988175899589,s4000-p100-a04,shrink-only,shrink,4000,100.0,0.4,0.0,false,false,false,ok,929.493,1198.954,1198.954,3.480621426528926,false,628672308
23c,213588743940888,s1000-p100-a0,shrink-only,shrink,1000,100.0,0.0,0.0,false,false,false,ok,69.403,2366.363,2366.363,2.552826557406053,false,-1576721678
27c,214121319885796,s1000-p25-a04,shrink-only,shrink,1000,25.0,0.4,0.0,false,false,false,ok,93.977,26.758,26.758,1.0213561845143804,false,-1273730499
30b,217312480587007,s1000-p100-a04,shrink-only,shrink,1000,100.0,0.4,0.0,false,true,false,ok,229.141,36.616,36.616,1.0379273201428652,false,-1031970200
13b,209456985380826,s1000-p25-a04,shrink-only,shrink,1000,25.0,0.4,0.0,false,false,false,ok,18.233,332.536,332.536,0.9876094420091,false,-2119720580
2d,7086716301096,s250-p100-a04,shrink-only,shrink,250,100.0,0.4,0.0,false,false,false,ok,18.422,142.576,142.576,0.9859823101872021,false,321836810
8b,7876990283376,s250-p100-a04,shrink-only,shrink,250,100.0,0.4,0.0,false,false,false,ok,35.632,152.826,152.826,0.7517413033212655,false,-387699444
6b,7610702311350,s1000-p100-a04,shrink-only,shrink,1000,100.0,0.4,0.0,false,true,false,ok,116.134,4.805,4.805,1.1514497963096093,false,1482096114
21a,213313866034008,s1000-p100-a0,shrink-only,shrink,1000,100.0,0.0,0.0,false,false,false,ok,76.737,41.255,41.255,1.3783828934179754,false,405046416
19d,210264439232102,s1000-p100-a04,shrink-only,shrink,1000,100.0,0.4,0.0,false,true,false,ok,267.238,6746.916,6746.916,1.1618249230132882,false,723032794
23b,213584448973595,s1000-p0-a04,shrink-only,shrink,1000,0.0,0.4,0.0,false,false,false,ok,28.851,46.989,46.989,0.9471106363251567,false,-439854755
4b,7344414339060,s4000-p100-a04,shrink-only,shrink,4000,100.0,0.4,0.0,false,false,false,ok,42.176,23.547,23.547,1.0800137598899209,false,261415237
24b,213717592959802,s1000-p400-a04,shrink-only,shrink,1000,400.0,0.4,0.0,false,false,false,ok,258.346,2.084,2.084,1.171773966825977,false,644596804
30c,217316775554300,s1000-p400-a04,shrink-only,shrink,1000,400.0,0.4,0.0,false,false,false,ok,347.809,978.22,978.22,1.2246042526023246,false,-804478301
22b,213451304987512,s1000-p100-a16,shrink-only,shrink,1000,100.0,1.6,0.0,false,false,false,ok,78.731,727.654,727.654,1.5290687473010556,false,316133052
1c,6949277347592,s1000-p400-a04,shrink-only,shrink,1000,400.0,0.4,0.0,false,false,false,ok,16.172,1.056,1.056,0.9773253123553911,false,686382736
27b,214117024918503,s1000-p100-a16,shrink-only,shrink,1000,100.0,1.6,0.0,false,false,false,ok,116.726,6.654,6.654,1.140457622761162,false,-1505844372
16c,209860712306564,s1000-p100-a16,shrink-only,shrink,1000,100.0,1.6,0.0,false,false,false,ok,191.856,532.048,532.048,1.3197435166007268,false,719404660
30c,217316775554300,s250-p100-a04,shrink-only,shrink,250,100.0,0.4,0.0,false,false,false,ok,122.653,552.468,552.468,0.691618104543662,false,-1984686161
22b,213451304987512,s4000-p100-a04,shrink-only,shrink,4000,100.0,0.4,0.0,false,false,false,ok,92.252,360.162,360.162,0.7568328603504451,false,815426615
7c,7748141264470,s1000-p400-a04,shrink-only,shrink,1000,400.0,0.4,0.0,false,false,false,ok,610.377,3830.954,3830.954,2.566772394034779,false,-1004347469
2d,7086716301096,s1000-p400-a04,shrink-only,shrink,1000,400.0,0.4,0.0,false,false,false,ok,64.628,162.461,162.461,1.1234967462639087,false,321836810
19a,210251554330211,s1000-p100-a16,shrink-only,shrink,1000,100.0,1.6,0.0,false,false,false,ok,155.003,831.252,831.252,1.4659481994672339,false,-477815540
18a,210118410344000,s4000-p100-a04,shrink-only,shrink,4000,100.0,0.4,0.0,false,false,false,ok,583.005,1942.2,1942.2,1.9830245259150123,false,-1701613315
32b,217578768559289,s1000-p100-a04,shrink-only,shrink,1000,100.0,0.4,0.0,false,true,false,ok,102.032,121.167,121.167,0.8529703702139343,false,-888812919
5a,7473263357846,s1000-p100-a04,shrink-only,shrink,1000,100.0,0.4,0.0,false,true,false,ok,19.538,233.727,233.727,1.5280419198671533,false,414652499
5a,7473263357846,s1000-p100-a0,shrink-only,shrink,1000,100.0,0.0,0.0,false,false,false,ok,7.502,163.005,163.005,1.065681214185547,false,414652499
9d,8018724204049,s4000-p100-a04,shrink-only,shrink,4000,100.0,0.4,0.0,false,false,false,ok,1154.69,2121.407,2121.407,1.7917810949727844,false,-1708131848
13d,209465575315416,s1000-p400-a04,shrink-only,shrink,1000,400.0,0.4,0.0,false,false,false,ok,91.761,5578.017,5578.017,1.8111041646339967,false,-2119720580
28a,214245873937281,s1000-p25-a04,shrink-only,shrink,1000,25.0,0.4,0.0,false,false,false,ok,222.299,1055.502,1055.502,1.9811793015488082,false,96586315
13a,209452690413349,s1000-p0-a04,shrink-only,shrink,1000,0.0,0.4,0.0,false,false,false,ok,97.292,1386.034,1386.034,1.817029845228513,false,1188104532
11a,209186402440987,s4000-p100-a04,shrink-only,shrink,4000,100.0,0.4,0.0,false,false,false,ok,221.005,19.499,19.499,1.3079115940570814,false,-1055439248
24b,213717592959802,s4000-p100-a04,shrink-only,shrink,4000,100.0,0.4,0.0,false,false,false,ok,1157.628,3.135,3.135,1.7627213944335114,false,644596804
29b,214383312890785,s1000-p25-a04,shrink-only,shrink,1000,25.0,0.4,0.0,false,false,false,ok,1096.137,6.116,6.116,2.2803877703206563,false,-665152500
7c,7748141264470,s1000-p0-a04,shrink-only,shrink,1000,0.0,0.4,0.0,false,false,false,ok,65.552,1950.716,1950.716,1.3069966325364248,false,-1004347469
2b,7078126366506,s250-p100-a04,shrink-only,shrink,250,100.0,0.4,0.0,false,false,false,ok,17.485,234.028,234.028,1.730777906379076,false,321836810
9c,8014429236752,s1000-p100-a0,shrink-only,shrink,1000,100.0,0.0,0.0,false,false,false,ok,240.695,872.103,872.103,1.3111540927757477,false,659609918
8d,7885580217974,s1000-p400-a04,shrink-only,shrink,1000,400.0,0.4,0.0,false,false,false,ok,185.494,610.867,610.867,1.0084881683204685,false,1142152349
10a,209053258454904,s1000-p100-a0,shrink-only,shrink,1000,100.0,0.0,0.0,false,false,false,ok,247.171,1385.728,1385.728,4.3900706635978715,false,1718403736
13a,209452690413349,s4000-p100-a04,shrink-only,shrink,4000,100.0,0.4,0.0,false,false,false,ok,292.169,824.406,824.406,1.0807601448344393,false,1188104532
6f,7627882180522,s1000-p100-a04,shrink-only,shrink,1000,100.0,0.4,0.0,false,true,false,ok,211.225,5284.913,5284.913,2.9971930272289686,false,1250717231
24b,213717592959802,s1000-p100-a0,shrink-only,shrink,1000,100.0,0.0,0.0,false,false,false,ok,288.19,2.341,2.341,1.316277762159123,false,644596804
3c,7215565320138,s1000-p400-a04,shrink-only,shrink,1000,400.0,0.4,0.0,false,false,false,ok,64.698,1493.992,1493.992,1.1388253875571606,false,-1572305105
15c,209727568320485,s1000-p25-a04,shrink-only,shrink,1000,25.0,0.4,0.0,false,false,false,ok,178.125,1389.151,1389.151,2.4500104056804433,false,592161665
15a,209718978385895,s1000-p400-a04,shrink-only,shrink,1000,400.0,0.4,0.0,false,false,false,ok,116.206,467.14,467.14,1.0432063958194921,false,196157638
13d,209465575315416,s1000-p100-a0,shrink-only,shrink,1000,100.0,0.0,0.0,false,false,false,ok,33.133,3234.114,3234.114,1.0500716176198663,false,-2119720580
27b,214117024918503,s250-p100-a04,shrink-only,shrink,250,100.0,0.4,0.0,false,false,false,ok,57.322,6.246,6.246,1.0705287513925787,false,-1505844372
31b,217445624573086,s1000-p100-a04,shrink-only,shrink,1000,100.0,0.4,0.0,false,true,false,ok,273.134,9.167,9.167,1.1281767275859946,false,-744571733
30b,217312480587007,s250-p100-a04,shrink-only,shrink,250,100.0,0.4,0.0,false,false,false,ok,108.82,39.683,39.683,1.1248653551788648,false,-119349660
33a,217707617578843,s1000-p100-a04,shrink-only,shrink,1000,100.0,0.4,0.0,false,true,false,ok,181.675,8.106,8.106,1.7598784194528876,false,1253926702
19a,210251554330211,s250-p100-a04,shrink-only,shrink,250,100.0,0.4,0.0,false,false,false,ok,35.056,510.517,510.517,0.9003184075916977,false,-477815540
21a,213313866034008,s4000-p100-a04,shrink-only,shrink,4000,100.0,0.4,0.0,false,false,false,ok,177.334,50.187,50.187,1.6768125626461743,false,405046416
9a,8005839302162,s1000-p100-a16,shrink-only,shrink,1000,100.0,1.6,0.0,false,false,false,ok,199.57,472.172,472.172,0.9620760231832913,false,1576652456
13c,209461280348123,s1000-p100-a0,shrink-only,shrink,1000,100.0,0.0,0.0,false,false,false,ok,48.67,747.497,747.497,1.5888725336507548,false,876197618
12b,209323841394491,s1000-p100-a16,shrink-only,shrink,1000,100.0,1.6,0.0,false,false,false,ok,31.901,1.456,1.456,1.0841399851079672,false,466548996
16d,209865007273861,s1000-p100-a04,shrink-only,shrink,1000,100.0,0.4,0.0,false,true,false,ok,239.848,1013.383,1013.383,3.3780052634298294,false,719404660
4b,7344414339060,s1000-p25-a04,shrink-only,shrink,1000,25.0,0.4,0.0,false,false,false,ok,14.375,50.557,50.557,2.3188625157665403,false,261415237
28a,214245873937281,s1000-p100-a16,shrink-only,shrink,1000,100.0,1.6,0.0,false,false,false,ok,151.038,513.035,513.035,0.9629676902271078,false,-351635764
11d,209199287342878,s1000-p400-a04,shrink-only,shrink,1000,400.0,0.4,0.0,false,false,false,ok,31.316,265.316,265.316,1.1898859070034442,false,2003817464
4c,7348709306357,s1000-p100-a0,shrink-only,shrink,1000,100.0,0.0,0.0,false,false,false,ok,36.735,1717.914,1717.914,1.1807630461775007,false,-430037632
11b,209190697408280,s1000-p400-a04,shrink-only,shrink,1000,400.0,0.4,0.0,false,false,false,ok,25.459,3.858,3.858,1.960864040660737,false,898037380
27c,214121319885796,s1000-p100-a0,shrink-only,shrink,1000,100.0,0.0,0.0,false,false,false,ok,149.252,28.162,28.162,1.0749470389526117,false,-1273730499
28c,214254463871879,s1000-p100-a04,shrink-only,shrink,1000,100.0,0.4,0.0,false,true,false,ok,150.571,478.436,478.436,0.9530379284139906,false,-676166940
13b,209456985380826,s1000-p100-a04,shrink-only,shrink,1000,100.0,0.4,0.0,false,true,false,ok,32.039,345.666,345.666,1.0266046544780643,false,-2119720580
23b,213584448973595,s250-p100-a04,shrink-only,shrink,250,100.0,0.4,0.0,false,false,false,ok,22.479,121.733,121.733,2.453651260758269,false,2055054090
23c,213588743940888,s1000-p25-a04,shrink-only,shrink,1000,25.0,0.4,0.0,false,false,false,ok,40.217,1308.794,1308.794,1.4119237333298813,false,-1576721678
15d,209731863287706,s1000-p100-a04,shrink-only,shrink,1000,100.0,0.4,0.0,false,true,false,ok,123.37,559.168,559.168,1.1091698206025407,false,-704972777
13d,209465575315416,s1000-p0-a04,shrink-only,shrink,1000,0.0,0.4,0.0,false,false,false,ok,17.381,2754.696,2754.696,0.8944112930994316,false,-2119720580
8b,7876990283376,s4000-p100-a04,shrink-only,shrink,4000,100.0,0.4,0.0,false,false,false,ok,370.446,216.665,216.665,1.0657612545254211,false,-1987159524
23a,213580154006298,s250-p100-a04,shrink-only,shrink,250,100.0,0.4,0.0,false,false,false,ok,14.608,402.8,402.8,1.0650350935409114,false,1835492322
17e,210002446227365,s1000-p25-a04,shrink-only,shrink,1000,25.0,0.4,0.0,false,false,false,ok,175.735,6260.291,6260.291,1.5205475076749468,false,-1125412742
13d,209465575315416,s1000-p25-a04,shrink-only,shrink,1000,25.0,0.4,0.0,false,false,false,ok,24.816,3149.213,3149.213,1.0225054494490646,false,-2119720580
9a,8005839302162,s1000-p25-a04,shrink-only,shrink,1000,25.0,0.4,0.0,false,false,false,ok,21.773,524.057,524.057,1.0677945208131063,false,2029736178
28c,214254463871879,s4000-p100-a04,shrink-only,shrink,4000,100.0,0.4,0.0,false,false,false,ok,334.139,1409.075,1409.075,2.806858010224866,false,-1040088321
11a,209186402440987,s1000-p25-a04,shrink-only,shrink,1000,25.0,0.4,0.0,false,false,false,ok,25.143,18.13,18.13,1.2160847838481403,false,-1055439248
9c,8014429236752,s4000-p100-a04,shrink-only,shrink,4000,100.0,0.4,0.0,false,false,false,ok,1278.101,1715.325,1715.325,2.5788873495338964,false,659609918
11d,209199287342878,s1000-p100-a0,shrink-only,shrink,1000,100.0,0.0,0.0,false,false,false,ok,23.288,1748.339,1748.339,7.840929068599311,false,198126114
13b,209456985380826,s1000-p100-a0,shrink-only,shrink,1000,100.0,0.0,0.0,false,false,false,ok,21.123,355.307,355.307,1.0552377727882916,false,-2119720580
21a,213313866034008,s1000-p0-a04,shrink-only,shrink,1000,0.0,0.4,0.0,false,false,false,ok,54.881,18.706,18.706,0.6249916471767457,false,-597700708
12b,209323841394491,s4000-p100-a04,shrink-only,shrink,4000,100.0,0.4,0.0,false,false,false,ok,125.044,1.313,1.313,0.9776619508562918,false,-1300552445
9a,8005839302162,s250-p100-a04,shrink-only,shrink,250,100.0,0.4,0.0,false,false,false,ok,71.518,472.114,472.114,0.9619578450419685,false,1576652456
24a,213713297992453,s250-p100-a04,shrink-only,shrink,250,100.0,0.4,0.0,false,false,false,ok,122.024,283.115,283.115,2.0106528416455087,false,672276191
27a,214112729951206,s1000-p400-a04,shrink-only,shrink,1000,400.0,0.4,0.0,false,false,false,ok,103.736,17.286,17.286,0.9825498777923038,false,704699266
33a,217707617578843,s1000-p400-a04,shrink-only,shrink,1000,400.0,0.4,0.0,false,false,false,ok,98.788,5.103,5.103,1.1079027355623101,false,1514619789
24a,213713297992453,s1000-p25-a04,shrink-only,shrink,1000,25.0,0.4,0.0,false,false,false,ok,307.893,113.444,113.444,0.8056673117554107,false,672276191
32b,217578768559289,s1000-p100-a16,shrink-only,shrink,1000,100.0,1.6,0.0,false,false,false,ok,79.556,100.836,100.836,0.709847732888429,false,-888812919
5a,7473263357846,s1000-p400-a04,shrink-only,shrink,1000,400.0,0.4,0.0,false,false,false,ok,23.693,207.463,207.463,1.3563352151073655,false,414652499
32b,217578768559289,s1000-p25-a04,shrink-only,shrink,1000,25.0,0.4,0.0,false,false,false,ok,4.453,143.007,143.007,1.006715803256531,false,1520237401
17a,209985266358177,s1000-p400-a04,shrink-only,shrink,1000,400.0,0.4,0.0,false,false,false,ok,201.106,1926.678,1926.678,1.0014905314218838,false,-1125412742
8c,7881285250673,s250-p100-a04,shrink-only,shrink,250,100.0,0.4,0.0,false,false,false,ok,65.11,5861.338,5861.338,1.2717444698253115,false,1733352584
19d,210264439232102,s1000-p25-a04,shrink-only,shrink,1000,25.0,0.4,0.0,false,false,false,ok,358.006,6508.118,6508.118,1.1207036954827059,false,-1211980585
8c,7881285250673,s1000-p100-a0,shrink-only,shrink,1000,100.0,0.0,0.0,false,false,false,ok,212.236,4699.436,4699.436,1.0196446177132221,false,-388506810
13c,209461280348123,s1000-p25-a04,shrink-only,shrink,1000,25.0,0.4,0.0,false,false,false,ok,106.225,762.551,762.551,1.620871173272825,false,876197618
13b,209456985380826,s1000-p100-a16,shrink-only,shrink,1000,100.0,1.6,0.0,false,false,false,ok,41.661,329.451,329.451,0.9784472005417159,false,-2119720580
19a,210251554330211,s1000-p25-a04,shrink-only,shrink,1000,25.0,0.4,0.0,false,false,false,ok,225.632,595.239,595.239,1.0497292521433657,false,-477815540
28b,214250168904582,s1000-p100-a04,shrink-only,shrink,1000,100.0,0.4,0.0,false,true,false,ok,250.95,374.081,374.081,3.4362863074351018,false,-461396360
13c,209461280348123,s1000-p100-a04,shrink-only,shrink,1000,100.0,0.4,0.0,false,true,false,ok,12.542,473.651,473.651,1.006788073311617,false,876197618
31c,217449919540383,s250-p100-a04,shrink-only,shrink,250,100.0,0.4,0.0,false,false,false,ok,195.612,813.648,813.648,3.5913848924435734,false,1982821986
19d,210264439232102,s250-p100-a04,shrink-only,shrink,250,100.0,0.4,0.0,false,false,false,ok,88.66,3961.53,3961.53,0.6821789818140365,false,-1246359705
13c,209461280348123,s1000-p0-a04,shrink-only,shrink,1000,0.0,0.4,0.0,false,false,false,ok,16.129,421.325,421.325,0.8955644239915401,false,876197618
6a,7606407344049,s1000-p400-a04,shrink-only,shrink,1000,400.0,0.4,0.0,false,false,false,ok,166.467,7.883,7.883,2.0076403922068,false,-224470636
28a,214245873937281,s1000-p400-a04,shrink-only,shrink,1000,400.0,0.4,0.0,false,false,false,ok,244.19,623.17,623.17,1.1696912988759574,false,-351635764
14b,209590129366981,s1000-p0-a04,shrink-only,shrink,1000,0.0,0.4,0.0,false,false,false,ok,67.394,39.372,39.372,1.0653894548849292,false,1297441228
13c,209461280348123,s1000-p400-a04,shrink-only,shrink,1000,400.0,0.4,0.0,false,false,false,ok,11.482,500.352,500.352,1.063543465669056,false,876197618
11b,209190697408280,s250-p100-a04,shrink-only,shrink,250,100.0,0.4,0.0,false,false,false,ok,12.094,2.028,2.028,1.0307496823379925,false,-1446711126
4a,7340119371767,s1000-p100-a0,shrink-only,shrink,1000,100.0,0.0,0.0,false,false,false,ok,25.391,810.196,810.196,1.0699618802738178,false,1427000343
13b,209456985380826,s4000-p100-a04,shrink-only,shrink,4000,100.0,0.4,0.0,false,false,false,ok,322.951,340.68,340.68,1.0117965715100325,false,-2119720580
21a,213313866034008,s1000-p25-a04,shrink-only,shrink,1000,25.0,0.4,0.0,false,false,false,ok,55.293,49.031,49.031,1.6381891079184765,false,405046416
18a,210118410344000,s1000-p100-a0,shrink-only,shrink,1000,100.0,0.0,0.0,false,false,false,ok,259.735,2055.738,2055.738,2.098949064388567,false,-1701613315
5b,7477558325143,s1000-p400-a04,shrink-only,shrink,1000,400.0,0.4,0.0,false,false,false,ok,25.493,253.218,253.218,0.9640101800157231,false,-1512145598
31c,217449919540383,s1000-p0-a04,shrink-only,shrink,1000,0.0,0.4,0.0,false,false,false,ok,454.506,220.734,220.734,0.9743043095400465,false,-105956113
16d,209865007273861,s250-p100-a04,shrink-only,shrink,250,100.0,0.4,0.0,false,false,false,ok,68.471,781.348,781.348,2.6045410832531926,false,719404660
14b,209590129366981,s1000-p100-a0,shrink-only,shrink,1000,100.0,0.0,0.0,false,false,false,ok,23.824,39.027,39.027,1.0560539026667208,false,1297441228
11c,209194992375577,s1000-p100-a0,shrink-only,shrink,1000,100.0,0.0,0.0,false,false,false,ok,24.716,446.76,446.76,0.8877822632327269,false,212006990
6a,7606407344049,s1000-p100-a0,shrink-only,shrink,1000,100.0,0.0,0.0,false,false,false,ok,10.336,4.407,4.407,1.1223736151789125,false,-224470636
24a,213713297992453,s1000-p100-a0,shrink-only,shrink,1000,100.0,0.0,0.0,false,false,false,ok,219.538,267.187,267.187,1.8975338671590647,false,941138625
29b,214383312890785,s1000-p0-a04,shrink-only,shrink,1000,0.0,0.4,0.0,false,false,false,ok,1151.46,5.667,5.667,2.1129753914988814,false,-290208566
32a,217574473591992,s1000-p400-a04,shrink-only,shrink,1000,400.0,0.4,0.0,false,false,false,ok,73.607,0.19,0.19,0.9620253164556962,false,1765267761
1c,6949277347592,s1000-p100-a04,shrink-only,shrink,1000,100.0,0.4,0.0,false,true,false,ok,9.081,1.069,1.069,0.9893567792688569,false,686382736
9c,8014429236752,s250-p100-a04,shrink-only,shrink,250,100.0,0.4,0.0,false,false,false,ok,91.591,718.925,718.925,1.0808602380095063,false,906638406
27a,214112729951206,s250-p100-a04,shrink-only,shrink,250,100.0,0.4,0.0,false,false,false,ok,71.541,17.199,17.199,0.9776047291536407,false,704699266
22d,213459894922110,s4000-p100-a04,shrink-only,shrink,4000,100.0,0.4,0.0,false,false,false,ok,254.815,6642.14,6642.14,10.995655301252587,true,1311334790
31a,217441329605785,s250-p100-a04,shrink-only,shrink,250,100.0,0.4,0.0,false,false,false,ok,98.313,185.014,185.014,0.9100317257322742,false,619611693
5a,7473263357846,s1000-p25-a04,shrink-only,shrink,1000,25.0,0.4,0.0,false,false,false,ok,12.006,169.598,169.598,1.1087844088429215,false,414652499
21c,213322455968606,s1000-p25-a04,shrink-only,shrink,1000,25.0,0.4,0.0,false,false,false,ok,83.602,46.889,46.889,1.121920872863005,false,405046416
23b,213584448973595,s4000-p100-a04,shrink-only,shrink,4000,100.0,0.4,0.0,false,false,false,ok,243.863,186.669,186.669,3.7625017636506564,false,-439854755
19b,210255849297504,s1000-p25-a04,shrink-only,shrink,1000,25.0,0.4,0.0,false,false,false,ok,81.297,194.101,194.101,1.2557035235208684,false,825922194
33b,217711912546136,s250-p100-a04,shrink-only,shrink,250,100.0,0.4,0.0,false,false,false,ok,82.347,3.701,3.701,0.9274527001628868,false,-1989803960
22b,213451304987512,s250-p100-a04,shrink-only,shrink,250,100.0,0.4,0.0,false,false,false,ok,24.287,434.753,434.753,0.9135759922921826,false,316133052
25c,213855031913434,s4000-p100-a04,shrink-only,shrink,4000,100.0,0.4,0.0,false,false,false,ok,964.982,1032.554,1032.554,1.1627631212222733,false,35421457
4a,7340119371767,s250-p100-a04,shrink-only,shrink,250,100.0,0.4,0.0,false,false,false,ok,3.912,791.425,791.425,1.0451725028211767,false,1427000343
9d,8018724204049,s1000-p100-a16,shrink-only,shrink,1000,100.0,1.6,0.0,false,false,false,ok,364.303,1642.375,1642.375,1.3871814677032397,false,969253244
9d,8018724204049,s1000-p100-a04,shrink-only,shrink,1000,100.0,0.4,0.0,false,true,false,ok,19.44,1226.255,1226.255,1.0357185238927993,false,-1708131848
23b,213584448973595,s1000-p100-a04,shrink-only,shrink,1000,100.0,0.4,0.0,false,true,false,ok,50.111,43.339,43.339,0.8735412089573297,false,2055054090
4c,7348709306357,s1000-p100-a04,shrink-only,shrink,1000,100.0,0.4,0.0,false,true,false,ok,10.197,1466.898,1466.898,1.0082337945390067,false,-430037632
13c,209461280348123,s250-p100-a04,shrink-only,shrink,250,100.0,0.4,0.0,false,false,false,ok,14.688,481.988,481.988,1.0245091214403002,false,876197618
5a,7473263357846,s4000-p100-a04,shrink-only,shrink,4000,100.0,0.4,0.0,false,false,false,ok,52.161,172.432,172.432,1.1273123102017866,false,414652499
22d,213459894922110,s1000-p100-a04,shrink-only,shrink,1000,100.0,0.4,0.0,false,true,false,ok,74.825,5289.619,5289.619,8.756639757511344,false,739141114
9c,8014429236752,s1000-p100-a04,shrink-only,shrink,1000,100.0,0.4,0.0,false,true,false,ok,250.881,651.26,651.26,0.9791300046681797,false,659609918
7c,7748141264470,s1000-p100-a16,shrink-only,shrink,1000,100.0,1.6,0.0,false,false,false,ok,535.064,4327.129,4327.129,2.8992139458284587,false,-1004347469
19d,210264439232102,s4000-p100-a04,shrink-only,shrink,4000,100.0,0.4,0.0,false,false,false,ok,757.706,5451.941,5451.941,0.9388290787373059,false,-1211980585
4a,7340119371767,s1000-p100-a16,shrink-only,shrink,1000,100.0,1.6,0.0,false,false,false,ok,11.096,809.099,809.099,1.0685131589981507,false,-1509295857
18a,210118410344000,s1000-p400-a04,shrink-only,shrink,1000,400.0,0.4,0.0,false,false,false,ok,20.422,1023.686,1023.686,1.0452036066501058,false,-574815707
9d,8018724204049,s250-p100-a04,shrink-only,shrink,250,100.0,0.4,0.0,false,false,false,ok,65.694,1304.139,1304.139,1.101500846097289,false,969253244
8a,7872695316083,s1000-p400-a04,shrink-only,shrink,1000,400.0,0.4,0.0,false,false,false,ok,141.136,71.143,71.143,0.747002247002247,false,-1762716238
9b,8010134269459,s1000-p100-a0,shrink-only,shrink,1000,100.0,0.0,0.0,false,false,false,ok,213.727,491.352,491.352,0.9875618165757359,false,1556140202
4b,7344414339060,s1000-p100-a04,shrink-only,shrink,1000,100.0,0.4,0.0,false,true,false,ok,10.9,22.233,22.233,1.0197454420364636,false,261415237
19c,210260144264801,s1000-p400-a04,shrink-only,shrink,1000,400.0,0.4,0.0,false,false,false,ok,140.605,854.793,854.793,1.1293938112728905,false,1055693188
15c,209727568320485,s1000-p0-a04,shrink-only,shrink,1000,0.0,0.4,0.0,false,false,false,ok,179.997,1585.403,1585.403,2.7961350833689007,false,-1076120849
29a,214379017923488,s4000-p100-a04,shrink-only,shrink,4000,100.0,0.4,0.0,false,false,false,ok,1493.943,24.606,24.606,0.9621114369501466,false,77915294
6f,7627882180522,s1000-p400-a04,shrink-only,shrink,1000,400.0,0.4,0.0,false,false,false,ok,180.667,5646.343,5646.343,3.202168109284504,false,1250717231
31b,217445624573086,s1000-p100-a0,shrink-only,shrink,1000,100.0,0.0,0.0,false,false,false,ok,152.56,12.382,12.382,1.5238446864808317,false,-744571733
31b,217445624573086,s1000-p0-a04,shrink-only,shrink,1000,0.0,0.4,0.0,false,false,false,ok,51.883,7.862,7.862,0.9675712263860685,false,-744571733
22a,213447010020219,s4000-p100-a04,shrink-only,shrink,4000,100.0,0.4,0.0,false,false,false,ok,140.267,533.125,533.125,1.1311281153098256,false,-2145268623
11d,209199287342878,s1000-p0-a04,shrink-only,shrink,1000,0.0,0.4,0.0,false,false,false,ok,30.938,2135.409,2135.409,9.576855805109071,false,670874103
25c,213855031913434,s250-p100-a04,shrink-only,shrink,250,100.0,0.4,0.0,false,false,false,ok,78.438,1153.473,1153.473,1.298930482788909,false,35421457
33b,217711912546136,s1000-p25-a04,shrink-only,shrink,1000,25.0,0.4,0.0,false,false,false,ok,149.564,5.227,5.227,1.3098609196842501,false,1896864069
18a,210118410344000,s1000-p0-a04,shrink-only,shrink,1000,0.0,0.4,0.0,false,false,false,ok,18.014,964.679,964.679,0.9849562952503182,false,-1701613315
6b,7610702311350,s1000-p0-a04,shrink-only,shrink,1000,0.0,0.4,0.0,false,false,false,ok,104.441,40.756,40.756,9.76659477594057,false,1482096114
32a,217574473591992,s250-p100-a04,shrink-only,shrink,250,100.0,0.4,0.0,false,false,false,ok,18.422,0.142,0.142,0.7189873417721518,false,1765267761
29c,214387607858086,s1000-p0-a04,shrink-only,shrink,1000,0.0,0.4,0.0,false,false,false,ok,1101.808,148.735,148.735,2.278485860473667,false,254816621
24a,213713297992453,s4000-p100-a04,shrink-only,shrink,4000,100.0,0.4,0.0,false,false,false,ok,940.876,148.974,148.974,1.0579976208653656,false,2055842777
15d,209731863287706,s4000-p100-a04,shrink-only,shrink,4000,100.0,0.4,0.0,false,false,false,ok,403.858,622.725,622.725,1.2352419604389329,false,-704972777
15c,209727568320485,s1000-p100-a04,shrink-only,shrink,1000,100.0,0.4,0.0,false,true,false,ok,22.543,547.822,547.822,0.9661797748845674,false,592161665
14b,209590129366981,s1000-p25-a04,shrink-only,shrink,1000,25.0,0.4,0.0,false,false,false,ok,45.796,40.105,40.105,1.085224120902166,false,1297441228
31a,217441329605785,s1000-p100-a16,shrink-only,shrink,1000,100.0,1.6,0.0,false,false,false,ok,179.341,422.553,422.553,2.0784191239762917,false,619611693
19c,210260144264801,s1000-p0-a04,shrink-only,shrink,1000,0.0,0.4,0.0,false,false,false,ok,33.319,763.026,763.026,1.008146817112808,false,-1142457374
9b,8010134269459,s4000-p100-a04,shrink-only,shrink,4000,100.0,0.4,0.0,false,false,false,ok,563.285,459.583,459.583,0.9237097281527836,false,1556140202
6b,7610702311350,s1000-p100-a0,shrink-only,shrink,1000,100.0,0.0,0.0,false,false,false,ok,10.232,4.253,4.253,1.0191708602923557,false,1482096114
23b,213584448973595,s1000-p400-a04,shrink-only,shrink,1000,400.0,0.4,0.0,false,false,false,ok,30.691,70.989,70.989,1.4308548162779917,false,2055054090
15a,209718978385895,s250-p100-a04,shrink-only,shrink,250,100.0,0.4,0.0,false,false,false,ok,18.004,427.473,427.473,0.9546229559449968,false,196157638
18a,210118410344000,s250-p100-a04,shrink-only,shrink,250,100.0,0.4,0.0,false,false,false,ok,33.226,904.541,904.541,0.923554210532227,false,-574815707
30c,217316775554300,s1000-p100-a04,shrink-only,shrink,1000,100.0,0.4,0.0,false,true,false,ok,199.453,804.282,804.282,1.006856491884753,false,-804478301
27b,214117024918503,s1000-p100-a0,shrink-only,shrink,1000,100.0,0.0,0.0,false,false,false,ok,81.021,6.169,6.169,1.0573313908646842,false,1728540501
23c,213588743940888,s4000-p100-a04,shrink-only,shrink,4000,100.0,0.4,0.0,false,false,false,ok,97.62,2193.821,2193.821,2.366688674136261,false,-1576721678
8d,7885580217974,s1000-p0-a04,shrink-only,shrink,1000,0.0,0.4,0.0,false,false,false,ok,128.847,603.183,603.183,0.9958025541272407,false,-1012298996
10a,209053258454904,s1000-p0-a04,shrink-only,shrink,1000,0.0,0.4,0.0,false,false,false,ok,172.403,647.854,647.854,2.0524409117045592,false,1718403736
21b,213318161001305,s1000-p100-a0,shrink-only,shrink,1000,100.0,0.0,0.0,false,false,false,ok,29.617,13.888,13.888,1.0698301428956591,false,405046416
22b,213451304987512,s1000-p100-a0,shrink-only,shrink,1000,100.0,0.0,0.0,false,false,false,ok,38.863,90.502,90.502,0.19017799636673494,false,-1640244435
6f,7627882180522,s1000-p100-a16,shrink-only,shrink,1000,100.0,1.6,0.0,false,false,false,ok,10.961,1686.855,1686.855,0.956653410178431,false,1250717231
22d,213459894922110,s1000-p25-a04,shrink-only,shrink,1000,25.0,0.4,0.0,false,false,false,ok,48.672,6997.618,6997.618,11.584127323097755,true,1311334790
13a,209452690413349,s1000-p400-a04,shrink-only,shrink,1000,400.0,0.4,0.0,false,false,false,ok,72.145,1423.651,1423.651,1.866344084048023,false,-1062568155
13a,209452690413349,s1000-p100-a0,shrink-only,shrink,1000,100.0,0.0,0.0,false,false,false,ok,13.758,675.107,675.107,0.8850356973369236,false,1188104532
13b,209456985380826,s250-p100-a04,shrink-only,shrink,250,100.0,0.4,0.0,false,false,false,ok,13.146,856.758,856.758,2.5445133468762253,false,876197618
29c,214387607858086,s1000-p25-a04,shrink-only,shrink,1000,25.0,0.4,0.0,false,false,false,ok,938.858,73.899,73.899,1.1320659333925673,false,1216159973
4c,7348709306357,s1000-p100-a16,shrink-only,shrink,1000,100.0,1.6,0.0,false,false,false,ok,15.587,1461.183,1461.183,1.0043057394623822,false,-430037632
8b,7876990283376,s1000-p25-a04,shrink-only,shrink,1000,25.0,0.4,0.0,false,false,false,ok,127.275,202.301,202.301,0.9951056587439004,false,-1987159524
17a,209985266358177,s1000-p0-a04,shrink-only,shrink,1000,0.0,0.4,0.0,false,false,false,ok,226.005,6794.803,6794.803,3.531950262252961,false,-1125412742
11a,209186402440987,s1000-p400-a04,shrink-only,shrink,1000,400.0,0.4,0.0,false,false,false,ok,57.992,20.277,20.277,1.360096589194084,false,-1055439248
10a,209053258454904,s1000-p100-a04,shrink-only,shrink,1000,100.0,0.4,0.0,false,true,false,ok,15.804,328.215,328.215,1.0398051008948186,false,1718403736
30a,217308185619710,s4000-p100-a04,shrink-only,shrink,4000,100.0,0.4,0.0,false,false,false,ok,853.717,1108.292,1108.292,1.4096353974556932,false,1041678136
18b,210122705311297,s4000-p100-a04,shrink-only,shrink,4000,100.0,0.4,0.0,false,false,false,ok,451.747,462.494,462.494,0.7106190917017821,false,-633376097
17a,209985266358177,s1000-p100-a0,shrink-only,shrink,1000,100.0,0.0,0.0,false,false,false,ok,20.83,1688.992,1688.992,0.87794094064878,false,-1125412742
24a,213713297992453,s1000-p400-a04,shrink-only,shrink,1000,400.0,0.4,0.0,false,false,false,ok,234.625,136.267,136.267,0.9677538483390444,false,941138625
19c,210260144264801,s1000-p25-a04,shrink-only,shrink,1000,25.0,0.4,0.0,false,false,false,ok,37.876,972.759,972.759,1.2852561900483577,false,-649799299
21c,213322455968606,s1000-p100-a0,shrink-only,shrink,1000,100.0,0.0,0.0,false,false,false,ok,106.849,56.783,56.783,1.358656250373862,false,405046416
25c,213855031913434,s1000-p400-a04,shrink-only,shrink,1000,400.0,0.4,0.0,false,false,false,ok,144.554,1012.034,1012.034,1.1396554685014655,false,35421457
15c,209727568320485,s1000-p400-a04,shrink-only,shrink,1000,400.0,0.4,0.0,false,false,false,ok,23.715,583.09,583.09,1.0283810524904848,false,-1622553236
26c,213988175899589,s1000-p0-a04,shrink-only,shrink,1000,0.0,0.4,0.0,false,false,false,ok,238.9,365.3,365.3,1.0604835607629792,false,628672308
29a,214379017923488,s1000-p100-a04,shrink-only,shrink,1000,100.0,0.4,0.0,false,true,false,ok,897.513,25.62,25.62,1.0017595307917888,false,-858518681
32a,217574473591992,s1000-p0-a04,shrink-only,shrink,1000,0.0,0.4,0.0,false,false,false,ok,75.54,0.177,0.177,0.8962025316455695,false,957982218
16d,209865007273861,s4000-p100-a04,shrink-only,shrink,4000,100.0,0.4,0.0,false,false,false,ok,715.974,399.868,399.868,1.3329177701591195,false,719404660
21b,213318161001305,s250-p100-a04,shrink-only,shrink,250,100.0,0.4,0.0,false,false,false,ok,14.881,12.75,12.75,0.9821669298617263,false,405046416
18a,210118410344000,s1000-p100-a04,shrink-only,shrink,1000,100.0,0.4,0.0,false,true,false,ok,25.671,976.555,976.555,0.9970819256023761,false,-1701613315
10a,209053258454904,s1000-p25-a04,shrink-only,shrink,1000,25.0,0.4,0.0,false,false,false,ok,10.829,327.421,327.421,1.0372896605581172,false,1718403736
30b,217312480587007,s1000-p25-a04,shrink-only,shrink,1000,25.0,0.4,0.0,false,false,false,ok,145.028,35.562,35.562,1.0080503429899652,false,1910947129
15a,209718978385895,s4000-p100-a04,shrink-only,shrink,4000,100.0,0.4,0.0,false,false,false,ok,142.16,464.751,464.751,1.0378713354957931,false,-93948010
32b,217578768559289,s1000-p100-a0,shrink-only,shrink,1000,100.0,0.0,0.0,false,false,false,ok,49.721,145.807,145.807,1.0264267562107101,false,1520237401
3b,7211270352853,s1000-p0-a04,shrink-only,shrink,1000,0.0,0.4,0.0,false,false,false,ok,17.406,12.409,12.409,1.7106424041907915,false,129508754
29c,214387607858086,s4000-p100-a04,shrink-only,shrink,4000,100.0,0.4,0.0,false,false,false,ok,1956.788,61.164,61.164,0.9369772358221761,false,485902434
11a,209186402440987,s1000-p100-a16,shrink-only,shrink,1000,100.0,1.6,0.0,false,false,false,ok,13.252,14.756,14.756,0.9897709360431969,false,-1055439248
6f,7627882180522,s1000-p25-a04,shrink-only,shrink,1000,25.0,0.4,0.0,false,false,false,ok,113.713,2474.167,2474.167,1.4031557531032235,false,1250717231
25c,213855031913434,s1000-p100-a0,shrink-only,shrink,1000,100.0,0.0,0.0,false,false,false,ok,42.249,921.107,921.107,1.0372622161162366,false,35421457
3c,7215565320138,s1000-p0-a04,shrink-only,shrink,1000,0.0,0.4,0.0,false,false,false,ok,31.127,1408.381,1408.381,1.0735666845291953,false,-1572305105
12b,209323841394491,s1000-p100-a04,shrink-only,shrink,1000,100.0,0.4,0.0,false,true,false,ok,29.298,1.769,1.769,1.3172002978406552,false,466548996
30c,217316775554300,s1000-p100-a16,shrink-only,shrink,1000,100.0,1.6,0.0,false,false,false,ok,115.411,792.274,792.274,0.9918240371555009,false,-804478301
21a,213313866034008,s250-p100-a04,shrink-only,shrink,250,100.0,0.4,0.0,false,false,false,ok,93.427,54.773,54.773,1.830036752422319,false,405046416
17e,210002446227365,s4000-p100-a04,shrink-only,shrink,4000,100.0,0.4,0.0,false,false,false,ok,426.831,4215.37,4215.37,1.0238614063511968,false,-1125412742
3c,7215565320138,s4000-p100-a04,shrink-only,shrink,4000,100.0,0.4,0.0,false,false,false,ok,78.232,1327.349,1327.349,1.011798416155247,false,-1572305105
3c,7215565320138,s1000-p25-a04,shrink-only,shrink,1000,25.0,0.4,0.0,false,false,false,ok,14.002,1295.617,1295.617,0.9876100622698419,false,-1572305105
11c,209194992375577,s4000-p100-a04,shrink-only,shrink,4000,100.0,0.4,0.0,false,false,false,ok,66.726,443.93,443.93,0.8821586089106108,false,212006990
21a,213313866034008,s1000-p100-a04,shrink-only,shrink,1000,100.0,0.4,0.0,false,true,false,ok,44.761,30.442,30.442,1.0171065820247245,false,405046416
1c,6949277347592,s4000-p100-a04,shrink-only,shrink,4000,100.0,0.4,0.0,false,false,false,ok,31.47,1.055,1.055,0.976399814900509,false,686382736
7c,7748141264470,s1000-p100-a04,shrink-only,shrink,1000,100.0,0.4,0.0,false,true,false,ok,416.001,3072.911,3072.911,2.0588770118685336,false,-1004347469
3b,7211270352853,s1000-p400-a04,shrink-only,shrink,1000,400.0,0.4,0.0,false,false,false,ok,42.856,21.482,21.482,2.961400606561897,false,129508754
6a,7606407344049,s1000-p100-a04,shrink-only,shrink,1000,100.0,0.4,0.0,false,true,false,ok,112.895,4.553,4.553,1.1595568572520056,false,-224470636
25c,213855031913434,s1000-p25-a04,shrink-only,shrink,1000,25.0,0.4,0.0,false,false,false,ok,101.184,1395.75,1395.75,1.5717595655491026,false,35421457
26c,213988175899589,s1000-p100-a16,shrink-only,shrink,1000,100.0,1.6,0.0,false,false,false,ok,64.097,318.545,318.545,0.9247515353496939,false,-321495561
3b,7211270352853,s250-p100-a04,shrink-only,shrink,250,100.0,0.4,0.0,false,false,false,ok,7.305,6.842,6.842,0.9432037496553626,false,129508754
28c,214254463871879,s250-p100-a04,shrink-only,shrink,250,100.0,0.4,0.0,false,false,false,ok,140.446,718.81,718.81,1.4318596287136849,false,-676166940
11a,209186402440987,s1000-p100-a04,shrink-only,shrink,1000,100.0,0.4,0.0,false,true,false,ok,30.623,15.053,15.053,1.0096924573230037,false,-1055439248
33b,217711912546136,s1000-p0-a04,shrink-only,shrink,1000,0.0,0.4,0.0,false,false,false,ok,151.364,7.967,7.967,1.996491667710813,false,1896864069
4a,7340119371767,s4000-p100-a04,shrink-only,shrink,4000,100.0,0.4,0.0,false,false,false,ok,54.881,827.307,827.307,1.0925590268079468,false,1427000343
21b,213318161001305,s1000-p100-a16,shrink-only,shrink,1000,100.0,1.6,0.0,false,false,false,ok,54.511,12.945,12.945,0.9971883064360821,false,405046416
15a,209718978385895,s1000-p0-a04,shrink-only,shrink,1000,0.0,0.4,0.0,false,false,false,ok,68.396,493.289,493.289,1.101601746344568,false,-1334561136
33b,217711912546136,s1000-p100-a04,shrink-only,shrink,1000,100.0,0.4,0.0,false,true,false,ok,72.02,4.116,4.116,1.0314496930209247,false,-1992524807
8d,7885580217974,s250-p100-a04,shrink-only,shrink,250,100.0,0.4,0.0,false,false,false,ok,35.806,738.389,738.389,1.2190158743523263,false,1142152349
23a,213580154006298,s1000-p0-a04,shrink-only,shrink,1000,0.0,0.4,0.0,false,false,false,ok,66.227,1245.073,1245.073,3.292071596376026,false,-1576721678
