Query Name,Sample Seed,Conditions,Plan Hashes
10b,209057553421955,no-counts | production-floor | raw | shrink,-1941674225 | 1718403736 | 1718403736 | 1718403736
10c,209061848389248,no-counts | production-floor | raw | shrink,1698543765 | 1698543765 | 1349954031 | 1850930972
10c,209061848389249,no-counts | production-floor | raw | shrink,1698543765 | 1698543765 | 1349954031 | 1850930972
10c,209061848389250,no-counts | production-floor | raw | shrink,1698543765 | 1698543765 | 1349954031 | 1850930972
10c,209061848389252,no-counts | production-floor | raw | shrink,1698543765 | 1698543765 | 1349954031 | 1850930972
10c,209061848389253,no-counts | production-floor | raw | shrink,1698543765 | 1698543765 | 1349954031 | 1850930972
10c,209061848389254,no-counts | production-floor | raw | shrink,1698543765 | 1698543765 | 1349954031 | 1850930972
10c,209061848389255,no-counts | production-floor | raw | shrink,1698543765 | 1698543765 | 1349954031 | 1850930972
10c,209061848389288,no-counts | production-floor | raw | shrink,1698543765 | 1698543765 | 1349954031 | 1850930972
10c,209061848389289,no-counts | production-floor | raw | shrink,1698543765 | 1698543765 | 1349954031 | 1850930972
10c,209061848389290,no-counts | production-floor | raw | shrink,1698543765 | 1698543765 | 1349954031 | 1850930972
10c,209061848389291,no-counts | production-floor | raw | shrink,1698543765 | 1698543765 | 1349954031 | 1850930972
10c,209061848389293,no-counts | production-floor | raw | shrink,1698543765 | 1698543765 | 1349954031 | 1850930972
10c,209061848389294,no-counts | production-floor | raw | shrink,1698543765 | 1698543765 | 1349954031 | 1850930972
10c,209061848389295,no-counts | production-floor | raw | shrink,1698543765 | 1698543765 | 1349954031 | 1850930972
10c,209061848389296,no-counts | production-floor | raw | shrink,1698543765 | 1698543765 | 1349954031 | 1850930972
10c,209061848389297,no-counts | production-floor | raw | shrink,1698543765 | 1698543765 | 1349954031 | 1850930972
10c,209061848389298,no-counts | production-floor | raw | shrink,1698543765 | 1698543765 | 1349954031 | 1850930972
10c,209061848389299,no-counts | production-floor | raw | shrink,1698543765 | 1698543765 | 1349954031 | 1850930972
10c,209061848389300,no-counts | production-floor | raw | shrink,1698543765 | 1698543765 | 1349954031 | 1850930972
10c,209061848389301,no-counts | production-floor | raw | shrink,1698543765 | 1698543765 | 1349954031 | 1850930972
10c,209061848389302,no-counts | production-floor | raw | shrink,1698543765 | 1698543765 | 1349954031 | 1850930972
10c,209061848389303,no-counts | production-floor | raw | shrink,1698543765 | 1698543765 | 1349954031 | 1850930972
10c,209061848389304,no-counts | production-floor | raw | shrink,1698543765 | 1698543765 | 1349954031 | 1850930972
10c,209061848389305,no-counts | production-floor | raw | shrink,1698543765 | 1698543765 | 1349954031 | 1850930972
10c,209061848389306,no-counts | production-floor | raw | shrink,1698543765 | 1698543765 | 1349954031 | 1850930972
10c,209061848389307,no-counts | production-floor | raw | shrink,1698543765 | 1698543765 | 1349954031 | 1850930972
10c,209061848389308,no-counts | production-floor | raw | shrink,1698543765 | 1698543765 | 1349954031 | 1850930972
10c,209061848389309,no-counts | production-floor | raw | shrink,1698543765 | 1698543765 | 1349954031 | 1850930972
10c,209061848389310,no-counts | production-floor | raw | shrink,1698543765 | 1698543765 | 1349954031 | 1850930972
10c,209061848389311,no-counts | production-floor | raw | shrink,1698543765 | 1698543765 | 1349954031 | 1850930972
11b,209190697408200,no-counts | production-floor | raw | shrink,898037380 | 898037380 | -1446711126 | -1446711126
11b,209190697408201,no-counts | production-floor | raw | shrink,898037380 | 898037380 | -1446711126 | -1446711126
11b,209190697408203,no-counts | production-floor | raw | shrink,898037380 | 898037380 | -1446711126 | -1446711126
11b,209190697408204,no-counts | production-floor | raw | shrink,898037380 | 898037380 | -1446711126 | 898037380
11b,209190697408205,no-counts | production-floor | raw | shrink,898037380 | 898037380 | -861283655 | -1446711126
11b,209190697408206,no-counts | production-floor | raw | shrink,898037380 | 898037380 | -861283655 | -1446711126
11b,209190697408207,no-counts | production-floor | raw | shrink,898037380 | 898037380 | -1446711126 | -1446711126
11b,209190697408208,no-counts | production-floor | raw | shrink,898037380 | 898037380 | -861283655 | -1446711126
11b,209190697408209,no-counts | production-floor | raw | shrink,898037380 | 898037380 | -1446711126 | -1446711126
11b,209190697408210,no-counts | production-floor | raw | shrink,898037380 | 898037380 | -1446711126 | -1446711126
11b,209190697408211,no-counts | production-floor | raw | shrink,898037380 | 898037380 | -1446711126 | -1446711126
11b,209190697408212,no-counts | production-floor | raw | shrink,898037380 | 898037380 | -1446711126 | -1446711126
11b,209190697408213,no-counts | production-floor | raw | shrink,898037380 | 898037380 | -861283655 | 898037380
11b,209190697408214,no-counts | production-floor | raw | shrink,898037380 | 898037380 | -1446711126 | 898037380
11b,209190697408215,no-counts | production-floor | raw | shrink,898037380 | 898037380 | -1446711126 | -1446711126
11b,209190697408216,no-counts | production-floor | raw | shrink,898037380 | 898037380 | -861283655 | -1446711126
11b,209190697408217,no-counts | production-floor | raw | shrink,898037380 | 898037380 | -1446711126 | -1446711126
11b,209190697408219,no-counts | production-floor | raw | shrink,898037380 | 898037380 | -861283655 | 898037380
11b,209190697408220,no-counts | production-floor | raw | shrink,898037380 | 898037380 | -861283655 | -1446711126
11b,209190697408221,no-counts | production-floor | raw | shrink,898037380 | 898037380 | 898037380 | -1446711126
11b,209190697408222,no-counts | production-floor | raw | shrink,898037380 | 898037380 | -1446711126 | -1446711126
11b,209190697408223,no-counts | production-floor | raw | shrink,898037380 | 898037380 | -861283655 | -1446711126
11b,209190697408225,no-counts | production-floor | raw | shrink,898037380 | 898037380 | -861283655 | -1446711126
11b,209190697408226,no-counts | production-floor | raw | shrink,898037380 | 898037380 | -861283655 | -1446711126
11b,209190697408227,no-counts | production-floor | raw | shrink,898037380 | 898037380 | -1446711126 | -1446711126
11b,209190697408228,no-counts | production-floor | raw | shrink,898037380 | 898037380 | -40651920 | -1446711126
11b,209190697408230,no-counts | production-floor | raw | shrink,898037380 | 898037380 | 898037380 | -1446711126
11b,209190697408231,no-counts | production-floor | raw | shrink,898037380 | 898037380 | -1446711126 | -1446711126
11c,209194992375496,no-counts | production-floor | raw | shrink,-358111285 | -358111285 | 869093453 | 212006990
11c,209194992375497,no-counts | production-floor | raw | shrink,-358111285 | -358111285 | 869093453 | 212006990
11c,209194992375498,no-counts | production-floor | raw | shrink,-358111285 | -358111285 | 869093453 | 212006990
11c,209194992375500,no-counts | production-floor | raw | shrink,-358111285 | -358111285 | 869093453 | 212006990
11c,209194992375501,no-counts | production-floor | raw | shrink,-358111285 | -358111285 | 869093453 | 212006990
11c,209194992375502,no-counts | production-floor | raw | shrink,-358111285 | -358111285 | 212006990 | 1916526955
11c,209194992375503,no-counts | production-floor | raw | shrink,-358111285 | 212006990 | 212006990 | 212006990
11c,209194992375504,no-counts | production-floor | raw | shrink,-358111285 | -358111285 | 212006990 | 212006990
11c,209194992375505,no-counts | production-floor | raw | shrink,-358111285 | 212006990 | 212006990 | 212006990
11c,209194992375506,no-counts | production-floor | raw | shrink,-358111285 | -358111285 | 212006990 | 1916526955
11c,209194992375507,no-counts | production-floor | raw | shrink,-358111285 | -358111285 | 212006990 | 1916526955
11c,209194992375508,no-counts | production-floor | raw | shrink,-358111285 | -358111285 | 212006990 | 212006990
11c,209194992375509,no-counts | production-floor | raw | shrink,-358111285 | -358111285 | 212006990 | 1916526955
11c,209194992375510,no-counts | production-floor | raw | shrink,-358111285 | 212006990 | 212006990 | 212006990
11c,209194992375511,no-counts | production-floor | raw | shrink,-358111285 | -358111285 | 212006990 | 212006990
11c,209194992375512,no-counts | production-floor | raw | shrink,-358111285 | 212006990 | 212006990 | 1916526955
11c,209194992375513,no-counts | production-floor | raw | shrink,-358111285 | -358111285 | 212006990 | 1916526955
11c,209194992375514,no-counts | production-floor | raw | shrink,-358111285 | -358111285 | 212006990 | 212006990
11c,209194992375515,no-counts | production-floor | raw | shrink,-358111285 | 212006990 | 212006990 | 1916526955
11c,209194992375516,no-counts | production-floor | raw | shrink,-358111285 | 212006990 | 212006990 | 212006990
11c,209194992375517,no-counts | production-floor | raw | shrink,-358111285 | -358111285 | 869093453 | 1916526955
11c,209194992375518,no-counts | production-floor | raw | shrink,-358111285 | 212006990 | 869093453 | 212006990
11c,209194992375519,no-counts | production-floor | raw | shrink,-358111285 | -358111285 | 869093453 | 212006990
11c,209194992375520,no-counts | production-floor | raw | shrink,-358111285 | -358111285 | 212006990 | 212006990
11c,209194992375521,no-counts | production-floor | raw | shrink,-358111285 | -358111285 | 212006990 | 212006990
11c,209194992375522,no-counts | production-floor | raw | shrink,-358111285 | -358111285 | 212006990 | 1916526955
11c,209194992375523,no-counts | production-floor | raw | shrink,-358111285 | -358111285 | 869093453 | 212006990
11c,209194992375525,no-counts | production-floor | raw | shrink,-358111285 | 212006990 | 212006990 | 212006990
11c,209194992375526,no-counts | production-floor | raw | shrink,-358111285 | 212006990 | 212006990 | 212006990
11c,209194992375527,no-counts | production-floor | raw | shrink,-358111285 | 212006990 | 212006990 | 212006990
11d,209199287342792,no-counts | production-floor | raw | shrink,588364050 | 588364050 | 670874103 | 2003817464
11d,209199287342793,no-counts | production-floor | raw | shrink,588364050 | 588364050 | 670874103 | 2003817464
11d,209199287342794,no-counts | production-floor | raw | shrink,588364050 | 588364050 | 198126114 | 2003817464
11d,209199287342795,no-counts | production-floor | raw | shrink,588364050 | 588364050 | 670874103 | 2003817464
11d,209199287342797,no-counts | production-floor | raw | shrink,588364050 | 588364050 | 198126114 | 2003817464
11d,209199287342798,no-counts | production-floor | raw | shrink,588364050 | 588364050 | 198126114 | 2003817464
11d,209199287342799,no-counts | production-floor | raw | shrink,588364050 | 588364050 | 198126114 | 2003817464
11d,209199287342800,no-counts | production-floor | raw | shrink,588364050 | 588364050 | 670874103 | 2003817464
11d,209199287342801,no-counts | production-floor | raw | shrink,588364050 | 588364050 | 198126114 | 2003817464
11d,209199287342802,no-counts | production-floor | raw | shrink,588364050 | 588364050 | 670874103 | 2003817464
11d,209199287342803,no-counts | production-floor | raw | shrink,588364050 | 588364050 | 198126114 | 2003817464
11d,209199287342804,no-counts | production-floor | raw | shrink,588364050 | 588364050 | 198126114 | 2003817464
11d,209199287342805,no-counts | production-floor | raw | shrink,588364050 | 588364050 | 670874103 | 2003817464
11d,209199287342806,no-counts | production-floor | raw | shrink,588364050 | 588364050 | 198126114 | 2003817464
11d,209199287342807,no-counts | production-floor | raw | shrink,588364050 | 588364050 | 198126114 | 2003817464
11d,209199287342808,no-counts | production-floor | raw | shrink,588364050 | 588364050 | 670874103 | 2003817464
11d,209199287342809,no-counts | production-floor | raw | shrink,588364050 | 588364050 | 198126114 | 2003817464
11d,209199287342810,no-counts | production-floor | raw | shrink,588364050 | 588364050 | 198126114 | 2003817464
11d,209199287342811,no-counts | production-floor | raw | shrink,588364050 | 588364050 | 198126114 | 2003817464
11d,209199287342812,no-counts | production-floor | raw | shrink,588364050 | 588364050 | 198126114 | 2003817464
11d,209199287342813,no-counts | production-floor | raw | shrink,588364050 | 588364050 | 198126114 | 2003817464
11d,209199287342814,no-counts | production-floor | raw | shrink,588364050 | 588364050 | 198126114 | 2003817464
11d,209199287342815,no-counts | production-floor | raw | shrink,588364050 | 588364050 | 198126114 | 2003817464
11d,209199287342816,no-counts | production-floor | raw | shrink,588364050 | 588364050 | 670874103 | 2003817464
11d,209199287342817,no-counts | production-floor | raw | shrink,588364050 | 588364050 | 198126114 | 2003817464
11d,209199287342818,no-counts | production-floor | raw | shrink,588364050 | 588364050 | 198126114 | 2003817464
11d,209199287342820,no-counts | production-floor | raw | shrink,588364050 | 588364050 | 198126114 | 2003817464
11d,209199287342821,no-counts | production-floor | raw | shrink,588364050 | 588364050 | 198126114 | 2003817464
11d,209199287342822,no-counts | production-floor | raw | shrink,588364050 | 588364050 | 670874103 | 2003817464
11d,209199287342823,no-counts | production-floor | raw | shrink,588364050 | 588364050 | 198126114 | 2003817464
12a,209319546427072,no-counts | production-floor | raw | shrink,2038173565 | 1128872642 | 1680001358 | 1128872642
12a,209319546427073,no-counts | production-floor | raw | shrink,2038173565 | 1128872642 | 1680001358 | 1128872642
12a,209319546427074,no-counts | production-floor | raw | shrink,2038173565 | 1128872642 | 1680001358 | 1128872642
12a,209319546427075,no-counts | production-floor | raw | shrink,2038173565 | 1128872642 | 1680001358 | 1128872642
12a,209319546427076,no-counts | production-floor | raw | shrink,1128872642 | 1128872642 | 1680001358 | 1128872642
12a,209319546427077,no-counts | production-floor | raw | shrink,2038173565 | 1128872642 | 1680001358 | 1128872642
12a,209319546427078,no-counts | production-floor | raw | shrink,2038173565 | 1128872642 | 1680001358 | 1128872642
12a,209319546427113,no-counts | production-floor | raw | shrink,2038173565 | 1128872642 | 1680001358 | 1128872642
12a,209319546427114,no-counts | production-floor | raw | shrink,2038173565 | 1128872642 | 1680001358 | 1128872642
12a,209319546427115,no-counts | production-floor | raw | shrink,2038173565 | 1128872642 | 1680001358 | 1128872642
12a,209319546427116,no-counts | production-floor | raw | shrink,2038173565 | 1128872642 | 1680001358 | 1128872642
12a,209319546427117,no-counts | production-floor | raw | shrink,2038173565 | 1128872642 | 1680001358 | 1128872642
12a,209319546427118,no-counts | production-floor | raw | shrink,1128872642 | 1128872642 | 1680001358 | 1128872642
12a,209319546427119,no-counts | production-floor | raw | shrink,2038173565 | 1128872642 | 1680001358 | 1128872642
12a,209319546427120,no-counts | production-floor | raw | shrink,2038173565 | 1128872642 | 1680001358 | 1128872642
12a,209319546427121,no-counts | production-floor | raw | shrink,2038173565 | 1128872642 | 1680001358 | 1128872642
12a,209319546427122,no-counts | production-floor | raw | shrink,2038173565 | 1128872642 | 1680001358 | 1128872642
12a,209319546427123,no-counts | production-floor | raw | shrink,2038173565 | 1128872642 | 1680001358 | 1128872642
12a,209319546427124,no-counts | production-floor | raw | shrink,2038173565 | 1128872642 | 1680001358 | 1128872642
12a,209319546427125,no-counts | production-floor | raw | shrink,1128872642 | 1128872642 | 1680001358 | 1128872642
12a,209319546427126,no-counts | production-floor | raw | shrink,2038173565 | 1128872642 | 1680001358 | 1128872642
12a,209319546427127,no-counts | production-floor | raw | shrink,2038173565 | 1128872642 | 1680001358 | 1128872642
12a,209319546427128,no-counts | production-floor | raw | shrink,2038173565 | 1128872642 | 1680001358 | 1128872642
12a,209319546427129,no-counts | production-floor | raw | shrink,2038173565 | 1128872642 | 1680001358 | 1128872642
12a,209319546427130,no-counts | production-floor | raw | shrink,2038173565 | 1128872642 | 1680001358 | 1128872642
12a,209319546427131,no-counts | production-floor | raw | shrink,2038173565 | 1128872642 | 1680001358 | 1128872642
12a,209319546427132,no-counts | production-floor | raw | shrink,2038173565 | 1128872642 | 1680001358 | 1128872642
12a,209319546427133,no-counts | production-floor | raw | shrink,2038173565 | 1128872642 | 1680001358 | 1128872642
12a,209319546427134,no-counts | production-floor | raw | shrink,2038173565 | 1128872642 | 1680001358 | 1128872642
12a,209319546427135,no-counts | production-floor | raw | shrink,1128872642 | 1128872642 | 1680001358 | 1128872642
12b,209323841394370,no-counts | production-floor | raw | shrink,-1300552445 | -1300552445 | -1300552445 | 466548996
12b,209323841394371,no-counts | production-floor | raw | shrink,466548996 | 466548996 | -1300552445 | 466548996
12b,209323841394372,no-counts | production-floor | raw | shrink,466548996 | 466548996 | -1300552445 | 466548996
12b,209323841394373,no-counts | production-floor | raw | shrink,466548996 | 466548996 | -1300552445 | 466548996
12b,209323841394410,no-counts | production-floor | raw | shrink,466548996 | 466548996 | -1300552445 | 466548996
12b,209323841394411,no-counts | production-floor | raw | shrink,466548996 | 466548996 | -1300552445 | 466548996
12b,209323841394412,no-counts | production-floor | raw | shrink,466548996 | 466548996 | -1300552445 | 466548996
12b,209323841394413,no-counts | production-floor | raw | shrink,466548996 | 466548996 | -1300552445 | 466548996
12b,209323841394415,no-counts | production-floor | raw | shrink,-1300552445 | -1300552445 | -1300552445 | 466548996
12b,209323841394417,no-counts | production-floor | raw | shrink,1435336516 | 1435336516 | 1435336516 | 466548996
12b,209323841394421,no-counts | production-floor | raw | shrink,466548996 | 466548996 | -1300552445 | 466548996
12b,209323841394422,no-counts | production-floor | raw | shrink,-1300552445 | -1300552445 | -1300552445 | 466548996
12b,209323841394423,no-counts | production-floor | raw | shrink,466548996 | 466548996 | -1300552445 | 466548996
12b,209323841394424,no-counts | production-floor | raw | shrink,-1300552445 | -1300552445 | -1300552445 | 466548996
12b,209323841394426,no-counts | production-floor | raw | shrink,466548996 | 466548996 | -1300552445 | 466548996
12b,209323841394428,no-counts | production-floor | raw | shrink,466548996 | 466548996 | -1300552445 | 466548996
12b,209323841394429,no-counts | production-floor | raw | shrink,466548996 | 466548996 | -1300552445 | 466548996
12b,209323841394431,no-counts | production-floor | raw | shrink,466548996 | 466548996 | -1300552445 | 466548996
12c,209328136361664,no-counts | production-floor | raw | shrink,2038173565 | -1953493739 | -340867820 | -1953493739
12c,209328136361665,no-counts | production-floor | raw | shrink,2038173565 | -1953493739 | -340867820 | -1953493739
12c,209328136361666,no-counts | production-floor | raw | shrink,2038173565 | -1953493739 | -340867820 | -1953493739
12c,209328136361667,no-counts | production-floor | raw | shrink,2038173565 | -1953493739 | -340867820 | -1953493739
12c,209328136361668,no-counts | production-floor | raw | shrink,2038173565 | -1953493739 | -340867820 | -1953493739
12c,209328136361670,no-counts | production-floor | raw | shrink,2038173565 | -1953493739 | -340867820 | -1953493739
12c,209328136361671,no-counts | production-floor | raw | shrink,2038173565 | -1953493739 | -340867820 | -1953493739
12c,209328136361704,no-counts | production-floor | raw | shrink,2038173565 | -1953493739 | -340867820 | -1953493739
12c,209328136361705,no-counts | production-floor | raw | shrink,2038173565 | -1953493739 | -340867820 | -1953493739
12c,209328136361707,no-counts | production-floor | raw | shrink,2038173565 | -1953493739 | -340867820 | -1953493739
12c,209328136361708,no-counts | production-floor | raw | shrink,-1953493739 | -1953493739 | -340867820 | -1953493739
12c,209328136361709,no-counts | production-floor | raw | shrink,2038173565 | -1953493739 | -340867820 | -1953493739
12c,209328136361710,no-counts | production-floor | raw | shrink,2038173565 | -1953493739 | -340867820 | -1953493739
12c,209328136361711,no-counts | production-floor | raw | shrink,2038173565 | -1953493739 | -340867820 | -1953493739
12c,209328136361712,no-counts | production-floor | raw | shrink,2038173565 | -1953493739 | -340867820 | -1953493739
12c,209328136361713,no-counts | production-floor | raw | shrink,2038173565 | -1953493739 | -340867820 | -1953493739
12c,209328136361714,no-counts | production-floor | raw | shrink,2038173565 | -1953493739 | -340867820 | -1953493739
12c,209328136361715,no-counts | production-floor | raw | shrink,2038173565 | -1953493739 | -340867820 | -1953493739
12c,209328136361716,no-counts | production-floor | raw | shrink,2038173565 | -1953493739 | -340867820 | -1953493739
12c,209328136361717,no-counts | production-floor | raw | shrink,2038173565 | -1953493739 | -340867820 | -1953493739
12c,209328136361718,no-counts | production-floor | raw | shrink,2038173565 | -1953493739 | -340867820 | -1953493739
12c,209328136361719,no-counts | production-floor | raw | shrink,2038173565 | -1953493739 | -340867820 | -1953493739
12c,209328136361720,no-counts | production-floor | raw | shrink,-1953493739 | -1953493739 | -340867820 | -1953493739
12c,209328136361721,no-counts | production-floor | raw | shrink,2038173565 | -1953493739 | -340867820 | -1953493739
12c,209328136361722,no-counts | production-floor | raw | shrink,2038173565 | -1953493739 | -340867820 | -1953493739
12c,209328136361723,no-counts | production-floor | raw | shrink,2038173565 | -1953493739 | -340867820 | -1953493739
12c,209328136361724,no-counts | production-floor | raw | shrink,2038173565 | -1953493739 | -340867820 | -1953493739
12c,209328136361725,no-counts | production-floor | raw | shrink,2038173565 | -1953493739 | -340867820 | -1953493739
12c,209328136361726,no-counts | production-floor | raw | shrink,2038173565 | -1953493739 | -340867820 | -1953493739
12c,209328136361727,no-counts | production-floor | raw | shrink,2038173565 | -1953493739 | -340867820 | -1953493739
13a,209452690413273,no-counts | production-floor | raw | shrink,-1062568155 | -1937147173 | 1188104532 | -1062568155
13a,209452690413274,no-counts | production-floor | raw | shrink,-1062568155 | -1937147173 | -124300931 | -1062568155
13a,209452690413275,no-counts | production-floor | raw | shrink,-1062568155 | -1937147173 | 1188104532 | -1062568155
13a,209452690413276,no-counts | production-floor | raw | shrink,-1062568155 | -1937147173 | 1188104532 | -1062568155
13a,209452690413277,no-counts | production-floor | raw | shrink,-1062568155 | -1937147173 | 1188104532 | -1062568155
13a,209452690413278,no-counts | production-floor | raw | shrink,-1062568155 | -1937147173 | 1188104532 | -1062568155
13a,209452690413279,no-counts | production-floor | raw | shrink,-1062568155 | -1937147173 | 1188104532 | -1062568155
13a,209452690413280,no-counts | production-floor | raw | shrink,-1062568155 | -1937147173 | 1188104532 | -1062568155
13a,209452690413281,no-counts | production-floor | raw | shrink,-1062568155 | -1937147173 | -124300931 | -1062568155
13a,209452690413282,no-counts | production-floor | raw | shrink,-1062568155 | -1937147173 | -124300931 | -1062568155
13a,209452690413283,no-counts | production-floor | raw | shrink,-1062568155 | -1937147173 | 1188104532 | -1062568155
13a,209452690413284,no-counts | production-floor | raw | shrink,-1062568155 | -1937147173 | 1188104532 | -1062568155
13a,209452690413285,no-counts | production-floor | raw | shrink,-1062568155 | -1937147173 | 1188104532 | -1062568155
13a,209452690413286,no-counts | production-floor | raw | shrink,-1062568155 | -1937147173 | 1188104532 | -1062568155
13a,209452690413287,no-counts | production-floor | raw | shrink,-1062568155 | -1937147173 | 1188104532 | -1062568155
13a,209452690413288,no-counts | production-floor | raw | shrink,-1062568155 | -1937147173 | 1188104532 | -1062568155
13a,209452690413289,no-counts | production-floor | raw | shrink,-1062568155 | -1937147173 | 1188104532 | -1062568155
13a,209452690413290,no-counts | production-floor | raw | shrink,-1062568155 | -1937147173 | 1188104532 | -1062568155
13a,209452690413291,no-counts | production-floor | raw | shrink,-1062568155 | -1937147173 | 1188104532 | -1062568155
13a,209452690413292,no-counts | production-floor | raw | shrink,-1062568155 | -1937147173 | 1188104532 | -1062568155
13a,209452690413293,no-counts | production-floor | raw | shrink,-1062568155 | -1937147173 | 1188104532 | -1062568155
13a,209452690413294,no-counts | production-floor | raw | shrink,-1062568155 | -1937147173 | 1188104532 | -1062568155
13a,209452690413295,no-counts | production-floor | raw | shrink,-1062568155 | -1937147173 | 1188104532 | -1062568155
13a,209452690413296,no-counts | production-floor | raw | shrink,-1062568155 | -1937147173 | 1188104532 | -1062568155
13a,209452690413297,no-counts | production-floor | raw | shrink,-1062568155 | -1937147173 | 1188104532 | -1062568155
13a,209452690413298,no-counts | production-floor | raw | shrink,-1062568155 | -1937147173 | 1188104532 | -1062568155
13a,209452690413299,no-counts | production-floor | raw | shrink,-1062568155 | -1937147173 | 1188104532 | -1062568155
13a,209452690413300,no-counts | production-floor | raw | shrink,-1062568155 | -1937147173 | 1188104532 | -1062568155
13a,209452690413301,no-counts | production-floor | raw | shrink,-1062568155 | -1937147173 | 1188104532 | -1062568155
13a,209452690413302,no-counts | production-floor | raw | shrink,-1062568155 | -1937147173 | 1188104532 | -1062568155
13b,209456985380361,no-counts | production-floor | raw | shrink,1004522218 | 1004522218 | 876197618 | 876197618
13b,209456985380362,no-counts | production-floor | raw | shrink,1004522218 | 1004522218 | 876197618 | 876197618
13b,209456985380363,no-counts | production-floor | raw | shrink,1315098236 | -2119720580 | -1005059989 | -2119720580
13b,209456985380364,no-counts | production-floor | raw | shrink,1315098236 | -2119720580 | -1005059989 | -2119720580
13b,209456985380365,no-counts | production-floor | raw | shrink,1004522218 | 1004522218 | 876197618 | 876197618
13b,209456985380366,no-counts | production-floor | raw | shrink,978233035 | -2119720580 | -2119720580 | -2119720580
13b,209456985380367,no-counts | production-floor | raw | shrink,1315098236 | -2119720580 | -1005059989 | -2119720580
13b,209456985380368,no-counts | production-floor | raw | shrink,1004522218 | 1004522218 | 876197618 | 876197618
13b,209456985380369,no-counts | production-floor | raw | shrink,1004522218 | 1004522218 | 876197618 | 876197618
13b,209456985380370,no-counts | production-floor | raw | shrink,1004522218 | 1004522218 | 876197618 | 876197618
13b,209456985380371,no-counts | production-floor | raw | shrink,1004522218 | 1004522218 | 876197618 | 876197618
13b,209456985380372,no-counts | production-floor | raw | shrink,1004522218 | 1004522218 | 876197618 | 876197618
13b,209456985380373,no-counts | production-floor | raw | shrink,978233035 | -2119720580 | -1005059989 | -2119720580
13b,209456985380374,no-counts | production-floor | raw | shrink,1315098236 | -2119720580 | -1005059989 | -2119720580
13b,209456985380375,no-counts | production-floor | raw | shrink,1004522218 | 1004522218 | 876197618 | 876197618
13b,209456985380376,no-counts | production-floor | raw | shrink,1004522218 | 1004522218 | 876197618 | 876197618
13b,209456985380377,no-counts | production-floor | raw | shrink,1004522218 | 1004522218 | 876197618 | 876197618
13b,209456985380378,no-counts | production-floor | raw | shrink,1004522218 | 1004522218 | 876197618 | 876197618
13b,209456985380379,no-counts | production-floor | raw | shrink,978233035 | -2119720580 | -1005059989 | -2119720580
13b,209456985380380,no-counts | production-floor | raw | shrink,1315098236 | -2119720580 | -1005059989 | -2119720580
13b,209456985380381,no-counts | production-floor | raw | shrink,1315098236 | 2127590971 | 2127590971 | -2119720580
13b,209456985380382,no-counts | production-floor | raw | shrink,1315098236 | -2119720580 | -1005059989 | -2119720580
13b,209456985380383,no-counts | production-floor | raw | shrink,978233035 | -2119720580 | -1005059989 | -2119720580
13b,209456985380384,no-counts | production-floor | raw | shrink,1315098236 | -2119720580 | -1005059989 | -2119720580
13b,209456985380385,no-counts | production-floor | raw | shrink,1004522218 | 1004522218 | 876197618 | 876197618
13b,209456985380386,no-counts | production-floor | raw | shrink,1004522218 | 1004522218 | 876197618 | 876197618
13b,209456985380387,no-counts | production-floor | raw | shrink,1315098236 | -2119720580 | -1005059989 | -2119720580
13b,209456985380388,no-counts | production-floor | raw | shrink,1004522218 | 1004522218 | 876197618 | 876197618
13b,209456985380389,no-counts | production-floor | raw | shrink,1315098236 | -2119720580 | -1005059989 | -2119720580
13b,209456985380390,no-counts | production-floor | raw | shrink,978233035 | -2119720580 | -1005059989 | -2119720580
13c,209461280347656,no-counts | production-floor | raw | shrink,1004522218 | 1004522218 | 876197618 | 876197618
13c,209461280347658,no-counts | production-floor | raw | shrink,1004522218 | 1004522218 | 876197618 | 876197618
13c,209461280347659,no-counts | production-floor | raw | shrink,1004522218 | 1004522218 | 876197618 | 876197618
13c,209461280347660,no-counts | production-floor | raw | shrink,1004522218 | 1004522218 | 876197618 | 876197618
13c,209461280347661,no-counts | production-floor | raw | shrink,1004522218 | 1004522218 | 876197618 | 876197618
13c,209461280347662,no-counts | production-floor | raw | shrink,1004522218 | 1004522218 | 876197618 | 876197618
13c,209461280347663,no-counts | production-floor | raw | shrink,1004522218 | 1004522218 | 876197618 | 876197618
13c,209461280347664,no-counts | production-floor | raw | shrink,1004522218 | 1004522218 | 876197618 | 876197618
13c,209461280347665,no-counts | production-floor | raw | shrink,1315098236 | 2127590971 | 2127590971 | -2119720580
13c,209461280347666,no-counts | production-floor | raw | shrink,1004522218 | 1004522218 | 876197618 | 876197618
13c,209461280347667,no-counts | production-floor | raw | shrink,1004522218 | 1004522218 | 876197618 | 876197618
13c,209461280347668,no-counts | production-floor | raw | shrink,1004522218 | 1004522218 | 876197618 | 876197618
13c,209461280347669,no-counts | production-floor | raw | shrink,1004522218 | 1004522218 | 876197618 | 876197618
13c,209461280347670,no-counts | production-floor | raw | shrink,1004522218 | 1004522218 | 876197618 | 876197618
13c,209461280347671,no-counts | production-floor | raw | shrink,1004522218 | 1004522218 | 876197618 | 876197618
13c,209461280347672,no-counts | production-floor | raw | shrink,1004522218 | 1004522218 | 876197618 | 876197618
13c,209461280347673,no-counts | production-floor | raw | shrink,1004522218 | 1004522218 | 876197618 | 876197618
13c,209461280347674,no-counts | production-floor | raw | shrink,1004522218 | 1004522218 | 876197618 | 876197618
13c,209461280347675,no-counts | production-floor | raw | shrink,1004522218 | 1004522218 | 876197618 | 876197618
13c,209461280347676,no-counts | production-floor | raw | shrink,1004522218 | 1004522218 | 876197618 | 876197618
13c,209461280347677,no-counts | production-floor | raw | shrink,1004522218 | 1004522218 | 876197618 | 876197618
13c,209461280347678,no-counts | production-floor | raw | shrink,1004522218 | 1004522218 | 876197618 | 876197618
13c,209461280347679,no-counts | production-floor | raw | shrink,1004522218 | 1004522218 | 876197618 | 876197618
13c,209461280347680,no-counts | production-floor | raw | shrink,1004522218 | 1004522218 | 876197618 | 876197618
13c,209461280347681,no-counts | production-floor | raw | shrink,1004522218 | 1004522218 | 876197618 | 876197618
13c,209461280347682,no-counts | production-floor | raw | shrink,1004522218 | 1004522218 | 876197618 | 876197618
13c,209461280347683,no-counts | production-floor | raw | shrink,1004522218 | 1004522218 | 876197618 | 876197618
13c,209461280347684,no-counts | production-floor | raw | shrink,1004522218 | 1004522218 | 876197618 | 876197618
13c,209461280347685,no-counts | production-floor | raw | shrink,1004522218 | 1004522218 | 876197618 | 876197618
13c,209461280347687,no-counts | production-floor | raw | shrink,1004522218 | 1004522218 | 876197618 | 876197618
13d,209465575314952,no-counts | production-floor | raw | shrink,1315098236 | -2119720580 | -2119720580 | -2119720580
13d,209465575314953,no-counts | production-floor | raw | shrink,1315098236 | -2119720580 | -2119720580 | -2119720580
13d,209465575314955,no-counts | production-floor | raw | shrink,1315098236 | -2119720580 | -2119720580 | -2119720580
13d,209465575314956,no-counts | production-floor | raw | shrink,1315098236 | -2119720580 | -2119720580 | -2119720580
13d,209465575314957,no-counts | production-floor | raw | shrink,1315098236 | -2119720580 | -2119720580 | -2119720580
13d,209465575314958,no-counts | production-floor | raw | shrink,1315098236 | -2119720580 | -2119720580 | -2119720580
13d,209465575314959,no-counts | production-floor | raw | shrink,1315098236 | -2119720580 | -2119720580 | -2119720580
13d,209465575314960,no-counts | production-floor | raw | shrink,1315098236 | -2119720580 | -2119720580 | -2119720580
13d,209465575314961,no-counts | production-floor | raw | shrink,978233035 | -2119720580 | -2119720580 | -2119720580
13d,209465575314962,no-counts | production-floor | raw | shrink,1315098236 | -2119720580 | -2119720580 | -2119720580
13d,209465575314963,no-counts | production-floor | raw | shrink,1315098236 | -2119720580 | -2119720580 | -2119720580
13d,209465575314964,no-counts | production-floor | raw | shrink,1315098236 | -2119720580 | -2119720580 | -2119720580
13d,209465575314965,no-counts | production-floor | raw | shrink,1315098236 | -2119720580 | -2119720580 | -2119720580
13d,209465575314966,no-counts | production-floor | raw | shrink,1315098236 | -2119720580 | -2119720580 | -2119720580
13d,209465575314967,no-counts | production-floor | raw | shrink,1315098236 | -2119720580 | -2119720580 | -2119720580
13d,209465575314968,no-counts | production-floor | raw | shrink,1315098236 | -2119720580 | -2119720580 | -2119720580
13d,209465575314969,no-counts | production-floor | raw | shrink,1315098236 | -2119720580 | -2119720580 | -2119720580
13d,209465575314970,no-counts | production-floor | raw | shrink,978233035 | -2119720580 | -2119720580 | -2119720580
13d,209465575314971,no-counts | production-floor | raw | shrink,1315098236 | -2119720580 | -2119720580 | -2119720580
13d,209465575314972,no-counts | production-floor | raw | shrink,1315098236 | -2119720580 | -2119720580 | -2119720580
13d,209465575314973,no-counts | production-floor | raw | shrink,1315098236 | -2119720580 | -2119720580 | -2119720580
13d,209465575314974,no-counts | production-floor | raw | shrink,978233035 | -2119720580 | -2119720580 | -2119720580
13d,209465575314975,no-counts | production-floor | raw | shrink,1315098236 | -2119720580 | -2119720580 | -2119720580
13d,209465575314976,no-counts | production-floor | raw | shrink,1315098236 | -2119720580 | -2119720580 | -2119720580
13d,209465575314977,no-counts | production-floor | raw | shrink,1315098236 | -2119720580 | -2119720580 | -2119720580
13d,209465575314978,no-counts | production-floor | raw | shrink,978233035 | -2119720580 | -2119720580 | -2119720580
13d,209465575314979,no-counts | production-floor | raw | shrink,1315098236 | -2119720580 | -2119720580 | -2119720580
13d,209465575314980,no-counts | production-floor | raw | shrink,1315098236 | -2119720580 | -1005059989 | -2119720580
13d,209465575314982,no-counts | production-floor | raw | shrink,1315098236 | -2119720580 | -2119720580 | -2119720580
13d,209465575314983,no-counts | production-floor | raw | shrink,1315098236 | -2119720580 | -2119720580 | -2119720580
14a,209585834399232,no-counts | production-floor | raw | shrink,-1342980597 | -1633330344 | 1442618571 | -34979337
14a,209585834399233,no-counts | production-floor | raw | shrink,-1342980597 | -1633330344 | 1442618571 | -34979337
14a,209585834399234,no-counts | production-floor | raw | shrink,-1342980597 | -1633330344 | 1442618571 | -34979337
14a,209585834399235,no-counts | production-floor | raw | shrink,-1342980597 | -1633330344 | 1442618571 | -34979337
14a,209585834399236,no-counts | production-floor | raw | shrink,-1342980597 | -1633330344 | 1442618571 | -34979337
14a,209585834399237,no-counts | production-floor | raw | shrink,-1342980597 | -1633330344 | 1442618571 | -34979337
14a,209585834399238,no-counts | production-floor | raw | shrink,-1342980597 | -1633330344 | 1442618571 | -1633330344
14a,209585834399239,no-counts | production-floor | raw | shrink,-1342980597 | -1633330344 | 1442618571 | -34979337
14a,209585834399240,no-counts | production-floor | raw | shrink,-1342980597 | -1633330344 | 1442618571 | -1633330344
14a,209585834399241,no-counts | production-floor | raw | shrink,-1342980597 | -1633330344 | 1442618571 | -1633330344
14a,209585834399242,no-counts | production-floor | raw | shrink,-1342980597 | -1633330344 | 1442618571 | -34979337
14a,209585834399243,no-counts | production-floor | raw | shrink,-1342980597 | -1633330344 | 1442618571 | -1633330344
14a,209585834399244,no-counts | production-floor | raw | shrink,-1342980597 | -1633330344 | 1442618571 | -34979337
14a,209585834399245,no-counts | production-floor | raw | shrink,-1342980597 | -1633330344 | 1442618571 | -34979337
14a,209585834399246,no-counts | production-floor | raw | shrink,-1342980597 | -1633330344 | 1442618571 | -34979337
14a,209585834399247,no-counts | production-floor | raw | shrink,-1342980597 | -1633330344 | 1442618571 | -34979337
14a,209585834399248,no-counts | production-floor | raw | shrink,-1342980597 | -1633330344 | 1442618571 | -34979337
14a,209585834399249,no-counts | production-floor | raw | shrink,-1342980597 | -1633330344 | 1442618571 | -34979337
14a,209585834399250,no-counts | production-floor | raw | shrink,-1342980597 | -1633330344 | 1442618571 | -34979337
14a,209585834399251,no-counts | production-floor | raw | shrink,-1342980597 | -1633330344 | 1442618571 | -34979337
14a,209585834399252,no-counts | production-floor | raw | shrink,-1342980597 | -1633330344 | 1442618571 | -34979337
14a,209585834399253,no-counts | production-floor | raw | shrink,-1342980597 | -1633330344 | 1442618571 | -34979337
14a,209585834399255,no-counts | production-floor | raw | shrink,-1342980597 | -1633330344 | 1442618571 | -34979337
14a,209585834399288,no-counts | production-floor | raw | shrink,-1342980597 | -1633330344 | 1442618571 | -34979337
14a,209585834399290,no-counts | production-floor | raw | shrink,-1342980597 | -1633330344 | 1442618571 | -34979337
14a,209585834399291,no-counts | production-floor | raw | shrink,-1342980597 | -1633330344 | 1442618571 | -34979337
14a,209585834399292,no-counts | production-floor | raw | shrink,-1342980597 | -1633330344 | 1442618571 | -34979337
14a,209585834399293,no-counts | production-floor | raw | shrink,-1342980597 | -1633330344 | 1442618571 | -1633330344
14a,209585834399294,no-counts | production-floor | raw | shrink,-1342980597 | -1633330344 | 1442618571 | -1633330344
14a,209585834399295,no-counts | production-floor | raw | shrink,-1342980597 | -1633330344 | 1442618571 | -1633330344
14b,209590129366528,no-counts | production-floor | raw | shrink,1313982226 | 1313982226 | 1297441228 | 1297441228
14b,209590129366529,no-counts | production-floor | raw | shrink,1313982226 | 1313982226 | -725338943 | 1297441228
14b,209590129366530,no-counts | production-floor | raw | shrink,1313982226 | 1313982226 | 1297441228 | 1297441228
14b,209590129366531,no-counts | production-floor | raw | shrink,1313982226 | 1313982226 | 1297441228 | 1297441228
14b,209590129366532,no-counts | production-floor | raw | shrink,1313982226 | 1313982226 | -916921058 | 1297441228
14b,209590129366533,no-counts | production-floor | raw | shrink,1313982226 | 1313982226 | 1297441228 | 1297441228
14b,209590129366534,no-counts | production-floor | raw | shrink,1313982226 | 1313982226 | -725338943 | -725338943
14b,209590129366535,no-counts | production-floor | raw | shrink,1313982226 | 1313982226 | 1297441228 | 1297441228
14b,209590129366536,no-counts | production-floor | raw | shrink,1313982226 | 1313982226 | 1461680779 | 1297441228
14b,209590129366537,no-counts | production-floor | raw | shrink,1313982226 | 1313982226 | 1313982226 | 1297441228
14b,209590129366538,no-counts | production-floor | raw | shrink,1313982226 | 1313982226 | 1461680779 | 1297441228
14b,209590129366539,no-counts | production-floor | raw | shrink,1313982226 | 1313982226 | 1297441228 | 1297441228
14b,209590129366540,no-counts | production-floor | raw | shrink,1313982226 | 1313982226 | 1297441228 | -725338943
14b,209590129366541,no-counts | production-floor | raw | shrink,1313982226 | 1313982226 | 1297441228 | 1297441228
14b,209590129366542,no-counts | production-floor | raw | shrink,1313982226 | 1313982226 | 1297441228 | 1297441228
14b,209590129366543,no-counts | production-floor | raw | shrink,1313982226 | 1313982226 | -725338943 | 1297441228
14b,209590129366544,no-counts | production-floor | raw | shrink,1313982226 | 1313982226 | 1297441228 | 1297441228
14b,209590129366545,no-counts | production-floor | raw | shrink,1313982226 | 1313982226 | 1461680779 | 1297441228
14b,209590129366546,no-counts | production-floor | raw | shrink,1313982226 | 1313982226 | 1297441228 | 1297441228
14b,209590129366547,no-counts | production-floor | raw | shrink,1313982226 | 1313982226 | 1297441228 | 1297441228
14b,209590129366548,no-counts | production-floor | raw | shrink,1313982226 | 1313982226 | 1297441228 | 1297441228
14b,209590129366549,no-counts | production-floor | raw | shrink,1313982226 | 1313982226 | -916921058 | 1297441228
14b,209590129366550,no-counts | production-floor | raw | shrink,1313982226 | 1313982226 | -725338943 | -725338943
14b,209590129366585,no-counts | production-floor | raw | shrink,1313982226 | 1313982226 | 1297441228 | 1297441228
14b,209590129366586,no-counts | production-floor | raw | shrink,1313982226 | 1313982226 | -725338943 | -725338943
14b,209590129366587,no-counts | production-floor | raw | shrink,-181213800 | -181213800 | -2074785026 | 1297441228
14b,209590129366588,no-counts | production-floor | raw | shrink,1313982226 | 1313982226 | 1313982226 | -725338943
14b,209590129366589,no-counts | production-floor | raw | shrink,1313982226 | 1313982226 | 1297441228 | 1297441228
14b,209590129366590,no-counts | production-floor | raw | shrink,1313982226 | 1313982226 | 1313982226 | -725338943
14b,209590129366591,no-counts | production-floor | raw | shrink,1313982226 | 1313982226 | -916921058 | 1297441228
14c,209594424333824,no-counts | production-floor | raw | shrink,-347835299 | 1171118565 | -369040388 | -2140146702
14c,209594424333825,no-counts | production-floor | raw | shrink,-347835299 | 1171118565 | -369040388 | -2140146702
14c,209594424333826,no-counts | production-floor | raw | shrink,-347835299 | 1171118565 | -369040388 | 1171118565
14c,209594424333827,no-counts | production-floor | raw | shrink,-347835299 | 1171118565 | -369040388 | -2140146702
14c,209594424333828,no-counts | production-floor | raw | shrink,-347835299 | 1171118565 | -369040388 | -2140146702
14c,209594424333829,no-counts | production-floor | raw | shrink,-347835299 | 1171118565 | -369040388 | 1171118565
14c,209594424333830,no-counts | production-floor | raw | shrink,-347835299 | 1171118565 | -369040388 | 1171118565
14c,209594424333865,no-counts | production-floor | raw | shrink,-347835299 | 1171118565 | -369040388 | -2140146702
14c,209594424333866,no-counts | production-floor | raw | shrink,-347835299 | 1171118565 | -369040388 | -2140146702
14c,209594424333867,no-counts | production-floor | raw | shrink,-347835299 | 1171118565 | -369040388 | -2140146702
14c,209594424333868,no-counts | production-floor | raw | shrink,-347835299 | 1171118565 | -369040388 | -2140146702
14c,209594424333869,no-counts | production-floor | raw | shrink,-347835299 | 1171118565 | -369040388 | -2140146702
14c,209594424333870,no-counts | production-floor | raw | shrink,-347835299 | 1171118565 | -369040388 | 1171118565
14c,209594424333871,no-counts | production-floor | raw | shrink,-347835299 | 1171118565 | -369040388 | -2140146702
14c,209594424333872,no-counts | production-floor | raw | shrink,-347835299 | 1171118565 | -369040388 | -2140146702
14c,209594424333873,no-counts | production-floor | raw | shrink,-347835299 | 1171118565 | -369040388 | -2140146702
14c,209594424333874,no-counts | production-floor | raw | shrink,-347835299 | 1171118565 | -369040388 | -2140146702
14c,209594424333875,no-counts | production-floor | raw | shrink,-347835299 | 1171118565 | -369040388 | 1171118565
14c,209594424333876,no-counts | production-floor | raw | shrink,-347835299 | 1171118565 | -369040388 | 1171118565
14c,209594424333877,no-counts | production-floor | raw | shrink,-347835299 | 1171118565 | -369040388 | -2140146702
14c,209594424333878,no-counts | production-floor | raw | shrink,-347835299 | 1171118565 | -369040388 | -2140146702
14c,209594424333879,no-counts | production-floor | raw | shrink,-347835299 | 1171118565 | -369040388 | 1171118565
14c,209594424333880,no-counts | production-floor | raw | shrink,-347835299 | 1171118565 | -369040388 | 1171118565
14c,209594424333881,no-counts | production-floor | raw | shrink,-347835299 | 1171118565 | -369040388 | 1171118565
14c,209594424333882,no-counts | production-floor | raw | shrink,-347835299 | 1171118565 | -369040388 | -2140146702
14c,209594424333883,no-counts | production-floor | raw | shrink,-347835299 | 1171118565 | -369040388 | -2140146702
14c,209594424333884,no-counts | production-floor | raw | shrink,-347835299 | 1171118565 | -369040388 | 1171118565
14c,209594424333885,no-counts | production-floor | raw | shrink,-347835299 | 1171118565 | -369040388 | 1171118565
14c,209594424333886,no-counts | production-floor | raw | shrink,-347835299 | 1171118565 | -369040388 | -2140146702
14c,209594424333887,no-counts | production-floor | raw | shrink,-347835299 | 1171118565 | -369040388 | 1171118565
15a,209718978385432,no-counts | production-floor | raw | shrink,-1056744196 | -197612404 | -662433972 | -874818637
15a,209718978385433,no-counts | production-floor | raw | shrink,2105893680 | -197612404 | -1876644405 | -874818637
15a,209718978385435,no-counts | production-floor | raw | shrink,2105893680 | -197612404 | -985005990 | -874818637
15a,209718978385436,no-counts | production-floor | raw | shrink,2105893680 | -197612404 | -662433972 | -874818637
15a,209718978385437,no-counts | production-floor | raw | shrink,2105893680 | -197612404 | -662433972 | -874818637
15a,209718978385438,no-counts | production-floor | raw | shrink,191583575 | -197612404 | 697904049 | -874818637
15a,209718978385439,no-counts | production-floor | raw | shrink,2105893680 | -197612404 | 532935496 | -874818637
15a,209718978385440,no-counts | production-floor | raw | shrink,191583575 | -197612404 | -662433972 | -874818637
15a,209718978385441,no-counts | production-floor | raw | shrink,191583575 | -197612404 | -662433972 | -874818637
15a,209718978385442,no-counts | production-floor | raw | shrink,191583575 | -197612404 | 532935496 | -874818637
15a,209718978385443,no-counts | production-floor | raw | shrink,-1056744196 | -197612404 | -1876644405 | -874818637
15a,209718978385444,no-counts | production-floor | raw | shrink,191583575 | -197612404 | -662433972 | -874818637
15a,209718978385445,no-counts | production-floor | raw | shrink,2105893680 | -197612404 | -662433972 | -874818637
15a,209718978385446,no-counts | production-floor | raw | shrink,2105893680 | -197612404 | -985005990 | -874818637
15a,209718978385447,no-counts | production-floor | raw | shrink,191583575 | -197612404 | 532935496 | -874818637
15a,209718978385448,no-counts | production-floor | raw | shrink,191583575 | -197612404 | -662433972 | -874818637
15a,209718978385449,no-counts | production-floor | raw | shrink,191583575 | -197612404 | -662433972 | -874818637
15a,209718978385450,no-counts | production-floor | raw | shrink,2105893680 | -197612404 | -662433972 | -874818637
15a,209718978385451,no-counts | production-floor | raw | shrink,2105893680 | 196157638 | -985005990 | 196157638
15a,209718978385452,no-counts | production-floor | raw | shrink,2105893680 | -197612404 | 697904049 | -874818637
15a,209718978385453,no-counts | production-floor | raw | shrink,2105893680 | -197612404 | -662433972 | -874818637
15a,209718978385454,no-counts | production-floor | raw | shrink,2105893680 | -197612404 | 532935496 | -874818637
15a,209718978385455,no-counts | production-floor | raw | shrink,2105893680 | -197612404 | -662433972 | -874818637
15a,209718978385456,no-counts | production-floor | raw | shrink,2105893680 | -197612404 | 697904049 | -874818637
15a,209718978385457,no-counts | production-floor | raw | shrink,-1056744196 | 196157638 | -985005990 | -874818637
15a,209718978385458,no-counts | production-floor | raw | shrink,2105893680 | -197612404 | -662433972 | -874818637
15a,209718978385459,no-counts | production-floor | raw | shrink,191583575 | -197612404 | -662433972 | 196157638
15a,209718978385460,no-counts | production-floor | raw | shrink,191583575 | 196157638 | 532935496 | -874818637
15a,209718978385462,no-counts | production-floor | raw | shrink,191583575 | -197612404 | -662433972 | -874818637
15a,209718978385463,no-counts | production-floor | raw | shrink,191583575 | -197612404 | 532935496 | 196157638
15b,209723273352728,no-counts | production-floor | raw | shrink,703785952 | -1293176700 | 1563801558 | -347771581
15b,209723273352730,no-counts | production-floor | raw | shrink,703785952 | -1293176700 | 1563801558 | -347771581
15b,209723273352731,no-counts | production-floor | raw | shrink,703785952 | -1293176700 | 1032376295 | -347771581
15b,209723273352732,no-counts | production-floor | raw | shrink,703785952 | -1293176700 | 1563801558 | -1293176700
15b,209723273352733,no-counts | production-floor | raw | shrink,703785952 | -1293176700 | 1032376295 | -347771581
15b,209723273352734,no-counts | production-floor | raw | shrink,703785952 | -1293176700 | 1563801558 | -347771581
15b,209723273352735,no-counts | production-floor | raw | shrink,703785952 | -1293176700 | 1032376295 | -347771581
15b,209723273352736,no-counts | production-floor | raw | shrink,703785952 | -1293176700 | 1563801558 | -347771581
15b,209723273352737,no-counts | production-floor | raw | shrink,703785952 | -1293176700 | -1478206114 | -347771581
15b,209723273352738,no-counts | production-floor | raw | shrink,703785952 | -1293176700 | 1563801558 | -1293176700
15b,209723273352739,no-counts | production-floor | raw | shrink,703785952 | -1293176700 | 1563801558 | -1293176700
15b,209723273352740,no-counts | production-floor | raw | shrink,703785952 | -1293176700 | 1032376295 | -347771581
15b,209723273352741,no-counts | production-floor | raw | shrink,703785952 | -1293176700 | 1563801558 | -347771581
15b,209723273352742,no-counts | production-floor | raw | shrink,703785952 | -1293176700 | 1032376295 | -347771581
15b,209723273352743,no-counts | production-floor | raw | shrink,703785952 | -1293176700 | -1478206114 | -1293176700
15b,209723273352744,no-counts | production-floor | raw | shrink,703785952 | -1293176700 | -1478206114 | -347771581
15b,209723273352745,no-counts | production-floor | raw | shrink,703785952 | -1293176700 | -1478206114 | -347771581
15b,209723273352746,no-counts | production-floor | raw | shrink,703785952 | -1293176700 | 1032376295 | -347771581
15b,209723273352747,no-counts | production-floor | raw | shrink,703785952 | -1293176700 | 1032376295 | -347771581
15b,209723273352748,no-counts | production-floor | raw | shrink,703785952 | -1293176700 | 1032376295 | -1293176700
15b,209723273352749,no-counts | production-floor | raw | shrink,703785952 | -1293176700 | 1563801558 | -1293176700
15b,209723273352750,no-counts | production-floor | raw | shrink,703785952 | -1293176700 | 1563801558 | 814061452
15b,209723273352751,no-counts | production-floor | raw | shrink,703785952 | -1293176700 | 1563801558 | -347771581
15b,209723273352752,no-counts | production-floor | raw | shrink,703785952 | -1293176700 | 1032376295 | -347771581
15b,209723273352753,no-counts | production-floor | raw | shrink,703785952 | -1293176700 | 1032376295 | -347771581
15b,209723273352754,no-counts | production-floor | raw | shrink,703785952 | -1293176700 | 1032376295 | -347771581
15b,209723273352755,no-counts | production-floor | raw | shrink,703785952 | -1293176700 | 1032376295 | -1293176700
15b,209723273352756,no-counts | production-floor | raw | shrink,703785952 | -1293176700 | 1563801558 | -347771581
15b,209723273352757,no-counts | production-floor | raw | shrink,703785952 | -1293176700 | -1478206114 | -347771581
15b,209723273352759,no-counts | production-floor | raw | shrink,703785952 | -1293176700 | -1478206114 | -347771581
15c,209727568320025,no-counts | production-floor | raw | shrink,-1468994394 | -420003656 | -848300716 | 592161665
15c,209727568320026,no-counts | production-floor | raw | shrink,-1468994394 | -1098297468 | -1076120849 | 592161665
15c,209727568320027,no-counts | production-floor | raw | shrink,-1468994394 | -1098297468 | -1076120849 | 592161665
15c,209727568320028,no-counts | production-floor | raw | shrink,-1468994394 | -1098297468 | 592161665 | 592161665
15c,209727568320029,no-counts | production-floor | raw | shrink,-1468994394 | -1098297468 | 10284541 | 592161665
15c,209727568320030,no-counts | production-floor | raw | shrink,-1468994394 | -1098297468 | 592161665 | 592161665
15c,209727568320031,no-counts | production-floor | raw | shrink,-1468994394 | -1098297468 | -888802497 | 592161665
15c,209727568320032,no-counts | production-floor | raw | shrink,-1468994394 | -1098297468 | -848300716 | 592161665
15c,209727568320033,no-counts | production-floor | raw | shrink,-1468994394 | -1098297468 | -1076120849 | 592161665
15c,209727568320034,no-counts | production-floor | raw | shrink,-1468994394 | -1098297468 | -888802497 | 592161665
15c,209727568320035,no-counts | production-floor | raw | shrink,-1468994394 | -1098297468 | -888802497 | 592161665
15c,209727568320036,no-counts | production-floor | raw | shrink,-1468994394 | -1098297468 | 592161665 | 592161665
15c,209727568320037,no-counts | production-floor | raw | shrink,-1468994394 | -1098297468 | -888802497 | 592161665
15c,209727568320038,no-counts | production-floor | raw | shrink,-1468994394 | -1098297468 | 592161665 | 592161665
15c,209727568320039,no-counts | production-floor | raw | shrink,-1468994394 | -1098297468 | 592161665 | 592161665
15c,209727568320040,no-counts | production-floor | raw | shrink,-1468994394 | -1098297468 | -1076120849 | 592161665
15c,209727568320041,no-counts | production-floor | raw | shrink,-1468994394 | -1098297468 | 592161665 | 592161665
15c,209727568320042,no-counts | production-floor | raw | shrink,-1468994394 | -1098297468 | -888802497 | 592161665
15c,209727568320043,no-counts | production-floor | raw | shrink,-1468994394 | -1098297468 | -888802497 | 592161665
15c,209727568320044,no-counts | production-floor | raw | shrink,-1468994394 | -1098297468 | -1076120849 | 592161665
15c,209727568320045,no-counts | production-floor | raw | shrink,-1468994394 | -1098297468 | -848300716 | 592161665
15c,209727568320046,no-counts | production-floor | raw | shrink,-1468994394 | -1098297468 | -1076120849 | 592161665
15c,209727568320047,no-counts | production-floor | raw | shrink,159426514 | -1098297468 | 592161665 | 592161665
15c,209727568320048,no-counts | production-floor | raw | shrink,-1468994394 | -1098297468 | -1076120849 | 592161665
15c,209727568320049,no-counts | production-floor | raw | shrink,-1468994394 | -1098297468 | -848300716 | 592161665
15c,209727568320050,no-counts | production-floor | raw | shrink,-1468994394 | -1098297468 | -1076120849 | 592161665
15c,209727568320051,no-counts | production-floor | raw | shrink,-1468994394 | -1098297468 | -848300716 | 592161665
15c,209727568320052,no-counts | production-floor | raw | shrink,-1468994394 | -1098297468 | 592161665 | 592161665
15c,209727568320053,no-counts | production-floor | raw | shrink,-1468994394 | -1098297468 | 690079889 | 592161665
15c,209727568320054,no-counts | production-floor | raw | shrink,-1468994394 | -1098297468 | -1076120849 | 592161665
15d,209731863287369,no-counts | production-floor | raw | shrink,-1729923756 | -704972777 | 74789298 | -704972777
15d,209731863287370,no-counts | production-floor | raw | shrink,-1409430531 | -704972777 | 502765013 | -704972777
15d,209731863287371,no-counts | production-floor | raw | shrink,-1869365187 | 74789298 | -704972777 | -704972777
15d,209731863287372,no-counts | production-floor | raw | shrink,-1869365187 | 74789298 | 502765013 | -704972777
15d,209731863287373,no-counts | production-floor | raw | shrink,-1729923756 | -704972777 | 502765013 | -704972777
15d,209731863287374,no-counts | production-floor | raw | shrink,16738698 | -704972777 | 502765013 | -704972777
15d,209731863287375,no-counts | production-floor | raw | shrink,-1729923756 | -704972777 | 502765013 | -704972777
15d,209731863287376,no-counts | production-floor | raw | shrink,-1409430531 | -704972777 | 502765013 | -704972777
15d,209731863287377,no-counts | production-floor | raw | shrink,-1409430531 | -704972777 | 74789298 | -704972777
15d,209731863287378,no-counts | production-floor | raw | shrink,-1409430531 | -704972777 | -704972777 | -704972777
15d,209731863287379,no-counts | production-floor | raw | shrink,-1729923756 | -704972777 | 74789298 | -704972777
15d,209731863287380,no-counts | production-floor | raw | shrink,-1409430531 | -704972777 | 502765013 | -704972777
15d,209731863287381,no-counts | production-floor | raw | shrink,-1409430531 | -704972777 | -704972777 | -704972777
15d,209731863287382,no-counts | production-floor | raw | shrink,-1869365187 | 74789298 | 502765013 | -704972777
15d,209731863287383,no-counts | production-floor | raw | shrink,-1409430531 | -704972777 | 74789298 | -704972777
15d,209731863287384,no-counts | production-floor | raw | shrink,-1729923756 | -704972777 | 502765013 | -704972777
15d,209731863287385,no-counts | production-floor | raw | shrink,-1729923756 | -704972777 | 74789298 | -704972777
15d,209731863287386,no-counts | production-floor | raw | shrink,-1869365187 | 74789298 | 502765013 | -704972777
15d,209731863287387,no-counts | production-floor | raw | shrink,-1409430531 | -704972777 | 74789298 | -704972777
15d,209731863287388,no-counts | production-floor | raw | shrink,-1409430531 | -704972777 | 74789298 | -704972777
15d,209731863287389,no-counts | production-floor | raw | shrink,-1729923756 | -704972777 | 502765013 | -704972777
15d,209731863287390,no-counts | production-floor | raw | shrink,-1729923756 | -704972777 | 502765013 | -704972777
15d,209731863287391,no-counts | production-floor | raw | shrink,-1729923756 | -704972777 | -704972777 | -704972777
15d,209731863287392,no-counts | production-floor | raw | shrink,-1409430531 | -704972777 | 502765013 | -704972777
15d,209731863287393,no-counts | production-floor | raw | shrink,-1409430531 | -704972777 | 502765013 | -704972777
15d,209731863287394,no-counts | production-floor | raw | shrink,-1409430531 | -704972777 | 502765013 | -704972777
15d,209731863287395,no-counts | production-floor | raw | shrink,-1409430531 | -704972777 | -704972777 | -704972777
15d,209731863287396,no-counts | production-floor | raw | shrink,-1409430531 | -704972777 | 74789298 | -704972777
15d,209731863287397,no-counts | production-floor | raw | shrink,-1729923756 | -704972777 | -704972777 | -704972777
15d,209731863287398,no-counts | production-floor | raw | shrink,-1409430531 | -704972777 | -704972777 | -704972777
16a,209852122371648,no-counts | production-floor | raw | shrink,719404660 | 719404660 | 1591070456 | 719404660
16a,209852122371649,no-counts | production-floor | raw | shrink,719404660 | 719404660 | 1591070456 | 719404660
16a,209852122371650,no-counts | production-floor | raw | shrink,719404660 | 719404660 | 1591070456 | 719404660
16a,209852122371651,no-counts | production-floor | raw | shrink,719404660 | 719404660 | 1591070456 | 719404660
16a,209852122371652,no-counts | production-floor | raw | shrink,719404660 | 719404660 | 1591070456 | 719404660
16a,209852122371653,no-counts | production-floor | raw | shrink,719404660 | 719404660 | 1591070456 | 719404660
16a,209852122371654,no-counts | production-floor | raw | shrink,719404660 | 719404660 | 1591070456 | 719404660
16a,209852122371655,no-counts | production-floor | raw | shrink,719404660 | 719404660 | 1591070456 | 719404660
16a,209852122371656,no-counts | production-floor | raw | shrink,719404660 | 719404660 | 1591070456 | 719404660
16a,209852122371657,no-counts | production-floor | raw | shrink,719404660 | 719404660 | 1591070456 | 719404660
16a,209852122371658,no-counts | production-floor | raw | shrink,719404660 | 719404660 | 1591070456 | 719404660
16a,209852122371659,no-counts | production-floor | raw | shrink,719404660 | 719404660 | 1591070456 | 719404660
16a,209852122371660,no-counts | production-floor | raw | shrink,719404660 | 719404660 | 1591070456 | 719404660
16a,209852122371661,no-counts | production-floor | raw | shrink,719404660 | 719404660 | 1591070456 | 719404660
16a,209852122371662,no-counts | production-floor | raw | shrink,719404660 | 719404660 | 1591070456 | 719404660
16a,209852122371663,no-counts | production-floor | raw | shrink,719404660 | 719404660 | 1591070456 | 719404660
16a,209852122371664,no-counts | production-floor | raw | shrink,719404660 | 719404660 | 1591070456 | 719404660
16a,209852122371665,no-counts | production-floor | raw | shrink,719404660 | 719404660 | 1591070456 | 719404660
16a,209852122371666,no-counts | production-floor | raw | shrink,719404660 | 719404660 | 1591070456 | 719404660
16a,209852122371667,no-counts | production-floor | raw | shrink,719404660 | 719404660 | 1591070456 | 719404660
16a,209852122371669,no-counts | production-floor | raw | shrink,719404660 | 719404660 | 1591070456 | 719404660
16a,209852122371670,no-counts | production-floor | raw | shrink,719404660 | 719404660 | 1591070456 | 719404660
16a,209852122371671,no-counts | production-floor | raw | shrink,719404660 | 719404660 | 1591070456 | 719404660
16a,209852122371704,no-counts | production-floor | raw | shrink,719404660 | 719404660 | 1591070456 | 719404660
16a,209852122371705,no-counts | production-floor | raw | shrink,719404660 | 719404660 | 1591070456 | 719404660
16a,209852122371706,no-counts | production-floor | raw | shrink,719404660 | 719404660 | 1591070456 | 719404660
16a,209852122371708,no-counts | production-floor | raw | shrink,719404660 | 719404660 | 1591070456 | 719404660
16a,209852122371709,no-counts | production-floor | raw | shrink,719404660 | 719404660 | 1591070456 | 719404660
16a,209852122371710,no-counts | production-floor | raw | shrink,719404660 | 719404660 | 1591070456 | 719404660
16a,209852122371711,no-counts | production-floor | raw | shrink,719404660 | 719404660 | 1591070456 | 719404660
17b,209989561325144,no-counts | production-floor | raw | shrink,-2143655902 | -138391054 | -138391054 | -138391054
17b,209989561325145,no-counts | production-floor | raw | shrink,-2143655902 | -138391054 | -138391054 | -138391054
17b,209989561325146,no-counts | production-floor | raw | shrink,-2143655902 | -138391054 | -138391054 | -138391054
17b,209989561325148,no-counts | production-floor | raw | shrink,-2143655902 | -138391054 | -138391054 | -138391054
17b,209989561325149,no-counts | production-floor | raw | shrink,-2143655902 | -138391054 | -138391054 | -138391054
17b,209989561325150,no-counts | production-floor | raw | shrink,-2143655902 | -138391054 | -138391054 | -138391054
17b,209989561325151,no-counts | production-floor | raw | shrink,-2143655902 | -138391054 | -138391054 | -138391054
17b,209989561325152,no-counts | production-floor | raw | shrink,-2143655902 | -138391054 | -138391054 | -138391054
17b,209989561325153,no-counts | production-floor | raw | shrink,-2143655902 | -138391054 | -138391054 | -138391054
17b,209989561325154,no-counts | production-floor | raw | shrink,-2143655902 | -138391054 | -138391054 | -138391054
17b,209989561325155,no-counts | production-floor | raw | shrink,-2143655902 | -138391054 | -138391054 | -138391054
17b,209989561325156,no-counts | production-floor | raw | shrink,-2143655902 | -138391054 | -138391054 | -138391054
17b,209989561325157,no-counts | production-floor | raw | shrink,-2143655902 | -138391054 | -138391054 | -138391054
17b,209989561325158,no-counts | production-floor | raw | shrink,-2143655902 | -138391054 | -138391054 | -138391054
17b,209989561325159,no-counts | production-floor | raw | shrink,-2143655902 | -138391054 | -138391054 | -138391054
17b,209989561325160,no-counts | production-floor | raw | shrink,-2143655902 | -138391054 | -138391054 | -138391054
17b,209989561325161,no-counts | production-floor | raw | shrink,-2143655902 | -2143655902 | -138391054 | -138391054
17b,209989561325162,no-counts | production-floor | raw | shrink,-2143655902 | -138391054 | -138391054 | -138391054
17b,209989561325163,no-counts | production-floor | raw | shrink,-2143655902 | -138391054 | -138391054 | -138391054
17b,209989561325164,no-counts | production-floor | raw | shrink,-2143655902 | -138391054 | -138391054 | -138391054
17b,209989561325165,no-counts | production-floor | raw | shrink,-2143655902 | -138391054 | -138391054 | -138391054
17b,209989561325166,no-counts | production-floor | raw | shrink,-2143655902 | -138391054 | -138391054 | -138391054
17b,209989561325167,no-counts | production-floor | raw | shrink,-2143655902 | -2143655902 | -138391054 | -138391054
17b,209989561325168,no-counts | production-floor | raw | shrink,-2143655902 | -138391054 | -138391054 | -138391054
17b,209989561325169,no-counts | production-floor | raw | shrink,-2143655902 | -138391054 | -138391054 | -138391054
17b,209989561325170,no-counts | production-floor | raw | shrink,-2143655902 | -2143655902 | -138391054 | -138391054
17b,209989561325171,no-counts | production-floor | raw | shrink,-2143655902 | -138391054 | -138391054 | -138391054
17b,209989561325173,no-counts | production-floor | raw | shrink,-2143655902 | -138391054 | -138391054 | -138391054
17b,209989561325174,no-counts | production-floor | raw | shrink,-2143655902 | -2143655902 | -138391054 | -138391054
17b,209989561325175,no-counts | production-floor | raw | shrink,-2143655902 | -2143655902 | -138391054 | -138391054
17c,209993856292440,no-counts | production-floor | raw | shrink,-2143655902 | -99220691 | -99220691 | -99220691
17c,209993856292441,no-counts | production-floor | raw | shrink,-2143655902 | -99220691 | -99220691 | -99220691
17c,209993856292443,no-counts | production-floor | raw | shrink,-2143655902 | -99220691 | -99220691 | -99220691
17c,209993856292444,no-counts | production-floor | raw | shrink,-2143655902 | -99220691 | -99220691 | -99220691
17c,209993856292445,no-counts | production-floor | raw | shrink,-2143655902 | -99220691 | -99220691 | -99220691
17c,209993856292446,no-counts | production-floor | raw | shrink,-2143655902 | -99220691 | -99220691 | -99220691
17c,209993856292447,no-counts | production-floor | raw | shrink,-2143655902 | -99220691 | -99220691 | -99220691
17c,209993856292448,no-counts | production-floor | raw | shrink,-2143655902 | -99220691 | -99220691 | -99220691
17c,209993856292449,no-counts | production-floor | raw | shrink,-2143655902 | -99220691 | -99220691 | -99220691
17c,209993856292450,no-counts | production-floor | raw | shrink,-2143655902 | -99220691 | -99220691 | -99220691
17c,209993856292451,no-counts | production-floor | raw | shrink,-2143655902 | -99220691 | -99220691 | -99220691
17c,209993856292452,no-counts | production-floor | raw | shrink,-2143655902 | -99220691 | -99220691 | -99220691
17c,209993856292453,no-counts | production-floor | raw | shrink,-2143655902 | -99220691 | -99220691 | -99220691
17c,209993856292454,no-counts | production-floor | raw | shrink,-2143655902 | -99220691 | -99220691 | -99220691
17c,209993856292455,no-counts | production-floor | raw | shrink,-2143655902 | -99220691 | -99220691 | -99220691
17c,209993856292456,no-counts | production-floor | raw | shrink,-2143655902 | -99220691 | -99220691 | -99220691
17c,209993856292457,no-counts | production-floor | raw | shrink,-2143655902 | -99220691 | -99220691 | -99220691
17c,209993856292458,no-counts | production-floor | raw | shrink,-2143655902 | -99220691 | -99220691 | -99220691
17c,209993856292459,no-counts | production-floor | raw | shrink,-2143655902 | -99220691 | -99220691 | -99220691
17c,209993856292460,no-counts | production-floor | raw | shrink,-2143655902 | -99220691 | -99220691 | -99220691
17c,209993856292461,no-counts | production-floor | raw | shrink,-2143655902 | -99220691 | -99220691 | -99220691
17c,209993856292462,no-counts | production-floor | raw | shrink,-2143655902 | -99220691 | -99220691 | -99220691
17c,209993856292463,no-counts | production-floor | raw | shrink,-2143655902 | -99220691 | -99220691 | -99220691
17c,209993856292464,no-counts | production-floor | raw | shrink,-2143655902 | -99220691 | -99220691 | -99220691
17c,209993856292465,no-counts | production-floor | raw | shrink,-2143655902 | -99220691 | -99220691 | -99220691
17c,209993856292466,no-counts | production-floor | raw | shrink,-2143655902 | -99220691 | -99220691 | -99220691
17c,209993856292467,no-counts | production-floor | raw | shrink,-2143655902 | -99220691 | -99220691 | -99220691
17c,209993856292468,no-counts | production-floor | raw | shrink,-2143655902 | -99220691 | -99220691 | -99220691
17c,209993856292470,no-counts | production-floor | raw | shrink,-2143655902 | -99220691 | -99220691 | -99220691
17c,209993856292471,no-counts | production-floor | raw | shrink,-2143655902 | -99220691 | -99220691 | -99220691
18a,210118410344320,no-counts | production-floor | raw | shrink,-1312720789 | -1713726854 | -1713726854 | -1701613315
18a,210118410344321,no-counts | production-floor | raw | shrink,-1329720310 | 1990623328 | -1701613315 | -1701613315
18a,210118410344322,no-counts | production-floor | raw | shrink,-1312720789 | -574815707 | -1701613315 | -1701613315
18a,210118410344323,no-counts | production-floor | raw | shrink,-1329720310 | -574815707 | -1701613315 | -1701613315
18a,210118410344324,no-counts | production-floor | raw | shrink,-1312720789 | -574815707 | -574815707 | -1701613315
18a,210118410344325,no-counts | production-floor | raw | shrink,-1312720789 | -574815707 | -1701613315 | -1701613315
18a,210118410344326,no-counts | production-floor | raw | shrink,-1312720789 | -574815707 | -574815707 | -1701613315
18a,210118410344327,no-counts | production-floor | raw | shrink,-1312720789 | -574815707 | -574815707 | -1701613315
18a,210118410344328,no-counts | production-floor | raw | shrink,-1312720789 | -574815707 | -1701613315 | -1701613315
18a,210118410344329,no-counts | production-floor | raw | shrink,-1312720789 | -574815707 | -574815707 | -1701613315
18a,210118410344330,no-counts | production-floor | raw | shrink,-1312720789 | -574815707 | -574815707 | -1701613315
18a,210118410344331,no-counts | production-floor | raw | shrink,-1312720789 | 1990623328 | -574815707 | -1701613315
18a,210118410344332,no-counts | production-floor | raw | shrink,-1312720789 | -574815707 | -574815707 | -1701613315
18a,210118410344333,no-counts | production-floor | raw | shrink,-1312720789 | -574815707 | -574815707 | -1701613315
18a,210118410344334,no-counts | production-floor | raw | shrink,-1329720310 | -574815707 | -1701613315 | -1701613315
18a,210118410344335,no-counts | production-floor | raw | shrink,-1312720789 | -574815707 | -574815707 | -1701613315
18a,210118410344336,no-counts | production-floor | raw | shrink,-1312720789 | -574815707 | -574815707 | -1701613315
18a,210118410344337,no-counts | production-floor | raw | shrink,-1312720789 | 1990623328 | -574815707 | -1701613315
18a,210118410344339,no-counts | production-floor | raw | shrink,-1329720310 | -574815707 | -1701613315 | -1701613315
18a,210118410344340,no-counts | production-floor | raw | shrink,-1312720789 | -574815707 | -1701613315 | -1701613315
18a,210118410344341,no-counts | production-floor | raw | shrink,-1312720789 | -574815707 | -574815707 | -1701613315
18a,210118410344342,no-counts | production-floor | raw | shrink,-1312720789 | 1990623328 | -574815707 | -1701613315
18a,210118410344343,no-counts | production-floor | raw | shrink,946619715 | 1990623328 | -574815707 | -1701613315
18a,210118410344376,no-counts | production-floor | raw | shrink,-1312720789 | -574815707 | -574815707 | -1701613315
18a,210118410344377,no-counts | production-floor | raw | shrink,-1312720789 | -574815707 | -574815707 | -1701613315
18a,210118410344378,no-counts | production-floor | raw | shrink,-1312720789 | -574815707 | -1701613315 | -1701613315
18a,210118410344379,no-counts | production-floor | raw | shrink,-1312720789 | 1990623328 | -1701613315 | -1701613315
18a,210118410344380,no-counts | production-floor | raw | shrink,-1312720789 | 1990623328 | -1701613315 | -1701613315
18a,210118410344382,no-counts | production-floor | raw | shrink,-1312720789 | -574815707 | -1701613315 | -1701613315
18a,210118410344383,no-counts | production-floor | raw | shrink,-1312720789 | 1990623328 | -574815707 | -1701613315
18b,210122705311616,no-counts | production-floor | raw | shrink,-266505204 | -2103027714 | -633376097 | -2103027714
18b,210122705311617,no-counts | production-floor | raw | shrink,-266505204 | -2103027714 | -633376097 | -2103027714
18b,210122705311618,no-counts | production-floor | raw | shrink,-266505204 | -2103027714 | -633376097 | -633376097
18b,210122705311619,no-counts | production-floor | raw | shrink,-266505204 | -2103027714 | -633376097 | -633376097
18b,210122705311620,no-counts | production-floor | raw | shrink,-266505204 | -2103027714 | -633376097 | -633376097
18b,210122705311621,no-counts | production-floor | raw | shrink,-266505204 | -2103027714 | -633376097 | -633376097
18b,210122705311622,no-counts | production-floor | raw | shrink,-266505204 | -2103027714 | -633376097 | -2103027714
18b,210122705311623,no-counts | production-floor | raw | shrink,-266505204 | -2103027714 | -633376097 | -633376097
18b,210122705311624,no-counts | production-floor | raw | shrink,-266505204 | -2103027714 | -633376097 | -633376097
18b,210122705311625,no-counts | production-floor | raw | shrink,-266505204 | -2103027714 | -633376097 | -1852800932
18b,210122705311626,no-counts | production-floor | raw | shrink,-266505204 | -2103027714 | -633376097 | -2103027714
18b,210122705311627,no-counts | production-floor | raw | shrink,-266505204 | -2103027714 | -633376097 | -633376097
18b,210122705311628,no-counts | production-floor | raw | shrink,-266505204 | -2103027714 | -633376097 | -633376097
18b,210122705311629,no-counts | production-floor | raw | shrink,-266505204 | -2103027714 | -633376097 | -2103027714
18b,210122705311630,no-counts | production-floor | raw | shrink,-266505204 | -2103027714 | -633376097 | -2103027714
18b,210122705311631,no-counts | production-floor | raw | shrink,-266505204 | -2103027714 | -633376097 | -633376097
18b,210122705311632,no-counts | production-floor | raw | shrink,-266505204 | -2103027714 | -633376097 | -633376097
18b,210122705311633,no-counts | production-floor | raw | shrink,-266505204 | -2103027714 | -633376097 | -1852800932
18b,210122705311634,no-counts | production-floor | raw | shrink,-266505204 | -2103027714 | -633376097 | -633376097
18b,210122705311636,no-counts | production-floor | raw | shrink,-266505204 | -2103027714 | -2103027714 | 426213350
18b,210122705311637,no-counts | production-floor | raw | shrink,-266505204 | -2103027714 | -633376097 | -2103027714
18b,210122705311638,no-counts | production-floor | raw | shrink,-266505204 | -2103027714 | -633376097 | -633376097
18b,210122705311639,no-counts | production-floor | raw | shrink,-266505204 | -2103027714 | -633376097 | -2103027714
18b,210122705311672,no-counts | production-floor | raw | shrink,-266505204 | -2103027714 | -633376097 | -633376097
18b,210122705311673,no-counts | production-floor | raw | shrink,-266505204 | -2103027714 | -633376097 | -2103027714
18b,210122705311674,no-counts | production-floor | raw | shrink,-266505204 | -2103027714 | -633376097 | -633376097
18b,210122705311675,no-counts | production-floor | raw | shrink,-266505204 | -2103027714 | -633376097 | -633376097
18b,210122705311677,no-counts | production-floor | raw | shrink,-266505204 | -2103027714 | -633376097 | -633376097
18b,210122705311678,no-counts | production-floor | raw | shrink,-266505204 | -2103027714 | -633376097 | -633376097
18b,210122705311679,no-counts | production-floor | raw | shrink,-266505204 | -2103027714 | -633376097 | -633376097
18c,210127000278912,no-counts | production-floor | raw | shrink,456551016 | -852311855 | 1641369366 | 1641369366
18c,210127000278913,no-counts | production-floor | raw | shrink,456551016 | -852311855 | 1641369366 | 1641369366
18c,210127000278914,no-counts | production-floor | raw | shrink,456551016 | -852311855 | 1641369366 | 1641369366
18c,210127000278915,no-counts | production-floor | raw | shrink,456551016 | -852311855 | 1641369366 | 1641369366
18c,210127000278916,no-counts | production-floor | raw | shrink,456551016 | -852311855 | 1641369366 | 1641369366
18c,210127000278917,no-counts | production-floor | raw | shrink,456551016 | -852311855 | 1641369366 | 1641369366
18c,210127000278918,no-counts | production-floor | raw | shrink,456551016 | -852311855 | 1641369366 | 1641369366
18c,210127000278919,no-counts | production-floor | raw | shrink,456551016 | -852311855 | 1641369366 | 1641369366
18c,210127000278920,no-counts | production-floor | raw | shrink,456551016 | -852311855 | 1641369366 | 1641369366
18c,210127000278921,no-counts | production-floor | raw | shrink,456551016 | -852311855 | 1641369366 | 1641369366
18c,210127000278922,no-counts | production-floor | raw | shrink,456551016 | -852311855 | 1641369366 | 1641369366
18c,210127000278923,no-counts | production-floor | raw | shrink,456551016 | -852311855 | 1641369366 | 1641369366
18c,210127000278924,no-counts | production-floor | raw | shrink,456551016 | -852311855 | 1641369366 | 1641369366
18c,210127000278925,no-counts | production-floor | raw | shrink,456551016 | -852311855 | 1641369366 | 1641369366
18c,210127000278926,no-counts | production-floor | raw | shrink,456551016 | -852311855 | 1641369366 | 1641369366
18c,210127000278927,no-counts | production-floor | raw | shrink,456551016 | -852311855 | 1641369366 | 1641369366
18c,210127000278928,no-counts | production-floor | raw | shrink,456551016 | -852311855 | 1641369366 | 1641369366
18c,210127000278929,no-counts | production-floor | raw | shrink,456551016 | -852311855 | 1641369366 | 1641369366
18c,210127000278930,no-counts | production-floor | raw | shrink,456551016 | -852311855 | 1641369366 | 1641369366
18c,210127000278931,no-counts | production-floor | raw | shrink,456551016 | -852311855 | 1641369366 | 1641369366
18c,210127000278933,no-counts | production-floor | raw | shrink,456551016 | -852311855 | 1641369366 | 1641369366
18c,210127000278934,no-counts | production-floor | raw | shrink,456551016 | -852311855 | 1641369366 | 1641369366
18c,210127000278935,no-counts | production-floor | raw | shrink,456551016 | -852311855 | 1641369366 | 1641369366
18c,210127000278968,no-counts | production-floor | raw | shrink,456551016 | -852311855 | 1641369366 | 1641369366
18c,210127000278969,no-counts | production-floor | raw | shrink,456551016 | -852311855 | 1641369366 | 1641369366
18c,210127000278970,no-counts | production-floor | raw | shrink,456551016 | -852311855 | 1641369366 | 1641369366
18c,210127000278972,no-counts | production-floor | raw | shrink,456551016 | -852311855 | 1641369366 | 1641369366
18c,210127000278973,no-counts | production-floor | raw | shrink,456551016 | -852311855 | 1641369366 | 1641369366
18c,210127000278974,no-counts | production-floor | raw | shrink,456551016 | -852311855 | 1641369366 | 1641369366
18c,210127000278975,no-counts | production-floor | raw | shrink,456551016 | -852311855 | 1641369366 | 1641369366
19a,210251554330520,no-counts | production-floor | raw | shrink,2068678522 | -1013248213 | -637633703 | -477815540
19a,210251554330521,no-counts | production-floor | raw | shrink,2068678522 | -1917738233 | -392804058 | -477815540
19a,210251554330522,no-counts | production-floor | raw | shrink,1280008028 | -1013248213 | -392804058 | -477815540
19a,210251554330523,no-counts | production-floor | raw | shrink,-1921186889 | 1396323381 | 280911468 | -477815540
19a,210251554330524,no-counts | production-floor | raw | shrink,-1921186889 | 1396323381 | -637633703 | -1819667816
19a,210251554330525,no-counts | production-floor | raw | shrink,1280008028 | 1396323381 | -392804058 | -477815540
19a,210251554330527,no-counts | production-floor | raw | shrink,346236026 | 236212921 | 1109417049 | -1819667816
19a,210251554330528,no-counts | production-floor | raw | shrink,1466320538 | -1013248213 | -392804058 | -477815540
19a,210251554330529,no-counts | production-floor | raw | shrink,1280008028 | -1013248213 | -637633703 | -477815540
19a,210251554330530,no-counts | production-floor | raw | shrink,1701752549 | 96554330 | -637633703 | -477815540
19a,210251554330531,no-counts | production-floor | raw | shrink,1466320538 | -1013248213 | -637633703 | -477815540
19a,210251554330532,no-counts | production-floor | raw | shrink,1280008028 | 1396323381 | -637633703 | -1819667816
19a,210251554330533,no-counts | production-floor | raw | shrink,1280008028 | 1396323381 | -637633703 | -1917738233
19a,210251554330534,no-counts | production-floor | raw | shrink,1280008028 | -1013248213 | -392804058 | -477815540
19a,210251554330535,no-counts | production-floor | raw | shrink,1280008028 | -1013248213 | -392804058 | -477815540
19a,210251554330536,no-counts | production-floor | raw | shrink,2068678522 | -1013248213 | -637633703 | -477815540
19a,210251554330537,no-counts | production-floor | raw | shrink,1280008028 | 1396323381 | 280911468 | -477815540
19a,210251554330538,no-counts | production-floor | raw | shrink,1280008028 | 1396323381 | -1722146823 | -477815540
19a,210251554330539,no-counts | production-floor | raw | shrink,1280008028 | -228415750 | 1791313305 | -1819667816
19a,210251554330540,no-counts | production-floor | raw | shrink,-1921186889 | 1396323381 | 280911468 | -477815540
19a,210251554330541,no-counts | production-floor | raw | shrink,2068678522 | 1396323381 | 894859402 | -477815540
19a,210251554330542,no-counts | production-floor | raw | shrink,1280008028 | 1396323381 | 280911468 | -1819667816
19a,210251554330543,no-counts | production-floor | raw | shrink,1280008028 | -1013248213 | -637633703 | -477815540
19a,210251554330544,no-counts | production-floor | raw | shrink,288202220 | -1166399880 | -637633703 | -477815540
19a,210251554330546,no-counts | production-floor | raw | shrink,1466320538 | 1396323381 | -637633703 | -477815540
19a,210251554330547,no-counts | production-floor | raw | shrink,1466320538 | 1396323381 | 280911468 | -1917738233
19a,210251554330548,no-counts | production-floor | raw | shrink,-806953839 | -1013248213 | -392804058 | -477815540
19a,210251554330549,no-counts | production-floor | raw | shrink,1280008028 | -1917738233 | -637633703 | -477815540
19a,210251554330550,no-counts | production-floor | raw | shrink,1466320538 | 1396323381 | -392804058 | -477815540
19a,210251554330551,no-counts | production-floor | raw | shrink,1280008028 | -1917738233 | -637633703 | -477815540
19b,210255849297816,no-counts | production-floor | raw | shrink,716065427 | 910037442 | -1205520184 | -1834056489
19b,210255849297817,no-counts | production-floor | raw | shrink,716065427 | 910037442 | -1205520184 | 910037442
19b,210255849297818,no-counts | production-floor | raw | shrink,716065427 | 910037442 | -1205520184 | 825922194
19b,210255849297819,no-counts | production-floor | raw | shrink,716065427 | 825922194 | -1906746532 | 825922194
19b,210255849297820,no-counts | production-floor | raw | shrink,-2143395493 | 910037442 | -1205520184 | 825922194
19b,210255849297822,no-counts | production-floor | raw | shrink,-2143395493 | 910037442 | -1205520184 | 910037442
19b,210255849297823,no-counts | production-floor | raw | shrink,716065427 | 910037442 | -1205520184 | 910037442
19b,210255849297824,no-counts | production-floor | raw | shrink,716065427 | 825922194 | -1906746532 | 825922194
19b,210255849297825,no-counts | production-floor | raw | shrink,716065427 | 825922194 | -1906746532 | 825922194
19b,210255849297826,no-counts | production-floor | raw | shrink,-2143395493 | 910037442 | -1205520184 | -1402516586
19b,210255849297827,no-counts | production-floor | raw | shrink,716065427 | -1402516586 | -1205520184 | -1834056489
19b,210255849297828,no-counts | production-floor | raw | shrink,716065427 | 825922194 | -1906746532 | 825922194
19b,210255849297829,no-counts | production-floor | raw | shrink,1412482901 | -1834056489 | -1906746532 | -1834056489
19b,210255849297830,no-counts | production-floor | raw | shrink,716065427 | 825922194 | -1906746532 | 825922194
19b,210255849297831,no-counts | production-floor | raw | shrink,-2143395493 | 910037442 | -1205520184 | 910037442
19b,210255849297832,no-counts | production-floor | raw | shrink,716065427 | 825922194 | -1906746532 | -1834056489
19b,210255849297833,no-counts | production-floor | raw | shrink,716065427 | 910037442 | -1205520184 | -1834056489
19b,210255849297834,no-counts | production-floor | raw | shrink,716065427 | -1402516586 | -1205520184 | -1402516586
19b,210255849297835,no-counts | production-floor | raw | shrink,716065427 | 825922194 | -1906746532 | 825922194
19b,210255849297836,no-counts | production-floor | raw | shrink,716065427 | 910037442 | -1205520184 | 910037442
19b,210255849297837,no-counts | production-floor | raw | shrink,716065427 | 910037442 | -1205520184 | 825922194
19b,210255849297838,no-counts | production-floor | raw | shrink,716065427 | -1834056489 | -1906746532 | -1834056489
19b,210255849297839,no-counts | production-floor | raw | shrink,716065427 | -1834056489 | -1906746532 | -1834056489
19b,210255849297840,no-counts | production-floor | raw | shrink,-2143395493 | 910037442 | -1205520184 | 825922194
19b,210255849297841,no-counts | production-floor | raw | shrink,716065427 | -1402516586 | -1205520184 | -1402516586
19b,210255849297843,no-counts | production-floor | raw | shrink,716065427 | 825922194 | -1906746532 | 825922194
19b,210255849297844,no-counts | production-floor | raw | shrink,716065427 | 825922194 | -1906746532 | 825922194
19b,210255849297845,no-counts | production-floor | raw | shrink,716065427 | 825922194 | -1906746532 | 825922194
19b,210255849297846,no-counts | production-floor | raw | shrink,1412482901 | 910037442 | -1205520184 | 825922194
19b,210255849297847,no-counts | production-floor | raw | shrink,716065427 | 825922194 | -1906746532 | 825922194
19c,210260144265112,no-counts | production-floor | raw | shrink,-1310484652 | 204487702 | -1142457374 | 1055693188
19c,210260144265113,no-counts | production-floor | raw | shrink,1792585738 | 204487702 | -1142457374 | 1055693188
19c,210260144265114,no-counts | production-floor | raw | shrink,-1310484652 | 204487702 | -1142457374 | 1055693188
19c,210260144265115,no-counts | production-floor | raw | shrink,-1310484652 | 204487702 | -1142457374 | 1055693188
19c,210260144265117,no-counts | production-floor | raw | shrink,-1310484652 | 204487702 | 1347037819 | 1055693188
19c,210260144265118,no-counts | production-floor | raw | shrink,-1310484652 | 204487702 | -1065192089 | 1055693188
19c,210260144265119,no-counts | production-floor | raw | shrink,-1310484652 | 204487702 | -1142457374 | 1055693188
19c,210260144265120,no-counts | production-floor | raw | shrink,1138619820 | 204487702 | -1142457374 | -649799299
19c,210260144265121,no-counts | production-floor | raw | shrink,-1345068535 | 204487702 | 1347037819 | 1055693188
19c,210260144265122,no-counts | production-floor | raw | shrink,-1310484652 | 204487702 | -1142457374 | 1055693188
19c,210260144265123,no-counts | production-floor | raw | shrink,1138619820 | 204487702 | 1347037819 | 1055693188
19c,210260144265124,no-counts | production-floor | raw | shrink,538510470 | 204487702 | -1142457374 | 1055693188
19c,210260144265125,no-counts | production-floor | raw | shrink,-1310484652 | 204487702 | -1142457374 | 1055693188
19c,210260144265126,no-counts | production-floor | raw | shrink,-1310484652 | 204487702 | 1347037819 | 1055693188
19c,210260144265127,no-counts | production-floor | raw | shrink,-1310484652 | 204487702 | -1065192089 | 1055693188
19c,210260144265128,no-counts | production-floor | raw | shrink,-1310484652 | 204487702 | -1142457374 | 1055693188
19c,210260144265129,no-counts | production-floor | raw | shrink,-1310484652 | 204487702 | -1065192089 | 1055693188
19c,210260144265130,no-counts | production-floor | raw | shrink,1138619820 | 204487702 | -1142457374 | 1055693188
19c,210260144265131,no-counts | production-floor | raw | shrink,-1310484652 | 204487702 | -1065192089 | 1055693188
19c,210260144265132,no-counts | production-floor | raw | shrink,-1310484652 | 204487702 | -1142457374 | 1055693188
19c,210260144265133,no-counts | production-floor | raw | shrink,-1310484652 | 204487702 | 1347037819 | 1055693188
19c,210260144265134,no-counts | production-floor | raw | shrink,-1310484652 | 204487702 | -1142457374 | 1055693188
19c,210260144265135,no-counts | production-floor | raw | shrink,-1310484652 | 204487702 | -1142457374 | 1055693188
19c,210260144265136,no-counts | production-floor | raw | shrink,-1310484652 | 204487702 | -1142457374 | 1055693188
19c,210260144265137,no-counts | production-floor | raw | shrink,-1310484652 | 204487702 | -1142457374 | 1055693188
19c,210260144265138,no-counts | production-floor | raw | shrink,538510470 | 204487702 | -1142457374 | 1055693188
19c,210260144265140,no-counts | production-floor | raw | shrink,-1310484652 | 204487702 | -1142457374 | 1055693188
19c,210260144265141,no-counts | production-floor | raw | shrink,-1310484652 | 204487702 | -1142457374 | 1055693188
19c,210260144265142,no-counts | production-floor | raw | shrink,-1310484652 | 204487702 | -1065192089 | 1055693188
19c,210260144265143,no-counts | production-floor | raw | shrink,-1310484652 | 204487702 | -1142457374 | 1055693188
19d,210264439232408,no-counts | production-floor | raw | shrink,250603819 | -1675841368 | -1211980585 | 723032794
19d,210264439232409,no-counts | production-floor | raw | shrink,355516932 | -1675841368 | -1211980585 | 723032794
19d,210264439232410,no-counts | production-floor | raw | shrink,355516932 | -1675841368 | -1211980585 | 723032794
19d,210264439232412,no-counts | production-floor | raw | shrink,250603819 | -1675841368 | -1211980585 | 723032794
19d,210264439232413,no-counts | production-floor | raw | shrink,250603819 | -1675841368 | -1211980585 | 723032794
19d,210264439232414,no-counts | production-floor | raw | shrink,250603819 | -1675841368 | -1211980585 | 723032794
19d,210264439232415,no-counts | production-floor | raw | shrink,250603819 | -1675841368 | -1211980585 | 723032794
19d,210264439232416,no-counts | production-floor | raw | shrink,355516932 | -1675841368 | -1211980585 | 723032794
19d,210264439232417,no-counts | production-floor | raw | shrink,250603819 | -1675841368 | -1211980585 | 723032794
19d,210264439232418,no-counts | production-floor | raw | shrink,250603819 | -1675841368 | -1211980585 | 723032794
19d,210264439232419,no-counts | production-floor | raw | shrink,355516932 | -1675841368 | -1211980585 | 723032794
19d,210264439232420,no-counts | production-floor | raw | shrink,355516932 | -1675841368 | -1211980585 | 723032794
19d,210264439232421,no-counts | production-floor | raw | shrink,250603819 | -1675841368 | -1211980585 | 723032794
19d,210264439232422,no-counts | production-floor | raw | shrink,355516932 | -1675841368 | -1211980585 | 723032794
19d,210264439232423,no-counts | production-floor | raw | shrink,355516932 | -1675841368 | -1211980585 | 723032794
19d,210264439232424,no-counts | production-floor | raw | shrink,250603819 | -1675841368 | -1211980585 | 723032794
19d,210264439232425,no-counts | production-floor | raw | shrink,250603819 | -1675841368 | -1211980585 | 723032794
19d,210264439232426,no-counts | production-floor | raw | shrink,250603819 | -1675841368 | -1211980585 | 723032794
19d,210264439232427,no-counts | production-floor | raw | shrink,355516932 | -1675841368 | -1211980585 | 723032794
19d,210264439232428,no-counts | production-floor | raw | shrink,250603819 | -1675841368 | -1211980585 | 723032794
19d,210264439232429,no-counts | production-floor | raw | shrink,355516932 | -1675841368 | -1211980585 | 723032794
19d,210264439232430,no-counts | production-floor | raw | shrink,355516932 | -1675841368 | -1211980585 | 723032794
19d,210264439232431,no-counts | production-floor | raw | shrink,250603819 | -1675841368 | -1211980585 | 723032794
19d,210264439232432,no-counts | production-floor | raw | shrink,355516932 | -1675841368 | -1211980585 | 723032794
19d,210264439232433,no-counts | production-floor | raw | shrink,250603819 | -1675841368 | -1211980585 | 723032794
19d,210264439232434,no-counts | production-floor | raw | shrink,250603819 | -1675841368 | -1211980585 | 723032794
19d,210264439232435,no-counts | production-floor | raw | shrink,355516932 | -1675841368 | -1211980585 | 723032794
19d,210264439232437,no-counts | production-floor | raw | shrink,355516932 | -1675841368 | -1211980585 | 723032794
19d,210264439232438,no-counts | production-floor | raw | shrink,355516932 | -1675841368 | -1211980585 | 723032794
19d,210264439232439,no-counts | production-floor | raw | shrink,375081321 | -502530266 | -1211980585 | 723032794
20a,213180722047296,no-counts | production-floor | raw | shrink,-1591323648 | -1591323648 | -1553139974 | -1553139974
20a,213180722047297,no-counts | production-floor | raw | shrink,-1591323648 | -1591323648 | -1553139974 | -1553139974
20a,213180722047298,no-counts | production-floor | raw | shrink,-1591323648 | -1591323648 | -1553139974 | -1553139974
20a,213180722047299,no-counts | production-floor | raw | shrink,-1591323648 | -1591323648 | -1553139974 | -1553139974
20a,213180722047301,no-counts | production-floor | raw | shrink,-1591323648 | -1591323648 | -1553139974 | -1553139974
20a,213180722047302,no-counts | production-floor | raw | shrink,-1591323648 | -1591323648 | -1553139974 | -1553139974
20a,213180722047303,no-counts | production-floor | raw | shrink,-1591323648 | -1591323648 | -1553139974 | -1553139974
20a,213180722047336,no-counts | production-floor | raw | shrink,-1591323648 | -1591323648 | -1553139974 | -1553139974
20a,213180722047337,no-counts | production-floor | raw | shrink,-1591323648 | -1591323648 | -1553139974 | -1553139974
20a,213180722047338,no-counts | production-floor | raw | shrink,-1591323648 | -1591323648 | -1553139974 | -1553139974
20a,213180722047340,no-counts | production-floor | raw | shrink,-1591323648 | -1591323648 | -1553139974 | -1553139974
20a,213180722047341,no-counts | production-floor | raw | shrink,-1591323648 | -1591323648 | -1553139974 | -1553139974
20a,213180722047342,no-counts | production-floor | raw | shrink,-1591323648 | -1591323648 | -1553139974 | -1553139974
20a,213180722047343,no-counts | production-floor | raw | shrink,-1591323648 | -1591323648 | -1553139974 | -1553139974
20a,213180722047344,no-counts | production-floor | raw | shrink,-1591323648 | -1591323648 | -1553139974 | -1553139974
20a,213180722047345,no-counts | production-floor | raw | shrink,-1591323648 | -1591323648 | -1553139974 | -1553139974
20a,213180722047346,no-counts | production-floor | raw | shrink,-1591323648 | -1591323648 | -1553139974 | -1553139974
20a,213180722047347,no-counts | production-floor | raw | shrink,-1591323648 | -1591323648 | -1553139974 | -1553139974
20a,213180722047348,no-counts | production-floor | raw | shrink,-1591323648 | -1591323648 | -1553139974 | -1553139974
20a,213180722047349,no-counts | production-floor | raw | shrink,-1591323648 | -1591323648 | -1553139974 | -1553139974
20a,213180722047350,no-counts | production-floor | raw | shrink,-1591323648 | -1591323648 | -1553139974 | -1553139974
20a,213180722047351,no-counts | production-floor | raw | shrink,-1591323648 | -1591323648 | -1553139974 | -1553139974
20a,213180722047352,no-counts | production-floor | raw | shrink,-1591323648 | -1591323648 | -1553139974 | -1553139974
20a,213180722047353,no-counts | production-floor | raw | shrink,-1591323648 | -1591323648 | -1553139974 | -1553139974
20a,213180722047354,no-counts | production-floor | raw | shrink,-1591323648 | -1591323648 | -1553139974 | -1553139974
20a,213180722047355,no-counts | production-floor | raw | shrink,-1591323648 | -1591323648 | -1553139974 | -1553139974
20a,213180722047356,no-counts | production-floor | raw | shrink,-1591323648 | -1591323648 | -1553139974 | -1553139974
20a,213180722047357,no-counts | production-floor | raw | shrink,-1591323648 | -1591323648 | -1553139974 | -1553139974
20a,213180722047358,no-counts | production-floor | raw | shrink,-1591323648 | -1591323648 | -1553139974 | -1553139974
20a,213180722047359,no-counts | production-floor | raw | shrink,-1591323648 | -1591323648 | -1553139974 | -1553139974
20b,213185017014592,no-counts | production-floor | raw | shrink,-56865338 | -56865338 | 408647725 | 408647725
20b,213185017014593,no-counts | production-floor | raw | shrink,-56865338 | -56865338 | 408647725 | 408647725
20b,213185017014594,no-counts | production-floor | raw | shrink,-56865338 | -56865338 | 408647725 | 408647725
20b,213185017014596,no-counts | production-floor | raw | shrink,-56865338 | -56865338 | 408647725 | 408647725
20b,213185017014597,no-counts | production-floor | raw | shrink,-56865338 | -56865338 | 408647725 | 408647725
20b,213185017014598,no-counts | production-floor | raw | shrink,-56865338 | -56865338 | 408647725 | 408647725
20b,213185017014599,no-counts | production-floor | raw | shrink,-56865338 | -56865338 | 408647725 | 408647725
20b,213185017014632,no-counts | production-floor | raw | shrink,-56865338 | -56865338 | 408647725 | 408647725
20b,213185017014633,no-counts | production-floor | raw | shrink,-56865338 | -56865338 | 408647725 | 408647725
20b,213185017014634,no-counts | production-floor | raw | shrink,-56865338 | -56865338 | 408647725 | 408647725
20b,213185017014635,no-counts | production-floor | raw | shrink,-56865338 | -56865338 | 408647725 | 408647725
20b,213185017014637,no-counts | production-floor | raw | shrink,-56865338 | -56865338 | 408647725 | 408647725
20b,213185017014638,no-counts | production-floor | raw | shrink,-56865338 | -56865338 | 408647725 | 408647725
20b,213185017014639,no-counts | production-floor | raw | shrink,-56865338 | -56865338 | 408647725 | 408647725
20b,213185017014640,no-counts | production-floor | raw | shrink,-56865338 | -56865338 | 408647725 | 408647725
20b,213185017014641,no-counts | production-floor | raw | shrink,-56865338 | -56865338 | 408647725 | 408647725
20b,213185017014642,no-counts | production-floor | raw | shrink,-56865338 | -56865338 | 408647725 | 408647725
20b,213185017014643,no-counts | production-floor | raw | shrink,-56865338 | -56865338 | 408647725 | 408647725
20b,213185017014644,no-counts | production-floor | raw | shrink,-56865338 | -56865338 | 408647725 | 408647725
20b,213185017014645,no-counts | production-floor | raw | shrink,-56865338 | -56865338 | 408647725 | 408647725
20b,213185017014646,no-counts | production-floor | raw | shrink,-56865338 | -56865338 | 408647725 | 408647725
20b,213185017014647,no-counts | production-floor | raw | shrink,-56865338 | -56865338 | 408647725 | 408647725
20b,213185017014648,no-counts | production-floor | raw | shrink,-56865338 | -56865338 | 408647725 | 408647725
20b,213185017014649,no-counts | production-floor | raw | shrink,-56865338 | -56865338 | 408647725 | 408647725
20b,213185017014650,no-counts | production-floor | raw | shrink,-56865338 | -56865338 | 408647725 | 408647725
20b,213185017014651,no-counts | production-floor | raw | shrink,-56865338 | -56865338 | 408647725 | 408647725
20b,213185017014652,no-counts | production-floor | raw | shrink,-56865338 | -56865338 | 408647725 | 408647725
20b,213185017014653,no-counts | production-floor | raw | shrink,-56865338 | -56865338 | 408647725 | 408647725
20b,213185017014654,no-counts | production-floor | raw | shrink,-56865338 | -56865338 | 408647725 | 408647725
20b,213185017014655,no-counts | production-floor | raw | shrink,-56865338 | -56865338 | 408647725 | 408647725
20c,213189311981888,no-counts | production-floor | raw | shrink,216174188 | 216174188 | -972706008 | -972706008
20c,213189311981889,no-counts | production-floor | raw | shrink,216174188 | 216174188 | -972706008 | -972706008
20c,213189311981891,no-counts | production-floor | raw | shrink,216174188 | 216174188 | -972706008 | -972706008
20c,213189311981892,no-counts | production-floor | raw | shrink,216174188 | 216174188 | -972706008 | -972706008
20c,213189311981893,no-counts | production-floor | raw | shrink,216174188 | 216174188 | -972706008 | -972706008
20c,213189311981894,no-counts | production-floor | raw | shrink,216174188 | 216174188 | -972706008 | -972706008
20c,213189311981895,no-counts | production-floor | raw | shrink,216174188 | 216174188 | -972706008 | -972706008
20c,213189311981928,no-counts | production-floor | raw | shrink,216174188 | 216174188 | -972706008 | -972706008
20c,213189311981929,no-counts | production-floor | raw | shrink,216174188 | 216174188 | -972706008 | -972706008
20c,213189311981930,no-counts | production-floor | raw | shrink,216174188 | 216174188 | -972706008 | -972706008
20c,213189311981931,no-counts | production-floor | raw | shrink,216174188 | 216174188 | -972706008 | -972706008
20c,213189311981932,no-counts | production-floor | raw | shrink,216174188 | 216174188 | -972706008 | -972706008
20c,213189311981934,no-counts | production-floor | raw | shrink,216174188 | 216174188 | -972706008 | -972706008
20c,213189311981935,no-counts | production-floor | raw | shrink,216174188 | 216174188 | -972706008 | -972706008
20c,213189311981936,no-counts | production-floor | raw | shrink,216174188 | 216174188 | -972706008 | -972706008
20c,213189311981937,no-counts | production-floor | raw | shrink,216174188 | 216174188 | -972706008 | -972706008
20c,213189311981938,no-counts | production-floor | raw | shrink,216174188 | 216174188 | -972706008 | -972706008
20c,213189311981939,no-counts | production-floor | raw | shrink,216174188 | 216174188 | -972706008 | -972706008
20c,213189311981940,no-counts | production-floor | raw | shrink,216174188 | 216174188 | -972706008 | -972706008
20c,213189311981941,no-counts | production-floor | raw | shrink,216174188 | 216174188 | -972706008 | -972706008
20c,213189311981942,no-counts | production-floor | raw | shrink,216174188 | 216174188 | -972706008 | -972706008
20c,213189311981943,no-counts | production-floor | raw | shrink,216174188 | 216174188 | -972706008 | -972706008
20c,213189311981944,no-counts | production-floor | raw | shrink,216174188 | 216174188 | -972706008 | -972706008
20c,213189311981945,no-counts | production-floor | raw | shrink,216174188 | 216174188 | -972706008 | -972706008
20c,213189311981946,no-counts | production-floor | raw | shrink,216174188 | 216174188 | -972706008 | -972706008
20c,213189311981947,no-counts | production-floor | raw | shrink,216174188 | 216174188 | -972706008 | -972706008
20c,213189311981948,no-counts | production-floor | raw | shrink,216174188 | 216174188 | -972706008 | -972706008
20c,213189311981949,no-counts | production-floor | raw | shrink,216174188 | 216174188 | -972706008 | -972706008
20c,213189311981950,no-counts | production-floor | raw | shrink,216174188 | 216174188 | -972706008 | -972706008
20c,213189311981951,no-counts | production-floor | raw | shrink,216174188 | 216174188 | -972706008 | -972706008
21a,213313866033806,no-counts | production-floor | raw | shrink,405046416 | 405046416 | -597700708 | 405046416
21a,213313866033807,no-counts | production-floor | raw | shrink,405046416 | 405046416 | -597700708 | 405046416
21a,213313866033808,no-counts | production-floor | raw | shrink,405046416 | 405046416 | -597700708 | 405046416
21a,213313866033809,no-counts | production-floor | raw | shrink,405046416 | 405046416 | -597700708 | 405046416
21a,213313866033810,no-counts | production-floor | raw | shrink,405046416 | 405046416 | -597700708 | 405046416
21a,213313866033811,no-counts | production-floor | raw | shrink,405046416 | 405046416 | -597700708 | 405046416
21a,213313866033814,no-counts | production-floor | raw | shrink,405046416 | 405046416 | -597700708 | 405046416
21a,213313866033815,no-counts | production-floor | raw | shrink,405046416 | 405046416 | -597700708 | 405046416
21a,213313866033816,no-counts | production-floor | raw | shrink,405046416 | 405046416 | -597700708 | 405046416
21a,213313866033819,no-counts | production-floor | raw | shrink,405046416 | 405046416 | -597700708 | 405046416
21a,213313866033820,no-counts | production-floor | raw | shrink,405046416 | 405046416 | -597700708 | 405046416
21a,213313866033821,no-counts | production-floor | raw | shrink,405046416 | 405046416 | -597700708 | 405046416
21a,213313866033822,no-counts | production-floor | raw | shrink,405046416 | 405046416 | 832297807 | 405046416
21b,213318161001096,no-counts | production-floor | raw | shrink,405046416 | 405046416 | -597700708 | 405046416
21b,213318161001098,no-counts | production-floor | raw | shrink,405046416 | 405046416 | -597700708 | 405046416
21b,213318161001100,no-counts | production-floor | raw | shrink,405046416 | 405046416 | -597700708 | 405046416
21b,213318161001102,no-counts | production-floor | raw | shrink,405046416 | 405046416 | -597700708 | 405046416
21b,213318161001103,no-counts | production-floor | raw | shrink,405046416 | 405046416 | 832297807 | 405046416
21b,213318161001104,no-counts | production-floor | raw | shrink,405046416 | 405046416 | -597700708 | 405046416
21b,213318161001105,no-counts | production-floor | raw | shrink,405046416 | 405046416 | -597700708 | 405046416
21b,213318161001106,no-counts | production-floor | raw | shrink,405046416 | 405046416 | 832297807 | 405046416
21b,213318161001107,no-counts | production-floor | raw | shrink,405046416 | 405046416 | -597700708 | 405046416
21b,213318161001108,no-counts | production-floor | raw | shrink,405046416 | 405046416 | -597700708 | 405046416
21b,213318161001109,no-counts | production-floor | raw | shrink,405046416 | 405046416 | 832297807 | 405046416
21b,213318161001110,no-counts | production-floor | raw | shrink,405046416 | 405046416 | -597700708 | 405046416
21b,213318161001111,no-counts | production-floor | raw | shrink,405046416 | 405046416 | -597700708 | 405046416
21b,213318161001112,no-counts | production-floor | raw | shrink,405046416 | 405046416 | -597700708 | 405046416
21b,213318161001113,no-counts | production-floor | raw | shrink,405046416 | 405046416 | -597700708 | 405046416
21b,213318161001114,no-counts | production-floor | raw | shrink,405046416 | 405046416 | -597700708 | 405046416
21b,213318161001115,no-counts | production-floor | raw | shrink,405046416 | 405046416 | -597700708 | 405046416
21b,213318161001116,no-counts | production-floor | raw | shrink,405046416 | 405046416 | -597700708 | 405046416
21b,213318161001118,no-counts | production-floor | raw | shrink,405046416 | 405046416 | 832297807 | 405046416
21b,213318161001119,no-counts | production-floor | raw | shrink,405046416 | 405046416 | -597700708 | 405046416
21b,213318161001122,no-counts | production-floor | raw | shrink,405046416 | 405046416 | -597700708 | 405046416
21b,213318161001123,no-counts | production-floor | raw | shrink,405046416 | 405046416 | -597700708 | 405046416
21b,213318161001125,no-counts | production-floor | raw | shrink,405046416 | 405046416 | -597700708 | 405046416
21b,213318161001126,no-counts | production-floor | raw | shrink,405046416 | 405046416 | -597700708 | 405046416
21b,213318161001127,no-counts | production-floor | raw | shrink,405046416 | 405046416 | -597700708 | 405046416
21c,213322455968393,no-counts | production-floor | raw | shrink,405046416 | 405046416 | -597700708 | 405046416
21c,213322455968395,no-counts | production-floor | raw | shrink,405046416 | 405046416 | -597700708 | 405046416
21c,213322455968397,no-counts | production-floor | raw | shrink,405046416 | 405046416 | -597700708 | 405046416
21c,213322455968398,no-counts | production-floor | raw | shrink,405046416 | 405046416 | 832297807 | 405046416
21c,213322455968400,no-counts | production-floor | raw | shrink,405046416 | 405046416 | -597700708 | 405046416
21c,213322455968401,no-counts | production-floor | raw | shrink,405046416 | 405046416 | -597700708 | 405046416
21c,213322455968402,no-counts | production-floor | raw | shrink,405046416 | 405046416 | 832297807 | 405046416
21c,213322455968403,no-counts | production-floor | raw | shrink,405046416 | 405046416 | 832297807 | 405046416
21c,213322455968405,no-counts | production-floor | raw | shrink,405046416 | 405046416 | -597700708 | 405046416
21c,213322455968406,no-counts | production-floor | raw | shrink,405046416 | 405046416 | 832297807 | 405046416
21c,213322455968407,no-counts | production-floor | raw | shrink,405046416 | 405046416 | -597700708 | 405046416
21c,213322455968409,no-counts | production-floor | raw | shrink,405046416 | 405046416 | 832297807 | 405046416
21c,213322455968410,no-counts | production-floor | raw | shrink,405046416 | 405046416 | -597700708 | 405046416
21c,213322455968413,no-counts | production-floor | raw | shrink,405046416 | 405046416 | -597700708 | 405046416
21c,213322455968414,no-counts | production-floor | raw | shrink,405046416 | 405046416 | -597700708 | 405046416
21c,213322455968423,no-counts | production-floor | raw | shrink,405046416 | 405046416 | -597700708 | 405046416
22a,213447010019968,no-counts | production-floor | raw | shrink,1265344954 | -1072711187 | -2145268623 | 316133052
22a,213447010019969,no-counts | production-floor | raw | shrink,1265344954 | -1072711187 | -2145268623 | 316133052
22a,213447010019970,no-counts | production-floor | raw | shrink,1265344954 | -1072711187 | -2145268623 | 316133052
22a,213447010019971,no-counts | production-floor | raw | shrink,1265344954 | -1072711187 | -2145268623 | 815426615
22a,213447010019972,no-counts | production-floor | raw | shrink,1265344954 | -1072711187 | -2145268623 | 316133052
22a,213447010019973,no-counts | production-floor | raw | shrink,1265344954 | -1072711187 | -2145268623 | 316133052
22a,213447010019975,no-counts | production-floor | raw | shrink,1265344954 | -1072711187 | -2145268623 | 316133052
22a,213447010020008,no-counts | production-floor | raw | shrink,1265344954 | -1072711187 | -2145268623 | 316133052
22a,213447010020010,no-counts | production-floor | raw | shrink,1265344954 | -1072711187 | -2145268623 | 316133052
22a,213447010020011,no-counts | production-floor | raw | shrink,1265344954 | -1072711187 | -2145268623 | 316133052
22a,213447010020012,no-counts | production-floor | raw | shrink,1265344954 | -1072711187 | -2145268623 | 316133052
22a,213447010020013,no-counts | production-floor | raw | shrink,1265344954 | -1072711187 | -2145268623 | -557882130
22a,213447010020014,no-counts | production-floor | raw | shrink,1265344954 | -1072711187 | -2145268623 | 815426615
22a,213447010020015,no-counts | production-floor | raw | shrink,1265344954 | -1072711187 | -2145268623 | 457903786
22a,213447010020016,no-counts | production-floor | raw | shrink,1265344954 | -1072711187 | -2145268623 | 316133052
22a,213447010020017,no-counts | production-floor | raw | shrink,1265344954 | -1072711187 | -2145268623 | 316133052
22a,213447010020018,no-counts | production-floor | raw | shrink,1265344954 | -1072711187 | -2145268623 | 815426615
22a,213447010020019,no-counts | production-floor | raw | shrink,1265344954 | -1072711187 | -2145268623 | 316133052
22a,213447010020020,no-counts | production-floor | raw | shrink,1265344954 | -1072711187 | -2145268623 | 316133052
22a,213447010020021,no-counts | production-floor | raw | shrink,1265344954 | -1072711187 | -2145268623 | 815426615
22a,213447010020022,no-counts | production-floor | raw | shrink,1265344954 | -1072711187 | -2145268623 | 316133052
22a,213447010020023,no-counts | production-floor | raw | shrink,1265344954 | -1072711187 | -2145268623 | 815426615
22a,213447010020024,no-counts | production-floor | raw | shrink,1265344954 | -1072711187 | -2145268623 | 316133052
22a,213447010020025,no-counts | production-floor | raw | shrink,1265344954 | -1072711187 | -2145268623 | 316133052
22a,213447010020026,no-counts | production-floor | raw | shrink,1265344954 | -1072711187 | -2145268623 | 815426615
22a,213447010020027,no-counts | production-floor | raw | shrink,1265344954 | -1072711187 | 1654838330 | 815426615
22a,213447010020028,no-counts | production-floor | raw | shrink,1265344954 | -1072711187 | -2145268623 | 316133052
22a,213447010020029,no-counts | production-floor | raw | shrink,1265344954 | -1072711187 | -2145268623 | 316133052
22a,213447010020030,no-counts | production-floor | raw | shrink,1265344954 | -1072711187 | -2145268623 | 815426615
22a,213447010020031,no-counts | production-floor | raw | shrink,1265344954 | -1072711187 | -2145268623 | 815426615
22b,213451304987264,no-counts | production-floor | raw | shrink,1265344954 | -1072711187 | 1654838330 | 815426615
22b,213451304987265,no-counts | production-floor | raw | shrink,1265344954 | -1072711187 | -2145268623 | 815426615
22b,213451304987266,no-counts | production-floor | raw | shrink,1265344954 | -1072711187 | -2145268623 | 815426615
22b,213451304987267,no-counts | production-floor | raw | shrink,1265344954 | -1072711187 | -2145268623 | 815426615
22b,213451304987268,no-counts | production-floor | raw | shrink,1265344954 | -1072711187 | -2145268623 | 815426615
22b,213451304987270,no-counts | production-floor | raw | shrink,1265344954 | -1072711187 | -2145268623 | 815426615
22b,213451304987271,no-counts | production-floor | raw | shrink,1265344954 | -1072711187 | -2145268623 | 815426615
22b,213451304987304,no-counts | production-floor | raw | shrink,1265344954 | -1072711187 | -2145268623 | 316133052
22b,213451304987305,no-counts | production-floor | raw | shrink,1265344954 | -1072711187 | -2145268623 | 316133052
22b,213451304987307,no-counts | production-floor | raw | shrink,1265344954 | -1072711187 | -2145268623 | 316133052
22b,213451304987308,no-counts | production-floor | raw | shrink,1265344954 | -1072711187 | 1654838330 | 815426615
22b,213451304987309,no-counts | production-floor | raw | shrink,1265344954 | -1072711187 | -2145268623 | 815426615
22b,213451304987310,no-counts | production-floor | raw | shrink,1265344954 | -1072711187 | -2145268623 | 316133052
22b,213451304987311,no-counts | production-floor | raw | shrink,1265344954 | -1072711187 | -2145268623 | 815426615
22b,213451304987312,no-counts | production-floor | raw | shrink,1265344954 | -1072711187 | -2145268623 | 815426615
22b,213451304987313,no-counts | production-floor | raw | shrink,1265344954 | -1072711187 | -2145268623 | 316133052
22b,213451304987314,no-counts | production-floor | raw | shrink,1265344954 | -1072711187 | -2145268623 | 815426615
22b,213451304987315,no-counts | production-floor | raw | shrink,1265344954 | -1072711187 | -2145268623 | 815426615
22b,213451304987316,no-counts | production-floor | raw | shrink,1265344954 | -1072711187 | -2145268623 | 815426615
22b,213451304987317,no-counts | production-floor | raw | shrink,1265344954 | -1072711187 | -2145268623 | 457903786
22b,213451304987318,no-counts | production-floor | raw | shrink,1265344954 | -1072711187 | -2145268623 | 815426615
22b,213451304987319,no-counts | production-floor | raw | shrink,1265344954 | -1072711187 | -2145268623 | 316133052
22b,213451304987320,no-counts | production-floor | raw | shrink,1265344954 | -1072711187 | -2145268623 | 815426615
22b,213451304987321,no-counts | production-floor | raw | shrink,1265344954 | -1072711187 | -2145268623 | 316133052
22b,213451304987322,no-counts | production-floor | raw | shrink,1265344954 | -1072711187 | -2145268623 | 815426615
22b,213451304987323,no-counts | production-floor | raw | shrink,1265344954 | -1072711187 | -2145268623 | 815426615
22b,213451304987324,no-counts | production-floor | raw | shrink,1265344954 | -1072711187 | -2145268623 | 815426615
22b,213451304987325,no-counts | production-floor | raw | shrink,1265344954 | -1072711187 | -2145268623 | 815426615
22b,213451304987326,no-counts | production-floor | raw | shrink,1265344954 | -1072711187 | -2145268623 | 316133052
22b,213451304987327,no-counts | production-floor | raw | shrink,1265344954 | -1072711187 | -2145268623 | 815426615
22c,213455599954560,no-counts | production-floor | raw | shrink,1265344954 | -1072711187 | -2145268623 | 316133052
22c,213455599954561,no-counts | production-floor | raw | shrink,1265344954 | -1072711187 | -2145268623 | 815426615
22c,213455599954562,no-counts | production-floor | raw | shrink,1265344954 | -1072711187 | -2145268623 | 815426615
22c,213455599954563,no-counts | production-floor | raw | shrink,1265344954 | -1072711187 | -2145268623 | 316133052
22c,213455599954565,no-counts | production-floor | raw | shrink,1265344954 | -1072711187 | -2145268623 | 316133052
22c,213455599954566,no-counts | production-floor | raw | shrink,1265344954 | -1072711187 | -2145268623 | 316133052
22c,213455599954567,no-counts | production-floor | raw | shrink,1265344954 | -1072711187 | -2145268623 | 316133052
22c,213455599954600,no-counts | production-floor | raw | shrink,1265344954 | -1072711187 | -2145268623 | 815426615
22c,213455599954601,no-counts | production-floor | raw | shrink,1265344954 | -1072711187 | -2145268623 | 316133052
22c,213455599954602,no-counts | production-floor | raw | shrink,1265344954 | -1072711187 | -2145268623 | 815426615
22c,213455599954604,no-counts | production-floor | raw | shrink,1265344954 | -1072711187 | -2145268623 | 316133052
22c,213455599954605,no-counts | production-floor | raw | shrink,1265344954 | -1072711187 | -2145268623 | 316133052
22c,213455599954606,no-counts | production-floor | raw | shrink,1265344954 | -1072711187 | -2145268623 | 316133052
22c,213455599954607,no-counts | production-floor | raw | shrink,1265344954 | -1072711187 | -2145268623 | 815426615
22c,213455599954608,no-counts | production-floor | raw | shrink,1265344954 | -1072711187 | -2145268623 | 316133052
22c,213455599954609,no-counts | production-floor | raw | shrink,1265344954 | -1072711187 | -2145268623 | 815426615
22c,213455599954610,no-counts | production-floor | raw | shrink,1265344954 | -1072711187 | -2145268623 | 815426615
22c,213455599954611,no-counts | production-floor | raw | shrink,1265344954 | -1072711187 | -2145268623 | 815426615
22c,213455599954612,no-counts | production-floor | raw | shrink,1265344954 | -1072711187 | -2145268623 | 815426615
22c,213455599954613,no-counts | production-floor | raw | shrink,1265344954 | -1072711187 | -2145268623 | 815426615
22c,213455599954614,no-counts | production-floor | raw | shrink,1265344954 | -1072711187 | -2145268623 | 815426615
22c,213455599954615,no-counts | production-floor | raw | shrink,1265344954 | -1072711187 | -2145268623 | 815426615
22c,213455599954616,no-counts | production-floor | raw | shrink,1265344954 | -1072711187 | -2145268623 | 815426615
22c,213455599954617,no-counts | production-floor | raw | shrink,1265344954 | -1072711187 | -2145268623 | 815426615
22c,213455599954618,no-counts | production-floor | raw | shrink,1265344954 | -1072711187 | -2145268623 | 316133052
22c,213455599954619,no-counts | production-floor | raw | shrink,1265344954 | -1072711187 | -2145268623 | 815426615
22c,213455599954620,no-counts | production-floor | raw | shrink,1265344954 | -1072711187 | -2145268623 | 815426615
22c,213455599954621,no-counts | production-floor | raw | shrink,1265344954 | -1072711187 | -2145268623 | 815426615
22c,213455599954622,no-counts | production-floor | raw | shrink,1265344954 | -1072711187 | -2145268623 | 457903786
22c,213455599954623,no-counts | production-floor | raw | shrink,1265344954 | -1072711187 | -2145268623 | 316133052
22d,213459894921856,no-counts | production-floor | raw | shrink,254998702 | -697127982 | 1311334790 | -438265046
22d,213459894921857,no-counts | production-floor | raw | shrink,254998702 | -697127982 | 1311334790 | -438265046
22d,213459894921858,no-counts | production-floor | raw | shrink,254998702 | -697127982 | 1311334790 | -438265046
22d,213459894921860,no-counts | production-floor | raw | shrink,254998702 | -697127982 | 1311334790 | -438265046
22d,213459894921861,no-counts | production-floor | raw | shrink,254998702 | -697127982 | 1311334790 | -438265046
22d,213459894921862,no-counts | production-floor | raw | shrink,254998702 | -697127982 | 1311334790 | 739141114
22d,213459894921863,no-counts | production-floor | raw | shrink,254998702 | -206037755 | 1311334790 | -438265046
22d,213459894921896,no-counts | production-floor | raw | shrink,254998702 | -697127982 | 1311334790 | -438265046
22d,213459894921897,no-counts | production-floor | raw | shrink,254998702 | -697127982 | 1311334790 | 1257118999
22d,213459894921898,no-counts | production-floor | raw | shrink,254998702 | -697127982 | 1311334790 | -438265046
22d,213459894921899,no-counts | production-floor | raw | shrink,254998702 | -697127982 | 1311334790 | -438265046
22d,213459894921901,no-counts | production-floor | raw | shrink,254998702 | -697127982 | 1311334790 | -438265046
22d,213459894921902,no-counts | production-floor | raw | shrink,254998702 | -697127982 | 1311334790 | -438265046
22d,213459894921903,no-counts | production-floor | raw | shrink,254998702 | -697127982 | 1311334790 | -438265046
22d,213459894921904,no-counts | production-floor | raw | shrink,254998702 | -697127982 | 1311334790 | -438265046
22d,213459894921905,no-counts | production-floor | raw | shrink,254998702 | -697127982 | 1311334790 | -438265046
22d,213459894921906,no-counts | production-floor | raw | shrink,254998702 | -697127982 | 1311334790 | -438265046
22d,213459894921907,no-counts | production-floor | raw | shrink,254998702 | -697127982 | 1311334790 | 739141114
22d,213459894921908,no-counts | production-floor | raw | shrink,254998702 | -697127982 | 1311334790 | -438265046
22d,213459894921909,no-counts | production-floor | raw | shrink,254998702 | -697127982 | 1311334790 | -438265046
22d,213459894921910,no-counts | production-floor | raw | shrink,254998702 | -697127982 | 1311334790 | -438265046
22d,213459894921911,no-counts | production-floor | raw | shrink,254998702 | -697127982 | 1311334790 | -438265046
22d,213459894921912,no-counts | production-floor | raw | shrink,254998702 | -697127982 | 1311334790 | -438265046
22d,213459894921913,no-counts | production-floor | raw | shrink,254998702 | -697127982 | 1311334790 | -438265046
22d,213459894921914,no-counts | production-floor | raw | shrink,254998702 | -697127982 | 1311334790 | -438265046
22d,213459894921915,no-counts | production-floor | raw | shrink,254998702 | -697127982 | 1311334790 | -438265046
22d,213459894921916,no-counts | production-floor | raw | shrink,254998702 | -697127982 | 1311334790 | -438265046
22d,213459894921917,no-counts | production-floor | raw | shrink,254998702 | -697127982 | 1311334790 | -438265046
22d,213459894921918,no-counts | production-floor | raw | shrink,254998702 | -697127982 | 1311334790 | -438265046
22d,213459894921919,no-counts | production-floor | raw | shrink,254998702 | -697127982 | 1311334790 | -438265046
23a,213580154006217,no-counts | production-floor | raw | shrink,-1071524376 | -71625942 | 1062427072 | 1835492322
23a,213580154006218,no-counts | production-floor | raw | shrink,341528088 | -71625942 | 1062427072 | 1835492322
23a,213580154006219,no-counts | production-floor | raw | shrink,733294950 | 1835492322 | 1062427072 | 1835492322
23a,213580154006220,no-counts | production-floor | raw | shrink,-1071524376 | 1835492322 | 1062427072 | 1835492322
23a,213580154006221,no-counts | production-floor | raw | shrink,-1071524376 | 1835492322 | -645930611 | 1835492322
23a,213580154006222,no-counts | production-floor | raw | shrink,341528088 | -71625942 | 1062427072 | 1835492322
23a,213580154006223,no-counts | production-floor | raw | shrink,-1071524376 | -71625942 | 1062427072 | 1835492322
23a,213580154006224,no-counts | production-floor | raw | shrink,-1071524376 | -71625942 | 1239696269 | 1835492322
23a,213580154006225,no-counts | production-floor | raw | shrink,-1071524376 | -71625942 | 1062427072 | 1835492322
23a,213580154006226,no-counts | production-floor | raw | shrink,-1071524376 | -71625942 | 1239696269 | 1835492322
23a,213580154006227,no-counts | production-floor | raw | shrink,-1071524376 | -71625942 | -645930611 | 1835492322
23a,213580154006228,no-counts | production-floor | raw | shrink,341528088 | -71625942 | 1062427072 | 1835492322
23a,213580154006229,no-counts | production-floor | raw | shrink,-987608729 | -71625942 | -1550513565 | 1835492322
23a,213580154006230,no-counts | production-floor | raw | shrink,341528088 | -71625942 | -1576721678 | 1835492322
23a,213580154006231,no-counts | production-floor | raw | shrink,-1071524376 | -71625942 | -645930611 | 1835492322
23a,213580154006232,no-counts | production-floor | raw | shrink,-1071524376 | -71625942 | -1748251853 | 1835492322
23a,213580154006233,no-counts | production-floor | raw | shrink,34218866 | -71625942 | 1062427072 | 1835492322
23a,213580154006234,no-counts | production-floor | raw | shrink,-1071524376 | -71625942 | 1062427072 | 1835492322
23a,213580154006235,no-counts | production-floor | raw | shrink,-1071524376 | -71625942 | 1062427072 | 1835492322
23a,213580154006236,no-counts | production-floor | raw | shrink,341528088 | -71625942 | -1748251853 | 1835492322
23a,213580154006237,no-counts | production-floor | raw | shrink,-1071524376 | -71625942 | -1576721678 | 1835492322
23a,213580154006238,no-counts | production-floor | raw | shrink,34218866 | -71625942 | 1062427072 | 1835492322
23a,213580154006239,no-counts | production-floor | raw | shrink,-1071524376 | -71625942 | 1062427072 | 1835492322
23a,213580154006240,no-counts | production-floor | raw | shrink,-1071524376 | 1835492322 | 1062427072 | 1835492322
23a,213580154006241,no-counts | production-floor | raw | shrink,341528088 | 1835492322 | 1062427072 | 1835492322
23a,213580154006242,no-counts | production-floor | raw | shrink,-1071524376 | -71625942 | 1062427072 | 1835492322
23a,213580154006243,no-counts | production-floor | raw | shrink,341528088 | -71625942 | -1576721678 | 1835492322
23a,213580154006244,no-counts | production-floor | raw | shrink,-1071524376 | -71625942 | -645930611 | 1835492322
23a,213580154006245,no-counts | production-floor | raw | shrink,-1071524376 | -71625942 | 1062427072 | 1835492322
23a,213580154006246,no-counts | production-floor | raw | shrink,-1071524376 | 1835492322 | -1576721678 | 1835492322
23b,213584448973512,no-counts | production-floor | raw | shrink,-1304570499 | 1055741165 | -1221980907 | 2055054090
23b,213584448973514,no-counts | production-floor | raw | shrink,-1626771872 | 1055741165 | -439854755 | 2055054090
23b,213584448973515,no-counts | production-floor | raw | shrink,-1626771872 | 1055741165 | -439854755 | 2055054090
23b,213584448973516,no-counts | production-floor | raw | shrink,342934729 | 1055741165 | -439854755 | 2055054090
23b,213584448973517,no-counts | production-floor | raw | shrink,-1626771872 | 1055741165 | -439854755 | 2055054090
23b,213584448973518,no-counts | production-floor | raw | shrink,-1304570499 | -617936631 | -439854755 | 2055054090
23b,213584448973519,no-counts | production-floor | raw | shrink,-1304570499 | 1055741165 | -1221980907 | 2055054090
23b,213584448973520,no-counts | production-floor | raw | shrink,1216342855 | 1055741165 | -439854755 | 2055054090
23b,213584448973521,no-counts | production-floor | raw | shrink,-1304570499 | 1055741165 | -439854755 | 2055054090
23b,213584448973522,no-counts | production-floor | raw | shrink,-1626771872 | 1055741165 | -439854755 | 2055054090
23b,213584448973523,no-counts | production-floor | raw | shrink,-1304570499 | -617936631 | -439854755 | 2055054090
23b,213584448973524,no-counts | production-floor | raw | shrink,-1304570499 | 1055741165 | -439854755 | 2055054090
23b,213584448973525,no-counts | production-floor | raw | shrink,-1304570499 | 1055741165 | -1221980907 | 2055054090
23b,213584448973526,no-counts | production-floor | raw | shrink,-1626771872 | -617936631 | -439854755 | 2055054090
23b,213584448973527,no-counts | production-floor | raw | shrink,-1626771872 | 1055741165 | -1221980907 | 2055054090
23b,213584448973528,no-counts | production-floor | raw | shrink,-1626771872 | 1055741165 | -439854755 | 2055054090
23b,213584448973529,no-counts | production-floor | raw | shrink,-1626771872 | 1055741165 | -439854755 | 2055054090
23b,213584448973530,no-counts | production-floor | raw | shrink,-1626771872 | 1055741165 | -439854755 | 2055054090
23b,213584448973531,no-counts | production-floor | raw | shrink,-1626771872 | 1055741165 | -439854755 | 2055054090
23b,213584448973532,no-counts | production-floor | raw | shrink,-1626771872 | 1055741165 | -439854755 | 2055054090
23b,213584448973533,no-counts | production-floor | raw | shrink,-1626771872 | 1055741165 | -439854755 | 2055054090
23b,213584448973534,no-counts | production-floor | raw | shrink,-1626771872 | 1055741165 | -1221980907 | 2055054090
23b,213584448973535,no-counts | production-floor | raw | shrink,-1304570499 | -617936631 | -439854755 | 2055054090
23b,213584448973536,no-counts | production-floor | raw | shrink,-1626771872 | 1055741165 | -439854755 | 2055054090
23b,213584448973537,no-counts | production-floor | raw | shrink,-1304570499 | 1055741165 | -439854755 | 2055054090
23b,213584448973538,no-counts | production-floor | raw | shrink,-1304570499 | 1055741165 | -439854755 | 2055054090
23b,213584448973539,no-counts | production-floor | raw | shrink,-1626771872 | 1055741165 | -439854755 | 2055054090
23b,213584448973540,no-counts | production-floor | raw | shrink,-1626771872 | 1055741165 | -1221980907 | 2055054090
23b,213584448973541,no-counts | production-floor | raw | shrink,-1626771872 | 1055741165 | -439854755 | 2055054090
23b,213584448973543,no-counts | production-floor | raw | shrink,-1626771872 | 1055741165 | -439854755 | 2055054090
23c,213588743940808,no-counts | production-floor | raw | shrink,-1071524376 | -71625942 | -1550513565 | 1835492322
23c,213588743940809,no-counts | production-floor | raw | shrink,341528088 | -71625942 | 1062427072 | 1835492322
23c,213588743940811,no-counts | production-floor | raw | shrink,-1071524376 | -71625942 | 1062427072 | 1835492322
23c,213588743940812,no-counts | production-floor | raw | shrink,-1071524376 | -71625942 | 1239696269 | 1835492322
23c,213588743940813,no-counts | production-floor | raw | shrink,-1071524376 | -71625942 | -645930611 | 1835492322
23c,213588743940814,no-counts | production-floor | raw | shrink,341528088 | -71625942 | -1576721678 | 1835492322
23c,213588743940815,no-counts | production-floor | raw | shrink,-1071524376 | -71625942 | 1062427072 | 1835492322
23c,213588743940816,no-counts | production-floor | raw | shrink,341528088 | -71625942 | 1062427072 | 1835492322
23c,213588743940817,no-counts | production-floor | raw | shrink,34218866 | -71625942 | 1062427072 | 1835492322
23c,213588743940818,no-counts | production-floor | raw | shrink,-1071524376 | 1835492322 | -645930611 | 1835492322
23c,213588743940819,no-counts | production-floor | raw | shrink,-1071524376 | -71625942 | -1748251853 | 1835492322
23c,213588743940820,no-counts | production-floor | raw | shrink,341528088 | -71625942 | -1576721678 | 1835492322
23c,213588743940821,no-counts | production-floor | raw | shrink,34218866 | -71625942 | 1062427072 | 1835492322
23c,213588743940822,no-counts | production-floor | raw | shrink,-1071524376 | -71625942 | -1748251853 | 1835492322
23c,213588743940823,no-counts | production-floor | raw | shrink,-1071524376 | 1835492322 | -645930611 | 1835492322
23c,213588743940824,no-counts | production-floor | raw | shrink,341528088 | 1835492322 | -1576721678 | 1835492322
23c,213588743940825,no-counts | production-floor | raw | shrink,-1071524376 | -71625942 | -1550513565 | 1835492322
23c,213588743940826,no-counts | production-floor | raw | shrink,-1071524376 | -71625942 | -1576721678 | 1835492322
23c,213588743940827,no-counts | production-floor | raw | shrink,-1071524376 | -71625942 | -1550513565 | 1835492322
23c,213588743940828,no-counts | production-floor | raw | shrink,-1071524376 | -71625942 | -1550513565 | 1835492322
23c,213588743940829,no-counts | production-floor | raw | shrink,34218866 | -71625942 | -1550513565 | 1835492322
23c,213588743940830,no-counts | production-floor | raw | shrink,34218866 | -71625942 | 1062427072 | 1835492322
23c,213588743940831,no-counts | production-floor | raw | shrink,-1071524376 | -71625942 | -1550513565 | 1835492322
23c,213588743940832,no-counts | production-floor | raw | shrink,-1071524376 | -71625942 | 1062427072 | 1835492322
23c,213588743940833,no-counts | production-floor | raw | shrink,34218866 | -71625942 | 1062427072 | -1576721678
23c,213588743940834,no-counts | production-floor | raw | shrink,341528088 | -71625942 | 1062427072 | 1835492322
23c,213588743940835,no-counts | production-floor | raw | shrink,34218866 | -71625942 | -1748251853 | 1835492322
23c,213588743940836,no-counts | production-floor | raw | shrink,341528088 | -71625942 | -645930611 | 1835492322
23c,213588743940838,no-counts | production-floor | raw | shrink,34218866 | -71625942 | -1550513565 | 1835492322
23c,213588743940839,no-counts | production-floor | raw | shrink,733294950 | -71625942 | -645930611 | 1835492322
24a,213713297992384,no-counts | production-floor | raw | shrink,663985385 | 369835801 | 785322840 | 941138625
24a,213713297992385,no-counts | production-floor | raw | shrink,-1994024421 | 369835801 | 785322840 | 941138625
24a,213713297992386,no-counts | production-floor | raw | shrink,-1994024421 | 369835801 | 785322840 | 941138625
24a,213713297992387,no-counts | production-floor | raw | shrink,663985385 | 916074739 | -520825330 | 672276191
24a,213713297992388,no-counts | production-floor | raw | shrink,663985385 | 369835801 | 785322840 | 941138625
24a,213713297992389,no-counts | production-floor | raw | shrink,-1994024421 | 369835801 | 1810971046 | 941138625
24a,213713297992390,no-counts | production-floor | raw | shrink,663985385 | 369835801 | 785322840 | 941138625
24a,213713297992391,no-counts | production-floor | raw | shrink,1220464696 | 916074739 | -520825330 | 941138625
24a,213713297992392,no-counts | production-floor | raw | shrink,663985385 | 916074739 | -520825330 | 941138625
24a,213713297992393,no-counts | production-floor | raw | shrink,-1994024421 | 916074739 | -520825330 | 941138625
24a,213713297992394,no-counts | production-floor | raw | shrink,1220464696 | 369835801 | 785322840 | 941138625
24a,213713297992395,no-counts | production-floor | raw | shrink,663985385 | 369835801 | 785322840 | 941138625
24a,213713297992396,no-counts | production-floor | raw | shrink,663985385 | 369835801 | 1810971046 | 941138625
24a,213713297992397,no-counts | production-floor | raw | shrink,663985385 | 369835801 | 785322840 | 941138625
24a,213713297992398,no-counts | production-floor | raw | shrink,663985385 | 369835801 | 785322840 | 941138625
24a,213713297992399,no-counts | production-floor | raw | shrink,663985385 | 369835801 | 785322840 | 941138625
24a,213713297992400,no-counts | production-floor | raw | shrink,663985385 | 369835801 | 1810971046 | 941138625
24a,213713297992401,no-counts | production-floor | raw | shrink,663985385 | 916074739 | -520825330 | 672276191
24a,213713297992402,no-counts | production-floor | raw | shrink,663985385 | 916074739 | -520825330 | 672276191
24a,213713297992403,no-counts | production-floor | raw | shrink,663985385 | 369835801 | 785322840 | 941138625
24a,213713297992404,no-counts | production-floor | raw | shrink,663985385 | 369835801 | 785322840 | 941138625
24a,213713297992405,no-counts | production-floor | raw | shrink,663985385 | 916074739 | -520825330 | 672276191
24a,213713297992406,no-counts | production-floor | raw | shrink,663985385 | 916074739 | -520825330 | 941138625
24a,213713297992441,no-counts | production-floor | raw | shrink,-1994024421 | 916074739 | -520825330 | 941138625
24a,213713297992442,no-counts | production-floor | raw | shrink,663985385 | 369835801 | 785322840 | 941138625
24a,213713297992443,no-counts | production-floor | raw | shrink,663985385 | 916074739 | -520825330 | 941138625
24a,213713297992444,no-counts | production-floor | raw | shrink,663985385 | 369835801 | 785322840 | 941138625
24a,213713297992445,no-counts | production-floor | raw | shrink,663985385 | 369835801 | 785322840 | 941138625
24a,213713297992446,no-counts | production-floor | raw | shrink,-932487026 | -395869926 | -520825330 | 672276191
24a,213713297992447,no-counts | production-floor | raw | shrink,-1384943586 | 369835801 | 785322840 | 941138625
24b,213717592959680,no-counts | production-floor | raw | shrink,-1373667718 | 644596804 | 1314643678 | 644596804
24b,213717592959681,no-counts | production-floor | raw | shrink,-1373667718 | 644596804 | -11808397 | 644596804
24b,213717592959682,no-counts | production-floor | raw | shrink,-1373667718 | 644596804 | 1314643678 | 644596804
24b,213717592959683,no-counts | production-floor | raw | shrink,-1373667718 | 644596804 | 576851097 | 644596804
24b,213717592959684,no-counts | production-floor | raw | shrink,-1373667718 | -870534348 | 53629030 | -870534348
24b,213717592959685,no-counts | production-floor | raw | shrink,-1373667718 | 644596804 | -11808397 | 644596804
24b,213717592959686,no-counts | production-floor | raw | shrink,-1373667718 | 644596804 | 576851097 | 644596804
24b,213717592959721,no-counts | production-floor | raw | shrink,-1839404075 | 644596804 | -11808397 | 644596804
24b,213717592959722,no-counts | production-floor | raw | shrink,-1373667718 | -870534348 | -11808397 | -870534348
24b,213717592959723,no-counts | production-floor | raw | shrink,-1373667718 | 644596804 | 1314643678 | 644596804
24b,213717592959724,no-counts | production-floor | raw | shrink,-1373667718 | 644596804 | -1434757897 | 644596804
24b,213717592959725,no-counts | production-floor | raw | shrink,-1839404075 | 644596804 | 576851097 | 644596804
24b,213717592959726,no-counts | production-floor | raw | shrink,-1373667718 | 644596804 | 576851097 | 644596804
24b,213717592959727,no-counts | production-floor | raw | shrink,-1373667718 | -870534348 | -452589321 | -870534348
24b,213717592959728,no-counts | production-floor | raw | shrink,-1373667718 | -870534348 | -11808397 | -870534348
24b,213717592959729,no-counts | production-floor | raw | shrink,-1373667718 | -870534348 | -11808397 | -870534348
24b,213717592959730,no-counts | production-floor | raw | shrink,-1373667718 | 644596804 | -11808397 | 644596804
24b,213717592959731,no-counts | production-floor | raw | shrink,-1373667718 | -870534348 | 1706487781 | 644596804
24b,213717592959732,no-counts | production-floor | raw | shrink,-1373667718 | 644596804 | -11808397 | 644596804
24b,213717592959733,no-counts | production-floor | raw | shrink,-1373667718 | 644596804 | -11808397 | 644596804
24b,213717592959734,no-counts | production-floor | raw | shrink,1680702319 | -1256492870 | -11808397 | 644596804
24b,213717592959735,no-counts | production-floor | raw | shrink,-1373667718 | -870534348 | 1706487781 | -870534348
24b,213717592959736,no-counts | production-floor | raw | shrink,-1373667718 | 644596804 | -11808397 | 644596804
24b,213717592959737,no-counts | production-floor | raw | shrink,-1839404075 | -870534348 | 53629030 | -870534348
24b,213717592959738,no-counts | production-floor | raw | shrink,-1373667718 | 644596804 | -11808397 | 644596804
24b,213717592959739,no-counts | production-floor | raw | shrink,-1373667718 | 644596804 | 576851097 | 644596804
24b,213717592959740,no-counts | production-floor | raw | shrink,-1373667718 | -870534348 | -11808397 | -870534348
24b,213717592959741,no-counts | production-floor | raw | shrink,-1373667718 | 644596804 | -11808397 | 644596804
24b,213717592959742,no-counts | production-floor | raw | shrink,-1373667718 | -870534348 | 576851097 | -870534348
24b,213717592959743,no-counts | production-floor | raw | shrink,-1373667718 | -870534348 | 1706487781 | -870534348
25a,213846441978584,no-counts | production-floor | raw | shrink,-275514883 | 1296202811 | 1810676377 | 1296202811
25a,213846441978586,no-counts | production-floor | raw | shrink,-275514883 | 1296202811 | 1810676377 | 1296202811
25a,213846441978587,no-counts | production-floor | raw | shrink,-275514883 | 1296202811 | 1810676377 | 1296202811
25a,213846441978588,no-counts | production-floor | raw | shrink,-275514883 | 1296202811 | 1810676377 | 1296202811
25a,213846441978589,no-counts | production-floor | raw | shrink,-275514883 | 1296202811 | 1810676377 | 1296202811
25a,213846441978590,no-counts | production-floor | raw | shrink,-275514883 | 1296202811 | 1810676377 | 1296202811
25a,213846441978591,no-counts | production-floor | raw | shrink,-275514883 | 1296202811 | 1810676377 | 1296202811
25a,213846441978592,no-counts | production-floor | raw | shrink,-275514883 | 1296202811 | 1810676377 | 1296202811
25a,213846441978593,no-counts | production-floor | raw | shrink,-275514883 | 1296202811 | 1810676377 | 1296202811
25a,213846441978594,no-counts | production-floor | raw | shrink,-275514883 | 1296202811 | 1810676377 | 1296202811
25a,213846441978595,no-counts | production-floor | raw | shrink,-275514883 | 1296202811 | 1810676377 | 1296202811
25a,213846441978596,no-counts | production-floor | raw | shrink,-275514883 | 1296202811 | 1810676377 | 1296202811
25a,213846441978597,no-counts | production-floor | raw | shrink,-275514883 | 1296202811 | 1810676377 | 1296202811
25a,213846441978598,no-counts | production-floor | raw | shrink,-275514883 | 1296202811 | 1810676377 | 1296202811
25a,213846441978599,no-counts | production-floor | raw | shrink,-275514883 | 1296202811 | 1810676377 | 1296202811
25a,213846441978600,no-counts | production-floor | raw | shrink,-275514883 | 1296202811 | 1810676377 | 1296202811
25a,213846441978601,no-counts | production-floor | raw | shrink,-275514883 | -1021917547 | 1810676377 | 1296202811
25a,213846441978602,no-counts | production-floor | raw | shrink,-275514883 | 1296202811 | 1810676377 | 1296202811
25a,213846441978603,no-counts | production-floor | raw | shrink,-275514883 | 1296202811 | 1810676377 | 1296202811
25a,213846441978604,no-counts | production-floor | raw | shrink,-275514883 | 1296202811 | 1810676377 | 1296202811
25a,213846441978605,no-counts | production-floor | raw | shrink,-275514883 | 1296202811 | 1810676377 | 1296202811
25a,213846441978606,no-counts | production-floor | raw | shrink,-275514883 | -1152094815 | 1810676377 | -1152094815
25a,213846441978607,no-counts | production-floor | raw | shrink,-275514883 | 1296202811 | 1810676377 | 1296202811
25a,213846441978608,no-counts | production-floor | raw | shrink,-275514883 | 1296202811 | 1810676377 | 1296202811
25a,213846441978609,no-counts | production-floor | raw | shrink,-275514883 | 1296202811 | 1810676377 | 1296202811
25a,213846441978610,no-counts | production-floor | raw | shrink,-275514883 | 1296202811 | 1810676377 | 1296202811
25a,213846441978611,no-counts | production-floor | raw | shrink,-275514883 | 1296202811 | 1810676377 | 1296202811
25a,213846441978612,no-counts | production-floor | raw | shrink,-275514883 | -1021917547 | 1810676377 | 1296202811
25a,213846441978613,no-counts | production-floor | raw | shrink,-275514883 | 1296202811 | 1810676377 | 1296202811
25a,213846441978615,no-counts | production-floor | raw | shrink,-275514883 | 1296202811 | 1810676377 | 1296202811
25b,213850736945881,no-counts | production-floor | raw | shrink,-454251270 | -1701088130 | -1701088130 | -1701088130
25b,213850736945882,no-counts | production-floor | raw | shrink,-454251270 | -1701088130 | -1701088130 | -1701088130
25b,213850736945883,no-counts | production-floor | raw | shrink,-454251270 | -1701088130 | -1701088130 | -1701088130
25b,213850736945884,no-counts | production-floor | raw | shrink,-454251270 | -1701088130 | -1701088130 | -1701088130
25b,213850736945885,no-counts | production-floor | raw | shrink,-454251270 | -1701088130 | -1701088130 | -1701088130
25b,213850736945886,no-counts | production-floor | raw | shrink,-454251270 | -1701088130 | -1701088130 | -1701088130
25b,213850736945887,no-counts | production-floor | raw | shrink,-454251270 | -1701088130 | -1701088130 | -1701088130
25b,213850736945888,no-counts | production-floor | raw | shrink,-454251270 | -1701088130 | -1701088130 | -1701088130
25b,213850736945889,no-counts | production-floor | raw | shrink,-454251270 | -1701088130 | -1701088130 | -1701088130
25b,213850736945890,no-counts | production-floor | raw | shrink,-454251270 | -1701088130 | -1701088130 | -1701088130
25b,213850736945891,no-counts | production-floor | raw | shrink,-454251270 | -1701088130 | -1701088130 | -1701088130
25b,213850736945892,no-counts | production-floor | raw | shrink,-454251270 | -1701088130 | -1701088130 | -1701088130
25b,213850736945893,no-counts | production-floor | raw | shrink,-454251270 | -1701088130 | -1701088130 | -1701088130
25b,213850736945894,no-counts | production-floor | raw | shrink,-454251270 | -1701088130 | -1701088130 | -1701088130
25b,213850736945895,no-counts | production-floor | raw | shrink,-454251270 | -1701088130 | -1701088130 | -1701088130
25b,213850736945896,no-counts | production-floor | raw | shrink,-454251270 | -1701088130 | -1701088130 | -1701088130
25b,213850736945897,no-counts | production-floor | raw | shrink,-454251270 | -1701088130 | -1701088130 | -1701088130
25b,213850736945898,no-counts | production-floor | raw | shrink,-454251270 | -1701088130 | -1701088130 | -1701088130
25b,213850736945899,no-counts | production-floor | raw | shrink,-454251270 | -1701088130 | -1701088130 | -1701088130
25b,213850736945900,no-counts | production-floor | raw | shrink,-454251270 | -1701088130 | -1701088130 | -1701088130
25b,213850736945901,no-counts | production-floor | raw | shrink,-454251270 | -1701088130 | -1701088130 | -1701088130
25b,213850736945902,no-counts | production-floor | raw | shrink,-454251270 | -1701088130 | -1701088130 | -1701088130
25b,213850736945903,no-counts | production-floor | raw | shrink,-454251270 | -1701088130 | -1701088130 | -1701088130
25b,213850736945904,no-counts | production-floor | raw | shrink,-454251270 | -1701088130 | -1701088130 | -1701088130
25b,213850736945905,no-counts | production-floor | raw | shrink,-454251270 | -1701088130 | -1701088130 | -1701088130
25b,213850736945906,no-counts | production-floor | raw | shrink,-454251270 | -1701088130 | -1701088130 | -1701088130
25b,213850736945907,no-counts | production-floor | raw | shrink,-454251270 | -1701088130 | -1701088130 | -1701088130
25b,213850736945908,no-counts | production-floor | raw | shrink,-454251270 | -1701088130 | -1701088130 | -1701088130
25b,213850736945909,no-counts | production-floor | raw | shrink,-454251270 | -1701088130 | -1701088130 | -1701088130
25b,213850736945910,no-counts | production-floor | raw | shrink,-454251270 | -1701088130 | -1701088130 | -1701088130
25c,213855031912969,no-counts | production-floor | raw | shrink,-472157051 | -472157051 | 35421457 | 35421457
25c,213855031912970,no-counts | production-floor | raw | shrink,-472157051 | -472157051 | 35421457 | 35421457
25c,213855031912971,no-counts | production-floor | raw | shrink,-472157051 | -472157051 | 35421457 | 35421457
25c,213855031912972,no-counts | production-floor | raw | shrink,-472157051 | -472157051 | 35421457 | 35421457
25c,213855031912973,no-counts | production-floor | raw | shrink,-1608939935 | -1608939935 | 674462572 | 674462572
25c,213855031912974,no-counts | production-floor | raw | shrink,-472157051 | -472157051 | 35421457 | 35421457
25c,213855031912975,no-counts | production-floor | raw | shrink,-472157051 | -472157051 | 35421457 | 35421457
25c,213855031912976,no-counts | production-floor | raw | shrink,-472157051 | -472157051 | 35421457 | 35421457
25c,213855031912977,no-counts | production-floor | raw | shrink,-472157051 | -472157051 | 35421457 | 35421457
25c,213855031912978,no-counts | production-floor | raw | shrink,-472157051 | -472157051 | 35421457 | 35421457
25c,213855031912979,no-counts | production-floor | raw | shrink,-472157051 | -472157051 | 35421457 | 35421457
25c,213855031912980,no-counts | production-floor | raw | shrink,-472157051 | -472157051 | 35421457 | 35421457
25c,213855031912981,no-counts | production-floor | raw | shrink,-472157051 | -472157051 | 35421457 | 35421457
25c,213855031912982,no-counts | production-floor | raw | shrink,-472157051 | -472157051 | 35421457 | 35421457
25c,213855031912983,no-counts | production-floor | raw | shrink,-472157051 | -472157051 | 35421457 | 35421457
25c,213855031912984,no-counts | production-floor | raw | shrink,-472157051 | -472157051 | 35421457 | 35421457
25c,213855031912985,no-counts | production-floor | raw | shrink,-472157051 | -472157051 | 35421457 | 35421457
25c,213855031912986,no-counts | production-floor | raw | shrink,-472157051 | -472157051 | 35421457 | 35421457
25c,213855031912987,no-counts | production-floor | raw | shrink,-472157051 | -472157051 | 35421457 | 35421457
25c,213855031912988,no-counts | production-floor | raw | shrink,-472157051 | -472157051 | 35421457 | 35421457
25c,213855031912989,no-counts | production-floor | raw | shrink,-472157051 | -472157051 | 35421457 | 35421457
25c,213855031912990,no-counts | production-floor | raw | shrink,-472157051 | -472157051 | 35421457 | 35421457
25c,213855031912991,no-counts | production-floor | raw | shrink,-472157051 | -472157051 | 35421457 | 35421457
25c,213855031912992,no-counts | production-floor | raw | shrink,-472157051 | -472157051 | 35421457 | 35421457
25c,213855031912993,no-counts | production-floor | raw | shrink,-472157051 | -472157051 | 35421457 | 35421457
25c,213855031912994,no-counts | production-floor | raw | shrink,-472157051 | -472157051 | 35421457 | 35421457
25c,213855031912995,no-counts | production-floor | raw | shrink,-472157051 | -472157051 | 35421457 | 35421457
25c,213855031912996,no-counts | production-floor | raw | shrink,-472157051 | -472157051 | 35421457 | 35421457
25c,213855031912997,no-counts | production-floor | raw | shrink,-472157051 | -472157051 | 35421457 | 35421457
25c,213855031912998,no-counts | production-floor | raw | shrink,-1608939935 | -1608939935 | 674462572 | 674462572
26a,213979585964544,no-counts | production-floor | raw | shrink,-2144714912 | -2144714912 | 946569817 | 656756387
26a,213979585964545,no-counts | production-floor | raw | shrink,-2144714912 | -2144714912 | 946569817 | 656756387
26a,213979585964546,no-counts | production-floor | raw | shrink,-2144714912 | -2144714912 | 946569817 | 656756387
26a,213979585964547,no-counts | production-floor | raw | shrink,-2144714912 | -2144714912 | 946569817 | 656756387
26a,213979585964548,no-counts | production-floor | raw | shrink,-2144714912 | -2144714912 | 946569817 | 656756387
26a,213979585964549,no-counts | production-floor | raw | shrink,-2144714912 | -2144714912 | 946569817 | 656756387
26a,213979585964550,no-counts | production-floor | raw | shrink,-2144714912 | -2144714912 | 946569817 | 656756387
26a,213979585964551,no-counts | production-floor | raw | shrink,-2144714912 | -2144714912 | 946569817 | 656756387
26a,213979585964552,no-counts | production-floor | raw | shrink,-2144714912 | -2144714912 | 946569817 | 656756387
26a,213979585964553,no-counts | production-floor | raw | shrink,-2144714912 | -2144714912 | 946569817 | 656756387
26a,213979585964554,no-counts | production-floor | raw | shrink,-2144714912 | -2144714912 | 946569817 | 656756387
26a,213979585964555,no-counts | production-floor | raw | shrink,-2144714912 | -2144714912 | 946569817 | 656756387
26a,213979585964556,no-counts | production-floor | raw | shrink,-2144714912 | -2144714912 | 946569817 | 656756387
26a,213979585964557,no-counts | production-floor | raw | shrink,-2144714912 | -2144714912 | 946569817 | 656756387
26a,213979585964558,no-counts | production-floor | raw | shrink,-2144714912 | -2144714912 | 946569817 | 656756387
26a,213979585964559,no-counts | production-floor | raw | shrink,-2144714912 | -2144714912 | 946569817 | 656756387
26a,213979585964560,no-counts | production-floor | raw | shrink,-2144714912 | -2144714912 | 946569817 | 656756387
26a,213979585964561,no-counts | production-floor | raw | shrink,-2144714912 | -2144714912 | 946569817 | 656756387
26a,213979585964562,no-counts | production-floor | raw | shrink,-2144714912 | -2144714912 | 946569817 | 656756387
26a,213979585964563,no-counts | production-floor | raw | shrink,-2144714912 | -2144714912 | 946569817 | 656756387
26a,213979585964564,no-counts | production-floor | raw | shrink,-2144714912 | -2144714912 | 946569817 | 656756387
26a,213979585964566,no-counts | production-floor | raw | shrink,-2144714912 | -2144714912 | 946569817 | 656756387
26a,213979585964567,no-counts | production-floor | raw | shrink,-2144714912 | -2144714912 | 946569817 | 656756387
26a,213979585964600,no-counts | production-floor | raw | shrink,-2144714912 | -2144714912 | 946569817 | 656756387
26a,213979585964601,no-counts | production-floor | raw | shrink,-2144714912 | -2144714912 | 946569817 | 656756387
26a,213979585964603,no-counts | production-floor | raw | shrink,-2144714912 | -2144714912 | 946569817 | 656756387
26a,213979585964604,no-counts | production-floor | raw | shrink,-2144714912 | -2144714912 | 946569817 | 656756387
26a,213979585964605,no-counts | production-floor | raw | shrink,-2144714912 | -2144714912 | 946569817 | 656756387
26a,213979585964606,no-counts | production-floor | raw | shrink,-2144714912 | -2144714912 | 946569817 | 656756387
26a,213979585964607,no-counts | production-floor | raw | shrink,-2144714912 | -2144714912 | 946569817 | 656756387
26b,213983880931840,no-counts | production-floor | raw | shrink,1839472673 | 1839472673 | 1208215963 | -664699807
26b,213983880931841,no-counts | production-floor | raw | shrink,1839472673 | 1839472673 | 1208215963 | -664699807
26b,213983880931842,no-counts | production-floor | raw | shrink,1839472673 | 1839472673 | 1208215963 | -664699807
26b,213983880931843,no-counts | production-floor | raw | shrink,1839472673 | 1839472673 | 1208215963 | -664699807
26b,213983880931844,no-counts | production-floor | raw | shrink,1839472673 | 1839472673 | 1208215963 | -664699807
26b,213983880931845,no-counts | production-floor | raw | shrink,1839472673 | 1839472673 | 1208215963 | -664699807
26b,213983880931846,no-counts | production-floor | raw | shrink,1839472673 | 1839472673 | 1208215963 | -664699807
26b,213983880931847,no-counts | production-floor | raw | shrink,1839472673 | 1839472673 | 1208215963 | -664699807
26b,213983880931848,no-counts | production-floor | raw | shrink,1839472673 | 1839472673 | 1208215963 | -664699807
26b,213983880931849,no-counts | production-floor | raw | shrink,1839472673 | 1839472673 | 1208215963 | -664699807
26b,213983880931850,no-counts | production-floor | raw | shrink,1839472673 | 1839472673 | 1208215963 | -664699807
26b,213983880931851,no-counts | production-floor | raw | shrink,1839472673 | 1839472673 | 1208215963 | -664699807
26b,213983880931852,no-counts | production-floor | raw | shrink,1839472673 | 1839472673 | 1208215963 | -664699807
26b,213983880931853,no-counts | production-floor | raw | shrink,1839472673 | 1839472673 | 1208215963 | -664699807
26b,213983880931854,no-counts | production-floor | raw | shrink,1839472673 | 1839472673 | 1208215963 | -664699807
26b,213983880931855,no-counts | production-floor | raw | shrink,1839472673 | 1839472673 | 1208215963 | -664699807
26b,213983880931856,no-counts | production-floor | raw | shrink,1839472673 | 1839472673 | 1208215963 | -664699807
26b,213983880931857,no-counts | production-floor | raw | shrink,1839472673 | 1839472673 | 1208215963 | -664699807
26b,213983880931858,no-counts | production-floor | raw | shrink,1839472673 | 1839472673 | 1208215963 | -664699807
26b,213983880931859,no-counts | production-floor | raw | shrink,1839472673 | 1839472673 | 1208215963 | -664699807
26b,213983880931860,no-counts | production-floor | raw | shrink,1839472673 | 1839472673 | 1208215963 | -664699807
26b,213983880931861,no-counts | production-floor | raw | shrink,1839472673 | 1839472673 | 1208215963 | -664699807
26b,213983880931863,no-counts | production-floor | raw | shrink,1839472673 | 1839472673 | 1208215963 | -664699807
26b,213983880931896,no-counts | production-floor | raw | shrink,1839472673 | 1839472673 | 1208215963 | -664699807
26b,213983880931898,no-counts | production-floor | raw | shrink,1839472673 | 1839472673 | 1208215963 | -664699807
26b,213983880931899,no-counts | production-floor | raw | shrink,1839472673 | 1839472673 | 1208215963 | -664699807
26b,213983880931900,no-counts | production-floor | raw | shrink,1839472673 | 1839472673 | 1208215963 | -664699807
26b,213983880931901,no-counts | production-floor | raw | shrink,1839472673 | 1839472673 | 1208215963 | -664699807
26b,213983880931902,no-counts | production-floor | raw | shrink,1839472673 | 1839472673 | 1208215963 | -664699807
26b,213983880931903,no-counts | production-floor | raw | shrink,1839472673 | 1839472673 | 1208215963 | -664699807
26c,213988175899136,no-counts | production-floor | raw | shrink,279814670 | 279814670 | 628672308 | -321495561
26c,213988175899137,no-counts | production-floor | raw | shrink,279814670 | 279814670 | 628672308 | -321495561
26c,213988175899138,no-counts | production-floor | raw | shrink,279814670 | 279814670 | 628672308 | -321495561
26c,213988175899139,no-counts | production-floor | raw | shrink,279814670 | 279814670 | 628672308 | -321495561
26c,213988175899140,no-counts | production-floor | raw | shrink,-824637688 | -824637688 | 628672308 | -321495561
26c,213988175899141,no-counts | production-floor | raw | shrink,279814670 | 279814670 | 628672308 | -321495561
26c,213988175899142,no-counts | production-floor | raw | shrink,279814670 | 279814670 | 628672308 | -321495561
26c,213988175899143,no-counts | production-floor | raw | shrink,-824637688 | -824637688 | 628672308 | -321495561
26c,213988175899144,no-counts | production-floor | raw | shrink,-824637688 | -824637688 | 628672308 | -321495561
26c,213988175899145,no-counts | production-floor | raw | shrink,-824637688 | -824637688 | 628672308 | -321495561
26c,213988175899146,no-counts | production-floor | raw | shrink,279814670 | 279814670 | 628672308 | -321495561
26c,213988175899147,no-counts | production-floor | raw | shrink,-824637688 | -824637688 | 628672308 | -321495561
26c,213988175899148,no-counts | production-floor | raw | shrink,-824637688 | -824637688 | 628672308 | -321495561
26c,213988175899149,no-counts | production-floor | raw | shrink,279814670 | 279814670 | 628672308 | -321495561
26c,213988175899150,no-counts | production-floor | raw | shrink,-824637688 | -824637688 | 628672308 | -321495561
26c,213988175899151,no-counts | production-floor | raw | shrink,-824637688 | -824637688 | 628672308 | -321495561
26c,213988175899152,no-counts | production-floor | raw | shrink,279814670 | 279814670 | 628672308 | -321495561
26c,213988175899153,no-counts | production-floor | raw | shrink,-824637688 | -824637688 | 628672308 | -321495561
26c,213988175899154,no-counts | production-floor | raw | shrink,279814670 | 279814670 | 628672308 | -321495561
26c,213988175899155,no-counts | production-floor | raw | shrink,279814670 | 279814670 | 628672308 | -321495561
26c,213988175899156,no-counts | production-floor | raw | shrink,-824637688 | -824637688 | 628672308 | -321495561
26c,213988175899157,no-counts | production-floor | raw | shrink,279814670 | 279814670 | 628672308 | -321495561
26c,213988175899158,no-counts | production-floor | raw | shrink,279814670 | 279814670 | 628672308 | -321495561
26c,213988175899193,no-counts | production-floor | raw | shrink,-824637688 | -824637688 | 628672308 | -321495561
26c,213988175899194,no-counts | production-floor | raw | shrink,-824637688 | -824637688 | 628672308 | -321495561
26c,213988175899195,no-counts | production-floor | raw | shrink,279814670 | 279814670 | 628672308 | -321495561
26c,213988175899196,no-counts | production-floor | raw | shrink,-824637688 | -824637688 | 628672308 | -321495561
26c,213988175899197,no-counts | production-floor | raw | shrink,279814670 | 279814670 | 628672308 | -321495561
26c,213988175899198,no-counts | production-floor | raw | shrink,279814670 | 279814670 | 628672308 | -321495561
26c,213988175899199,no-counts | production-floor | raw | shrink,279814670 | 279814670 | 628672308 | -321495561
27a,214112729950744,no-counts | production-floor | raw | shrink,1608906155 | 1608906155 | 1430642209 | -1953543145
27a,214112729950745,no-counts | production-floor | raw | shrink,1608906155 | 1608906155 | -1953543145 | -1953543145
27a,214112729950746,no-counts | production-floor | raw | shrink,1608906155 | 1608906155 | 1430642209 | -1953543145
27a,214112729950748,no-counts | production-floor | raw | shrink,1608906155 | 1608906155 | -1953543145 | -1953543145
27a,214112729950749,no-counts | production-floor | raw | shrink,1608906155 | 1608906155 | -1953543145 | -1953543145
27a,214112729950750,no-counts | production-floor | raw | shrink,1608906155 | 1608906155 | -1953543145 | -1953543145
27a,214112729950751,no-counts | production-floor | raw | shrink,1608906155 | 1608906155 | 1430642209 | -1953543145
27a,214112729950752,no-counts | production-floor | raw | shrink,1608906155 | 1608906155 | -1953543145 | -1953543145
27a,214112729950753,no-counts | production-floor | raw | shrink,1608906155 | 1608906155 | 1430642209 | -1953543145
27a,214112729950754,no-counts | production-floor | raw | shrink,1608906155 | 1608906155 | -1953543145 | -1953543145
27a,214112729950755,no-counts | production-floor | raw | shrink,1608906155 | 1608906155 | -1953543145 | -1953543145
27a,214112729950756,no-counts | production-floor | raw | shrink,1608906155 | 1608906155 | 1430642209 | -1953543145
27a,214112729950757,no-counts | production-floor | raw | shrink,1608906155 | 1608906155 | -1953543145 | -1953543145
27a,214112729950758,no-counts | production-floor | raw | shrink,1608906155 | 1608906155 | -1953543145 | -1953543145
27a,214112729950759,no-counts | production-floor | raw | shrink,1608906155 | 1608906155 | 1430642209 | -1953543145
27a,214112729950760,no-counts | production-floor | raw | shrink,1608906155 | 1608906155 | -1953543145 | -1953543145
27a,214112729950761,no-counts | production-floor | raw | shrink,1608906155 | 1608906155 | -1953543145 | -1953543145
27a,214112729950762,no-counts | production-floor | raw | shrink,1608906155 | 1608906155 | -1953543145 | -1953543145
27a,214112729950763,no-counts | production-floor | raw | shrink,1608906155 | 1608906155 | -1953543145 | -1953543145
27a,214112729950764,no-counts | production-floor | raw | shrink,1608906155 | 1608906155 | -1953543145 | -1953543145
27a,214112729950765,no-counts | production-floor | raw | shrink,1608906155 | 1608906155 | 1430642209 | -1953543145
27a,214112729950766,no-counts | production-floor | raw | shrink,1608906155 | 1608906155 | -1953543145 | -1953543145
27a,214112729950767,no-counts | production-floor | raw | shrink,1608906155 | 1608906155 | 1430642209 | -1953543145
27a,214112729950768,no-counts | production-floor | raw | shrink,1608906155 | 1608906155 | -1659326297 | -1953543145
27a,214112729950769,no-counts | production-floor | raw | shrink,1608906155 | 1608906155 | -1953543145 | -1953543145
27a,214112729950770,no-counts | production-floor | raw | shrink,1608906155 | 1608906155 | -1953543145 | -1953543145
27a,214112729950771,no-counts | production-floor | raw | shrink,1608906155 | 1608906155 | -1953543145 | -1953543145
27a,214112729950773,no-counts | production-floor | raw | shrink,1608906155 | 1608906155 | 1430642209 | -1953543145
27a,214112729950774,no-counts | production-floor | raw | shrink,1608906155 | 1608906155 | -1953543145 | -1953543145
27a,214112729950775,no-counts | production-floor | raw | shrink,1608906155 | 1608906155 | -1659326297 | -1953543145
27b,214117024918040,no-counts | production-floor | raw | shrink,1367252878 | 1367252878 | 1728540501 | 1728540501
27b,214117024918041,no-counts | production-floor | raw | shrink,1367252878 | 1367252878 | 1728540501 | -1505844372
27b,214117024918043,no-counts | production-floor | raw | shrink,1367252878 | 1367252878 | 1728540501 | 1728540501
27b,214117024918044,no-counts | production-floor | raw | shrink,1367252878 | 1367252878 | 1728540501 | 1728540501
27b,214117024918045,no-counts | production-floor | raw | shrink,1367252878 | 1367252878 | 1728540501 | 1728540501
27b,214117024918046,no-counts | production-floor | raw | shrink,1367252878 | 1367252878 | 1728540501 | 1728540501
27b,214117024918047,no-counts | production-floor | raw | shrink,1367252878 | 1367252878 | 1728540501 | -1505844372
27b,214117024918048,no-counts | production-floor | raw | shrink,1367252878 | 1367252878 | 1728540501 | -1505844372
27b,214117024918049,no-counts | production-floor | raw | shrink,1367252878 | 1367252878 | -882439461 | 1728540501
27b,214117024918050,no-counts | production-floor | raw | shrink,1367252878 | 1367252878 | 1728540501 | -1505844372
27b,214117024918051,no-counts | production-floor | raw | shrink,1367252878 | 1367252878 | 1728540501 | 1728540501
27b,214117024918052,no-counts | production-floor | raw | shrink,1367252878 | 1367252878 | 1728540501 | -1505844372
27b,214117024918053,no-counts | production-floor | raw | shrink,1367252878 | 1367252878 | 1728540501 | 1728540501
27b,214117024918054,no-counts | production-floor | raw | shrink,1367252878 | 1367252878 | 1728540501 | -1505844372
27b,214117024918055,no-counts | production-floor | raw | shrink,1367252878 | 1367252878 | 1728540501 | -1505844372
27b,214117024918056,no-counts | production-floor | raw | shrink,1367252878 | 1367252878 | 1728540501 | 1728540501
27b,214117024918057,no-counts | production-floor | raw | shrink,1367252878 | 1367252878 | 1728540501 | 1728540501
27b,214117024918058,no-counts | production-floor | raw | shrink,1367252878 | 1367252878 | 1728540501 | 1728540501
27b,214117024918059,no-counts | production-floor | raw | shrink,1367252878 | 1367252878 | 1728540501 | -1505844372
27b,214117024918060,no-counts | production-floor | raw | shrink,1367252878 | 1367252878 | 1728540501 | 1728540501
27b,214117024918061,no-counts | production-floor | raw | shrink,1367252878 | 1367252878 | 1728540501 | 1728540501
27b,214117024918062,no-counts | production-floor | raw | shrink,1367252878 | 1367252878 | -882439461 | 1728540501
27b,214117024918063,no-counts | production-floor | raw | shrink,1367252878 | 1367252878 | 1728540501 | -1505844372
27b,214117024918064,no-counts | production-floor | raw | shrink,1367252878 | 1367252878 | 1728540501 | 1728540501
27b,214117024918065,no-counts | production-floor | raw | shrink,1367252878 | 1367252878 | 1728540501 | 1728540501
27b,214117024918066,no-counts | production-floor | raw | shrink,1367252878 | 1367252878 | 1728540501 | 1728540501
27b,214117024918067,no-counts | production-floor | raw | shrink,1367252878 | 1367252878 | 1728540501 | 1728540501
27b,214117024918068,no-counts | production-floor | raw | shrink,1367252878 | 1367252878 | 1728540501 | 1728540501
27b,214117024918070,no-counts | production-floor | raw | shrink,1367252878 | 1367252878 | 1728540501 | 1728540501
27b,214117024918071,no-counts | production-floor | raw | shrink,1367252878 | 1367252878 | 1728540501 | 1728540501
27c,214121319885336,no-counts | production-floor | raw | shrink,-622492985 | -622492985 | -1273730499 | -1273730499
27c,214121319885338,no-counts | production-floor | raw | shrink,-622492985 | -622492985 | -1273730499 | -1273730499
27c,214121319885339,no-counts | production-floor | raw | shrink,-622492985 | -622492985 | 2087529319 | -1273730499
27c,214121319885340,no-counts | production-floor | raw | shrink,-622492985 | -622492985 | -1273730499 | -1273730499
27c,214121319885341,no-counts | production-floor | raw | shrink,-622492985 | -622492985 | 2087529319 | -1273730499
27c,214121319885342,no-counts | production-floor | raw | shrink,-622492985 | -622492985 | 2087529319 | -1273730499
27c,214121319885343,no-counts | production-floor | raw | shrink,-622492985 | -622492985 | -496094261 | -1273730499
27c,214121319885344,no-counts | production-floor | raw | shrink,-622492985 | -622492985 | 2087529319 | -1273730499
27c,214121319885345,no-counts | production-floor | raw | shrink,-622492985 | -622492985 | -496094261 | -1273730499
27c,214121319885346,no-counts | production-floor | raw | shrink,-622492985 | -622492985 | 2087529319 | -1273730499
27c,214121319885347,no-counts | production-floor | raw | shrink,-622492985 | -622492985 | 2087529319 | -1273730499
27c,214121319885348,no-counts | production-floor | raw | shrink,-622492985 | -622492985 | -1273730499 | -1273730499
27c,214121319885349,no-counts | production-floor | raw | shrink,-622492985 | -622492985 | 2087529319 | -1273730499
27c,214121319885350,no-counts | production-floor | raw | shrink,-622492985 | -622492985 | 2087529319 | -1273730499
27c,214121319885351,no-counts | production-floor | raw | shrink,-622492985 | -622492985 | 2087529319 | -1273730499
27c,214121319885352,no-counts | production-floor | raw | shrink,-622492985 | -622492985 | 2087529319 | -1273730499
27c,214121319885353,no-counts | production-floor | raw | shrink,-622492985 | -622492985 | 2087529319 | -1273730499
27c,214121319885354,no-counts | production-floor | raw | shrink,-622492985 | -622492985 | -496094261 | -1273730499
27c,214121319885355,no-counts | production-floor | raw | shrink,-622492985 | -622492985 | -1273730499 | -1273730499
27c,214121319885356,no-counts | production-floor | raw | shrink,-622492985 | -622492985 | 2087529319 | -1273730499
27c,214121319885357,no-counts | production-floor | raw | shrink,-622492985 | -622492985 | 2087529319 | -1273730499
27c,214121319885358,no-counts | production-floor | raw | shrink,-622492985 | -622492985 | 2087529319 | -1273730499
27c,214121319885359,no-counts | production-floor | raw | shrink,-622492985 | -622492985 | 2087529319 | -1273730499
27c,214121319885360,no-counts | production-floor | raw | shrink,-622492985 | -622492985 | -1273730499 | -1273730499
27c,214121319885361,no-counts | production-floor | raw | shrink,-622492985 | -622492985 | 2087529319 | -1273730499
27c,214121319885362,no-counts | production-floor | raw | shrink,-622492985 | -622492985 | 2087529319 | -1273730499
27c,214121319885363,no-counts | production-floor | raw | shrink,-622492985 | -622492985 | 2087529319 | -1273730499
27c,214121319885364,no-counts | production-floor | raw | shrink,-622492985 | -622492985 | 2087529319 | -1273730499
27c,214121319885365,no-counts | production-floor | raw | shrink,-622492985 | -622492985 | -1273730499 | -1273730499
27c,214121319885367,no-counts | production-floor | raw | shrink,-622492985 | -622492985 | 2087529319 | -1273730499
28a,214245873936960,no-counts | production-floor | raw | shrink,2074943547 | -1614013504 | 96586315 | -351635764
28a,214245873936961,no-counts | production-floor | raw | shrink,2074943547 | -1614013504 | 96586315 | -1129740832
28a,214245873936962,no-counts | production-floor | raw | shrink,2074943547 | -1614013504 | 96586315 | -351635764
28a,214245873936963,no-counts | production-floor | raw | shrink,2074943547 | -1614013504 | 96586315 | -937872645
28a,214245873936964,no-counts | production-floor | raw | shrink,2074943547 | -1614013504 | 96586315 | -937872645
28a,214245873936965,no-counts | production-floor | raw | shrink,2074943547 | -1614013504 | 96586315 | -937872645
28a,214245873936966,no-counts | production-floor | raw | shrink,2074943547 | -1614013504 | 96586315 | -351635764
28a,214245873936967,no-counts | production-floor | raw | shrink,2074943547 | -1614013504 | 96586315 | -937872645
28a,214245873936968,no-counts | production-floor | raw | shrink,2074943547 | -1614013504 | 96586315 | -351635764
28a,214245873936969,no-counts | production-floor | raw | shrink,2074943547 | -1614013504 | 96586315 | -1129740832
28a,214245873936970,no-counts | production-floor | raw | shrink,2074943547 | -1614013504 | 96586315 | -351635764
28a,214245873936971,no-counts | production-floor | raw | shrink,2074943547 | -1614013504 | 96586315 | -937872645
28a,214245873936972,no-counts | production-floor | raw | shrink,2074943547 | -1614013504 | 96586315 | -530087754
28a,214245873936973,no-counts | production-floor | raw | shrink,2074943547 | -1614013504 | 96586315 | -1129740832
28a,214245873936974,no-counts | production-floor | raw | shrink,2074943547 | -1614013504 | 96586315 | -351635764
28a,214245873936975,no-counts | production-floor | raw | shrink,2074943547 | -1614013504 | 96586315 | -937872645
28a,214245873936976,no-counts | production-floor | raw | shrink,2074943547 | -1614013504 | 96586315 | -937872645
28a,214245873936977,no-counts | production-floor | raw | shrink,2074943547 | -1614013504 | 96586315 | -1129740832
28a,214245873936978,no-counts | production-floor | raw | shrink,2074943547 | -1614013504 | 96586315 | -937872645
28a,214245873936980,no-counts | production-floor | raw | shrink,2074943547 | -1614013504 | 96586315 | -937872645
28a,214245873936981,no-counts | production-floor | raw | shrink,2074943547 | -1614013504 | 96586315 | -937872645
28a,214245873936982,no-counts | production-floor | raw | shrink,2074943547 | -1614013504 | 96586315 | -351635764
28a,214245873936983,no-counts | production-floor | raw | shrink,2074943547 | -1614013504 | 96586315 | -937872645
28a,214245873937016,no-counts | production-floor | raw | shrink,2074943547 | -1614013504 | 96586315 | -937872645
28a,214245873937017,no-counts | production-floor | raw | shrink,2074943547 | -1614013504 | 96586315 | -937872645
28a,214245873937018,no-counts | production-floor | raw | shrink,2074943547 | -1614013504 | 96586315 | -937872645
28a,214245873937019,no-counts | production-floor | raw | shrink,2074943547 | -1614013504 | 96586315 | -937872645
28a,214245873937021,no-counts | production-floor | raw | shrink,2074943547 | -1614013504 | 96586315 | -937872645
28a,214245873937022,no-counts | production-floor | raw | shrink,2074943547 | -1614013504 | 96586315 | -1129740832
28a,214245873937023,no-counts | production-floor | raw | shrink,2074943547 | -1614013504 | 96586315 | -351635764
28b,214250168904256,no-counts | production-floor | raw | shrink,2074943547 | -1614013504 | 1300118193 | -461396360
28b,214250168904257,no-counts | production-floor | raw | shrink,2074943547 | -1614013504 | 1300118193 | -461396360
28b,214250168904258,no-counts | production-floor | raw | shrink,2074943547 | -1614013504 | 1300118193 | -2038163606
28b,214250168904259,no-counts | production-floor | raw | shrink,2074943547 | -1614013504 | 1300118193 | -2038163606
28b,214250168904260,no-counts | production-floor | raw | shrink,2074943547 | -1614013504 | 1300118193 | -2038163606
28b,214250168904261,no-counts | production-floor | raw | shrink,2074943547 | -1614013504 | 1300118193 | -2038163606
28b,214250168904262,no-counts | production-floor | raw | shrink,2074943547 | -1614013504 | 1300118193 | -2038163606
28b,214250168904263,no-counts | production-floor | raw | shrink,2074943547 | -1614013504 | 1300118193 | -2038163606
28b,214250168904264,no-counts | production-floor | raw | shrink,2074943547 | -1614013504 | 1300118193 | -461396360
28b,214250168904265,no-counts | production-floor | raw | shrink,2074943547 | -1614013504 | 1300118193 | -2038163606
28b,214250168904266,no-counts | production-floor | raw | shrink,2074943547 | -1614013504 | 1300118193 | -2038163606
28b,214250168904267,no-counts | production-floor | raw | shrink,2074943547 | -1614013504 | 1300118193 | -2038163606
28b,214250168904268,no-counts | production-floor | raw | shrink,2074943547 | -1614013504 | 1300118193 | -461396360
28b,214250168904269,no-counts | production-floor | raw | shrink,2074943547 | -1614013504 | 1300118193 | -461396360
28b,214250168904270,no-counts | production-floor | raw | shrink,2074943547 | -1614013504 | 1300118193 | -2038163606
28b,214250168904271,no-counts | production-floor | raw | shrink,2074943547 | -1614013504 | 1300118193 | -2038163606
28b,214250168904272,no-counts | production-floor | raw | shrink,2074943547 | -1614013504 | 1300118193 | -461396360
28b,214250168904273,no-counts | production-floor | raw | shrink,2074943547 | -1614013504 | 1300118193 | -2038163606
28b,214250168904274,no-counts | production-floor | raw | shrink,2074943547 | -1614013504 | 1300118193 | -461396360
28b,214250168904275,no-counts | production-floor | raw | shrink,2074943547 | -1614013504 | 1300118193 | -2038163606
28b,214250168904277,no-counts | production-floor | raw | shrink,2074943547 | -1614013504 | 1300118193 | -2038163606
28b,214250168904278,no-counts | production-floor | raw | shrink,2074943547 | -1614013504 | 1300118193 | -461396360
28b,214250168904279,no-counts | production-floor | raw | shrink,2074943547 | -1614013504 | 1300118193 | -461396360
28b,214250168904312,no-counts | production-floor | raw | shrink,2074943547 | -1614013504 | 1300118193 | -2038163606
28b,214250168904313,no-counts | production-floor | raw | shrink,2074943547 | -1614013504 | 1300118193 | -461396360
28b,214250168904314,no-counts | production-floor | raw | shrink,2074943547 | -1614013504 | 1300118193 | -2038163606
28b,214250168904316,no-counts | production-floor | raw | shrink,2074943547 | -1614013504 | 1300118193 | -2038163606
28b,214250168904317,no-counts | production-floor | raw | shrink,2074943547 | -1614013504 | 1300118193 | -2038163606
28b,214250168904318,no-counts | production-floor | raw | shrink,2074943547 | -1614013504 | 1300118193 | -461396360
28b,214250168904319,no-counts | production-floor | raw | shrink,2074943547 | -1614013504 | 1300118193 | -461396360
28c,214254463871552,no-counts | production-floor | raw | shrink,-588493923 | -127293549 | -1040088321 | -1613403286
28c,214254463871553,no-counts | production-floor | raw | shrink,-588493923 | -127293549 | -1040088321 | -1613403286
28c,214254463871554,no-counts | production-floor | raw | shrink,-588493923 | -127293549 | -1040088321 | -676166940
28c,214254463871555,no-counts | production-floor | raw | shrink,-588493923 | -127293549 | -1040088321 | -1613403286
28c,214254463871556,no-counts | production-floor | raw | shrink,-588493923 | -127293549 | -1040088321 | -1613403286
28c,214254463871557,no-counts | production-floor | raw | shrink,-588493923 | -127293549 | -1040088321 | -1613403286
28c,214254463871558,no-counts | production-floor | raw | shrink,-588493923 | -127293549 | -1040088321 | -1613403286
28c,214254463871559,no-counts | production-floor | raw | shrink,-588493923 | -127293549 | -1040088321 | -1613403286
28c,214254463871560,no-counts | production-floor | raw | shrink,-588493923 | -127293549 | -1040088321 | -1613403286
28c,214254463871561,no-counts | production-floor | raw | shrink,-588493923 | -127293549 | -1040088321 | -676166940
28c,214254463871562,no-counts | production-floor | raw | shrink,-588493923 | -127293549 | -1040088321 | -1613403286
28c,214254463871563,no-counts | production-floor | raw | shrink,-588493923 | -127293549 | -1040088321 | -676166940
28c,214254463871564,no-counts | production-floor | raw | shrink,-588493923 | -127293549 | -1040088321 | -1613403286
28c,214254463871565,no-counts | production-floor | raw | shrink,-588493923 | -127293549 | -1040088321 | -1613403286
28c,214254463871566,no-counts | production-floor | raw | shrink,-588493923 | -127293549 | -1040088321 | -1613403286
28c,214254463871567,no-counts | production-floor | raw | shrink,-588493923 | -127293549 | -1040088321 | -1613403286
28c,214254463871568,no-counts | production-floor | raw | shrink,-588493923 | -127293549 | -1040088321 | -1613403286
28c,214254463871569,no-counts | production-floor | raw | shrink,-588493923 | -127293549 | -1040088321 | -1331141441
28c,214254463871570,no-counts | production-floor | raw | shrink,-588493923 | -127293549 | -1040088321 | -1331141441
28c,214254463871571,no-counts | production-floor | raw | shrink,-588493923 | -127293549 | -1040088321 | -1613403286
28c,214254463871572,no-counts | production-floor | raw | shrink,-588493923 | -127293549 | -1040088321 | -676166940
28c,214254463871574,no-counts | production-floor | raw | shrink,-588493923 | -127293549 | -1040088321 | -1613403286
28c,214254463871575,no-counts | production-floor | raw | shrink,-588493923 | -127293549 | -1040088321 | -1613403286
28c,214254463871608,no-counts | production-floor | raw | shrink,-588493923 | -127293549 | -1040088321 | -1613403286
28c,214254463871609,no-counts | production-floor | raw | shrink,-588493923 | -127293549 | -1040088321 | -1613403286
28c,214254463871611,no-counts | production-floor | raw | shrink,-588493923 | -127293549 | -1040088321 | -1613403286
28c,214254463871612,no-counts | production-floor | raw | shrink,-588493923 | -127293549 | -1040088321 | -676166940
28c,214254463871613,no-counts | production-floor | raw | shrink,-588493923 | -127293549 | -1040088321 | -1613403286
28c,214254463871614,no-counts | production-floor | raw | shrink,-588493923 | -127293549 | -1040088321 | -676166940
28c,214254463871615,no-counts | production-floor | raw | shrink,-588493923 | -127293549 | -1040088321 | -676166940
29a,214379017923160,no-counts | production-floor | raw | shrink,1115475505 | -858518681 | -529581098 | -858518681
29a,214379017923161,no-counts | production-floor | raw | shrink,1115475505 | -858518681 | -529581098 | -858518681
29a,214379017923162,no-counts | production-floor | raw | shrink,-567589835 | -858518681 | -34403282 | -858518681
29a,214379017923163,no-counts | production-floor | raw | shrink,1115475505 | -858518681 | -1339255407 | -858518681
29a,214379017923164,no-counts | production-floor | raw | shrink,1115475505 | -858518681 | -20100233 | -1907074882
29a,214379017923166,no-counts | production-floor | raw | shrink,1115475505 | -858518681 | 2069007779 | -858518681
29a,214379017923167,no-counts | production-floor | raw | shrink,1590318913 | -858518681 | -20100233 | -1907074882
29a,214379017923168,no-counts | production-floor | raw | shrink,1115475505 | 898180284 | -1092631929 | 898180284
29a,214379017923169,no-counts | production-floor | raw | shrink,1115475505 | -858518681 | -529581098 | -858518681
29a,214379017923170,no-counts | production-floor | raw | shrink,1115475505 | -858518681 | -1339255407 | -858518681
29a,214379017923171,no-counts | production-floor | raw | shrink,1115475505 | -858518681 | -529581098 | -858518681
29a,214379017923172,no-counts | production-floor | raw | shrink,1115475505 | -858518681 | -20100233 | -858518681
29a,214379017923173,no-counts | production-floor | raw | shrink,1115475505 | -858518681 | -20100233 | -858518681
29a,214379017923174,no-counts | production-floor | raw | shrink,1115475505 | -858518681 | -529581098 | -858518681
29a,214379017923175,no-counts | production-floor | raw | shrink,1115475505 | -858518681 | 2069007779 | -858518681
29a,214379017923176,no-counts | production-floor | raw | shrink,1115475505 | -858518681 | -529581098 | -858518681
29a,214379017923177,no-counts | production-floor | raw | shrink,1115475505 | -858518681 | -20100233 | -858518681
29a,214379017923178,no-counts | production-floor | raw | shrink,1590318913 | -858518681 | 2069007779 | -858518681
29a,214379017923179,no-counts | production-floor | raw | shrink,1115475505 | 1310082460 | 1363890014 | -858518681
29a,214379017923180,no-counts | production-floor | raw | shrink,1115475505 | -858518681 | 1698827784 | -858518681
29a,214379017923181,no-counts | production-floor | raw | shrink,1115475505 | -858518681 | -2068277166 | -858518681
29a,214379017923182,no-counts | production-floor | raw | shrink,1115475505 | -858518681 | -1339255407 | -858518681
29a,214379017923183,no-counts | production-floor | raw | shrink,1115475505 | -858518681 | -2068277166 | -858518681
29a,214379017923184,no-counts | production-floor | raw | shrink,1115475505 | -858518681 | -529581098 | -858518681
29a,214379017923185,no-counts | production-floor | raw | shrink,1115475505 | -858518681 | 1698827784 | -1457033271
29a,214379017923187,no-counts | production-floor | raw | shrink,1115475505 | -858518681 | -1092631929 | -858518681
29a,214379017923188,no-counts | production-floor | raw | shrink,1115475505 | -858518681 | -809758409 | -858518681
29a,214379017923189,no-counts | production-floor | raw | shrink,1590318913 | -858518681 | -529581098 | -858518681
29a,214379017923190,no-counts | production-floor | raw | shrink,1115475505 | -858518681 | -529581098 | -858518681
29a,214379017923191,no-counts | production-floor | raw | shrink,1115475505 | -858518681 | -20100233 | -858518681
29b,214383312890456,no-counts | production-floor | raw | shrink,1115475505 | -665152500 | -452640197 | -665152500
29b,214383312890457,no-counts | production-floor | raw | shrink,1115475505 | -665152500 | -290208566 | -665152500
29b,214383312890458,no-counts | production-floor | raw | shrink,1115475505 | -665152500 | -290208566 | -665152500
29b,214383312890459,no-counts | production-floor | raw | shrink,1115475505 | -665152500 | -290208566 | -665152500
29b,214383312890461,no-counts | production-floor | raw | shrink,1115475505 | -665152500 | -1637348541 | -665152500
29b,214383312890462,no-counts | production-floor | raw | shrink,1115475505 | -665152500 | -290208566 | -665152500
29b,214383312890463,no-counts | production-floor | raw | shrink,1115475505 | -665152500 | -1969124343 | -665152500
29b,214383312890464,no-counts | production-floor | raw | shrink,1115475505 | -665152500 | -452640197 | -665152500
29b,214383312890465,no-counts | production-floor | raw | shrink,1115475505 | -665152500 | -1637348541 | -665152500
29b,214383312890466,no-counts | production-floor | raw | shrink,1115475505 | -665152500 | -1637348541 | -665152500
29b,214383312890467,no-counts | production-floor | raw | shrink,1115475505 | -665152500 | -290208566 | -665152500
29b,214383312890468,no-counts | production-floor | raw | shrink,1115475505 | -665152500 | -1637348541 | -665152500
29b,214383312890469,no-counts | production-floor | raw | shrink,1115475505 | -665152500 | -452640197 | -665152500
29b,214383312890470,no-counts | production-floor | raw | shrink,-693793430 | -665152500 | -452640197 | -665152500
29b,214383312890471,no-counts | production-floor | raw | shrink,1115475505 | -665152500 | -1637348541 | -665152500
29b,214383312890472,no-counts | production-floor | raw | shrink,1115475505 | -665152500 | -452640197 | -665152500
29b,214383312890473,no-counts | production-floor | raw | shrink,1115475505 | -665152500 | -290208566 | -665152500
29b,214383312890474,no-counts | production-floor | raw | shrink,1115475505 | -665152500 | -290208566 | -665152500
29b,214383312890475,no-counts | production-floor | raw | shrink,1115475505 | -665152500 | -290208566 | -665152500
29b,214383312890476,no-counts | production-floor | raw | shrink,1115475505 | -665152500 | -290208566 | -665152500
29b,214383312890477,no-counts | production-floor | raw | shrink,1115475505 | -665152500 | -290208566 | -665152500
29b,214383312890478,no-counts | production-floor | raw | shrink,1115475505 | -665152500 | -290208566 | -665152500
29b,214383312890479,no-counts | production-floor | raw | shrink,1115475505 | -665152500 | -452640197 | -665152500
29b,214383312890480,no-counts | production-floor | raw | shrink,1115475505 | -665152500 | -144444021 | -665152500
29b,214383312890481,no-counts | production-floor | raw | shrink,1115475505 | -665152500 | -1637348541 | -665152500
29b,214383312890482,no-counts | production-floor | raw | shrink,1115475505 | -665152500 | -1637348541 | -665152500
29b,214383312890484,no-counts | production-floor | raw | shrink,1115475505 | -665152500 | -290208566 | -665152500
29b,214383312890485,no-counts | production-floor | raw | shrink,1115475505 | -665152500 | -1637348541 | -665152500
29b,214383312890486,no-counts | production-floor | raw | shrink,1115475505 | -665152500 | -1637348541 | -665152500
29b,214383312890487,no-counts | production-floor | raw | shrink,1115475505 | -665152500 | -290208566 | -665152500
29c,214387607857752,no-counts | production-floor | raw | shrink,1887186352 | -839131028 | -482989254 | 2081534655
29c,214387607857753,no-counts | production-floor | raw | shrink,1887186352 | -839131028 | 254816621 | 2081534655
29c,214387607857754,no-counts | production-floor | raw | shrink,1887186352 | -839131028 | 254816621 | 2081534655
29c,214387607857756,no-counts | production-floor | raw | shrink,1887186352 | -839131028 | 254816621 | 2081534655
29c,214387607857757,no-counts | production-floor | raw | shrink,1887186352 | -839131028 | 254816621 | 2081534655
29c,214387607857758,no-counts | production-floor | raw | shrink,1887186352 | -839131028 | 254816621 | 2081534655
29c,214387607857759,no-counts | production-floor | raw | shrink,1887186352 | -839131028 | -482989254 | 2081534655
29c,214387607857760,no-counts | production-floor | raw | shrink,-1368014638 | 2037379965 | 254816621 | 2081534655
29c,214387607857761,no-counts | production-floor | raw | shrink,1887186352 | -839131028 | 254816621 | 2081534655
29c,214387607857762,no-counts | production-floor | raw | shrink,1887186352 | -839131028 | -482989254 | 2081534655
29c,214387607857763,no-counts | production-floor | raw | shrink,1887186352 | -839131028 | -482989254 | 2081534655
29c,214387607857764,no-counts | production-floor | raw | shrink,1887186352 | -839131028 | -482989254 | 2081534655
29c,214387607857765,no-counts | production-floor | raw | shrink,1887186352 | -839131028 | 254816621 | 2081534655
29c,214387607857766,no-counts | production-floor | raw | shrink,-1368014638 | 2037379965 | 254816621 | 1216159973
29c,214387607857767,no-counts | production-floor | raw | shrink,-1368014638 | 2037379965 | -482989254 | 2081534655
29c,214387607857768,no-counts | production-floor | raw | shrink,1887186352 | -839131028 | 254816621 | 2081534655
29c,214387607857769,no-counts | production-floor | raw | shrink,1887186352 | -839131028 | -482989254 | 2081534655
29c,214387607857770,no-counts | production-floor | raw | shrink,1887186352 | -839131028 | 1898710879 | 2081534655
29c,214387607857771,no-counts | production-floor | raw | shrink,1887186352 | -839131028 | -482989254 | 2081534655
29c,214387607857772,no-counts | production-floor | raw | shrink,1887186352 | -839131028 | -482989254 | 2081534655
29c,214387607857773,no-counts | production-floor | raw | shrink,1887186352 | -839131028 | 254816621 | 2081534655
29c,214387607857774,no-counts | production-floor | raw | shrink,1887186352 | -839131028 | 254816621 | 2081534655
29c,214387607857775,no-counts | production-floor | raw | shrink,1887186352 | -839131028 | -482989254 | 2081534655
29c,214387607857776,no-counts | production-floor | raw | shrink,1887186352 | -839131028 | 254816621 | 2081534655
29c,214387607857777,no-counts | production-floor | raw | shrink,1887186352 | -839131028 | -482989254 | 2081534655
29c,214387607857778,no-counts | production-floor | raw | shrink,1887186352 | -839131028 | 254816621 | 2081534655
29c,214387607857779,no-counts | production-floor | raw | shrink,-2010669708 | -839131028 | 254816621 | 2081534655
29c,214387607857781,no-counts | production-floor | raw | shrink,1887186352 | -839131028 | 254816621 | 2081534655
29c,214387607857782,no-counts | production-floor | raw | shrink,1887186352 | -839131028 | 254816621 | 2081534655
29c,214387607857783,no-counts | production-floor | raw | shrink,-2010669708 | -839131028 | -482989254 | 2081534655
30a,217308185619712,no-counts | production-floor | raw | shrink,204795277 | 204795277 | -358644662 | 216250776
30a,217308185619713,no-counts | production-floor | raw | shrink,204795277 | 204795277 | -358644662 | 216250776
30a,217308185619714,no-counts | production-floor | raw | shrink,204795277 | 204795277 | 1041678136 | 216250776
30a,217308185619716,no-counts | production-floor | raw | shrink,204795277 | 204795277 | -358644662 | 216250776
30a,217308185619717,no-counts | production-floor | raw | shrink,204795277 | 204795277 | -358644662 | 216250776
30a,217308185619718,no-counts | production-floor | raw | shrink,204795277 | 204795277 | 1041678136 | 216250776
30a,217308185619719,no-counts | production-floor | raw | shrink,204795277 | 204795277 | -358644662 | 216250776
30a,217308185619752,no-counts | production-floor | raw | shrink,204795277 | 204795277 | 1041678136 | 216250776
30a,217308185619753,no-counts | production-floor | raw | shrink,204795277 | 204795277 | -358644662 | 216250776
30a,217308185619754,no-counts | production-floor | raw | shrink,204795277 | 204795277 | -358644662 | 216250776
30a,217308185619755,no-counts | production-floor | raw | shrink,204795277 | 204795277 | -358644662 | 216250776
30a,217308185619757,no-counts | production-floor | raw | shrink,204795277 | 204795277 | 1041678136 | 216250776
30a,217308185619758,no-counts | production-floor | raw | shrink,204795277 | 204795277 | -358644662 | 216250776
30a,217308185619759,no-counts | production-floor | raw | shrink,204795277 | 204795277 | 1041678136 | -16182592
30a,217308185619760,no-counts | production-floor | raw | shrink,204795277 | 204795277 | -358644662 | 216250776
30a,217308185619761,no-counts | production-floor | raw | shrink,204795277 | 204795277 | -358644662 | 216250776
30a,217308185619762,no-counts | production-floor | raw | shrink,204795277 | 204795277 | 1041678136 | 216250776
30a,217308185619763,no-counts | production-floor | raw | shrink,204795277 | 204795277 | 1041678136 | 216250776
30a,217308185619764,no-counts | production-floor | raw | shrink,204795277 | 204795277 | 1041678136 | 216250776
30a,217308185619765,no-counts | production-floor | raw | shrink,204795277 | 204795277 | -358644662 | 216250776
30a,217308185619766,no-counts | production-floor | raw | shrink,204795277 | 204795277 | 1041678136 | 216250776
30a,217308185619767,no-counts | production-floor | raw | shrink,204795277 | 204795277 | -358644662 | 216250776
30a,217308185619768,no-counts | production-floor | raw | shrink,204795277 | 204795277 | 1041678136 | 216250776
30a,217308185619769,no-counts | production-floor | raw | shrink,204795277 | 204795277 | 1041678136 | 216250776
30a,217308185619770,no-counts | production-floor | raw | shrink,204795277 | 204795277 | -358644662 | 216250776
30a,217308185619771,no-counts | production-floor | raw | shrink,204795277 | 204795277 | 1041678136 | 216250776
30a,217308185619772,no-counts | production-floor | raw | shrink,204795277 | 204795277 | 1041678136 | 216250776
30a,217308185619773,no-counts | production-floor | raw | shrink,204795277 | 204795277 | 1041678136 | 216250776
30a,217308185619774,no-counts | production-floor | raw | shrink,204795277 | 204795277 | 1041678136 | 216250776
30a,217308185619775,no-counts | production-floor | raw | shrink,204795277 | 204795277 | 1041678136 | 216250776
30b,217312480587008,no-counts | production-floor | raw | shrink,352978464 | 352978464 | 1910947129 | -1031970200
30b,217312480587009,no-counts | production-floor | raw | shrink,352978464 | 352978464 | 1910947129 | 1910947129
30b,217312480587011,no-counts | production-floor | raw | shrink,352978464 | 352978464 | 1910947129 | -1031970200
30b,217312480587012,no-counts | production-floor | raw | shrink,-117176742 | 781916712 | 2071405293 | 1910947129
30b,217312480587013,no-counts | production-floor | raw | shrink,352978464 | 352978464 | -2021406120 | -1031970200
30b,217312480587014,no-counts | production-floor | raw | shrink,352978464 | 352978464 | 1910947129 | -1031970200
30b,217312480587015,no-counts | production-floor | raw | shrink,352978464 | 352978464 | 1910947129 | 1910947129
30b,217312480587048,no-counts | production-floor | raw | shrink,352978464 | 352978464 | 1910947129 | 1910947129
30b,217312480587049,no-counts | production-floor | raw | shrink,352978464 | 352978464 | 1910947129 | 1910947129
30b,217312480587050,no-counts | production-floor | raw | shrink,352978464 | 352978464 | 1910947129 | -1031970200
30b,217312480587051,no-counts | production-floor | raw | shrink,352978464 | 352978464 | 1910947129 | 1910947129
30b,217312480587052,no-counts | production-floor | raw | shrink,352978464 | 352978464 | 1314685080 | -1031970200
30b,217312480587054,no-counts | production-floor | raw | shrink,352978464 | 352978464 | 1910947129 | -1031970200
30b,217312480587055,no-counts | production-floor | raw | shrink,352978464 | 352978464 | 1910947129 | 1910947129
30b,217312480587056,no-counts | production-floor | raw | shrink,352978464 | 352978464 | 1314685080 | 1910947129
30b,217312480587057,no-counts | production-floor | raw | shrink,352978464 | 352978464 | 1910947129 | -1031970200
30b,217312480587058,no-counts | production-floor | raw | shrink,352978464 | 352978464 | 1910947129 | -1031970200
30b,217312480587059,no-counts | production-floor | raw | shrink,352978464 | 352978464 | 1910947129 | -1031970200
30b,217312480587060,no-counts | production-floor | raw | shrink,352978464 | 352978464 | 1910947129 | -1031970200
30b,217312480587061,no-counts | production-floor | raw | shrink,352978464 | 352978464 | 1910947129 | -1031970200
30b,217312480587062,no-counts | production-floor | raw | shrink,352978464 | 352978464 | 1910947129 | 1910947129
30b,217312480587063,no-counts | production-floor | raw | shrink,352978464 | 352978464 | 1910947129 | 1910947129
30b,217312480587064,no-counts | production-floor | raw | shrink,352978464 | 352978464 | 1910947129 | -1031970200
30b,217312480587065,no-counts | production-floor | raw | shrink,352978464 | 352978464 | 1910947129 | -1031970200
30b,217312480587066,no-counts | production-floor | raw | shrink,-939410790 | -1787531024 | 1402943387 | 1910947129
30b,217312480587067,no-counts | production-floor | raw | shrink,352978464 | 352978464 | 1910947129 | 1910947129
30b,217312480587068,no-counts | production-floor | raw | shrink,352978464 | 352978464 | 1910947129 | -1031970200
30b,217312480587069,no-counts | production-floor | raw | shrink,352978464 | 352978464 | 1910947129 | 1910947129
30b,217312480587070,no-counts | production-floor | raw | shrink,352978464 | 352978464 | 1910947129 | 1910947129
30b,217312480587071,no-counts | production-floor | raw | shrink,352978464 | 352978464 | -2021406120 | -1031970200
30c,217316775554304,no-counts | production-floor | raw | shrink,-1836733028 | -1836733028 | -1451103391 | -804478301
30c,217316775554306,no-counts | production-floor | raw | shrink,-1836733028 | -1836733028 | -1451103391 | -804478301
30c,217316775554307,no-counts | production-floor | raw | shrink,-1836733028 | -1836733028 | -1451103391 | -804478301
30c,217316775554308,no-counts | production-floor | raw | shrink,-1836733028 | -1836733028 | -1451103391 | -804478301
30c,217316775554309,no-counts | production-floor | raw | shrink,-1836733028 | -1836733028 | -1451103391 | -804478301
30c,217316775554310,no-counts | production-floor | raw | shrink,-1836733028 | -1836733028 | -1451103391 | -804478301
30c,217316775554311,no-counts | production-floor | raw | shrink,-1836733028 | -1836733028 | -1451103391 | -804478301
30c,217316775554344,no-counts | production-floor | raw | shrink,-1836733028 | -1836733028 | -1451103391 | -804478301
30c,217316775554345,no-counts | production-floor | raw | shrink,-1836733028 | -1836733028 | -1451103391 | -804478301
30c,217316775554346,no-counts | production-floor | raw | shrink,-1836733028 | -1836733028 | -1451103391 | -804478301
30c,217316775554347,no-counts | production-floor | raw | shrink,-1836733028 | -1836733028 | -1451103391 | -804478301
30c,217316775554348,no-counts | production-floor | raw | shrink,-1836733028 | -1836733028 | -1451103391 | -804478301
30c,217316775554349,no-counts | production-floor | raw | shrink,-1836733028 | -1836733028 | -1451103391 | -804478301
30c,217316775554351,no-counts | production-floor | raw | shrink,-1836733028 | -1836733028 | -1451103391 | -804478301
30c,217316775554352,no-counts | production-floor | raw | shrink,-1836733028 | -1836733028 | -1451103391 | -804478301
30c,217316775554353,no-counts | production-floor | raw | shrink,-1836733028 | -1836733028 | -1451103391 | -804478301
30c,217316775554354,no-counts | production-floor | raw | shrink,-1836733028 | -1836733028 | -1451103391 | -804478301
30c,217316775554355,no-counts | production-floor | raw | shrink,-1836733028 | -1836733028 | -1451103391 | -804478301
30c,217316775554356,no-counts | production-floor | raw | shrink,-1836733028 | -1836733028 | -1451103391 | -804478301
30c,217316775554357,no-counts | production-floor | raw | shrink,-1836733028 | -1836733028 | -1451103391 | -804478301
30c,217316775554358,no-counts | production-floor | raw | shrink,-1836733028 | -1836733028 | -1451103391 | -804478301
30c,217316775554359,no-counts | production-floor | raw | shrink,-1836733028 | -1836733028 | -1451103391 | -804478301
30c,217316775554360,no-counts | production-floor | raw | shrink,-1836733028 | -1836733028 | -1451103391 | -804478301
30c,217316775554361,no-counts | production-floor | raw | shrink,-1836733028 | -1836733028 | -1451103391 | -804478301
30c,217316775554362,no-counts | production-floor | raw | shrink,-450381402 | -450381402 | -146736928 | 1235453522
30c,217316775554363,no-counts | production-floor | raw | shrink,-1836733028 | -1836733028 | -1451103391 | -804478301
30c,217316775554364,no-counts | production-floor | raw | shrink,-1836733028 | -1836733028 | -1451103391 | -804478301
30c,217316775554365,no-counts | production-floor | raw | shrink,-1836733028 | -1836733028 | -1451103391 | -804478301
30c,217316775554366,no-counts | production-floor | raw | shrink,-1836733028 | -1836733028 | -1451103391 | -804478301
30c,217316775554367,no-counts | production-floor | raw | shrink,-1836733028 | -1836733028 | -1451103391 | -804478301
31a,217441329605960,no-counts | production-floor | raw | shrink,-1860427610 | -1860427610 | 2133672151 | 499229554
31a,217441329605961,no-counts | production-floor | raw | shrink,-1860427610 | -1860427610 | 2133672151 | 499229554
31a,217441329605962,no-counts | production-floor | raw | shrink,-1860427610 | -1860427610 | 2133672151 | 499229554
31a,217441329605964,no-counts | production-floor | raw | shrink,-1860427610 | -1860427610 | 2133672151 | 499229554
31a,217441329605965,no-counts | production-floor | raw | shrink,-1860427610 | -1860427610 | 2133672151 | 499229554
31a,217441329605966,no-counts | production-floor | raw | shrink,-1860427610 | -1860427610 | 2133672151 | 499229554
31a,217441329605967,no-counts | production-floor | raw | shrink,-1860427610 | -1860427610 | 2133672151 | 499229554
31a,217441329605968,no-counts | production-floor | raw | shrink,-1860427610 | -1860427610 | 2133672151 | 499229554
31a,217441329605969,no-counts | production-floor | raw | shrink,-1860427610 | -1860427610 | 2133672151 | 499229554
31a,217441329605970,no-counts | production-floor | raw | shrink,-1860427610 | -1860427610 | 2133672151 | 499229554
31a,217441329605971,no-counts | production-floor | raw | shrink,-1860427610 | -1860427610 | 2133672151 | 499229554
31a,217441329605972,no-counts | production-floor | raw | shrink,-1860427610 | -1860427610 | 2133672151 | 499229554
31a,217441329605973,no-counts | production-floor | raw | shrink,-1860427610 | -1860427610 | 2133672151 | 499229554
31a,217441329605974,no-counts | production-floor | raw | shrink,-1860427610 | -1860427610 | 2133672151 | 499229554
31a,217441329605975,no-counts | production-floor | raw | shrink,-1860427610 | -1860427610 | 2133672151 | 499229554
31a,217441329605976,no-counts | production-floor | raw | shrink,-1860427610 | -1860427610 | 2133672151 | 499229554
31a,217441329605977,no-counts | production-floor | raw | shrink,-1860427610 | -1860427610 | 2133672151 | 499229554
31a,217441329605978,no-counts | production-floor | raw | shrink,-1860427610 | -1860427610 | 2133672151 | 499229554
31a,217441329605979,no-counts | production-floor | raw | shrink,-1860427610 | -1860427610 | 2133672151 | 499229554
31a,217441329605980,no-counts | production-floor | raw | shrink,-1860427610 | -1860427610 | 2133672151 | 499229554
31a,217441329605981,no-counts | production-floor | raw | shrink,-1860427610 | -1860427610 | 499229554 | 499229554
31a,217441329605982,no-counts | production-floor | raw | shrink,-1860427610 | -1860427610 | 2133672151 | 499229554
31a,217441329605983,no-counts | production-floor | raw | shrink,-1860427610 | -1860427610 | 2133672151 | 499229554
31a,217441329605984,no-counts | production-floor | raw | shrink,-1860427610 | -1860427610 | 2133672151 | 499229554
31a,217441329605985,no-counts | production-floor | raw | shrink,-1860427610 | -1860427610 | 2133672151 | 499229554
31a,217441329605986,no-counts | production-floor | raw | shrink,-1860427610 | -1860427610 | 2133672151 | 499229554
31a,217441329605987,no-counts | production-floor | raw | shrink,-1860427610 | -1860427610 | 499229554 | 499229554
31a,217441329605989,no-counts | production-floor | raw | shrink,-1860427610 | -1860427610 | -1553513961 | 499229554
31a,217441329605990,no-counts | production-floor | raw | shrink,-1860427610 | -1860427610 | 499229554 | 499229554
31a,217441329605991,no-counts | production-floor | raw | shrink,-1860427610 | -1860427610 | 2133672151 | 499229554
31b,217445624573256,no-counts | production-floor | raw | shrink,1092791141 | 1092791141 | -744571733 | -536655723
31b,217445624573257,no-counts | production-floor | raw | shrink,1092791141 | 1092791141 | -744571733 | -744571733
31b,217445624573258,no-counts | production-floor | raw | shrink,1092791141 | 1092791141 | -744571733 | -536655723
31b,217445624573259,no-counts | production-floor | raw | shrink,1092791141 | 1092791141 | -744571733 | -1529700024
31b,217445624573261,no-counts | production-floor | raw | shrink,1092791141 | 1092791141 | -744571733 | -536655723
31b,217445624573262,no-counts | production-floor | raw | shrink,1092791141 | 1092791141 | -744571733 | -536655723
31b,217445624573263,no-counts | production-floor | raw | shrink,1092791141 | 1092791141 | -744571733 | -536655723
31b,217445624573264,no-counts | production-floor | raw | shrink,1092791141 | 1092791141 | -744571733 | -744571733
31b,217445624573265,no-counts | production-floor | raw | shrink,1092791141 | 1092791141 | -994589333 | -536655723
31b,217445624573266,no-counts | production-floor | raw | shrink,1092791141 | 1092791141 | -744571733 | -744571733
31b,217445624573267,no-counts | production-floor | raw | shrink,1092791141 | 1092791141 | -606410725 | -744571733
31b,217445624573268,no-counts | production-floor | raw | shrink,1092791141 | 1092791141 | -744571733 | -1529700024
31b,217445624573269,no-counts | production-floor | raw | shrink,1092791141 | 1092791141 | -80865066 | -744571733
31b,217445624573270,no-counts | production-floor | raw | shrink,1092791141 | 1092791141 | -744571733 | -536655723
31b,217445624573271,no-counts | production-floor | raw | shrink,1092791141 | 1092791141 | -744571733 | -744571733
31b,217445624573272,no-counts | production-floor | raw | shrink,1092791141 | 1092791141 | 1691909910 | -744571733
31b,217445624573273,no-counts | production-floor | raw | shrink,1092791141 | 1092791141 | -1700081200 | -536655723
31b,217445624573274,no-counts | production-floor | raw | shrink,1092791141 | 1092791141 | -744571733 | -536655723
31b,217445624573275,no-counts | production-floor | raw | shrink,1092791141 | 1092791141 | -994589333 | -536655723
31b,217445624573276,no-counts | production-floor | raw | shrink,1092791141 | 1092791141 | -744571733 | -536655723
31b,217445624573277,no-counts | production-floor | raw | shrink,1092791141 | 1092791141 | 1691909910 | -536655723
31b,217445624573278,no-counts | production-floor | raw | shrink,1092791141 | 1092791141 | -744571733 | -536655723
31b,217445624573279,no-counts | production-floor | raw | shrink,1092791141 | 1092791141 | 1691909910 | -536655723
31b,217445624573280,no-counts | production-floor | raw | shrink,1092791141 | 1092791141 | -744571733 | -536655723
31b,217445624573281,no-counts | production-floor | raw | shrink,1092791141 | 1092791141 | -744571733 | -536655723
31b,217445624573282,no-counts | production-floor | raw | shrink,1092791141 | 1092791141 | -744571733 | -744571733
31b,217445624573284,no-counts | production-floor | raw | shrink,1092791141 | 1092791141 | -744571733 | -536655723
31b,217445624573285,no-counts | production-floor | raw | shrink,1092791141 | 1092791141 | -744571733 | -744571733
31b,217445624573286,no-counts | production-floor | raw | shrink,1092791141 | 1092791141 | -744571733 | -536655723
31b,217445624573287,no-counts | production-floor | raw | shrink,1092791141 | 1092791141 | -80865066 | -744571733
31c,217449919540552,no-counts | production-floor | raw | shrink,-782957122 | 415261907 | -105956113 | 1346825370
31c,217449919540553,no-counts | production-floor | raw | shrink,-782957122 | 415261907 | -105956113 | 1346825370
31c,217449919540554,no-counts | production-floor | raw | shrink,-782957122 | 415261907 | -105956113 | 1346825370
31c,217449919540555,no-counts | production-floor | raw | shrink,-782957122 | 415261907 | -105956113 | 1346825370
31c,217449919540556,no-counts | production-floor | raw | shrink,-782957122 | 415261907 | -105956113 | 1346825370
31c,217449919540558,no-counts | production-floor | raw | shrink,-782957122 | 415261907 | -105956113 | 1346825370
31c,217449919540559,no-counts | production-floor | raw | shrink,-782957122 | 415261907 | -105956113 | 1346825370
31c,217449919540560,no-counts | production-floor | raw | shrink,-782957122 | 415261907 | -105956113 | 1346825370
31c,217449919540561,no-counts | production-floor | raw | shrink,-782957122 | 415261907 | -105956113 | 1346825370
31c,217449919540562,no-counts | production-floor | raw | shrink,-782957122 | -1509995387 | 61147595 | 1346825370
31c,217449919540563,no-counts | production-floor | raw | shrink,-782957122 | 415261907 | -105956113 | 1346825370
31c,217449919540564,no-counts | production-floor | raw | shrink,-782957122 | 415261907 | -105956113 | 1346825370
31c,217449919540565,no-counts | production-floor | raw | shrink,-782957122 | 415261907 | -105956113 | 1346825370
31c,217449919540566,no-counts | production-floor | raw | shrink,-782957122 | 415261907 | -105956113 | 1346825370
31c,217449919540567,no-counts | production-floor | raw | shrink,-782957122 | 415261907 | -105956113 | 1346825370
31c,217449919540568,no-counts | production-floor | raw | shrink,-782957122 | 415261907 | -105956113 | 1346825370
31c,217449919540569,no-counts | production-floor | raw | shrink,-782957122 | 415261907 | -105956113 | 1346825370
31c,217449919540570,no-counts | production-floor | raw | shrink,-782957122 | 415261907 | -105956113 | 1346825370
31c,217449919540571,no-counts | production-floor | raw | shrink,-782957122 | 415261907 | 221971867 | 1346825370
31c,217449919540572,no-counts | production-floor | raw | shrink,-782957122 | 415261907 | -105956113 | 1346825370
31c,217449919540573,no-counts | production-floor | raw | shrink,-782957122 | 415261907 | -105956113 | 1346825370
31c,217449919540574,no-counts | production-floor | raw | shrink,-782957122 | 415261907 | -105956113 | 1346825370
31c,217449919540575,no-counts | production-floor | raw | shrink,-782957122 | 415261907 | -105956113 | 1346825370
31c,217449919540576,no-counts | production-floor | raw | shrink,-782957122 | 415261907 | -105956113 | 1346825370
31c,217449919540577,no-counts | production-floor | raw | shrink,-782957122 | 415261907 | -105956113 | 1346825370
31c,217449919540579,no-counts | production-floor | raw | shrink,-782957122 | 415261907 | -105956113 | 1346825370
31c,217449919540580,no-counts | production-floor | raw | shrink,-782957122 | 415261907 | -105956113 | 1346825370
31c,217449919540581,no-counts | production-floor | raw | shrink,-782957122 | 415261907 | 221971867 | 1346825370
31c,217449919540582,no-counts | production-floor | raw | shrink,-782957122 | 415261907 | -105956113 | 1346825370
31c,217449919540583,no-counts | production-floor | raw | shrink,-782957122 | 415261907 | -105956113 | 1346825370
32a,217574473592128,no-counts | production-floor | raw | shrink,1765267761 | 1765267761 | 957982218 | 1765267761
32a,217574473592129,no-counts | production-floor | raw | shrink,1765267761 | 1765267761 | 957982218 | -1917286155
32a,217574473592130,no-counts | production-floor | raw | shrink,1765267761 | 1765267761 | 957982218 | 1765267761
32a,217574473592131,no-counts | production-floor | raw | shrink,1765267761 | 1765267761 | 957982218 | -1917286155
32a,217574473592132,no-counts | production-floor | raw | shrink,1765267761 | 1765267761 | 957982218 | 1765267761
32a,217574473592134,no-counts | production-floor | raw | shrink,1765267761 | 1765267761 | 957982218 | -1917286155
32a,217574473592135,no-counts | production-floor | raw | shrink,1765267761 | 1765267761 | 957982218 | -1917286155
32a,217574473592168,no-counts | production-floor | raw | shrink,1765267761 | 1765267761 | 957982218 | -1917286155
32a,217574473592169,no-counts | production-floor | raw | shrink,1765267761 | 1765267761 | 1765267761 | -1917286155
32a,217574473592171,no-counts | production-floor | raw | shrink,1765267761 | 1765267761 | 957982218 | 1765267761
32a,217574473592173,no-counts | production-floor | raw | shrink,1765267761 | 1765267761 | 957982218 | -1917286155
32a,217574473592174,no-counts | production-floor | raw | shrink,1765267761 | 1765267761 | 957982218 | -1917286155
32a,217574473592175,no-counts | production-floor | raw | shrink,1765267761 | 1765267761 | 957982218 | -1917286155
32a,217574473592176,no-counts | production-floor | raw | shrink,1765267761 | 1765267761 | 957982218 | -1917286155
32a,217574473592177,no-counts | production-floor | raw | shrink,1765267761 | 1765267761 | 1765267761 | -1917286155
32a,217574473592178,no-counts | production-floor | raw | shrink,1765267761 | 1765267761 | 957982218 | -1917286155
32a,217574473592179,no-counts | production-floor | raw | shrink,1765267761 | 1765267761 | 957982218 | -1917286155
32a,217574473592180,no-counts | production-floor | raw | shrink,1765267761 | 1765267761 | 1765267761 | -1917286155
32a,217574473592181,no-counts | production-floor | raw | shrink,1765267761 | 1765267761 | 957982218 | -1917286155
32a,217574473592182,no-counts | production-floor | raw | shrink,1765267761 | 1765267761 | 957982218 | 1765267761
32a,217574473592183,no-counts | production-floor | raw | shrink,1765267761 | 1765267761 | 957982218 | -1917286155
32a,217574473592184,no-counts | production-floor | raw | shrink,1765267761 | 1765267761 | 957982218 | -1917286155
32a,217574473592185,no-counts | production-floor | raw | shrink,1765267761 | 1765267761 | 957982218 | -1917286155
32a,217574473592186,no-counts | production-floor | raw | shrink,1765267761 | 1765267761 | 957982218 | 1765267761
32a,217574473592187,no-counts | production-floor | raw | shrink,1765267761 | 1765267761 | 957982218 | -1917286155
32a,217574473592189,no-counts | production-floor | raw | shrink,1765267761 | 1765267761 | 957982218 | -1917286155
32a,217574473592190,no-counts | production-floor | raw | shrink,1765267761 | 1765267761 | 957982218 | 1765267761
32b,217578768559424,no-counts | production-floor | raw | shrink,-239234728 | -239234728 | 1520237401 | -888812919
32b,217578768559425,no-counts | production-floor | raw | shrink,-239234728 | -239234728 | 1520237401 | -888812919
32b,217578768559426,no-counts | production-floor | raw | shrink,-239234728 | -239234728 | 1520237401 | 1520237401
32b,217578768559427,no-counts | production-floor | raw | shrink,-239234728 | -239234728 | 1520237401 | 1520237401
32b,217578768559429,no-counts | production-floor | raw | shrink,-239234728 | -239234728 | 1520237401 | 1520237401
32b,217578768559430,no-counts | production-floor | raw | shrink,-239234728 | -239234728 | 1520237401 | -888812919
32b,217578768559431,no-counts | production-floor | raw | shrink,-239234728 | -239234728 | 1520237401 | 1520237401
32b,217578768559464,no-counts | production-floor | raw | shrink,-239234728 | -239234728 | 1520237401 | 1520237401
32b,217578768559465,no-counts | production-floor | raw | shrink,-239234728 | -239234728 | 1520237401 | -888812919
32b,217578768559466,no-counts | production-floor | raw | shrink,-239234728 | -239234728 | 1520237401 | -888812919
32b,217578768559468,no-counts | production-floor | raw | shrink,-239234728 | -239234728 | 1520237401 | 1520237401
32b,217578768559469,no-counts | production-floor | raw | shrink,-239234728 | -239234728 | 1520237401 | 1520237401
32b,217578768559470,no-counts | production-floor | raw | shrink,-239234728 | -239234728 | 1520237401 | -888812919
32b,217578768559471,no-counts | production-floor | raw | shrink,-239234728 | -239234728 | 1520237401 | 1520237401
32b,217578768559472,no-counts | production-floor | raw | shrink,-239234728 | -239234728 | 1520237401 | -888812919
32b,217578768559473,no-counts | production-floor | raw | shrink,-239234728 | -239234728 | 1520237401 | 1520237401
32b,217578768559474,no-counts | production-floor | raw | shrink,-239234728 | -239234728 | 1520237401 | -888812919
32b,217578768559475,no-counts | production-floor | raw | shrink,-239234728 | -239234728 | 1520237401 | 1520237401
32b,217578768559476,no-counts | production-floor | raw | shrink,-239234728 | -239234728 | 1520237401 | 1520237401
32b,217578768559477,no-counts | production-floor | raw | shrink,-239234728 | -239234728 | 1520237401 | 1520237401
32b,217578768559478,no-counts | production-floor | raw | shrink,-239234728 | -239234728 | 1520237401 | 1520237401
32b,217578768559479,no-counts | production-floor | raw | shrink,-239234728 | -239234728 | 1520237401 | 1520237401
32b,217578768559480,no-counts | production-floor | raw | shrink,-239234728 | -239234728 | 1520237401 | -888812919
32b,217578768559481,no-counts | production-floor | raw | shrink,-239234728 | -239234728 | 1520237401 | 1013953437
32b,217578768559482,no-counts | production-floor | raw | shrink,-239234728 | -239234728 | 1520237401 | 1013953437
32b,217578768559483,no-counts | production-floor | raw | shrink,-239234728 | -239234728 | 1520237401 | 1520237401
32b,217578768559484,no-counts | production-floor | raw | shrink,-239234728 | -239234728 | 1520237401 | 1520237401
32b,217578768559485,no-counts | production-floor | raw | shrink,-239234728 | -239234728 | 1520237401 | -888812919
32b,217578768559486,no-counts | production-floor | raw | shrink,-239234728 | -239234728 | 1520237401 | -888812919
32b,217578768559487,no-counts | production-floor | raw | shrink,-239234728 | -239234728 | 1520237401 | -888812919
33a,217707617578632,no-counts | production-floor | raw | shrink,14380942 | 14380942 | -2124008857 | 1253926702
33a,217707617578634,no-counts | production-floor | raw | shrink,14380942 | 14380942 | -2124008857 | 1253926702
33a,217707617578635,no-counts | production-floor | raw | shrink,14380942 | 14380942 | -2124008857 | 1253926702
33a,217707617578636,no-counts | production-floor | raw | shrink,14380942 | 14380942 | -2124008857 | 1253926702
33a,217707617578637,no-counts | production-floor | raw | shrink,14380942 | 14380942 | -2124008857 | 1253926702
33a,217707617578638,no-counts | production-floor | raw | shrink,14380942 | 14380942 | -2124008857 | 1253926702
33a,217707617578639,no-counts | production-floor | raw | shrink,14380942 | 14380942 | -2124008857 | 1253926702
33a,217707617578640,no-counts | production-floor | raw | shrink,14380942 | 14380942 | -2124008857 | 1253926702
33a,217707617578641,no-counts | production-floor | raw | shrink,14380942 | 14380942 | -2124008857 | 1253926702
33a,217707617578642,no-counts | production-floor | raw | shrink,14380942 | 14380942 | -2124008857 | 1253926702
33a,217707617578643,no-counts | production-floor | raw | shrink,14380942 | 14380942 | -2124008857 | 1253926702
33a,217707617578644,no-counts | production-floor | raw | shrink,14380942 | 14380942 | -2124008857 | 1253926702
33a,217707617578645,no-counts | production-floor | raw | shrink,14380942 | 14380942 | -2124008857 | 1253926702
33a,217707617578646,no-counts | production-floor | raw | shrink,14380942 | 14380942 | -2124008857 | 1253926702
33a,217707617578647,no-counts | production-floor | raw | shrink,14380942 | 14380942 | -2124008857 | 1253926702
33a,217707617578648,no-counts | production-floor | raw | shrink,14380942 | 14380942 | -2124008857 | 1253926702
33a,217707617578649,no-counts | production-floor | raw | shrink,14380942 | 14380942 | -2124008857 | 1253926702
33a,217707617578650,no-counts | production-floor | raw | shrink,14380942 | 14380942 | -2124008857 | 1253926702
33a,217707617578651,no-counts | production-floor | raw | shrink,14380942 | 14380942 | -2124008857 | 1253926702
33a,217707617578652,no-counts | production-floor | raw | shrink,14380942 | 14380942 | -2124008857 | 1253926702
33a,217707617578653,no-counts | production-floor | raw | shrink,14380942 | 14380942 | -2124008857 | 1253926702
33a,217707617578654,no-counts | production-floor | raw | shrink,14380942 | 14380942 | -2124008857 | 1253926702
33a,217707617578655,no-counts | production-floor | raw | shrink,14380942 | 14380942 | -2124008857 | 1253926702
33a,217707617578656,no-counts | production-floor | raw | shrink,14380942 | 14380942 | -2124008857 | 1253926702
33a,217707617578657,no-counts | production-floor | raw | shrink,14380942 | 14380942 | -2124008857 | 1253926702
33a,217707617578658,no-counts | production-floor | raw | shrink,14380942 | 14380942 | -2124008857 | 1253926702
33a,217707617578659,no-counts | production-floor | raw | shrink,14380942 | 14380942 | -2124008857 | 1253926702
33a,217707617578660,no-counts | production-floor | raw | shrink,14380942 | 14380942 | -2124008857 | 1253926702
33a,217707617578661,no-counts | production-floor | raw | shrink,14380942 | 14380942 | -2124008857 | 1253926702
33a,217707617578663,no-counts | production-floor | raw | shrink,14380942 | 14380942 | -2124008857 | 1253926702
33b,217711912545928,no-counts | production-floor | raw | shrink,-1215026023 | -1215026023 | 1896864069 | -1992524807
33b,217711912545929,no-counts | production-floor | raw | shrink,-1215026023 | -1215026023 | 1896864069 | -1992524807
33b,217711912545931,no-counts | production-floor | raw | shrink,-1215026023 | -1215026023 | 1896864069 | -1992524807
33b,217711912545932,no-counts | production-floor | raw | shrink,-1215026023 | -1215026023 | 1896864069 | -1992524807
33b,217711912545933,no-counts | production-floor | raw | shrink,-1215026023 | -1215026023 | 1896864069 | -1992524807
33b,217711912545934,no-counts | production-floor | raw | shrink,-1215026023 | -1215026023 | 1896864069 | -1992524807
33b,217711912545935,no-counts | production-floor | raw | shrink,-1215026023 | -1215026023 | 1896864069 | -1992524807
33b,217711912545936,no-counts | production-floor | raw | shrink,-1215026023 | -1215026023 | 1896864069 | -1992524807
33b,217711912545937,no-counts | production-floor | raw | shrink,-1215026023 | -1215026023 | 1896864069 | -1992524807
33b,217711912545938,no-counts | production-floor | raw | shrink,-1215026023 | -1215026023 | 1896864069 | -1992524807
33b,217711912545939,no-counts | production-floor | raw | shrink,-1215026023 | -1215026023 | 1896864069 | -1992524807
33b,217711912545940,no-counts | production-floor | raw | shrink,-1215026023 | -1215026023 | 1896864069 | -1989803960
33b,217711912545941,no-counts | production-floor | raw | shrink,-1215026023 | -1215026023 | 1896864069 | -1992524807
33b,217711912545942,no-counts | production-floor | raw | shrink,-1215026023 | -1215026023 | 1896864069 | -1992524807
33b,217711912545943,no-counts | production-floor | raw | shrink,-1215026023 | -1215026023 | 1896864069 | -1992524807
33b,217711912545944,no-counts | production-floor | raw | shrink,-1215026023 | -1215026023 | 1896864069 | -1992524807
33b,217711912545945,no-counts | production-floor | raw | shrink,-1215026023 | -1215026023 | 1896864069 | -1992524807
33b,217711912545946,no-counts | production-floor | raw | shrink,-1215026023 | -1215026023 | 1896864069 | -1992524807
33b,217711912545947,no-counts | production-floor | raw | shrink,-1215026023 | -1215026023 | 1896864069 | -1992524807
33b,217711912545948,no-counts | production-floor | raw | shrink,-1215026023 | -1215026023 | 1896864069 | -1992524807
33b,217711912545949,no-counts | production-floor | raw | shrink,-1215026023 | -1215026023 | 1896864069 | -1992524807
33b,217711912545950,no-counts | production-floor | raw | shrink,-1215026023 | -1215026023 | -397240962 | -1992524807
33b,217711912545951,no-counts | production-floor | raw | shrink,-1215026023 | -1215026023 | 1896864069 | -1992524807
33b,217711912545952,no-counts | production-floor | raw | shrink,-1215026023 | -1215026023 | 1896864069 | -1992524807
33b,217711912545953,no-counts | production-floor | raw | shrink,-1215026023 | -1215026023 | 1896864069 | -1992524807
33b,217711912545954,no-counts | production-floor | raw | shrink,-1215026023 | -1215026023 | 1896864069 | -1992524807
33b,217711912545955,no-counts | production-floor | raw | shrink,-1215026023 | -1215026023 | 1896864069 | -1992524807
33b,217711912545956,no-counts | production-floor | raw | shrink,-1215026023 | -1215026023 | 1896864069 | -1992524807
33b,217711912545958,no-counts | production-floor | raw | shrink,-1215026023 | -1215026023 | 1896864069 | -1992524807
33b,217711912545959,no-counts | production-floor | raw | shrink,-1215026023 | -1215026023 | 1896864069 | -1992524807
33c,217716207513224,no-counts | production-floor | raw | shrink,1026233334 | 1026233334 | 1219193502 | -1005256317
33c,217716207513225,no-counts | production-floor | raw | shrink,1026233334 | 1026233334 | 1219193502 | 1177143949
33c,217716207513226,no-counts | production-floor | raw | shrink,1026233334 | 1026233334 | 1219193502 | -1005256317
33c,217716207513228,no-counts | production-floor | raw | shrink,1026233334 | 1026233334 | 1219193502 | -1005256317
33c,217716207513229,no-counts | production-floor | raw | shrink,1026233334 | 1026233334 | 1219193502 | 1177143949
33c,217716207513230,no-counts | production-floor | raw | shrink,1026233334 | 1026233334 | 1219193502 | 1177143949
33c,217716207513231,no-counts | production-floor | raw | shrink,1026233334 | 1026233334 | 1219193502 | -1005256317
33c,217716207513232,no-counts | production-floor | raw | shrink,1026233334 | 1026233334 | 1219193502 | 1177143949
33c,217716207513233,no-counts | production-floor | raw | shrink,1026233334 | 1026233334 | 1219193502 | -254114502
33c,217716207513234,no-counts | production-floor | raw | shrink,1026233334 | 1026233334 | 1219193502 | -1005256317
33c,217716207513235,no-counts | production-floor | raw | shrink,1026233334 | 1026233334 | 1219193502 | -1005256317
33c,217716207513236,no-counts | production-floor | raw | shrink,1026233334 | 1026233334 | 1219193502 | -1005256317
33c,217716207513237,no-counts | production-floor | raw | shrink,1026233334 | 1026233334 | 1219193502 | 1177143949
33c,217716207513238,no-counts | production-floor | raw | shrink,1026233334 | 1026233334 | 1219193502 | -1005256317
33c,217716207513239,no-counts | production-floor | raw | shrink,1026233334 | 1026233334 | 1219193502 | 1177143949
33c,217716207513240,no-counts | production-floor | raw | shrink,1026233334 | 1026233334 | 1219193502 | 1177143949
33c,217716207513241,no-counts | production-floor | raw | shrink,1026233334 | 1026233334 | 1219193502 | -1005256317
33c,217716207513242,no-counts | production-floor | raw | shrink,1026233334 | 1026233334 | 1219193502 | -1005256317
33c,217716207513243,no-counts | production-floor | raw | shrink,1026233334 | 1026233334 | 1219193502 | 1177143949
33c,217716207513244,no-counts | production-floor | raw | shrink,1026233334 | 1026233334 | 1219193502 | -1005256317
33c,217716207513245,no-counts | production-floor | raw | shrink,1026233334 | 1026233334 | 1219193502 | -1005256317
33c,217716207513246,no-counts | production-floor | raw | shrink,1026233334 | 1026233334 | 1219193502 | -1005256317
33c,217716207513247,no-counts | production-floor | raw | shrink,1026233334 | 1026233334 | 1219193502 | 1177143949
33c,217716207513248,no-counts | production-floor | raw | shrink,1026233334 | 1026233334 | 1219193502 | -254114502
33c,217716207513249,no-counts | production-floor | raw | shrink,1026233334 | 1026233334 | 1219193502 | 1177143949
33c,217716207513250,no-counts | production-floor | raw | shrink,1026233334 | 1026233334 | 1219193502 | -1005256317
33c,217716207513251,no-counts | production-floor | raw | shrink,1026233334 | 1026233334 | 1219193502 | -1005256317
33c,217716207513253,no-counts | production-floor | raw | shrink,1026233334 | 1026233334 | 1219193502 | -1005256317
33c,217716207513254,no-counts | production-floor | raw | shrink,1026233334 | 1026233334 | 1219193502 | -1005256317
33c,217716207513255,no-counts | production-floor | raw | shrink,1026233334 | 1026233334 | 1219193502 | -1005256317
3a,7206975385088,no-counts | production-floor | raw | shrink,-1433445131 | -1613518825 | -1613518825 | -1613518825
3a,7206975385089,no-counts | production-floor | raw | shrink,-1433445131 | -1613518825 | -1613518825 | -1613518825
3a,7206975385090,no-counts | production-floor | raw | shrink,-1433445131 | -1613518825 | -1613518825 | -1613518825
3a,7206975385091,no-counts | production-floor | raw | shrink,-1433445131 | -1613518825 | -1613518825 | -1613518825
3a,7206975385092,no-counts | production-floor | raw | shrink,-1433445131 | -1613518825 | -1613518825 | -1613518825
3a,7206975385093,no-counts | production-floor | raw | shrink,-1433445131 | -1613518825 | -1613518825 | -1613518825
3a,7206975385095,no-counts | production-floor | raw | shrink,-1433445131 | -1613518825 | -1613518825 | -1613518825
3a,7206975385104,no-counts | production-floor | raw | shrink,-1433445131 | -1613518825 | -1613518825 | -1613518825
3a,7206975385105,no-counts | production-floor | raw | shrink,-1433445131 | -1613518825 | -1613518825 | -1613518825
3a,7206975385106,no-counts | production-floor | raw | shrink,-1433445131 | -1613518825 | -1613518825 | -1613518825
3a,7206975385107,no-counts | production-floor | raw | shrink,-1433445131 | -1613518825 | -1613518825 | -1613518825
3a,7206975385108,no-counts | production-floor | raw | shrink,-1433445131 | -1613518825 | -1613518825 | -1613518825
3a,7206975385109,no-counts | production-floor | raw | shrink,-1433445131 | -1613518825 | -1613518825 | -1613518825
3a,7206975385110,no-counts | production-floor | raw | shrink,-1433445131 | -1613518825 | -1613518825 | -1613518825
3a,7206975385111,no-counts | production-floor | raw | shrink,-1433445131 | -1613518825 | -1613518825 | -1613518825
3a,7206975385112,no-counts | production-floor | raw | shrink,-1433445131 | -1613518825 | -1613518825 | -1613518825
3a,7206975385113,no-counts | production-floor | raw | shrink,-1433445131 | -1613518825 | -1613518825 | -1613518825
3a,7206975385114,no-counts | production-floor | raw | shrink,-1433445131 | -1613518825 | -1613518825 | -1613518825
3a,7206975385115,no-counts | production-floor | raw | shrink,-1433445131 | -1613518825 | -1613518825 | -1613518825
3a,7206975385116,no-counts | production-floor | raw | shrink,-1433445131 | -1613518825 | -1613518825 | -1613518825
3a,7206975385117,no-counts | production-floor | raw | shrink,-1433445131 | -1613518825 | -1613518825 | -1613518825
3a,7206975385118,no-counts | production-floor | raw | shrink,-1433445131 | -1613518825 | -1613518825 | -1613518825
3a,7206975385119,no-counts | production-floor | raw | shrink,-1433445131 | -1613518825 | -1613518825 | -1613518825
3a,7206975385128,no-counts | production-floor | raw | shrink,-1433445131 | -1613518825 | -1613518825 | -1613518825
3a,7206975385130,no-counts | production-floor | raw | shrink,-1433445131 | -1613518825 | -1613518825 | -1613518825
3a,7206975385131,no-counts | production-floor | raw | shrink,-1433445131 | -1613518825 | -1613518825 | -1613518825
3a,7206975385132,no-counts | production-floor | raw | shrink,-1433445131 | -1613518825 | -1613518825 | -1613518825
3a,7206975385133,no-counts | production-floor | raw | shrink,-1433445131 | -1613518825 | -1613518825 | -1613518825
3a,7206975385134,no-counts | production-floor | raw | shrink,-1433445131 | -1613518825 | -1613518825 | -1613518825
3a,7206975385135,no-counts | production-floor | raw | shrink,-1433445131 | -1613518825 | -1613518825 | -1613518825
3b,7211270352384,no-counts | production-floor | raw | shrink,-1433445131 | 129508754 | 129508754 | 129508754
3b,7211270352385,no-counts | production-floor | raw | shrink,-1433445131 | 129508754 | 129508754 | 129508754
3b,7211270352386,no-counts | production-floor | raw | shrink,-1433445131 | 129508754 | 129508754 | 129508754
3b,7211270352387,no-counts | production-floor | raw | shrink,-1433445131 | 129508754 | 129508754 | 113844438
3b,7211270352388,no-counts | production-floor | raw | shrink,-1433445131 | 129508754 | 129508754 | 129508754
3b,7211270352389,no-counts | production-floor | raw | shrink,-1433445131 | 129508754 | 129508754 | 113844438
3b,7211270352390,no-counts | production-floor | raw | shrink,-1433445131 | 129508754 | 129508754 | 113844438
3b,7211270352400,no-counts | production-floor | raw | shrink,-1433445131 | 129508754 | 129508754 | 129508754
3b,7211270352401,no-counts | production-floor | raw | shrink,-1433445131 | 129508754 | 129508754 | 129508754
3b,7211270352402,no-counts | production-floor | raw | shrink,-1433445131 | 129508754 | 129508754 | 113844438
3b,7211270352403,no-counts | production-floor | raw | shrink,-1433445131 | 129508754 | 129508754 | 113844438
3b,7211270352404,no-counts | production-floor | raw | shrink,-1433445131 | 129508754 | 129508754 | 113844438
3b,7211270352405,no-counts | production-floor | raw | shrink,-1433445131 | 129508754 | 129508754 | 113844438
3b,7211270352406,no-counts | production-floor | raw | shrink,-1433445131 | 129508754 | 129508754 | 129508754
3b,7211270352407,no-counts | production-floor | raw | shrink,-1433445131 | 129508754 | 129508754 | 129508754
3b,7211270352408,no-counts | production-floor | raw | shrink,-1433445131 | 129508754 | 129508754 | 113844438
3b,7211270352409,no-counts | production-floor | raw | shrink,-1433445131 | 129508754 | 129508754 | 113844438
3b,7211270352410,no-counts | production-floor | raw | shrink,-1433445131 | 129508754 | 129508754 | 113844438
3b,7211270352411,no-counts | production-floor | raw | shrink,-1433445131 | 129508754 | 129508754 | 129508754
3b,7211270352412,no-counts | production-floor | raw | shrink,-1433445131 | 129508754 | 129508754 | 129508754
3b,7211270352413,no-counts | production-floor | raw | shrink,-1433445131 | 129508754 | 129508754 | 129508754
3b,7211270352414,no-counts | production-floor | raw | shrink,-1433445131 | 129508754 | 129508754 | 113844438
3b,7211270352415,no-counts | production-floor | raw | shrink,-1433445131 | 129508754 | 129508754 | 129508754
3b,7211270352425,no-counts | production-floor | raw | shrink,-1433445131 | 129508754 | 129508754 | 129508754
3b,7211270352426,no-counts | production-floor | raw | shrink,-1433445131 | 129508754 | 129508754 | 129508754
3b,7211270352427,no-counts | production-floor | raw | shrink,-1433445131 | 129508754 | 129508754 | 129508754
3b,7211270352428,no-counts | production-floor | raw | shrink,-1433445131 | 129508754 | 129508754 | 113844438
3b,7211270352429,no-counts | production-floor | raw | shrink,-1433445131 | 129508754 | 129508754 | 129508754
3b,7211270352430,no-counts | production-floor | raw | shrink,-1433445131 | 129508754 | 129508754 | 113844438
3b,7211270352431,no-counts | production-floor | raw | shrink,-1433445131 | 129508754 | 129508754 | 129508754
3c,7215565319680,no-counts | production-floor | raw | shrink,-1433445131 | -1572305105 | -1572305105 | -1572305105
3c,7215565319681,no-counts | production-floor | raw | shrink,-1433445131 | -1572305105 | -1572305105 | -1572305105
3c,7215565319682,no-counts | production-floor | raw | shrink,-1433445131 | -1572305105 | -1572305105 | -1572305105
3c,7215565319683,no-counts | production-floor | raw | shrink,-1433445131 | -1572305105 | -1572305105 | -1572305105
3c,7215565319684,no-counts | production-floor | raw | shrink,-1433445131 | -1572305105 | -1572305105 | -1572305105
3c,7215565319685,no-counts | production-floor | raw | shrink,-1433445131 | -1572305105 | -1572305105 | -1572305105
3c,7215565319686,no-counts | production-floor | raw | shrink,-1433445131 | -1572305105 | -1572305105 | -1572305105
3c,7215565319687,no-counts | production-floor | raw | shrink,-1433445131 | -1572305105 | -1572305105 | -1572305105
3c,7215565319688,no-counts | production-floor | raw | shrink,-1433445131 | -1572305105 | -1572305105 | -1572305105
3c,7215565319689,no-counts | production-floor | raw | shrink,-1433445131 | -1572305105 | -1572305105 | -1572305105
3c,7215565319690,no-counts | production-floor | raw | shrink,-1433445131 | -1572305105 | -1572305105 | -1572305105
3c,7215565319691,no-counts | production-floor | raw | shrink,-1433445131 | -1572305105 | -1572305105 | -1572305105
3c,7215565319692,no-counts | production-floor | raw | shrink,-1433445131 | -1572305105 | -1572305105 | -1572305105
3c,7215565319693,no-counts | production-floor | raw | shrink,-1433445131 | -1572305105 | -1572305105 | -1572305105
3c,7215565319694,no-counts | production-floor | raw | shrink,-1433445131 | -1572305105 | -1572305105 | -1572305105
3c,7215565319695,no-counts | production-floor | raw | shrink,-1433445131 | -1572305105 | -1572305105 | -1572305105
3c,7215565319705,no-counts | production-floor | raw | shrink,-1433445131 | -1572305105 | -1572305105 | -1572305105
3c,7215565319706,no-counts | production-floor | raw | shrink,-1433445131 | -1572305105 | -1572305105 | -1572305105
3c,7215565319707,no-counts | production-floor | raw | shrink,-1433445131 | -1572305105 | -1572305105 | -1572305105
3c,7215565319708,no-counts | production-floor | raw | shrink,-1433445131 | -1572305105 | -1572305105 | -1572305105
3c,7215565319709,no-counts | production-floor | raw | shrink,-1433445131 | -1572305105 | -1572305105 | -1572305105
3c,7215565319710,no-counts | production-floor | raw | shrink,-1433445131 | -1572305105 | -1572305105 | -1572305105
3c,7215565319711,no-counts | production-floor | raw | shrink,-1433445131 | -1572305105 | -1572305105 | -1572305105
3c,7215565319728,no-counts | production-floor | raw | shrink,-1433445131 | -1572305105 | -1572305105 | -1572305105
3c,7215565319729,no-counts | production-floor | raw | shrink,-1433445131 | -1572305105 | -1572305105 | -1572305105
3c,7215565319730,no-counts | production-floor | raw | shrink,-1433445131 | -1572305105 | -1572305105 | -1572305105
3c,7215565319731,no-counts | production-floor | raw | shrink,-1433445131 | -1572305105 | -1572305105 | -1572305105
3c,7215565319732,no-counts | production-floor | raw | shrink,-1433445131 | -1572305105 | -1572305105 | -1572305105
3c,7215565319733,no-counts | production-floor | raw | shrink,-1433445131 | -1572305105 | -1572305105 | -1572305105
3c,7215565319734,no-counts | production-floor | raw | shrink,-1433445131 | -1572305105 | -1572305105 | -1572305105
4a,7340119371272,no-counts | production-floor | raw | shrink,-771427468 | 1427000343 | -1202259619 | 1427000343
4a,7340119371273,no-counts | production-floor | raw | shrink,-771427468 | 1427000343 | -1202259619 | 1427000343
4a,7340119371276,no-counts | production-floor | raw | shrink,-771427468 | 1427000343 | -1202259619 | -1509295857
4a,7340119371277,no-counts | production-floor | raw | shrink,-771427468 | 1427000343 | -1202259619 | 1427000343
4a,7340119371278,no-counts | production-floor | raw | shrink,-771427468 | 1427000343 | -1202259619 | 1427000343
4a,7340119371279,no-counts | production-floor | raw | shrink,-771427468 | 1427000343 | -1202259619 | 1427000343
4a,7340119371296,no-counts | production-floor | raw | shrink,-771427468 | 1427000343 | 1427000343 | 1427000343
4a,7340119371297,no-counts | production-floor | raw | shrink,-771427468 | 1427000343 | -1202259619 | -1509295857
4a,7340119371298,no-counts | production-floor | raw | shrink,-771427468 | 1427000343 | 1427000343 | 1427000343
4a,7340119371299,no-counts | production-floor | raw | shrink,-771427468 | 1427000343 | -1202259619 | 1427000343
4a,7340119371300,no-counts | production-floor | raw | shrink,-771427468 | 1427000343 | -1202259619 | -1509295857
4a,7340119371302,no-counts | production-floor | raw | shrink,-771427468 | 1427000343 | -1202259619 | 1427000343
4a,7340119371303,no-counts | production-floor | raw | shrink,-771427468 | 1427000343 | -1202259619 | 1427000343
4a,7340119371312,no-counts | production-floor | raw | shrink,-771427468 | 1427000343 | -1202259619 | 1427000343
4a,7340119371313,no-counts | production-floor | raw | shrink,-771427468 | 1427000343 | -1202259619 | 1427000343
4a,7340119371314,no-counts | production-floor | raw | shrink,1427000343 | 1427000343 | -1202259619 | 1427000343
4a,7340119371315,no-counts | production-floor | raw | shrink,-771427468 | 1427000343 | -1202259619 | 1427000343
4a,7340119371316,no-counts | production-floor | raw | shrink,1427000343 | 1427000343 | -1202259619 | 1427000343
4a,7340119371317,no-counts | production-floor | raw | shrink,-771427468 | 1427000343 | -1202259619 | 1427000343
4a,7340119371318,no-counts | production-floor | raw | shrink,-771427468 | 1427000343 | -1202259619 | 1427000343
4a,7340119371319,no-counts | production-floor | raw | shrink,-771427468 | 1427000343 | 1427000343 | -1509295857
4a,7340119371320,no-counts | production-floor | raw | shrink,-771427468 | 1427000343 | -1202259619 | 1427000343
4a,7340119371321,no-counts | production-floor | raw | shrink,-771427468 | 1427000343 | 1427000343 | -1509295857
4a,7340119371322,no-counts | production-floor | raw | shrink,-771427468 | 1427000343 | -1202259619 | 1427000343
4a,7340119371323,no-counts | production-floor | raw | shrink,-771427468 | 1427000343 | -1202259619 | 1427000343
4a,7340119371324,no-counts | production-floor | raw | shrink,-771427468 | 1427000343 | -1202259619 | 1427000343
4a,7340119371325,no-counts | production-floor | raw | shrink,-771427468 | 1427000343 | -1202259619 | 1427000343
4a,7340119371326,no-counts | production-floor | raw | shrink,-771427468 | 1427000343 | -1202259619 | 1427000343
4a,7340119371327,no-counts | production-floor | raw | shrink,-771427468 | 1427000343 | -1202259619 | 1427000343
4b,7344414338568,no-counts | production-floor | raw | shrink,-771427468 | 261415237 | 611794456 | 261415237
4b,7344414338570,no-counts | production-floor | raw | shrink,-771427468 | 261415237 | 611794456 | 261415237
4b,7344414338571,no-counts | production-floor | raw | shrink,-771427468 | 261415237 | 611794456 | 261415237
4b,7344414338572,no-counts | production-floor | raw | shrink,-771427468 | 261415237 | 611794456 | 261415237
4b,7344414338573,no-counts | production-floor | raw | shrink,-771427468 | 261415237 | 611794456 | 261415237
4b,7344414338574,no-counts | production-floor | raw | shrink,-771427468 | 261415237 | 611794456 | 261415237
4b,7344414338575,no-counts | production-floor | raw | shrink,-771427468 | 261415237 | 611794456 | 261415237
4b,7344414338592,no-counts | production-floor | raw | shrink,-771427468 | 261415237 | 611794456 | 261415237
4b,7344414338593,no-counts | production-floor | raw | shrink,-771427468 | 261415237 | 611794456 | 261415237
4b,7344414338594,no-counts | production-floor | raw | shrink,-771427468 | 261415237 | 611794456 | 261415237
4b,7344414338595,no-counts | production-floor | raw | shrink,-771427468 | 261415237 | 261415237 | 261415237
4b,7344414338596,no-counts | production-floor | raw | shrink,-771427468 | 261415237 | 611794456 | 261415237
4b,7344414338597,no-counts | production-floor | raw | shrink,-771427468 | 261415237 | 611794456 | 261415237
4b,7344414338599,no-counts | production-floor | raw | shrink,-771427468 | 261415237 | 611794456 | 261415237
4b,7344414338608,no-counts | production-floor | raw | shrink,-771427468 | 261415237 | 611794456 | 261415237
4b,7344414338609,no-counts | production-floor | raw | shrink,-771427468 | 261415237 | 611794456 | 261415237
4b,7344414338610,no-counts | production-floor | raw | shrink,-771427468 | 261415237 | 611794456 | 261415237
4b,7344414338611,no-counts | production-floor | raw | shrink,-771427468 | 261415237 | 611794456 | 261415237
4b,7344414338612,no-counts | production-floor | raw | shrink,-771427468 | 261415237 | 261415237 | 261415237
4b,7344414338613,no-counts | production-floor | raw | shrink,-771427468 | 261415237 | 611794456 | 261415237
4b,7344414338614,no-counts | production-floor | raw | shrink,-771427468 | 261415237 | 611794456 | 261415237
4b,7344414338615,no-counts | production-floor | raw | shrink,261415237 | 261415237 | 611794456 | 261415237
4b,7344414338616,no-counts | production-floor | raw | shrink,-771427468 | 261415237 | 611794456 | 261415237
4b,7344414338617,no-counts | production-floor | raw | shrink,-771427468 | 261415237 | 611794456 | 261415237
4b,7344414338618,no-counts | production-floor | raw | shrink,261415237 | 261415237 | 611794456 | 261415237
4b,7344414338619,no-counts | production-floor | raw | shrink,-771427468 | 261415237 | 611794456 | 261415237
4b,7344414338620,no-counts | production-floor | raw | shrink,-771427468 | 261415237 | 611794456 | 261415237
4b,7344414338621,no-counts | production-floor | raw | shrink,-771427468 | 261415237 | 611794456 | 261415237
4b,7344414338622,no-counts | production-floor | raw | shrink,-771427468 | 261415237 | 611794456 | 261415237
4b,7344414338623,no-counts | production-floor | raw | shrink,-771427468 | 261415237 | 611794456 | 261415237
4c,7348709305865,no-counts | production-floor | raw | shrink,-771427468 | 464932698 | -430037632 | -430037632
4c,7348709305866,no-counts | production-floor | raw | shrink,-771427468 | 464932698 | -430037632 | 1192923874
4c,7348709305867,no-counts | production-floor | raw | shrink,-771427468 | 464932698 | -430037632 | -430037632
4c,7348709305868,no-counts | production-floor | raw | shrink,-771427468 | 464932698 | -1125545911 | -430037632
4c,7348709305869,no-counts | production-floor | raw | shrink,-771427468 | 464932698 | -1125545911 | 1192923874
4c,7348709305870,no-counts | production-floor | raw | shrink,-430037632 | 464932698 | -430037632 | -430037632
4c,7348709305871,no-counts | production-floor | raw | shrink,-771427468 | 464932698 | -1125545911 | -430037632
4c,7348709305888,no-counts | production-floor | raw | shrink,-771427468 | 464932698 | -1125545911 | -430037632
4c,7348709305889,no-counts | production-floor | raw | shrink,-771427468 | 464932698 | -430037632 | 1192923874
4c,7348709305890,no-counts | production-floor | raw | shrink,-771427468 | 464932698 | -1125545911 | -430037632
4c,7348709305891,no-counts | production-floor | raw | shrink,-771427468 | 464932698 | -430037632 | -430037632
4c,7348709305892,no-counts | production-floor | raw | shrink,-771427468 | 464932698 | -1125545911 | -430037632
4c,7348709305893,no-counts | production-floor | raw | shrink,-771427468 | 464932698 | -1125545911 | -430037632
4c,7348709305894,no-counts | production-floor | raw | shrink,-771427468 | 464932698 | -1125545911 | 1192923874
4c,7348709305904,no-counts | production-floor | raw | shrink,-771427468 | 464932698 | -1125545911 | -430037632
4c,7348709305905,no-counts | production-floor | raw | shrink,-771427468 | 464932698 | -430037632 | 1192923874
4c,7348709305906,no-counts | production-floor | raw | shrink,-771427468 | 464932698 | -430037632 | -430037632
4c,7348709305907,no-counts | production-floor | raw | shrink,-771427468 | 464932698 | -1125545911 | -430037632
4c,7348709305908,no-counts | production-floor | raw | shrink,-771427468 | 464932698 | -1125545911 | 1192923874
4c,7348709305909,no-counts | production-floor | raw | shrink,-771427468 | 464932698 | -430037632 | 1192923874
4c,7348709305910,no-counts | production-floor | raw | shrink,-771427468 | 464932698 | -1125545911 | -430037632
4c,7348709305911,no-counts | production-floor | raw | shrink,-771427468 | 464932698 | -1125545911 | 1192923874
4c,7348709305912,no-counts | production-floor | raw | shrink,-771427468 | 464932698 | -430037632 | -430037632
4c,7348709305913,no-counts | production-floor | raw | shrink,-771427468 | 464932698 | -1125545911 | -430037632
4c,7348709305914,no-counts | production-floor | raw | shrink,-771427468 | 464932698 | -1125545911 | -430037632
4c,7348709305915,no-counts | production-floor | raw | shrink,-771427468 | 464932698 | -1125545911 | 1192923874
4c,7348709305916,no-counts | production-floor | raw | shrink,-771427468 | 464932698 | -430037632 | 1192923874
4c,7348709305917,no-counts | production-floor | raw | shrink,-771427468 | 464932698 | -1125545911 | -430037632
4c,7348709305918,no-counts | production-floor | raw | shrink,-771427468 | 464932698 | -1125545911 | -430037632
4c,7348709305919,no-counts | production-floor | raw | shrink,-771427468 | 464932698 | -430037632 | -430037632
5a,7473263357504,no-counts | production-floor | raw | shrink,-819286915 | 414652499 | 414652499 | 414652499
5a,7473263357505,no-counts | production-floor | raw | shrink,-819286915 | 414652499 | 414652499 | 414652499
5a,7473263357506,no-counts | production-floor | raw | shrink,-819286915 | 414652499 | 414652499 | 414652499
5a,7473263357507,no-counts | production-floor | raw | shrink,-819286915 | 414652499 | 414652499 | 414652499
5a,7473263357509,no-counts | production-floor | raw | shrink,-819286915 | 414652499 | 414652499 | 414652499
5a,7473263357510,no-counts | production-floor | raw | shrink,-819286915 | 414652499 | 414652499 | 414652499
5a,7473263357511,no-counts | production-floor | raw | shrink,-819286915 | 414652499 | 414652499 | 414652499
5a,7473263357520,no-counts | production-floor | raw | shrink,-819286915 | 414652499 | 414652499 | 414652499
5a,7473263357521,no-counts | production-floor | raw | shrink,-819286915 | 414652499 | 414652499 | 414652499
5a,7473263357522,no-counts | production-floor | raw | shrink,-819286915 | 414652499 | 414652499 | 414652499
5a,7473263357523,no-counts | production-floor | raw | shrink,-819286915 | 414652499 | 414652499 | 414652499
5a,7473263357524,no-counts | production-floor | raw | shrink,-819286915 | 414652499 | 414652499 | 414652499
5a,7473263357525,no-counts | production-floor | raw | shrink,-819286915 | 414652499 | 414652499 | 414652499
5a,7473263357526,no-counts | production-floor | raw | shrink,-819286915 | 414652499 | 414652499 | 414652499
5a,7473263357527,no-counts | production-floor | raw | shrink,-819286915 | 414652499 | 414652499 | 414652499
5a,7473263357528,no-counts | production-floor | raw | shrink,-819286915 | 414652499 | 414652499 | 414652499
5a,7473263357529,no-counts | production-floor | raw | shrink,-819286915 | 414652499 | 414652499 | 414652499
5a,7473263357530,no-counts | production-floor | raw | shrink,-819286915 | 414652499 | 414652499 | 414652499
5a,7473263357531,no-counts | production-floor | raw | shrink,-819286915 | 414652499 | 414652499 | 414652499
5a,7473263357532,no-counts | production-floor | raw | shrink,-819286915 | 414652499 | 414652499 | 414652499
5a,7473263357533,no-counts | production-floor | raw | shrink,-819286915 | 414652499 | 414652499 | 414652499
5a,7473263357534,no-counts | production-floor | raw | shrink,-819286915 | 414652499 | 414652499 | 414652499
5a,7473263357535,no-counts | production-floor | raw | shrink,-819286915 | 414652499 | 414652499 | 414652499
5a,7473263357544,no-counts | production-floor | raw | shrink,-819286915 | 414652499 | 414652499 | 414652499
5a,7473263357545,no-counts | production-floor | raw | shrink,-819286915 | 414652499 | 414652499 | 414652499
5a,7473263357546,no-counts | production-floor | raw | shrink,-819286915 | 414652499 | 414652499 | 414652499
5a,7473263357548,no-counts | production-floor | raw | shrink,-819286915 | 414652499 | 414652499 | 414652499
5a,7473263357549,no-counts | production-floor | raw | shrink,-819286915 | 414652499 | 414652499 | 414652499
5a,7473263357550,no-counts | production-floor | raw | shrink,-819286915 | 414652499 | 414652499 | 414652499
5a,7473263357551,no-counts | production-floor | raw | shrink,-819286915 | 414652499 | 414652499 | 414652499
5b,7477558324800,no-counts | production-floor | raw | shrink,2137438787 | 2137438787 | -1512145598 | -1512145598
5b,7477558324801,no-counts | production-floor | raw | shrink,-819286915 | 1589551454 | 1589551454 | 1589551454
5b,7477558324802,no-counts | production-floor | raw | shrink,-819286915 | 1589551454 | 1589551454 | 1589551454
5b,7477558324803,no-counts | production-floor | raw | shrink,-819286915 | 1589551454 | 1589551454 | 1589551454
5b,7477558324804,no-counts | production-floor | raw | shrink,2137438787 | 2137438787 | -1512145598 | -1512145598
5b,7477558324806,no-counts | production-floor | raw | shrink,-819286915 | 1589551454 | 1589551454 | 1589551454
5b,7477558324807,no-counts | production-floor | raw | shrink,2137438787 | 2137438787 | -1512145598 | -1512145598
5b,7477558324816,no-counts | production-floor | raw | shrink,-819286915 | 1589551454 | 1589551454 | 1589551454
5b,7477558324817,no-counts | production-floor | raw | shrink,-819286915 | 1589551454 | 1589551454 | 1589551454
5b,7477558324818,no-counts | production-floor | raw | shrink,-819286915 | 1589551454 | 1589551454 | 1589551454
5b,7477558324819,no-counts | production-floor | raw | shrink,2137438787 | 2137438787 | -1512145598 | -1512145598
5b,7477558324820,no-counts | production-floor | raw | shrink,2137438787 | 2137438787 | -1512145598 | -1512145598
5b,7477558324821,no-counts | production-floor | raw | shrink,-819286915 | 1589551454 | 1589551454 | 1589551454
5b,7477558324822,no-counts | production-floor | raw | shrink,2137438787 | 2137438787 | -1512145598 | -1512145598
5b,7477558324823,no-counts | production-floor | raw | shrink,-819286915 | 1589551454 | 1589551454 | 1589551454
5b,7477558324824,no-counts | production-floor | raw | shrink,-819286915 | 1589551454 | 1589551454 | 1589551454
5b,7477558324825,no-counts | production-floor | raw | shrink,2137438787 | 2137438787 | -1512145598 | -1512145598
5b,7477558324826,no-counts | production-floor | raw | shrink,2137438787 | 2137438787 | -1512145598 | -1512145598
5b,7477558324827,no-counts | production-floor | raw | shrink,-819286915 | 1589551454 | 1589551454 | 1589551454
5b,7477558324828,no-counts | production-floor | raw | shrink,2137438787 | 2137438787 | -1512145598 | -1512145598
5b,7477558324829,no-counts | production-floor | raw | shrink,-819286915 | 1589551454 | 1589551454 | 1589551454
5b,7477558324830,no-counts | production-floor | raw | shrink,2137438787 | 2137438787 | -1512145598 | -1512145598
5b,7477558324831,no-counts | production-floor | raw | shrink,-819286915 | 1589551454 | 1589551454 | 1589551454
5b,7477558324840,no-counts | production-floor | raw | shrink,-819286915 | 1589551454 | 1589551454 | 1589551454
5b,7477558324841,no-counts | production-floor | raw | shrink,2137438787 | 2137438787 | -1512145598 | -1512145598
5b,7477558324843,no-counts | production-floor | raw | shrink,-819286915 | 1589551454 | 1589551454 | 1589551454
5b,7477558324844,no-counts | production-floor | raw | shrink,2137438787 | 2137438787 | -1512145598 | -1512145598
5b,7477558324845,no-counts | production-floor | raw | shrink,-819286915 | 1589551454 | 1589551454 | 1589551454
5b,7477558324846,no-counts | production-floor | raw | shrink,2137438787 | 2137438787 | -1512145598 | -1512145598
5b,7477558324847,no-counts | production-floor | raw | shrink,2137438787 | 2137438787 | -1512145598 | -1512145598
5c,7481853292096,no-counts | production-floor | raw | shrink,-819286915 | -761671341 | -761671341 | -761671341
5c,7481853292097,no-counts | production-floor | raw | shrink,-819286915 | -761671341 | -761671341 | -761671341
5c,7481853292098,no-counts | production-floor | raw | shrink,-819286915 | -761671341 | -761671341 | -761671341
5c,7481853292099,no-counts | production-floor | raw | shrink,-819286915 | -761671341 | -761671341 | -761671341
5c,7481853292100,no-counts | production-floor | raw | shrink,-819286915 | -761671341 | -761671341 | -761671341
5c,7481853292101,no-counts | production-floor | raw | shrink,-819286915 | -761671341 | -761671341 | -761671341
5c,7481853292103,no-counts | production-floor | raw | shrink,-819286915 | -761671341 | -761671341 | -761671341
5c,7481853292112,no-counts | production-floor | raw | shrink,-819286915 | -761671341 | -761671341 | -761671341
5c,7481853292113,no-counts | production-floor | raw | shrink,-819286915 | -761671341 | -761671341 | -761671341
5c,7481853292114,no-counts | production-floor | raw | shrink,-819286915 | -761671341 | -761671341 | -761671341
5c,7481853292115,no-counts | production-floor | raw | shrink,-819286915 | -761671341 | -761671341 | -761671341
5c,7481853292116,no-counts | production-floor | raw | shrink,-819286915 | -761671341 | -761671341 | -761671341
5c,7481853292117,no-counts | production-floor | raw | shrink,-819286915 | -761671341 | -761671341 | -761671341
5c,7481853292118,no-counts | production-floor | raw | shrink,-819286915 | -761671341 | -761671341 | -761671341
5c,7481853292119,no-counts | production-floor | raw | shrink,-819286915 | -761671341 | -761671341 | -761671341
5c,7481853292120,no-counts | production-floor | raw | shrink,-819286915 | -761671341 | -761671341 | -761671341
5c,7481853292121,no-counts | production-floor | raw | shrink,-819286915 | -761671341 | -761671341 | -761671341
5c,7481853292122,no-counts | production-floor | raw | shrink,-819286915 | -761671341 | -761671341 | -761671341
5c,7481853292123,no-counts | production-floor | raw | shrink,-819286915 | -761671341 | -761671341 | -761671341
5c,7481853292124,no-counts | production-floor | raw | shrink,-819286915 | -761671341 | -761671341 | -761671341
5c,7481853292125,no-counts | production-floor | raw | shrink,-819286915 | -761671341 | -761671341 | -761671341
5c,7481853292126,no-counts | production-floor | raw | shrink,-819286915 | -761671341 | -761671341 | -761671341
5c,7481853292127,no-counts | production-floor | raw | shrink,-819286915 | -761671341 | -761671341 | -761671341
5c,7481853292136,no-counts | production-floor | raw | shrink,-819286915 | -761671341 | -761671341 | -761671341
5c,7481853292138,no-counts | production-floor | raw | shrink,-819286915 | -761671341 | -761671341 | -761671341
5c,7481853292139,no-counts | production-floor | raw | shrink,-819286915 | -761671341 | -761671341 | -761671341
5c,7481853292140,no-counts | production-floor | raw | shrink,-819286915 | -761671341 | -761671341 | -761671341
5c,7481853292141,no-counts | production-floor | raw | shrink,-819286915 | -761671341 | -761671341 | -761671341
5c,7481853292142,no-counts | production-floor | raw | shrink,-819286915 | -761671341 | -761671341 | -761671341
5c,7481853292143,no-counts | production-floor | raw | shrink,-819286915 | -761671341 | -761671341 | -761671341
6b,7610702310984,no-counts | production-floor | raw | shrink,1250717231 | 1482096114 | 1482096114 | 1482096114
6b,7610702310985,no-counts | production-floor | raw | shrink,1250717231 | 1482096114 | 1482096114 | 1482096114
6b,7610702310986,no-counts | production-floor | raw | shrink,1250717231 | 1482096114 | 1482096114 | 1482096114
6b,7610702310988,no-counts | production-floor | raw | shrink,1250717231 | 1482096114 | 1482096114 | 1482096114
6b,7610702310989,no-counts | production-floor | raw | shrink,1250717231 | 1482096114 | 1482096114 | 1482096114
6b,7610702310990,no-counts | production-floor | raw | shrink,1250717231 | 1482096114 | 1482096114 | 1482096114
6b,7610702310991,no-counts | production-floor | raw | shrink,1250717231 | 1482096114 | 1482096114 | 1482096114
6b,7610702311008,no-counts | production-floor | raw | shrink,1250717231 | 1482096114 | 1482096114 | 1482096114
6b,7610702311009,no-counts | production-floor | raw | shrink,1250717231 | 1482096114 | 1482096114 | 1482096114
6b,7610702311010,no-counts | production-floor | raw | shrink,1250717231 | 1482096114 | 1482096114 | 1482096114
6b,7610702311011,no-counts | production-floor | raw | shrink,1250717231 | 1482096114 | 1482096114 | 1482096114
6b,7610702311013,no-counts | production-floor | raw | shrink,1250717231 | 1482096114 | 1482096114 | 1482096114
6b,7610702311014,no-counts | production-floor | raw | shrink,1250717231 | 1482096114 | 1482096114 | 1482096114
6b,7610702311015,no-counts | production-floor | raw | shrink,1250717231 | 1482096114 | 1482096114 | 1482096114
6b,7610702311024,no-counts | production-floor | raw | shrink,1250717231 | 1482096114 | 1482096114 | 1482096114
6b,7610702311025,no-counts | production-floor | raw | shrink,1250717231 | 1482096114 | 1482096114 | 1482096114
6b,7610702311026,no-counts | production-floor | raw | shrink,1250717231 | 1482096114 | 1482096114 | 1482096114
6b,7610702311027,no-counts | production-floor | raw | shrink,1250717231 | 1482096114 | 1482096114 | 1482096114
6b,7610702311028,no-counts | production-floor | raw | shrink,1250717231 | 1482096114 | 1482096114 | 1482096114
6b,7610702311029,no-counts | production-floor | raw | shrink,1250717231 | 1482096114 | 1482096114 | 1482096114
6b,7610702311030,no-counts | production-floor | raw | shrink,1250717231 | 1482096114 | 1482096114 | 1482096114
6b,7610702311031,no-counts | production-floor | raw | shrink,1250717231 | 1482096114 | 1482096114 | 1482096114
6b,7610702311032,no-counts | production-floor | raw | shrink,1250717231 | 1482096114 | 1482096114 | 1482096114
6b,7610702311033,no-counts | production-floor | raw | shrink,1250717231 | 1482096114 | 1482096114 | 1482096114
6b,7610702311034,no-counts | production-floor | raw | shrink,1250717231 | 1482096114 | 1482096114 | 1482096114
6b,7610702311035,no-counts | production-floor | raw | shrink,1250717231 | 1482096114 | 1482096114 | 1482096114
6b,7610702311036,no-counts | production-floor | raw | shrink,1250717231 | 1482096114 | 1482096114 | 1482096114
6b,7610702311037,no-counts | production-floor | raw | shrink,1250717231 | 1482096114 | 1482096114 | 1482096114
6b,7610702311038,no-counts | production-floor | raw | shrink,1250717231 | 1482096114 | 1482096114 | 1482096114
6b,7610702311039,no-counts | production-floor | raw | shrink,1250717231 | 1482096114 | 1482096114 | 1482096114
7a,7739551330176,no-counts | production-floor | raw | shrink,-113438991 | -2009290410 | -2009290410 | -2072842629
7a,7739551330177,no-counts | production-floor | raw | shrink,-113438991 | -2009290410 | -2009290410 | -2009290410
7a,7739551330179,no-counts | production-floor | raw | shrink,-113438991 | -2009290410 | -2009290410 | -2072842629
7a,7739551330180,no-counts | production-floor | raw | shrink,-113438991 | -2009290410 | -2009290410 | -2072842629
7a,7739551330181,no-counts | production-floor | raw | shrink,-113438991 | -2009290410 | -2009290410 | -2072842629
7a,7739551330182,no-counts | production-floor | raw | shrink,-113438991 | -2009290410 | -2009290410 | -2009290410
7a,7739551330183,no-counts | production-floor | raw | shrink,-113438991 | -2009290410 | -2009290410 | -2072842629
7a,7739551330192,no-counts | production-floor | raw | shrink,-113438991 | -2009290410 | -2009290410 | -2072842629
7a,7739551330193,no-counts | production-floor | raw | shrink,-113438991 | -2009290410 | -2009290410 | -2072842629
7a,7739551330194,no-counts | production-floor | raw | shrink,-113438991 | -2009290410 | -2009290410 | -2009290410
7a,7739551330195,no-counts | production-floor | raw | shrink,-113438991 | -2009290410 | -2009290410 | -2072842629
7a,7739551330196,no-counts | production-floor | raw | shrink,-113438991 | -2009290410 | -2009290410 | -2072842629
7a,7739551330197,no-counts | production-floor | raw | shrink,-113438991 | -2009290410 | -2009290410 | -2009290410
7a,7739551330198,no-counts | production-floor | raw | shrink,-113438991 | -2009290410 | -2009290410 | -2009290410
7a,7739551330199,no-counts | production-floor | raw | shrink,-113438991 | -2009290410 | -2009290410 | -2072842629
7a,7739551330200,no-counts | production-floor | raw | shrink,-113438991 | -2009290410 | -2009290410 | -2072842629
7a,7739551330201,no-counts | production-floor | raw | shrink,-113438991 | -2009290410 | -2009290410 | -2072842629
7a,7739551330202,no-counts | production-floor | raw | shrink,-113438991 | -2009290410 | -2009290410 | -2009290410
7a,7739551330203,no-counts | production-floor | raw | shrink,-113438991 | -2009290410 | -2009290410 | -2009290410
7a,7739551330204,no-counts | production-floor | raw | shrink,-113438991 | -2009290410 | -2009290410 | -2072842629
7a,7739551330205,no-counts | production-floor | raw | shrink,-113438991 | -2009290410 | -2009290410 | -2072842629
7a,7739551330206,no-counts | production-floor | raw | shrink,-113438991 | -2009290410 | -2009290410 | -2072842629
7a,7739551330207,no-counts | production-floor | raw | shrink,-113438991 | -2009290410 | -2009290410 | -2072842629
7a,7739551330216,no-counts | production-floor | raw | shrink,-113438991 | -2009290410 | -2009290410 | -2009290410
7a,7739551330217,no-counts | production-floor | raw | shrink,-113438991 | -2009290410 | -2009290410 | -2072842629
7a,7739551330218,no-counts | production-floor | raw | shrink,-113438991 | -2009290410 | -2009290410 | -2072842629
7a,7739551330219,no-counts | production-floor | raw | shrink,-113438991 | -2009290410 | -2009290410 | -2072842629
7a,7739551330220,no-counts | production-floor | raw | shrink,-113438991 | -2009290410 | -2009290410 | -2072842629
7a,7739551330222,no-counts | production-floor | raw | shrink,-113438991 | -2009290410 | -2009290410 | -2072842629
7a,7739551330223,no-counts | production-floor | raw | shrink,-113438991 | -2009290410 | -2009290410 | -2072842629
7b,7743846297473,no-counts | production-floor | raw | shrink,-377469187 | -377469187 | -377469187 | 410474504
7b,7743846297474,no-counts | production-floor | raw | shrink,-377469187 | -377469187 | -377469187 | 410474504
7b,7743846297476,no-counts | production-floor | raw | shrink,-377469187 | -377469187 | -377469187 | 410474504
7b,7743846297477,no-counts | production-floor | raw | shrink,-377469187 | -377469187 | -377469187 | 410474504
7b,7743846297478,no-counts | production-floor | raw | shrink,-377469187 | -377469187 | -377469187 | 410474504
7b,7743846297488,no-counts | production-floor | raw | shrink,-377469187 | -377469187 | -377469187 | 410474504
7b,7743846297490,no-counts | production-floor | raw | shrink,-1883964401 | -377469187 | -377469187 | 410474504
7b,7743846297491,no-counts | production-floor | raw | shrink,-377469187 | -377469187 | -377469187 | 410474504
7b,7743846297492,no-counts | production-floor | raw | shrink,-377469187 | -377469187 | -377469187 | 410474504
7b,7743846297493,no-counts | production-floor | raw | shrink,-377469187 | -377469187 | -377469187 | 410474504
7b,7743846297494,no-counts | production-floor | raw | shrink,-377469187 | -377469187 | -377469187 | 410474504
7b,7743846297495,no-counts | production-floor | raw | shrink,-1883964401 | -377469187 | -377469187 | -377469187
7b,7743846297496,no-counts | production-floor | raw | shrink,-377469187 | -377469187 | -377469187 | 410474504
7b,7743846297498,no-counts | production-floor | raw | shrink,-377469187 | -377469187 | -377469187 | 410474504
7b,7743846297499,no-counts | production-floor | raw | shrink,-377469187 | -377469187 | -377469187 | 410474504
7b,7743846297500,no-counts | production-floor | raw | shrink,-377469187 | -377469187 | -377469187 | 410474504
7b,7743846297501,no-counts | production-floor | raw | shrink,-377469187 | -377469187 | -377469187 | 410474504
7b,7743846297502,no-counts | production-floor | raw | shrink,-377469187 | -377469187 | -377469187 | 410474504
7b,7743846297503,no-counts | production-floor | raw | shrink,-377469187 | -377469187 | -377469187 | 410474504
7b,7743846297512,no-counts | production-floor | raw | shrink,-377469187 | -377469187 | -377469187 | 410474504
7b,7743846297513,no-counts | production-floor | raw | shrink,-377469187 | -377469187 | -377469187 | 410474504
7b,7743846297514,no-counts | production-floor | raw | shrink,-377469187 | -377469187 | -377469187 | 410474504
7b,7743846297515,no-counts | production-floor | raw | shrink,-1883964401 | -377469187 | -377469187 | 410474504
7b,7743846297517,no-counts | production-floor | raw | shrink,-377469187 | -377469187 | -377469187 | 410474504
7b,7743846297518,no-counts | production-floor | raw | shrink,-377469187 | -377469187 | -377469187 | 410474504
7b,7743846297519,no-counts | production-floor | raw | shrink,-377469187 | -377469187 | -377469187 | 410474504
7c,7748141264768,no-counts | production-floor | raw | shrink,-965812792 | -1004347469 | 52935710 | -1004347469
7c,7748141264769,no-counts | production-floor | raw | shrink,-965812792 | -1004347469 | 52935710 | -399731567
7c,7748141264770,no-counts | production-floor | raw | shrink,-965812792 | -1004347469 | 52935710 | -1004347469
7c,7748141264771,no-counts | production-floor | raw | shrink,-965812792 | -1004347469 | 52935710 | -1004347469
7c,7748141264773,no-counts | production-floor | raw | shrink,-965812792 | -1004347469 | 1723747105 | -1004347469
7c,7748141264774,no-counts | production-floor | raw | shrink,-965812792 | -1004347469 | 1723747105 | 538787980
7c,7748141264775,no-counts | production-floor | raw | shrink,-965812792 | -1004347469 | 52935710 | 1552020490
7c,7748141264784,no-counts | production-floor | raw | shrink,-965812792 | -1004347469 | 1723747105 | -1004347469
7c,7748141264785,no-counts | production-floor | raw | shrink,-965812792 | -1004347469 | 1723747105 | -1004347469
7c,7748141264786,no-counts | production-floor | raw | shrink,-965812792 | -1004347469 | 52935710 | 1552020490
7c,7748141264787,no-counts | production-floor | raw | shrink,-965812792 | -1004347469 | 52935710 | -1004347469
7c,7748141264788,no-counts | production-floor | raw | shrink,-965812792 | -1004347469 | 52935710 | 1552020490
7c,7748141264789,no-counts | production-floor | raw | shrink,-965812792 | -1004347469 | 1723747105 | -1004347469
7c,7748141264790,no-counts | production-floor | raw | shrink,-965812792 | -1004347469 | 52935710 | -399731567
7c,7748141264791,no-counts | production-floor | raw | shrink,-965812792 | -1004347469 | 52935710 | -1004347469
7c,7748141264792,no-counts | production-floor | raw | shrink,-965812792 | -1004347469 | 1723747105 | -1004347469
7c,7748141264793,no-counts | production-floor | raw | shrink,-965812792 | -1004347469 | 1723747105 | -399731567
7c,7748141264794,no-counts | production-floor | raw | shrink,-965812792 | -1004347469 | 52935710 | -1004347469
7c,7748141264795,no-counts | production-floor | raw | shrink,-965812792 | -1004347469 | 1723747105 | -399731567
7c,7748141264796,no-counts | production-floor | raw | shrink,-965812792 | -1004347469 | -1004347469 | -399731567
7c,7748141264797,no-counts | production-floor | raw | shrink,-965812792 | -1004347469 | 1723747105 | -1004347469
7c,7748141264798,no-counts | production-floor | raw | shrink,-965812792 | -1004347469 | 1723747105 | -1004347469
7c,7748141264799,no-counts | production-floor | raw | shrink,-965812792 | -1004347469 | 1723747105 | -1004347469
7c,7748141264808,no-counts | production-floor | raw | shrink,-965812792 | -1004347469 | 1723747105 | -1004347469
7c,7748141264809,no-counts | production-floor | raw | shrink,-965812792 | -1004347469 | 52935710 | -1004347469
7c,7748141264810,no-counts | production-floor | raw | shrink,-965812792 | -1004347469 | 52935710 | -1004347469
7c,7748141264812,no-counts | production-floor | raw | shrink,-965812792 | -1004347469 | -1004347469 | -1004347469
7c,7748141264813,no-counts | production-floor | raw | shrink,-965812792 | -1004347469 | 1723747105 | -1004347469
7c,7748141264814,no-counts | production-floor | raw | shrink,-965812792 | -1004347469 | 52935710 | -1004347469
7c,7748141264815,no-counts | production-floor | raw | shrink,-965812792 | -1004347469 | 52935710 | -399731567
8a,7872695316360,no-counts | production-floor | raw | shrink,-1424306548 | -1424306548 | 115582433 | -1762716238
8a,7872695316361,no-counts | production-floor | raw | shrink,-1424306548 | -1424306548 | 115582433 | -1762716238
8a,7872695316362,no-counts | production-floor | raw | shrink,-1424306548 | -1424306548 | 115582433 | -1762716238
8a,7872695316363,no-counts | production-floor | raw | shrink,-1424306548 | -1424306548 | 115582433 | -1762716238
8a,7872695316364,no-counts | production-floor | raw | shrink,-1424306548 | -1424306548 | 115582433 | -1762716238
8a,7872695316365,no-counts | production-floor | raw | shrink,-1424306548 | -1424306548 | 115582433 | -1762716238
8a,7872695316367,no-counts | production-floor | raw | shrink,-1424306548 | -1424306548 | 115582433 | -1762716238
8a,7872695316384,no-counts | production-floor | raw | shrink,-1424306548 | -1424306548 | 115582433 | -1762716238
8a,7872695316386,no-counts | production-floor | raw | shrink,-1424306548 | -1424306548 | 115582433 | -1762716238
8a,7872695316387,no-counts | production-floor | raw | shrink,-1424306548 | -1424306548 | 115582433 | -1762716238
8a,7872695316388,no-counts | production-floor | raw | shrink,-1424306548 | -1424306548 | 115582433 | -1762716238
8a,7872695316389,no-counts | production-floor | raw | shrink,-1424306548 | -1424306548 | 115582433 | -1762716238
8a,7872695316390,no-counts | production-floor | raw | shrink,-1424306548 | -1424306548 | 115582433 | -1762716238
8a,7872695316391,no-counts | production-floor | raw | shrink,-1424306548 | -1424306548 | 115582433 | -1762716238
8a,7872695316400,no-counts | production-floor | raw | shrink,-1424306548 | -1424306548 | 115582433 | -1762716238
8a,7872695316401,no-counts | production-floor | raw | shrink,-1424306548 | -1424306548 | 115582433 | -1762716238
8a,7872695316402,no-counts | production-floor | raw | shrink,-1424306548 | -1424306548 | 115582433 | -1762716238
8a,7872695316403,no-counts | production-floor | raw | shrink,-1424306548 | -1424306548 | 115582433 | -1762716238
8a,7872695316404,no-counts | production-floor | raw | shrink,-1424306548 | -1424306548 | 115582433 | -1762716238
8a,7872695316405,no-counts | production-floor | raw | shrink,-1424306548 | -1424306548 | 115582433 | -1762716238
8a,7872695316406,no-counts | production-floor | raw | shrink,-1424306548 | -1424306548 | 115582433 | -1762716238
8a,7872695316407,no-counts | production-floor | raw | shrink,-1424306548 | -1424306548 | 115582433 | -1762716238
8a,7872695316408,no-counts | production-floor | raw | shrink,-1424306548 | -1424306548 | 115582433 | -1762716238
8a,7872695316409,no-counts | production-floor | raw | shrink,-1424306548 | -1424306548 | 115582433 | -1762716238
8a,7872695316410,no-counts | production-floor | raw | shrink,-1424306548 | -1424306548 | 115582433 | -1762716238
8a,7872695316411,no-counts | production-floor | raw | shrink,-1424306548 | -1424306548 | 115582433 | -1762716238
8a,7872695316412,no-counts | production-floor | raw | shrink,-1424306548 | -1424306548 | 115582433 | -1762716238
8a,7872695316413,no-counts | production-floor | raw | shrink,-1424306548 | -1424306548 | 115582433 | -1762716238
8a,7872695316414,no-counts | production-floor | raw | shrink,-1424306548 | -1424306548 | 115582433 | -1762716238
8a,7872695316415,no-counts | production-floor | raw | shrink,-1424306548 | -1424306548 | 115582433 | -1762716238
8b,7876990283656,no-counts | production-floor | raw | shrink,1964385119 | -1718178947 | 1478161348 | 798450042
8b,7876990283657,no-counts | production-floor | raw | shrink,1964385119 | -387699444 | -1485134671 | -1987159524
8b,7876990283658,no-counts | production-floor | raw | shrink,1964385119 | -1718178947 | 1478161348 | -1718178947
8b,7876990283659,no-counts | production-floor | raw | shrink,1964385119 | -1718178947 | -1987159524 | -1718178947
8b,7876990283660,no-counts | production-floor | raw | shrink,1964385119 | -1718178947 | 1478161348 | -1987159524
8b,7876990283662,no-counts | production-floor | raw | shrink,1964385119 | -1718178947 | 1478161348 | -1987159524
8b,7876990283663,no-counts | production-floor | raw | shrink,1964385119 | -1718178947 | 1478161348 | 798450042
8b,7876990283680,no-counts | production-floor | raw | shrink,1964385119 | -1718178947 | 1478161348 | -1987159524
8b,7876990283681,no-counts | production-floor | raw | shrink,1964385119 | -1718178947 | 1478161348 | -1987159524
8b,7876990283683,no-counts | production-floor | raw | shrink,1964385119 | -1718178947 | 1478161348 | -1987159524
8b,7876990283684,no-counts | production-floor | raw | shrink,1964385119 | -1718178947 | 1478161348 | -1718178947
8b,7876990283685,no-counts | production-floor | raw | shrink,1964385119 | -387699444 | -1485134671 | -387699444
8b,7876990283686,no-counts | production-floor | raw | shrink,1964385119 | -1718178947 | 1478161348 | -1987159524
8b,7876990283687,no-counts | production-floor | raw | shrink,1964385119 | -1718178947 | 1478161348 | -1987159524
8b,7876990283696,no-counts | production-floor | raw | shrink,1964385119 | -1718178947 | 1478161348 | 798450042
8b,7876990283697,no-counts | production-floor | raw | shrink,1964385119 | -1718178947 | 1478161348 | -1987159524
8b,7876990283698,no-counts | production-floor | raw | shrink,1964385119 | -1718178947 | 1478161348 | 798450042
8b,7876990283699,no-counts | production-floor | raw | shrink,1964385119 | -1718178947 | 1478161348 | -1987159524
8b,7876990283700,no-counts | production-floor | raw | shrink,1964385119 | -1718178947 | 1478161348 | -1718178947
8b,7876990283701,no-counts | production-floor | raw | shrink,1964385119 | -1987159524 | 1478161348 | -1718178947
8b,7876990283702,no-counts | production-floor | raw | shrink,1964385119 | -1718178947 | 1478161348 | -1987159524
8b,7876990283703,no-counts | production-floor | raw | shrink,1964385119 | -1718178947 | 1478161348 | -1987159524
8b,7876990283704,no-counts | production-floor | raw | shrink,1964385119 | -1718178947 | 1478161348 | -1718178947
8b,7876990283705,no-counts | production-floor | raw | shrink,1964385119 | -1718178947 | 1478161348 | 798450042
8b,7876990283706,no-counts | production-floor | raw | shrink,1964385119 | -1718178947 | 1478161348 | -1987159524
8b,7876990283707,no-counts | production-floor | raw | shrink,1964385119 | -387699444 | 1478161348 | -1987159524
8b,7876990283708,no-counts | production-floor | raw | shrink,1964385119 | -1718178947 | 1478161348 | -1987159524
8b,7876990283709,no-counts | production-floor | raw | shrink,1964385119 | -1718178947 | 1478161348 | -1718178947
8b,7876990283710,no-counts | production-floor | raw | shrink,1964385119 | -1718178947 | 1478161348 | -1718178947
8b,7876990283711,no-counts | production-floor | raw | shrink,1964385119 | -1718178947 | 1478161348 | -1987159524
8c,7881285250952,production-floor | raw | shrink,1588336649 | -388506810 | -388506810
8c,7881285250953,production-floor | raw | shrink,1588336649 | -388506810 | -388506810
8c,7881285250954,production-floor | raw | shrink,1588336649 | -388506810 | -388506810
8c,7881285250955,production-floor | raw | shrink,1588336649 | -388506810 | -388506810
8c,7881285250957,production-floor | raw | shrink,1588336649 | -388506810 | -388506810
8c,7881285250958,production-floor | raw | shrink,1588336649 | -388506810 | -388506810
8c,7881285250959,production-floor | raw | shrink,1588336649 | -388506810 | -388506810
8c,7881285250976,production-floor | raw | shrink,1588336649 | -388506810 | 1733352584
8c,7881285250977,production-floor | raw | shrink,1588336649 | -388506810 | 1733352584
8c,7881285250978,production-floor | raw | shrink,1588336649 | -388506810 | -388506810
8c,7881285250980,production-floor | raw | shrink,1588336649 | -388506810 | -388506810
8c,7881285250981,production-floor | raw | shrink,1588336649 | -388506810 | -388506810
8c,7881285250982,production-floor | raw | shrink,1588336649 | -388506810 | -388506810
8c,7881285250983,production-floor | raw | shrink,1588336649 | -388506810 | -388506810
8c,7881285250992,production-floor | raw | shrink,1588336649 | -388506810 | -388506810
8c,7881285250993,production-floor | raw | shrink,1588336649 | -388506810 | -388506810
8c,7881285250994,production-floor | raw | shrink,1588336649 | -388506810 | -388506810
8c,7881285250995,production-floor | raw | shrink,1588336649 | -388506810 | -388506810
8c,7881285250996,production-floor | raw | shrink,1588336649 | -388506810 | -388506810
8c,7881285250997,production-floor | raw | shrink,1588336649 | -388506810 | -388506810
8c,7881285250998,production-floor | raw | shrink,1588336649 | -388506810 | -388506810
8c,7881285250999,production-floor | raw | shrink,1588336649 | -388506810 | -388506810
8c,7881285251000,production-floor | raw | shrink,1588336649 | -388506810 | -388506810
8c,7881285251001,production-floor | raw | shrink,1588336649 | -388506810 | -388506810
8c,7881285251002,production-floor | raw | shrink,1588336649 | -388506810 | -388506810
8c,7881285251003,production-floor | raw | shrink,1588336649 | -388506810 | -388506810
8c,7881285251004,production-floor | raw | shrink,1588336649 | -388506810 | -388506810
8c,7881285251005,production-floor | raw | shrink,1588336649 | -388506810 | -388506810
8c,7881285251006,production-floor | raw | shrink,1588336649 | -388506810 | -388506810
8c,7881285251007,production-floor | raw | shrink,1588336649 | -388506810 | -388506810
8d,7885580218248,no-counts | production-floor | raw | shrink,1504554646 | 1504554646 | -1012298996 | 1142152349
8d,7885580218249,no-counts | production-floor | raw | shrink,1504554646 | 1504554646 | -1012298996 | -1012298996
8d,7885580218250,no-counts | production-floor | raw | shrink,1504554646 | 1504554646 | -1012298996 | -1012298996
8d,7885580218252,no-counts | production-floor | raw | shrink,1504554646 | 1504554646 | -1012298996 | 1142152349
8d,7885580218253,no-counts | production-floor | raw | shrink,1504554646 | 1504554646 | -1012298996 | -1012298996
8d,7885580218254,no-counts | production-floor | raw | shrink,1504554646 | 1504554646 | -1012298996 | -1012298996
8d,7885580218255,no-counts | production-floor | raw | shrink,1504554646 | 1504554646 | -1012298996 | -1012298996
8d,7885580218272,no-counts | production-floor | raw | shrink,1504554646 | 1504554646 | -1012298996 | 1142152349
8d,7885580218273,no-counts | production-floor | raw | shrink,1504554646 | 1504554646 | -1012298996 | -1012298996
8d,7885580218274,no-counts | production-floor | raw | shrink,1504554646 | 1504554646 | -1012298996 | 1142152349
8d,7885580218275,no-counts | production-floor | raw | shrink,1504554646 | 1504554646 | -1012298996 | -1012298996
8d,7885580218277,no-counts | production-floor | raw | shrink,1504554646 | 1504554646 | -1012298996 | -1012298996
8d,7885580218278,no-counts | production-floor | raw | shrink,1504554646 | 1504554646 | -1012298996 | -1012298996
8d,7885580218279,no-counts | production-floor | raw | shrink,1504554646 | 1504554646 | -1012298996 | -1012298996
8d,7885580218288,no-counts | production-floor | raw | shrink,1504554646 | 1504554646 | -1012298996 | -1012298996
8d,7885580218289,no-counts | production-floor | raw | shrink,1504554646 | 1504554646 | -1012298996 | 1142152349
8d,7885580218290,no-counts | production-floor | raw | shrink,1504554646 | 1504554646 | -1012298996 | -1012298996
8d,7885580218291,no-counts | production-floor | raw | shrink,1504554646 | 1504554646 | -1012298996 | -1012298996
8d,7885580218292,no-counts | production-floor | raw | shrink,1504554646 | 1504554646 | -1012298996 | -1012298996
8d,7885580218293,no-counts | production-floor | raw | shrink,1504554646 | 1504554646 | -1012298996 | -1012298996
8d,7885580218294,no-counts | production-floor | raw | shrink,1504554646 | 1504554646 | -1012298996 | -1012298996
8d,7885580218295,no-counts | production-floor | raw | shrink,1504554646 | 1504554646 | -1012298996 | -1012298996
8d,7885580218296,no-counts | production-floor | raw | shrink,1504554646 | 1504554646 | -1012298996 | -1012298996
8d,7885580218297,no-counts | production-floor | raw | shrink,1504554646 | 1504554646 | -1012298996 | 1142152349
8d,7885580218298,no-counts | production-floor | raw | shrink,1142152349 | 1142152349 | -1012298996 | -1012298996
8d,7885580218299,no-counts | production-floor | raw | shrink,1504554646 | 1504554646 | -1012298996 | -1012298996
8d,7885580218300,no-counts | production-floor | raw | shrink,1504554646 | 1504554646 | -1012298996 | 1142152349
8d,7885580218301,no-counts | production-floor | raw | shrink,1504554646 | 1504554646 | -1012298996 | -1012298996
8d,7885580218302,no-counts | production-floor | raw | shrink,1504554646 | 1504554646 | -1012298996 | -1012298996
8d,7885580218303,no-counts | production-floor | raw | shrink,1504554646 | 1504554646 | -1012298996 | -1012298996
9a,8005839302593,no-counts | production-floor | raw | shrink,-804078237 | 1514154397 | 403009818 | 1576652456
9a,8005839302594,no-counts | production-floor | raw | shrink,731674332 | 1514154397 | 403009818 | 1576652456
9a,8005839302595,no-counts | production-floor | raw | shrink,-864416291 | 1399494282 | -128205277 | 1576652456
9a,8005839302596,no-counts | production-floor | raw | shrink,2025404195 | 2140763346 | -1746356588 | 1576652456
9a,8005839302597,no-counts | production-floor | raw | shrink,-804078237 | 1514154397 | 403009818 | 1576652456
9a,8005839302598,no-counts | production-floor | raw | shrink,731674332 | 1514154397 | 403009818 | 1576652456
9a,8005839302599,no-counts | production-floor | raw | shrink,-864416291 | 1576652456 | 403009818 | 1576652456
9a,8005839302608,no-counts | production-floor | raw | shrink,1496343846 | 1514154397 | 403009818 | 1576652456
9a,8005839302609,no-counts | production-floor | raw | shrink,-804078237 | 1705227529 | -437045 | 1576652456
9a,8005839302610,no-counts | production-floor | raw | shrink,731674332 | 1514154397 | 403009818 | 1576652456
9a,8005839302611,no-counts | production-floor | raw | shrink,1496343846 | 1514154397 | 403009818 | 1576652456
9a,8005839302612,no-counts | production-floor | raw | shrink,-674888660 | 1514154397 | 403009818 | 1576652456
9a,8005839302613,no-counts | production-floor | raw | shrink,731674332 | 1514154397 | 403009818 | 1576652456
9a,8005839302614,no-counts | production-floor | raw | shrink,-420715127 | 1514154397 | 403009818 | 1576652456
9a,8005839302615,no-counts | production-floor | raw | shrink,2025404195 | 2140763346 | 403009818 | 1576652456
9a,8005839302616,no-counts | production-floor | raw | shrink,-385659220 | 1514154397 | 403009818 | 1576652456
9a,8005839302617,no-counts | production-floor | raw | shrink,-804078237 | 1514154397 | 403009818 | 1576652456
9a,8005839302618,no-counts | production-floor | raw | shrink,1496343846 | 1514154397 | 403009818 | 1576652456
9a,8005839302619,no-counts | production-floor | raw | shrink,1496343846 | 1514154397 | 403009818 | 1576652456
9a,8005839302620,no-counts | production-floor | raw | shrink,1496343846 | 1514154397 | 403009818 | 1576652456
9a,8005839302621,no-counts | production-floor | raw | shrink,731674332 | 1514154397 | 403009818 | 1576652456
9a,8005839302622,no-counts | production-floor | raw | shrink,1496343846 | 612228983 | -1392811828 | 1576652456
9a,8005839302623,no-counts | production-floor | raw | shrink,1496343846 | 1514154397 | 403009818 | 1576652456
9a,8005839302632,no-counts | production-floor | raw | shrink,-804078237 | 1514154397 | 403009818 | 1576652456
9a,8005839302633,no-counts | production-floor | raw | shrink,1496343846 | 1514154397 | 403009818 | 1576652456
9a,8005839302634,no-counts | production-floor | raw | shrink,1496343846 | 1514154397 | 403009818 | 1576652456
9a,8005839302635,no-counts | production-floor | raw | shrink,731674332 | 1514154397 | 403009818 | 1576652456
9a,8005839302636,no-counts | production-floor | raw | shrink,731674332 | 1514154397 | 403009818 | 1576652456
9a,8005839302637,no-counts | production-floor | raw | shrink,1496343846 | 612228983 | -128205277 | 1576652456
9a,8005839302638,no-counts | production-floor | raw | shrink,-420715127 | 1514154397 | 403009818 | 1576652456
9b,8010134269888,no-counts | production-floor | raw | shrink,-587580075 | -4751552 | 1524708452 | -1597619169
9b,8010134269890,no-counts | production-floor | raw | shrink,-587580075 | 983461370 | 1524708452 | 140277402
9b,8010134269891,no-counts | production-floor | raw | shrink,-856891135 | 983461370 | 1524708452 | 140277402
9b,8010134269892,no-counts | production-floor | raw | shrink,-587580075 | 983461370 | 1524708452 | 140277402
9b,8010134269893,no-counts | production-floor | raw | shrink,-856891135 | 983461370 | 1524708452 | 140277402
9b,8010134269894,no-counts | production-floor | raw | shrink,-587580075 | 983461370 | 1524708452 | 140277402
9b,8010134269895,no-counts | production-floor | raw | shrink,-587580075 | 983461370 | 1524708452 | 140277402
9b,8010134269904,no-counts | production-floor | raw | shrink,201484371 | -4751552 | 1524708452 | 140277402
9b,8010134269905,no-counts | production-floor | raw | shrink,-587580075 | 983461370 | 1524708452 | 140277402
9b,8010134269906,no-counts | production-floor | raw | shrink,-587580075 | 983461370 | 1524708452 | 140277402
9b,8010134269907,no-counts | production-floor | raw | shrink,-587580075 | 983461370 | 1524708452 | 140277402
9b,8010134269908,no-counts | production-floor | raw | shrink,-587580075 | -4751552 | 1148186424 | 140277402
9b,8010134269909,no-counts | production-floor | raw | shrink,-856891135 | -4751552 | 1524708452 | 140277402
9b,8010134269910,no-counts | production-floor | raw | shrink,-587580075 | -4751552 | 1148186424 | -4751552
9b,8010134269911,no-counts | production-floor | raw | shrink,-587580075 | 983461370 | 1524708452 | 140277402
9b,8010134269912,no-counts | production-floor | raw | shrink,-587580075 | -4751552 | 1524708452 | 140277402
9b,8010134269913,no-counts | production-floor | raw | shrink,-587580075 | 983461370 | 1524708452 | 140277402
9b,8010134269914,no-counts | production-floor | raw | shrink,-587580075 | 983461370 | 1524708452 | 140277402
9b,8010134269915,no-counts | production-floor | raw | shrink,-587580075 | 983461370 | 1524708452 | 140277402
9b,8010134269916,no-counts | production-floor | raw | shrink,-587580075 | -4751552 | 1524708452 | 140277402
9b,8010134269917,no-counts | production-floor | raw | shrink,-587580075 | 983461370 | 1524708452 | 140277402
9b,8010134269918,no-counts | production-floor | raw | shrink,-587580075 | -4751552 | 1524708452 | -4751552
9b,8010134269919,no-counts | production-floor | raw | shrink,-587580075 | 983461370 | 1524708452 | 140277402
9b,8010134269928,no-counts | production-floor | raw | shrink,-587580075 | -680534966 | -763875521 | 140277402
9b,8010134269929,no-counts | production-floor | raw | shrink,-587580075 | -4751552 | 1524708452 | 140277402
9b,8010134269930,no-counts | production-floor | raw | shrink,-587580075 | -4751552 | 2039430292 | 140277402
9b,8010134269931,no-counts | production-floor | raw | shrink,-587580075 | -4751552 | 1148186424 | -4751552
9b,8010134269932,no-counts | production-floor | raw | shrink,-587580075 | -680534966 | -763875521 | -4751552
9b,8010134269933,no-counts | production-floor | raw | shrink,-587580075 | 983461370 | 1524708452 | 140277402
9b,8010134269935,no-counts | production-floor | raw | shrink,-587580075 | 983461370 | -307149130 | 140277402
9c,8014429237184,no-counts | production-floor | raw | shrink,-952447120 | -1283145132 | -294239528 | 906638406
9c,8014429237185,no-counts | production-floor | raw | shrink,-1721401116 | 659609918 | -305338705 | 659609918
9c,8014429237187,no-counts | production-floor | raw | shrink,-1721401116 | 659609918 | -305338705 | 659609918
9c,8014429237188,no-counts | production-floor | raw | shrink,-1721401116 | 659609918 | -305338705 | 659609918
9c,8014429237189,no-counts | production-floor | raw | shrink,-1721401116 | -1283145132 | -294239528 | 906638406
9c,8014429237190,no-counts | production-floor | raw | shrink,-1721401116 | -1283145132 | -305338705 | 906638406
9c,8014429237191,no-counts | production-floor | raw | shrink,-1721401116 | -1283145132 | -294239528 | 906638406
9c,8014429237200,no-counts | production-floor | raw | shrink,1990455533 | -1283145132 | -305338705 | 906638406
9c,8014429237201,no-counts | production-floor | raw | shrink,-1721401116 | -1283145132 | -305338705 | 659609918
9c,8014429237202,no-counts | production-floor | raw | shrink,-1721401116 | -1283145132 | -305338705 | 906638406
9c,8014429237203,no-counts | production-floor | raw | shrink,-1721401116 | 659609918 | -305338705 | 659609918
9c,8014429237204,no-counts | production-floor | raw | shrink,-1721401116 | -1283145132 | -305338705 | 906638406
9c,8014429237205,no-counts | production-floor | raw | shrink,1990455533 | -1283145132 | -305338705 | 906638406
9c,8014429237206,no-counts | production-floor | raw | shrink,1990455533 | 659609918 | -305338705 | 659609918
9c,8014429237207,no-counts | production-floor | raw | shrink,-1721401116 | -1283145132 | -294239528 | 906638406
9c,8014429237208,no-counts | production-floor | raw | shrink,2128199577 | -1283145132 | -294239528 | 906638406
9c,8014429237209,no-counts | production-floor | raw | shrink,-1721401116 | 659609918 | -305338705 | 659609918
9c,8014429237210,no-counts | production-floor | raw | shrink,-1721401116 | -1283145132 | -294239528 | 906638406
9c,8014429237211,no-counts | production-floor | raw | shrink,-1721401116 | -1283145132 | -294239528 | 906638406
9c,8014429237212,no-counts | production-floor | raw | shrink,-952447120 | 659609918 | -305338705 | 659609918
9c,8014429237213,no-counts | production-floor | raw | shrink,-1721401116 | 659609918 | 34355512 | 659609918
9c,8014429237214,no-counts | production-floor | raw | shrink,-1721401116 | -1283145132 | -305338705 | 906638406
9c,8014429237215,no-counts | production-floor | raw | shrink,-1721401116 | -1283145132 | -294239528 | 906638406
9c,8014429237224,no-counts | production-floor | raw | shrink,-952447120 | 659609918 | -305338705 | 659609918
9c,8014429237225,no-counts | production-floor | raw | shrink,-1721401116 | -1283145132 | -294239528 | 659609918
9c,8014429237226,no-counts | production-floor | raw | shrink,-1721401116 | -1283145132 | -305338705 | 906638406
9c,8014429237227,no-counts | production-floor | raw | shrink,-1721401116 | -1283145132 | -305338705 | 906638406
9c,8014429237228,no-counts | production-floor | raw | shrink,-1721401116 | -710543359 | -294239528 | 906638406
9c,8014429237230,no-counts | production-floor | raw | shrink,-1721401116 | -1283145132 | -294239528 | 659609918
9c,8014429237231,no-counts | production-floor | raw | shrink,-1721401116 | 659609918 | 34355512 | 659609918
9d,8018724204480,no-counts | production-floor | raw | shrink,-85231018 | 260928115 | -1708131848 | -1708131848
9d,8018724204481,no-counts | production-floor | raw | shrink,1988998566 | 260928115 | -1708131848 | -1708131848
9d,8018724204482,no-counts | production-floor | raw | shrink,-85231018 | 260928115 | -1708131848 | -1708131848
9d,8018724204484,no-counts | production-floor | raw | shrink,-2112665031 | 260928115 | -1708131848 | -1708131848
9d,8018724204485,no-counts | production-floor | raw | shrink,1988998566 | 260928115 | -1708131848 | -1708131848
9d,8018724204486,no-counts | production-floor | raw | shrink,-1149709724 | 2112926234 | -1708131848 | -1708131848
9d,8018724204487,no-counts | production-floor | raw | shrink,-85231018 | 260928115 | -1708131848 | -1708131848
9d,8018724204496,no-counts | production-floor | raw | shrink,1988998566 | 260928115 | -1708131848 | -1708131848
9d,8018724204497,no-counts | production-floor | raw | shrink,-2112665031 | 260928115 | -1708131848 | -1708131848
9d,8018724204498,no-counts | production-floor | raw | shrink,1988998566 | 260928115 | -1708131848 | -1708131848
9d,8018724204499,no-counts | production-floor | raw | shrink,-85231018 | 260928115 | -1708131848 | -1708131848
9d,8018724204500,no-counts | production-floor | raw | shrink,-85231018 | 260928115 | -1708131848 | -1708131848
9d,8018724204501,no-counts | production-floor | raw | shrink,-85231018 | 260928115 | -1708131848 | -1708131848
9d,8018724204502,no-counts | production-floor | raw | shrink,1988998566 | 260928115 | -1708131848 | -1708131848
9d,8018724204503,no-counts | production-floor | raw | shrink,-85231018 | 260928115 | -1708131848 | -1708131848
9d,8018724204504,no-counts | production-floor | raw | shrink,1988998566 | 260928115 | -1708131848 | -1708131848
9d,8018724204505,no-counts | production-floor | raw | shrink,1988998566 | 260928115 | -1708131848 | -1708131848
9d,8018724204506,no-counts | production-floor | raw | shrink,-85231018 | 260928115 | -1708131848 | -1708131848
9d,8018724204507,no-counts | production-floor | raw | shrink,-85231018 | 260928115 | -1708131848 | -1708131848
9d,8018724204508,no-counts | production-floor | raw | shrink,-2112665031 | 260928115 | -1708131848 | -1708131848
9d,8018724204509,no-counts | production-floor | raw | shrink,1988998566 | 260928115 | -1708131848 | -1708131848
9d,8018724204510,no-counts | production-floor | raw | shrink,-85231018 | 260928115 | -1708131848 | -1708131848
9d,8018724204511,no-counts | production-floor | raw | shrink,1988998566 | 260928115 | -1708131848 | -1708131848
9d,8018724204520,no-counts | production-floor | raw | shrink,-2112665031 | 260928115 | -1708131848 | -1708131848
9d,8018724204521,no-counts | production-floor | raw | shrink,-85231018 | 260928115 | -1708131848 | -1708131848
9d,8018724204522,no-counts | production-floor | raw | shrink,-2112665031 | 260928115 | -1708131848 | -1708131848
9d,8018724204523,no-counts | production-floor | raw | shrink,-85231018 | 260928115 | -1708131848 | -1708131848
9d,8018724204525,no-counts | production-floor | raw | shrink,-85231018 | 260928115 | -1708131848 | -1708131848
9d,8018724204526,no-counts | production-floor | raw | shrink,1988998566 | 260928115 | -1708131848 | -1708131848
9d,8018724204527,no-counts | production-floor | raw | shrink,1988998566 | 260928115 | -1708131848 | -1708131848
